stage,variant_name,variant,dataset,simulation_days,run_id,status,official_net,gross_income,distance_cost,gross_minus_cost,preference_penalty,official_net_delta_vs_b0,gross_delta_vs_b0,preference_penalty_delta_vs_b0,expected_official_net,score_accounting_ok,take_count,wait_count,reposition_count,query_minutes,query_minutes_per_take,qwen_compile_calls,qwen_compile_cache_hits,qwen_compile_or_cache_hit_count,qwen_link_calls,qwen_link_or_cache_hit_count,qwen_auditor_calls,qwen_audit_adjustment_nonzero_count,controller_scored_candidate_count,candidate_rule_eval_count,score_changed_by_controller_count,changed_decision_count,hard_block_count,soft_penalty_count,repair_value_count,visible_graph_used_count,terminal_value_used_count,income_abort_count,illegal_count,rejected_take_count,simulation_failures,abort_count,failure_count,objective_score,keep_or_kill,params_json,env_json,notes,command,exit_code,started_at,finished_at,duration_seconds,variant_key,trial_id,params_hash,run_dir,repair_trigger_count,repair_minutes_total,repair_wait_minutes_per_day_p50,repair_wait_minutes_per_day_p90,repair_wait_minutes_per_day_max,b0_shadow_override_count,b0_shadow_fallback_count,net_delta_vs_b0,penalty_delta_vs_b0,auditor_adjustment_nonzero,controller_score_changed,json_valid_rate,graph_alpha,package_candidate,top5_0509_sanity,fallback_to_b0,default_variant_verified,selected_reason
S0509,S0509_top5_rank_2_trial_001,fuse_targeted_repair,20260509,31,runs/fuse/sanity0509/20260509/top2_trial_001,EXECUTED,86900.14,275149.51,89999.36,185150.15,98250.0,,,,86900.15,True,378,814,0,15899,42.06,25,2372,2397,1158,3530,0,0,0,0,0,0,0,0,0,0,0,0,0,0,0,0,0,30700.14,kill_internal_failure,"{""already_failed_discount"":0.0,""cap_discount"":0.0,""gross_floor_curve"":""off"",""lost_gross_cap"":500,""max_repair_wait_per_day"":60,""min_profit_to_override_repair"":100,""qwen_auditor_numeric"":0,""repair_end_day"":20,""repair_roi_threshold"":0.8,""repair_start_day"":1,""repair_value_scale"":0.25,""soft_violation_profit_threshold"":200,""source_20260529_official_net"":""5067.69"",""source_20260529_trial"":""trial_001"",""unknown_soft_risk"":0.05,""verified_penalty_scale"":0.5,""wait_repair_strength"":0.05}","{""CROWN_FUSE_ALREADY_FAILED_DISCOUNT"":""0.0"",""CROWN_FUSE_AUDITOR_NUMERIC"":""0"",""CROWN_FUSE_CAP_DISCOUNT"":""0.0"",""CROWN_FUSE_ENABLE_TARGETED_REPAIR"":""1"",""CROWN_FUSE_GROSS_FLOOR_CURVE"":""off"",""CROWN_FUSE_LOST_GROSS_CAP"":""500"",""CROWN_FUSE_MAX_REPAIR_WAIT_PER_DAY"":""60"",""CROWN_FUSE_MIN_PROFIT_TO_OVERRIDE_REPAIR"":""100"",""CROWN_FUSE_REPAIR_END_DAY"":""20"",""CROWN_FUSE_REPAIR_ROI_THRESHOLD"":""0.8"",""CROWN_FUSE_REPAIR_START_DAY"":""1"",""CROWN_FUSE_REPAIR_VALUE_SCALE"":""0.25"",""CROWN_FUSE_SOFT_VIOLATION_PROFIT_THRESHOLD"":""200"",""CROWN_FUSE_UNKNOWN_SOFT_RISK"":""0.05"",""CROWN_FUSE_VERIFIED_PENALTY_SCALE"":""0.5"",""CROWN_FUSE_WAIT_REPAIR_STRENGTH"":""0.05""}",Full 20260509 sanity for a top-five executed 20260529 Fuse config.,C:\Anaconda3\python.exe tools/run_local_eval.py --simulation-days 31 --variant fuse_targeted_repair --results-dir runs\fuse\sanity0509\20260509\top2_trial_001 --data-dir C:\budostudy\only_for_codex\thelatstcargo\_offline_reference_20260509\demo\server\data --skip-income && C:\Anaconda3\python.exe C:\budostudy\only_for_codex\thelatstcargo\_offline_reference_20260509\demo\calc_monthly_income.py --project-root C:\budostudy\only_for_codex\thelatstcargo\_offline_reference_20260509\demo --results-dir runs\fuse\sanity0509\20260509\top2_trial_001,0,2026-06-03T17:21:00,2026-06-03T17:45:17,1456.34,S0509,trial_001_0509,d8e506b5958d,runs/fuse/sanity0509/20260509/top2_trial_001,0,0,0.0,0.0,0,0,1192,,,0,0,0.0,,true,true,false,false,top5_20260529_rank_2
S0509,S0509_top5_rank_3_trial_002,fuse_targeted_repair,20260509,31,runs/fuse/sanity0509/20260509/top3_trial_002,EXECUTED,86900.14,275149.51,89999.36,185150.15,98250.0,,,,86900.15,True,378,814,0,15899,42.06,24,2372,2396,1158,3530,0,0,0,0,0,0,0,0,0,0,0,0,0,0,0,0,0,30700.14,kill_internal_failure,"{""already_failed_discount"":0.25,""cap_discount"":0.25,""gross_floor_curve"":""mild"",""lost_gross_cap"":500,""max_repair_wait_per_day"":60,""min_profit_to_override_repair"":200,""qwen_auditor_numeric"":0,""repair_end_day"":24,""repair_roi_threshold"":0.8,""repair_start_day"":8,""repair_value_scale"":0.25,""soft_violation_profit_threshold"":500,""source_20260529_official_net"":""5067.69"",""source_20260529_trial"":""trial_002"",""unknown_soft_risk"":0.1,""verified_penalty_scale"":0.5,""wait_repair_strength"":0.05}","{""CROWN_FUSE_ALREADY_FAILED_DISCOUNT"":""0.25"",""CROWN_FUSE_AUDITOR_NUMERIC"":""0"",""CROWN_FUSE_CAP_DISCOUNT"":""0.25"",""CROWN_FUSE_ENABLE_TARGETED_REPAIR"":""1"",""CROWN_FUSE_GROSS_FLOOR_CURVE"":""mild"",""CROWN_FUSE_LOST_GROSS_CAP"":""500"",""CROWN_FUSE_MAX_REPAIR_WAIT_PER_DAY"":""60"",""CROWN_FUSE_MIN_PROFIT_TO_OVERRIDE_REPAIR"":""200"",""CROWN_FUSE_REPAIR_END_DAY"":""24"",""CROWN_FUSE_REPAIR_ROI_THRESHOLD"":""0.8"",""CROWN_FUSE_REPAIR_START_DAY"":""8"",""CROWN_FUSE_REPAIR_VALUE_SCALE"":""0.25"",""CROWN_FUSE_SOFT_VIOLATION_PROFIT_THRESHOLD"":""500"",""CROWN_FUSE_UNKNOWN_SOFT_RISK"":""0.1"",""CROWN_FUSE_VERIFIED_PENALTY_SCALE"":""0.5"",""CROWN_FUSE_WAIT_REPAIR_STRENGTH"":""0.05""}",Full 20260509 sanity for a top-five executed 20260529 Fuse config.,C:\Anaconda3\python.exe tools/run_local_eval.py --simulation-days 31 --variant fuse_targeted_repair --results-dir runs\fuse\sanity0509\20260509\top3_trial_002 --data-dir C:\budostudy\only_for_codex\thelatstcargo\_offline_reference_20260509\demo\server\data --skip-income && C:\Anaconda3\python.exe C:\budostudy\only_for_codex\thelatstcargo\_offline_reference_20260509\demo\calc_monthly_income.py --project-root C:\budostudy\only_for_codex\thelatstcargo\_offline_reference_20260509\demo --results-dir runs\fuse\sanity0509\20260509\top3_trial_002,0,2026-06-03T17:45:18,2026-06-03T18:11:10,1552.81,S0509,trial_002_0509,ff3df5415d5c,runs/fuse/sanity0509/20260509/top3_trial_002,0,0,0.0,0.0,0,0,1192,,,0,0,0.0,,true,true,false,false,top5_20260529_rank_3
S0509,S0509_top5_rank_4_trial_003,fuse_targeted_repair,20260509,31,runs/fuse/sanity0509/20260509/top4_trial_003,EXECUTED,86900.14,275149.51,89999.36,185150.15,98250.0,,,,86900.15,True,378,814,0,15899,42.06,24,2372,2396,1158,3530,0,0,0,0,0,0,0,0,0,0,0,0,0,0,0,0,0,30700.14,kill_internal_failure,"{""already_failed_discount"":0.5,""cap_discount"":0.5,""gross_floor_curve"":""medium"",""lost_gross_cap"":500,""max_repair_wait_per_day"":60,""min_profit_to_override_repair"":350,""qwen_auditor_numeric"":0,""repair_end_day"":28,""repair_roi_threshold"":0.8,""repair_start_day"":12,""repair_value_scale"":0.25,""soft_violation_profit_threshold"":1000,""source_20260529_official_net"":""5067.69"",""source_20260529_trial"":""trial_003"",""unknown_soft_risk"":0.25,""verified_penalty_scale"":0.5,""wait_repair_strength"":0.05}","{""CROWN_FUSE_ALREADY_FAILED_DISCOUNT"":""0.5"",""CROWN_FUSE_AUDITOR_NUMERIC"":""0"",""CROWN_FUSE_CAP_DISCOUNT"":""0.5"",""CROWN_FUSE_ENABLE_TARGETED_REPAIR"":""1"",""CROWN_FUSE_GROSS_FLOOR_CURVE"":""medium"",""CROWN_FUSE_LOST_GROSS_CAP"":""500"",""CROWN_FUSE_MAX_REPAIR_WAIT_PER_DAY"":""60"",""CROWN_FUSE_MIN_PROFIT_TO_OVERRIDE_REPAIR"":""350"",""CROWN_FUSE_REPAIR_END_DAY"":""28"",""CROWN_FUSE_REPAIR_ROI_THRESHOLD"":""0.8"",""CROWN_FUSE_REPAIR_START_DAY"":""12"",""CROWN_FUSE_REPAIR_VALUE_SCALE"":""0.25"",""CROWN_FUSE_SOFT_VIOLATION_PROFIT_THRESHOLD"":""1000"",""CROWN_FUSE_UNKNOWN_SOFT_RISK"":""0.25"",""CROWN_FUSE_VERIFIED_PENALTY_SCALE"":""0.5"",""CROWN_FUSE_WAIT_REPAIR_STRENGTH"":""0.05""}",Full 20260509 sanity for a top-five executed 20260529 Fuse config.,C:\Anaconda3\python.exe tools/run_local_eval.py --simulation-days 31 --variant fuse_targeted_repair --results-dir runs\fuse\sanity0509\20260509\top4_trial_003 --data-dir C:\budostudy\only_for_codex\thelatstcargo\_offline_reference_20260509\demo\server\data --skip-income && C:\Anaconda3\python.exe C:\budostudy\only_for_codex\thelatstcargo\_offline_reference_20260509\demo\calc_monthly_income.py --project-root C:\budostudy\only_for_codex\thelatstcargo\_offline_reference_20260509\demo --results-dir runs\fuse\sanity0509\20260509\top4_trial_003,0,2026-06-03T18:11:11,2026-06-03T18:38:14,1622.81,S0509,trial_003_0509,67eff9177a04,runs/fuse/sanity0509/20260509/top4_trial_003,0,0,0.0,0.0,0,0,1192,,,0,0,0.0,,true,true,false,false,top5_20260529_rank_4
S0509,S0509_top5_rank_5_trial_004,fuse_targeted_repair,20260509,31,runs/fuse/sanity0509/20260509/top5_trial_004,EXECUTED,87849.47,279054.43,91984.95,187069.48,99220.0,,,,87849.48,True,376,890,0,17279,45.95,24,2520,2544,1232,3752,0,0,0,0,0,0,0,0,0,0,0,0,0,0,0,0,0,30873.47,kill_internal_failure,"{""already_failed_discount"":0.0,""cap_discount"":0.0,""gross_floor_curve"":""off"",""lost_gross_cap"":4000,""max_repair_wait_per_day"":360,""min_profit_to_override_repair"":100,""qwen_auditor_numeric"":0,""repair_end_day"":31,""repair_roi_threshold"":0.8,""repair_start_day"":1,""repair_value_scale"":1.0,""soft_violation_profit_threshold"":200,""source_20260529_official_net"":""5067.69"",""source_20260529_trial"":""trial_004"",""unknown_soft_risk"":0.05,""verified_penalty_scale"":1.0,""wait_repair_strength"":0.5}","{""CROWN_FUSE_ALREADY_FAILED_DISCOUNT"":""0.0"",""CROWN_FUSE_AUDITOR_NUMERIC"":""0"",""CROWN_FUSE_CAP_DISCOUNT"":""0.0"",""CROWN_FUSE_ENABLE_TARGETED_REPAIR"":""1"",""CROWN_FUSE_GROSS_FLOOR_CURVE"":""off"",""CROWN_FUSE_LOST_GROSS_CAP"":""4000"",""CROWN_FUSE_MAX_REPAIR_WAIT_PER_DAY"":""360"",""CROWN_FUSE_MIN_PROFIT_TO_OVERRIDE_REPAIR"":""100"",""CROWN_FUSE_REPAIR_END_DAY"":""31"",""CROWN_FUSE_REPAIR_ROI_THRESHOLD"":""0.8"",""CROWN_FUSE_REPAIR_START_DAY"":""1"",""CROWN_FUSE_REPAIR_VALUE_SCALE"":""1.0"",""CROWN_FUSE_SOFT_VIOLATION_PROFIT_THRESHOLD"":""200"",""CROWN_FUSE_UNKNOWN_SOFT_RISK"":""0.05"",""CROWN_FUSE_VERIFIED_PENALTY_SCALE"":""1.0"",""CROWN_FUSE_WAIT_REPAIR_STRENGTH"":""0.5""}",Full 20260509 sanity for a top-five executed 20260529 Fuse config.,C:\Anaconda3\python.exe tools/run_local_eval.py --simulation-days 31 --variant fuse_targeted_repair --results-dir runs\fuse\sanity0509\20260509\top5_trial_004 --data-dir C:\budostudy\only_for_codex\thelatstcargo\_offline_reference_20260509\demo\server\data --skip-income && C:\Anaconda3\python.exe C:\budostudy\only_for_codex\thelatstcargo\_offline_reference_20260509\demo\calc_monthly_income.py --project-root C:\budostudy\only_for_codex\thelatstcargo\_offline_reference_20260509\demo --results-dir runs\fuse\sanity0509\20260509\top5_trial_004,0,2026-06-03T18:38:15,2026-06-03T19:08:23,1808.15,S0509,trial_004_0509,93c4a7c3cc4c,runs/fuse/sanity0509/20260509/top5_trial_004,81,27000,1080.0,1080.0,3240,81,1185,,,0,0,0.0,,true,true,false,false,top5_20260529_rank_5
S0509,S0509_top5_rank_1_trial_017,fuse_targeted_repair,20260509,31,runs/fuse/sanity0509/20260509/top1_trial_017,EXECUTED,63092.22,219742.15,72389.93,147352.22,84260.0,,,,63092.22,True,307,703,0,13771,44.86,24,2008,2032,972,2980,0,0,0,0,0,0,0,0,0,0,0,0,0,0,0,0,0,18084.22,kill_internal_failure,"{""already_failed_discount"":0.0,""cap_discount"":0.0,""gross_floor_curve"":""off"",""lost_gross_cap"":6000,""max_repair_wait_per_day"":1440,""min_profit_to_override_repair"":100,""qwen_auditor_numeric"":0,""repair_end_day"":24,""repair_roi_threshold"":0.8,""repair_start_day"":8,""repair_value_scale"":1.0,""soft_violation_profit_threshold"":200,""source_20260529_official_net"":""8142.11"",""source_20260529_trial"":""trial_017"",""unknown_soft_risk"":0.05,""verified_penalty_scale"":1.0,""wait_repair_strength"":0.5}","{""CROWN_FUSE_ALREADY_FAILED_DISCOUNT"":""0.0"",""CROWN_FUSE_AUDITOR_NUMERIC"":""0"",""CROWN_FUSE_CAP_DISCOUNT"":""0.0"",""CROWN_FUSE_ENABLE_TARGETED_REPAIR"":""1"",""CROWN_FUSE_GROSS_FLOOR_CURVE"":""off"",""CROWN_FUSE_LOST_GROSS_CAP"":""6000"",""CROWN_FUSE_MAX_REPAIR_WAIT_PER_DAY"":""1440"",""CROWN_FUSE_MIN_PROFIT_TO_OVERRIDE_REPAIR"":""100"",""CROWN_FUSE_REPAIR_END_DAY"":""24"",""CROWN_FUSE_REPAIR_ROI_THRESHOLD"":""0.8"",""CROWN_FUSE_REPAIR_START_DAY"":""8"",""CROWN_FUSE_REPAIR_VALUE_SCALE"":""1.0"",""CROWN_FUSE_SOFT_VIOLATION_PROFIT_THRESHOLD"":""200"",""CROWN_FUSE_UNKNOWN_SOFT_RISK"":""0.05"",""CROWN_FUSE_VERIFIED_PENALTY_SCALE"":""1.0"",""CROWN_FUSE_WAIT_REPAIR_STRENGTH"":""0.5""}",Full 20260509 sanity for a top-five executed 20260529 Fuse config.,C:\Anaconda3\python.exe tools/run_local_eval.py --simulation-days 31 --variant fuse_targeted_repair --results-dir runs\fuse\sanity0509\20260509\top1_trial_017 --data-dir C:\budostudy\only_for_codex\thelatstcargo\_offline_reference_20260509\demo\server\data --skip-income && C:\Anaconda3\python.exe C:\budostudy\only_for_codex\thelatstcargo\_offline_reference_20260509\demo\calc_monthly_income.py --project-root C:\budostudy\only_for_codex\thelatstcargo\_offline_reference_20260509\demo --results-dir runs\fuse\sanity0509\20260509\top1_trial_017,0,2026-06-03T16:58:28,2026-06-03T17:20:59,1350.92,S0509,trial_017_0509,da9b1afc8268,runs/fuse/sanity0509/20260509/top1_trial_017,72,91844,4260.0,5680.0,12852,72,938,,,0,0,0.0,,true,true,false,false,top5_20260529_rank_1
A0,A0_auditor_score_off,fuse_targeted_repair,20260529,31,runs/fuse/auditor/20260529/A0,EXECUTED,-630.73,36661.81,10752.54,25909.27,26540.0,-5698.42,-17298.42,-11600.0,-630.73,True,50,223,1,4002,80.04,11,523,534,248,771,0,0,0,0,0,0,0,0,0,0,0,0,0,0,0,0,0,-13676.09,kill_below_b0_or_no_penalty_gain,"{""already_failed_discount"":0.0,""auditor_weight"":0.0,""cap_discount"":0.0,""gross_floor_curve"":""off"",""lost_gross_cap"":6000,""max_repair_wait_per_day"":1440,""min_profit_to_override_repair"":100,""qwen_auditor_numeric"":0,""repair_end_day"":24,""repair_roi_threshold"":0.8,""repair_start_day"":8,""repair_value_scale"":1.0,""soft_violation_profit_threshold"":200,""unknown_soft_risk"":0.05,""verified_penalty_scale"":1.0,""wait_repair_strength"":0.5}","{""CROWN_FUSE_ALREADY_FAILED_DISCOUNT"":""0.0"",""CROWN_FUSE_AUDITOR_NUMERIC"":""0"",""CROWN_FUSE_CAP_DISCOUNT"":""0.0"",""CROWN_FUSE_ENABLE_TARGETED_REPAIR"":""1"",""CROWN_FUSE_GROSS_FLOOR_CURVE"":""off"",""CROWN_FUSE_LOST_GROSS_CAP"":""6000"",""CROWN_FUSE_MAX_REPAIR_WAIT_PER_DAY"":""1440"",""CROWN_FUSE_MIN_PROFIT_TO_OVERRIDE_REPAIR"":""100"",""CROWN_FUSE_REPAIR_END_DAY"":""24"",""CROWN_FUSE_REPAIR_ROI_THRESHOLD"":""0.8"",""CROWN_FUSE_REPAIR_START_DAY"":""8"",""CROWN_FUSE_REPAIR_VALUE_SCALE"":""1.0"",""CROWN_FUSE_SOFT_VIOLATION_PROFIT_THRESHOLD"":""200"",""CROWN_FUSE_UNKNOWN_SOFT_RISK"":""0.05"",""CROWN_FUSE_VERIFIED_PENALTY_SCALE"":""1.0"",""CROWN_FUSE_WAIT_REPAIR_STRENGTH"":""0.5"",""CROWN_TRIDENT_QWEN_AUDIT_SCALE"":""0.0""}",Qwen auditor numeric ablation; final default is off unless this beats A0.,existing run summarized: runs\fuse\auditor\20260529\A0,0,,,,A0,A0,88cf5f8eb43f,runs/fuse/auditor/20260529/A0,89,28556,1340.0,2753.0,2768,89,165,-5698.42,-11600.0,0,0,0.0,,false,false,false,false,
A1,A1_auditor_score_on_low_weight,fuse_targeted_repair,20260529,31,runs/fuse/auditor/20260529/A1,EXECUTED,-17992.01,33645.74,10597.76,23047.98,41040.0,-23059.7,-20159.71,2900.0,-17992.02,True,53,131,8,2584,48.75,11,371,382,174,545,174,675,9758,44514,9758,168,708,9669,6566,0,0,0,0,0,0,0,0,-42900.02,kill_below_b0_or_no_penalty_gain,"{""already_failed_discount"":0.0,""auditor_weight"":0.5,""cap_discount"":0.0,""gross_floor_curve"":""off"",""lost_gross_cap"":6000,""max_repair_wait_per_day"":1440,""min_profit_to_override_repair"":100,""qwen_auditor_numeric"":1,""repair_end_day"":24,""repair_roi_threshold"":0.8,""repair_start_day"":8,""repair_value_scale"":1.0,""soft_violation_profit_threshold"":200,""unknown_soft_risk"":0.05,""verified_penalty_scale"":1.0,""wait_repair_strength"":0.5}","{""CROWN_FUSE_ALREADY_FAILED_DISCOUNT"":""0.0"",""CROWN_FUSE_AUDITOR_NUMERIC"":""1"",""CROWN_FUSE_CAP_DISCOUNT"":""0.0"",""CROWN_FUSE_ENABLE_TARGETED_REPAIR"":""1"",""CROWN_FUSE_GROSS_FLOOR_CURVE"":""off"",""CROWN_FUSE_LOST_GROSS_CAP"":""6000"",""CROWN_FUSE_MAX_REPAIR_WAIT_PER_DAY"":""1440"",""CROWN_FUSE_MIN_PROFIT_TO_OVERRIDE_REPAIR"":""100"",""CROWN_FUSE_REPAIR_END_DAY"":""24"",""CROWN_FUSE_REPAIR_ROI_THRESHOLD"":""0.8"",""CROWN_FUSE_REPAIR_START_DAY"":""8"",""CROWN_FUSE_REPAIR_VALUE_SCALE"":""1.0"",""CROWN_FUSE_SOFT_VIOLATION_PROFIT_THRESHOLD"":""200"",""CROWN_FUSE_UNKNOWN_SOFT_RISK"":""0.05"",""CROWN_FUSE_VERIFIED_PENALTY_SCALE"":""1.0"",""CROWN_FUSE_WAIT_REPAIR_STRENGTH"":""0.5"",""CROWN_TRIDENT_QWEN_AUDIT_SCALE"":""0.5""}",Qwen auditor numeric ablation; final default is off unless this beats A0.,C:\Anaconda3\python.exe tools/run_local_eval.py --simulation-days 31 --variant fuse_targeted_repair --results-dir runs\fuse\auditor\20260529\A1 --data-dir C:\budostudy\only_for_codex\thelatstcargo\demo\server\data,0,2026-06-03T16:21:57,2026-06-03T16:37:02,904.99,A1,A1,17beb6cb3447,runs/fuse/auditor/20260529/A1,19,26971,1420.0,1420.0,2848,19,165,-23059.7,2900.0,675,9758,1.0,,false,false,false,false,
A2,A2_auditor_score_on_high_weight,fuse_targeted_repair,20260529,31,runs/fuse/auditor/20260529/A2,EXECUTED,-11014.39,34555.52,11029.9,23525.62,34540.0,-16082.08,-19682.07,-3600.0,-11014.38,True,53,159,9,2768,52.23,11,409,420,178,587,178,693,10347,48169,10347,171,1071,10242,6650,0,0,0,0,0,0,0,0,-30483.58,kill_below_b0_or_no_penalty_gain,"{""already_failed_discount"":0.0,""auditor_weight"":1.5,""cap_discount"":0.0,""gross_floor_curve"":""off"",""lost_gross_cap"":6000,""max_repair_wait_per_day"":1440,""min_profit_to_override_repair"":100,""qwen_auditor_numeric"":1,""repair_end_day"":24,""repair_roi_threshold"":0.8,""repair_start_day"":8,""repair_value_scale"":1.0,""soft_violation_profit_threshold"":200,""unknown_soft_risk"":0.05,""verified_penalty_scale"":1.0,""wait_repair_strength"":0.5}","{""CROWN_FUSE_ALREADY_FAILED_DISCOUNT"":""0.0"",""CROWN_FUSE_AUDITOR_NUMERIC"":""1"",""CROWN_FUSE_CAP_DISCOUNT"":""0.0"",""CROWN_FUSE_ENABLE_TARGETED_REPAIR"":""1"",""CROWN_FUSE_GROSS_FLOOR_CURVE"":""off"",""CROWN_FUSE_LOST_GROSS_CAP"":""6000"",""CROWN_FUSE_MAX_REPAIR_WAIT_PER_DAY"":""1440"",""CROWN_FUSE_MIN_PROFIT_TO_OVERRIDE_REPAIR"":""100"",""CROWN_FUSE_REPAIR_END_DAY"":""24"",""CROWN_FUSE_REPAIR_ROI_THRESHOLD"":""0.8"",""CROWN_FUSE_REPAIR_START_DAY"":""8"",""CROWN_FUSE_REPAIR_VALUE_SCALE"":""1.0"",""CROWN_FUSE_SOFT_VIOLATION_PROFIT_THRESHOLD"":""200"",""CROWN_FUSE_UNKNOWN_SOFT_RISK"":""0.05"",""CROWN_FUSE_VERIFIED_PENALTY_SCALE"":""1.0"",""CROWN_FUSE_WAIT_REPAIR_STRENGTH"":""0.5"",""CROWN_TRIDENT_QWEN_AUDIT_SCALE"":""1.5""}",Qwen auditor numeric ablation; final default is off unless this beats A0.,C:\Anaconda3\python.exe tools/run_local_eval.py --simulation-days 31 --variant fuse_targeted_repair --results-dir runs\fuse\auditor\20260529\A2 --data-dir C:\budostudy\only_for_codex\thelatstcargo\demo\server\data,0,2026-06-03T16:37:02,2026-06-03T16:51:54,892.71,A2,A2,2a3435b606ea,runs/fuse/auditor/20260529/A2,19,27009,1420.0,1420.0,2869,19,174,-16082.08,-3600.0,693,10347,1.0,,false,false,false,false,
B0,B0_rescue,best_rescue,20260529,31,runs/fuse/b0_rescue,EXECUTED,5067.69,60293.77,17086.08,43207.69,38140.0,0.0,0.0,0.0,5067.69,True,89,163,0,3306,37.15,5,2,7,0,2,0,0,0,0,0,0,0,0,0,0,0,0,0,0,0,0,0,-7440.46,keep_b0_reference,{},{},Immutable best_rescue reference.,existing run summarized: C:\budostudy\only_for_codex\thelatstcargo\runs\fuse\b0_rescue,0,,,,B0,,44136fa355b3,runs/fuse/b0_rescue,0,0,0.0,0.0,0,0,0,0.0,0.0,0,0,0.0,,false,false,false,false,
B10,B10_parameter_search_best,fuse_targeted_repair,20260529,31,runs/fuse/final/20260529/B10_parameter_search_best,EXECUTED,-4348.69,26174.6,7623.28,18551.32,22900.0,-9416.38,-24656.37,-15240.0,-4348.68,True,34,175,2,3466,101.94,12,415,427,207,622,0,0,0,0,0,0,0,0,0,0,0,0,0,0,0,0,0,-21073.03,kill_below_b0_or_no_penalty_gain,"{""already_failed_discount"":0.0,""cap_discount"":0.0,""gross_floor_curve"":""off"",""lost_gross_cap"":6000,""max_repair_wait_per_day"":1440,""min_profit_to_override_repair"":100,""qwen_auditor_numeric"":0,""repair_end_day"":24,""repair_roi_threshold"":0.8,""repair_start_day"":8,""repair_value_scale"":1.0,""soft_violation_profit_threshold"":200,""unknown_soft_risk"":0.05,""verified_penalty_scale"":1.0,""wait_repair_strength"":0.5}","{""CROWN_FUSE_ALREADY_FAILED_DISCOUNT"":""0.0"",""CROWN_FUSE_AUDITOR_NUMERIC"":""0"",""CROWN_FUSE_CAP_DISCOUNT"":""0.0"",""CROWN_FUSE_ENABLE_TARGETED_REPAIR"":""1"",""CROWN_FUSE_GROSS_FLOOR_CURVE"":""off"",""CROWN_FUSE_LOST_GROSS_CAP"":""6000"",""CROWN_FUSE_MAX_REPAIR_WAIT_PER_DAY"":""1440"",""CROWN_FUSE_MIN_PROFIT_TO_OVERRIDE_REPAIR"":""100"",""CROWN_FUSE_REPAIR_END_DAY"":""24"",""CROWN_FUSE_REPAIR_ROI_THRESHOLD"":""0.8"",""CROWN_FUSE_REPAIR_START_DAY"":""8"",""CROWN_FUSE_REPAIR_VALUE_SCALE"":""1.0"",""CROWN_FUSE_SOFT_VIOLATION_PROFIT_THRESHOLD"":""200"",""CROWN_FUSE_UNKNOWN_SOFT_RISK"":""0.05"",""CROWN_FUSE_VERIFIED_PENALTY_SCALE"":""1.0"",""CROWN_FUSE_WAIT_REPAIR_STRENGTH"":""0.5""}",Best executed Fuse parameter-search row.,C:\Anaconda3\python.exe tools/run_local_eval.py --simulation-days 31 --variant fuse_targeted_repair --results-dir runs\fuse\final\20260529\B10_parameter_search_best --data-dir C:\budostudy\only_for_codex\thelatstcargo\demo\server\data,0,2026-06-03T20:05:04,2026-06-03T20:12:03,418.57,B10,B10,7264b55248a2,runs/fuse/final/20260529/B10_parameter_search_best,102,47030,2760.0,2760.0,2760,102,107,-9416.38,-15240.0,0,0,0.0,,false,false,false,false,
B11,B11_final_selected,best_rescue,20260529,31,runs/fuse/final/20260529/B11_final_selected_b0_fallback,EXECUTED,5067.69,60293.77,17086.08,43207.69,38140.0,0.0,0.0,0.0,5067.69,True,89,163,0,3306,37.15,6,1,7,0,1,0,0,0,0,0,0,0,0,0,0,0,0,0,0,0,0,0,-7440.46,kill_below_b0_or_no_penalty_gain,{},{},Explicit B0 fallback rerun after Fuse search.,C:\Anaconda3\python.exe tools/run_local_eval.py --simulation-days 31 --variant best_rescue --results-dir runs\fuse\final\20260529\B11_final_selected_b0_fallback --data-dir C:\budostudy\only_for_codex\thelatstcargo\demo\server\data,0,2026-06-03T20:12:03,2026-06-03T20:13:34,90.87,B11,B11,44136fa355b3,runs/fuse/final/20260529/B11_final_selected_b0_fallback,0,0,0.0,0.0,0,0,0,0.0,0.0,0,0,0.0,,false,false,true,true,no_search_variant_beat_b0
B9c,B9c_reference_current_branch,crown_gold_contract_mpc,20260529,31,runs/fuse/b9c_reference,EXECUTED,-157.97,44423.0,15280.97,29142.03,29300.0,-5225.66,-14065.66,-8840.0,-157.97,True,79,254,47,3574,45.24,7,634,641,247,881,0,0,13410,62983,13410,244,5061,13410,8338,0,0,0,0,0,0,0,0,-12626.95,kill_below_b0_or_no_penalty_gain,{},"{""CROWN_GOLD_ENABLE_AUDITOR"":""0"",""CROWN_GOLD_ENABLE_FIREWALL"":""1"",""CROWN_GOLD_ENABLE_LINKER"":""1"",""CROWN_GOLD_ENABLE_REPAIR"":""1"",""CROWN_GOLD_ENABLE_VISIBLE_GRAPH_MPC"":""0"",""CROWN_TRIDENT_ENABLE_VISIBLE_GRAPH_MPC"":""0"",""CROWN_Y_FULL_REST_PERIOD_DAYS"":""10""}",Current-branch broad wait repair reference; used only for ledger contrast.,C:\Anaconda3\python.exe tools/run_local_eval.py --simulation-days 31 --variant crown_gold_contract_mpc --results-dir runs\fuse\b9c_reference --data-dir C:\budostudy\only_for_codex\thelatstcargo\demo\server\data,0,2026-06-02T21:17:12,2026-06-02T21:23:42,389.55,B9c,,44136fa355b3,runs/fuse/b9c_reference,0,0,0.0,0.0,0,0,0,-5225.66,-8840.0,0,13410,0.0,,false,false,false,false,
G0,G0_graph_alpha_0.00,fuse_targeted_repair,20260529,31,runs/fuse/graph/20260529/G0_graph_alpha_0.00,EXECUTED,2350.86,39848.07,12197.2,27650.87,25300.0,-2716.83,-15556.82,-12840.0,2350.87,True,54,134,2,2647,49.02,11,373,384,183,556,0,0,0,0,0,0,0,0,0,188,53,0,0,0,0,0,0,-9823.7,kill_below_b0_or_no_penalty_gain,"{""already_failed_discount"":0.0,""cap_discount"":0.0,""graph_alpha"":0.0,""gross_floor_curve"":""off"",""lost_gross_cap"":6000,""max_repair_wait_per_day"":1440,""min_profit_to_override_repair"":100,""qwen_auditor_numeric"":0,""repair_end_day"":24,""repair_roi_threshold"":0.8,""repair_start_day"":8,""repair_value_scale"":1.0,""soft_violation_profit_threshold"":200,""unknown_soft_risk"":0.05,""verified_penalty_scale"":1.0,""wait_repair_strength"":0.5}","{""CROWN_FUSE_ALREADY_FAILED_DISCOUNT"":""0.0"",""CROWN_FUSE_AUDITOR_NUMERIC"":""0"",""CROWN_FUSE_CAP_DISCOUNT"":""0.0"",""CROWN_FUSE_ENABLE_TARGETED_REPAIR"":""1"",""CROWN_FUSE_GRAPH_TAKE_ONLY"":""1"",""CROWN_FUSE_GROSS_FLOOR_CURVE"":""off"",""CROWN_FUSE_LOST_GROSS_CAP"":""6000"",""CROWN_FUSE_MAX_REPAIR_WAIT_PER_DAY"":""1440"",""CROWN_FUSE_MIN_PROFIT_TO_OVERRIDE_REPAIR"":""100"",""CROWN_FUSE_REPAIR_END_DAY"":""24"",""CROWN_FUSE_REPAIR_ROI_THRESHOLD"":""0.8"",""CROWN_FUSE_REPAIR_START_DAY"":""8"",""CROWN_FUSE_REPAIR_VALUE_SCALE"":""1.0"",""CROWN_FUSE_SOFT_VIOLATION_PROFIT_THRESHOLD"":""200"",""CROWN_FUSE_UNKNOWN_SOFT_RISK"":""0.05"",""CROWN_FUSE_VERIFIED_PENALTY_SCALE"":""1.0"",""CROWN_FUSE_WAIT_REPAIR_STRENGTH"":""0.5"",""CROWN_TRIDENT_ENABLE_VISIBLE_GRAPH_MPC"":""1"",""CROWN_TRIDENT_VISIBLE_GRAPH_ALPHA"":""0.0""}",Tiny graph diagnostic; take ranking only by policy.,C:\Anaconda3\python.exe tools/run_local_eval.py --simulation-days 31 --variant fuse_targeted_repair --results-dir runs\fuse\graph\20260529\G0_graph_alpha_0.00 --data-dir C:\budostudy\only_for_codex\thelatstcargo\demo\server\data,0,2026-06-03T15:37:25,2026-06-03T15:43:00,334.81,G0,G0,64a86270ab20,runs/fuse/graph/20260529/G0_graph_alpha_0.00,19,26950,1420.0,1420.0,2848,19,169,-2716.83,-12840.0,0,0,0.0,0.0,false,false,false,false,
G1,G1_graph_alpha_0.03,fuse_targeted_repair,20260529,31,runs/fuse/graph/20260529/G1_graph_alpha_0.03,EXECUTED,2350.86,39848.07,12197.2,27650.87,25300.0,-2716.83,-15556.82,-12840.0,2350.87,True,54,134,2,2647,49.02,11,373,384,183,556,0,0,0,0,0,0,0,0,0,188,53,0,0,0,0,0,0,-9823.7,kill_below_b0_or_no_penalty_gain,"{""already_failed_discount"":0.0,""cap_discount"":0.0,""graph_alpha"":0.03,""gross_floor_curve"":""off"",""lost_gross_cap"":6000,""max_repair_wait_per_day"":1440,""min_profit_to_override_repair"":100,""qwen_auditor_numeric"":0,""repair_end_day"":24,""repair_roi_threshold"":0.8,""repair_start_day"":8,""repair_value_scale"":1.0,""soft_violation_profit_threshold"":200,""unknown_soft_risk"":0.05,""verified_penalty_scale"":1.0,""wait_repair_strength"":0.5}","{""CROWN_FUSE_ALREADY_FAILED_DISCOUNT"":""0.0"",""CROWN_FUSE_AUDITOR_NUMERIC"":""0"",""CROWN_FUSE_CAP_DISCOUNT"":""0.0"",""CROWN_FUSE_ENABLE_TARGETED_REPAIR"":""1"",""CROWN_FUSE_GRAPH_TAKE_ONLY"":""1"",""CROWN_FUSE_GROSS_FLOOR_CURVE"":""off"",""CROWN_FUSE_LOST_GROSS_CAP"":""6000"",""CROWN_FUSE_MAX_REPAIR_WAIT_PER_DAY"":""1440"",""CROWN_FUSE_MIN_PROFIT_TO_OVERRIDE_REPAIR"":""100"",""CROWN_FUSE_REPAIR_END_DAY"":""24"",""CROWN_FUSE_REPAIR_ROI_THRESHOLD"":""0.8"",""CROWN_FUSE_REPAIR_START_DAY"":""8"",""CROWN_FUSE_REPAIR_VALUE_SCALE"":""1.0"",""CROWN_FUSE_SOFT_VIOLATION_PROFIT_THRESHOLD"":""200"",""CROWN_FUSE_UNKNOWN_SOFT_RISK"":""0.05"",""CROWN_FUSE_VERIFIED_PENALTY_SCALE"":""1.0"",""CROWN_FUSE_WAIT_REPAIR_STRENGTH"":""0.5"",""CROWN_TRIDENT_ENABLE_VISIBLE_GRAPH_MPC"":""1"",""CROWN_TRIDENT_VISIBLE_GRAPH_ALPHA"":""0.03""}",Tiny graph diagnostic; take ranking only by policy.,C:\Anaconda3\python.exe tools/run_local_eval.py --simulation-days 31 --variant fuse_targeted_repair --results-dir runs\fuse\graph\20260529\G1_graph_alpha_0.03 --data-dir C:\budostudy\only_for_codex\thelatstcargo\demo\server\data,0,2026-06-03T15:43:00,2026-06-03T15:48:32,332.0,G1,G1,da9996400455,runs/fuse/graph/20260529/G1_graph_alpha_0.03,19,26950,1420.0,1420.0,2848,19,169,-2716.83,-12840.0,0,0,0.0,0.03,false,false,false,false,
G2,G2_graph_alpha_0.05,fuse_targeted_repair,20260529,31,runs/fuse/graph/20260529/G2_graph_alpha_0.05,EXECUTED,2350.86,39848.07,12197.2,27650.87,25300.0,-2716.83,-15556.82,-12840.0,2350.87,True,54,134,2,2647,49.02,11,373,384,183,556,0,0,0,0,0,0,0,0,0,188,53,0,0,0,0,0,0,-9823.7,kill_below_b0_or_no_penalty_gain,"{""already_failed_discount"":0.0,""cap_discount"":0.0,""graph_alpha"":0.05,""gross_floor_curve"":""off"",""lost_gross_cap"":6000,""max_repair_wait_per_day"":1440,""min_profit_to_override_repair"":100,""qwen_auditor_numeric"":0,""repair_end_day"":24,""repair_roi_threshold"":0.8,""repair_start_day"":8,""repair_value_scale"":1.0,""soft_violation_profit_threshold"":200,""unknown_soft_risk"":0.05,""verified_penalty_scale"":1.0,""wait_repair_strength"":0.5}","{""CROWN_FUSE_ALREADY_FAILED_DISCOUNT"":""0.0"",""CROWN_FUSE_AUDITOR_NUMERIC"":""0"",""CROWN_FUSE_CAP_DISCOUNT"":""0.0"",""CROWN_FUSE_ENABLE_TARGETED_REPAIR"":""1"",""CROWN_FUSE_GRAPH_TAKE_ONLY"":""1"",""CROWN_FUSE_GROSS_FLOOR_CURVE"":""off"",""CROWN_FUSE_LOST_GROSS_CAP"":""6000"",""CROWN_FUSE_MAX_REPAIR_WAIT_PER_DAY"":""1440"",""CROWN_FUSE_MIN_PROFIT_TO_OVERRIDE_REPAIR"":""100"",""CROWN_FUSE_REPAIR_END_DAY"":""24"",""CROWN_FUSE_REPAIR_ROI_THRESHOLD"":""0.8"",""CROWN_FUSE_REPAIR_START_DAY"":""8"",""CROWN_FUSE_REPAIR_VALUE_SCALE"":""1.0"",""CROWN_FUSE_SOFT_VIOLATION_PROFIT_THRESHOLD"":""200"",""CROWN_FUSE_UNKNOWN_SOFT_RISK"":""0.05"",""CROWN_FUSE_VERIFIED_PENALTY_SCALE"":""1.0"",""CROWN_FUSE_WAIT_REPAIR_STRENGTH"":""0.5"",""CROWN_TRIDENT_ENABLE_VISIBLE_GRAPH_MPC"":""1"",""CROWN_TRIDENT_VISIBLE_GRAPH_ALPHA"":""0.05""}",Tiny graph diagnostic; take ranking only by policy.,C:\Anaconda3\python.exe tools/run_local_eval.py --simulation-days 31 --variant fuse_targeted_repair --results-dir runs\fuse\graph\20260529\G2_graph_alpha_0.05 --data-dir C:\budostudy\only_for_codex\thelatstcargo\demo\server\data,0,2026-06-03T15:48:32,2026-06-03T15:54:08,335.88,G2,G2,f498f266a97c,runs/fuse/graph/20260529/G2_graph_alpha_0.05,19,26950,1420.0,1420.0,2848,19,169,-2716.83,-12840.0,0,0,0.0,0.05,false,false,false,false,
G3,G3_graph_alpha_0.10,fuse_targeted_repair,20260529,31,runs/fuse/graph/20260529/G3_graph_alpha_0.10,EXECUTED,2153.82,39613.63,12159.81,27453.82,25300.0,-2913.87,-15753.87,-12840.0,2153.82,True,53,135,2,2655,50.09,11,373,384,183,556,0,0,0,0,0,0,0,0,0,188,52,0,0,0,0,0,0,-10119.27,kill_below_b0_or_no_penalty_gain,"{""already_failed_discount"":0.0,""cap_discount"":0.0,""graph_alpha"":0.1,""gross_floor_curve"":""off"",""lost_gross_cap"":6000,""max_repair_wait_per_day"":1440,""min_profit_to_override_repair"":100,""qwen_auditor_numeric"":0,""repair_end_day"":24,""repair_roi_threshold"":0.8,""repair_start_day"":8,""repair_value_scale"":1.0,""soft_violation_profit_threshold"":200,""unknown_soft_risk"":0.05,""verified_penalty_scale"":1.0,""wait_repair_strength"":0.5}","{""CROWN_FUSE_ALREADY_FAILED_DISCOUNT"":""0.0"",""CROWN_FUSE_AUDITOR_NUMERIC"":""0"",""CROWN_FUSE_CAP_DISCOUNT"":""0.0"",""CROWN_FUSE_ENABLE_TARGETED_REPAIR"":""1"",""CROWN_FUSE_GRAPH_TAKE_ONLY"":""1"",""CROWN_FUSE_GROSS_FLOOR_CURVE"":""off"",""CROWN_FUSE_LOST_GROSS_CAP"":""6000"",""CROWN_FUSE_MAX_REPAIR_WAIT_PER_DAY"":""1440"",""CROWN_FUSE_MIN_PROFIT_TO_OVERRIDE_REPAIR"":""100"",""CROWN_FUSE_REPAIR_END_DAY"":""24"",""CROWN_FUSE_REPAIR_ROI_THRESHOLD"":""0.8"",""CROWN_FUSE_REPAIR_START_DAY"":""8"",""CROWN_FUSE_REPAIR_VALUE_SCALE"":""1.0"",""CROWN_FUSE_SOFT_VIOLATION_PROFIT_THRESHOLD"":""200"",""CROWN_FUSE_UNKNOWN_SOFT_RISK"":""0.05"",""CROWN_FUSE_VERIFIED_PENALTY_SCALE"":""1.0"",""CROWN_FUSE_WAIT_REPAIR_STRENGTH"":""0.5"",""CROWN_TRIDENT_ENABLE_VISIBLE_GRAPH_MPC"":""1"",""CROWN_TRIDENT_VISIBLE_GRAPH_ALPHA"":""0.1""}",Tiny graph diagnostic; take ranking only by policy.,C:\Anaconda3\python.exe tools/run_local_eval.py --simulation-days 31 --variant fuse_targeted_repair --results-dir runs\fuse\graph\20260529\G3_graph_alpha_0.10 --data-dir C:\budostudy\only_for_codex\thelatstcargo\demo\server\data,0,2026-06-03T15:54:08,2026-06-03T16:00:00,351.93,G3,G3,4ab458fe4647,runs/fuse/graph/20260529/G3_graph_alpha_0.10,19,26950,1420.0,1420.0,2848,19,169,-2913.87,-12840.0,0,0,0.0,0.1,false,false,false,false,
TRIAL,trial_001,fuse_targeted_repair,20260529,31,runs/fuse/search/20260529/trial_001,EXECUTED,5067.69,60293.77,17086.08,43207.69,38140.0,0.0,0.0,0.0,5067.69,True,89,163,0,3306,37.15,5,2,7,0,2,0,0,0,0,0,0,0,0,0,0,0,0,0,0,0,0,0,-7440.46,kill_below_b0_or_no_penalty_gain,"{""already_failed_discount"":0.0,""cap_discount"":0.0,""gross_floor_curve"":""off"",""lost_gross_cap"":500,""max_repair_wait_per_day"":60,""min_profit_to_override_repair"":100,""qwen_auditor_numeric"":0,""repair_end_day"":20,""repair_roi_threshold"":0.8,""repair_start_day"":1,""repair_value_scale"":0.25,""soft_violation_profit_threshold"":200,""unknown_soft_risk"":0.05,""verified_penalty_scale"":0.5,""wait_repair_strength"":0.05}","{""CROWN_FUSE_ALREADY_FAILED_DISCOUNT"":""0.0"",""CROWN_FUSE_AUDITOR_NUMERIC"":""0"",""CROWN_FUSE_CAP_DISCOUNT"":""0.0"",""CROWN_FUSE_ENABLE_TARGETED_REPAIR"":""1"",""CROWN_FUSE_GROSS_FLOOR_CURVE"":""off"",""CROWN_FUSE_LOST_GROSS_CAP"":""500"",""CROWN_FUSE_MAX_REPAIR_WAIT_PER_DAY"":""60"",""CROWN_FUSE_MIN_PROFIT_TO_OVERRIDE_REPAIR"":""100"",""CROWN_FUSE_REPAIR_END_DAY"":""20"",""CROWN_FUSE_REPAIR_ROI_THRESHOLD"":""0.8"",""CROWN_FUSE_REPAIR_START_DAY"":""1"",""CROWN_FUSE_REPAIR_VALUE_SCALE"":""0.25"",""CROWN_FUSE_SOFT_VIOLATION_PROFIT_THRESHOLD"":""200"",""CROWN_FUSE_UNKNOWN_SOFT_RISK"":""0.05"",""CROWN_FUSE_VERIFIED_PENALTY_SCALE"":""0.5"",""CROWN_FUSE_WAIT_REPAIR_STRENGTH"":""0.05""}",Executed Fuse targeted repair grid row.,existing run summarized: runs\fuse\search\20260529\trial_001,0,,,,TRIAL,trial_001,73fde16571f9,runs/fuse/search/20260529/trial_001,0,0,0.0,0.0,0,0,252,0.0,0.0,0,0,0.0,,false,false,false,false,
TRIAL,trial_002,fuse_targeted_repair,20260529,31,runs/fuse/search/20260529/trial_002,EXECUTED,5067.69,60293.77,17086.08,43207.69,38140.0,0.0,0.0,0.0,5067.69,True,89,163,0,3306,37.15,5,2,7,0,2,0,0,0,0,0,0,0,0,0,0,0,0,0,0,0,0,0,-7440.46,kill_below_b0_or_no_penalty_gain,"{""already_failed_discount"":0.25,""cap_discount"":0.25,""gross_floor_curve"":""mild"",""lost_gross_cap"":500,""max_repair_wait_per_day"":60,""min_profit_to_override_repair"":200,""qwen_auditor_numeric"":0,""repair_end_day"":24,""repair_roi_threshold"":0.8,""repair_start_day"":8,""repair_value_scale"":0.25,""soft_violation_profit_threshold"":500,""unknown_soft_risk"":0.1,""verified_penalty_scale"":0.5,""wait_repair_strength"":0.05}","{""CROWN_FUSE_ALREADY_FAILED_DISCOUNT"":""0.25"",""CROWN_FUSE_AUDITOR_NUMERIC"":""0"",""CROWN_FUSE_CAP_DISCOUNT"":""0.25"",""CROWN_FUSE_ENABLE_TARGETED_REPAIR"":""1"",""CROWN_FUSE_GROSS_FLOOR_CURVE"":""mild"",""CROWN_FUSE_LOST_GROSS_CAP"":""500"",""CROWN_FUSE_MAX_REPAIR_WAIT_PER_DAY"":""60"",""CROWN_FUSE_MIN_PROFIT_TO_OVERRIDE_REPAIR"":""200"",""CROWN_FUSE_REPAIR_END_DAY"":""24"",""CROWN_FUSE_REPAIR_ROI_THRESHOLD"":""0.8"",""CROWN_FUSE_REPAIR_START_DAY"":""8"",""CROWN_FUSE_REPAIR_VALUE_SCALE"":""0.25"",""CROWN_FUSE_SOFT_VIOLATION_PROFIT_THRESHOLD"":""500"",""CROWN_FUSE_UNKNOWN_SOFT_RISK"":""0.1"",""CROWN_FUSE_VERIFIED_PENALTY_SCALE"":""0.5"",""CROWN_FUSE_WAIT_REPAIR_STRENGTH"":""0.05""}",Executed Fuse targeted repair grid row.,existing run summarized: runs\fuse\search\20260529\trial_002,0,,,,TRIAL,trial_002,cdb5db3f81ba,runs/fuse/search/20260529/trial_002,0,0,0.0,0.0,0,0,252,0.0,0.0,0,0,0.0,,false,false,false,false,
TRIAL,trial_003,fuse_targeted_repair,20260529,31,runs/fuse/search/20260529/trial_003,EXECUTED,5067.69,60293.77,17086.08,43207.69,38140.0,0.0,0.0,0.0,5067.69,True,89,163,0,3306,37.15,5,2,7,0,2,0,0,0,0,0,0,0,0,0,0,0,0,0,0,0,0,0,-7440.46,kill_below_b0_or_no_penalty_gain,"{""already_failed_discount"":0.5,""cap_discount"":0.5,""gross_floor_curve"":""medium"",""lost_gross_cap"":500,""max_repair_wait_per_day"":60,""min_profit_to_override_repair"":350,""qwen_auditor_numeric"":0,""repair_end_day"":28,""repair_roi_threshold"":0.8,""repair_start_day"":12,""repair_value_scale"":0.25,""soft_violation_profit_threshold"":1000,""unknown_soft_risk"":0.25,""verified_penalty_scale"":0.5,""wait_repair_strength"":0.05}","{""CROWN_FUSE_ALREADY_FAILED_DISCOUNT"":""0.5"",""CROWN_FUSE_AUDITOR_NUMERIC"":""0"",""CROWN_FUSE_CAP_DISCOUNT"":""0.5"",""CROWN_FUSE_ENABLE_TARGETED_REPAIR"":""1"",""CROWN_FUSE_GROSS_FLOOR_CURVE"":""medium"",""CROWN_FUSE_LOST_GROSS_CAP"":""500"",""CROWN_FUSE_MAX_REPAIR_WAIT_PER_DAY"":""60"",""CROWN_FUSE_MIN_PROFIT_TO_OVERRIDE_REPAIR"":""350"",""CROWN_FUSE_REPAIR_END_DAY"":""28"",""CROWN_FUSE_REPAIR_ROI_THRESHOLD"":""0.8"",""CROWN_FUSE_REPAIR_START_DAY"":""12"",""CROWN_FUSE_REPAIR_VALUE_SCALE"":""0.25"",""CROWN_FUSE_SOFT_VIOLATION_PROFIT_THRESHOLD"":""1000"",""CROWN_FUSE_UNKNOWN_SOFT_RISK"":""0.25"",""CROWN_FUSE_VERIFIED_PENALTY_SCALE"":""0.5"",""CROWN_FUSE_WAIT_REPAIR_STRENGTH"":""0.05""}",Executed Fuse targeted repair grid row.,existing run summarized: runs\fuse\search\20260529\trial_003,0,,,,TRIAL,trial_003,fb2680d636d8,runs/fuse/search/20260529/trial_003,0,0,0.0,0.0,0,0,252,0.0,0.0,0,0,0.0,,false,false,false,false,
TRIAL,trial_004,fuse_targeted_repair,20260529,31,runs/fuse/search/20260529/trial_004,EXECUTED,5067.69,60293.77,17086.08,43207.69,38140.0,0.0,0.0,0.0,5067.69,True,89,163,0,3306,37.15,10,499,509,242,741,0,0,0,0,0,0,0,0,0,0,0,0,0,0,0,0,0,-7440.46,kill_below_b0_or_no_penalty_gain,"{""already_failed_discount"":0.0,""cap_discount"":0.0,""gross_floor_curve"":""off"",""lost_gross_cap"":4000,""max_repair_wait_per_day"":360,""min_profit_to_override_repair"":100,""qwen_auditor_numeric"":0,""repair_end_day"":31,""repair_roi_threshold"":0.8,""repair_start_day"":1,""repair_value_scale"":1.0,""soft_violation_profit_threshold"":200,""unknown_soft_risk"":0.05,""verified_penalty_scale"":1.0,""wait_repair_strength"":0.5}","{""CROWN_FUSE_ALREADY_FAILED_DISCOUNT"":""0.0"",""CROWN_FUSE_AUDITOR_NUMERIC"":""0"",""CROWN_FUSE_CAP_DISCOUNT"":""0.0"",""CROWN_FUSE_ENABLE_TARGETED_REPAIR"":""1"",""CROWN_FUSE_GROSS_FLOOR_CURVE"":""off"",""CROWN_FUSE_LOST_GROSS_CAP"":""4000"",""CROWN_FUSE_MAX_REPAIR_WAIT_PER_DAY"":""360"",""CROWN_FUSE_MIN_PROFIT_TO_OVERRIDE_REPAIR"":""100"",""CROWN_FUSE_REPAIR_END_DAY"":""31"",""CROWN_FUSE_REPAIR_ROI_THRESHOLD"":""0.8"",""CROWN_FUSE_REPAIR_START_DAY"":""1"",""CROWN_FUSE_REPAIR_VALUE_SCALE"":""1.0"",""CROWN_FUSE_SOFT_VIOLATION_PROFIT_THRESHOLD"":""200"",""CROWN_FUSE_UNKNOWN_SOFT_RISK"":""0.05"",""CROWN_FUSE_VERIFIED_PENALTY_SCALE"":""1.0"",""CROWN_FUSE_WAIT_REPAIR_STRENGTH"":""0.5""}",Executed Fuse targeted repair grid row.,existing run summarized: runs\fuse\search\20260529\trial_004,0,,,,TRIAL,trial_004,ab0b2a39504d,runs/fuse/search/20260529/trial_004,0,0,0.0,0.0,0,0,252,0.0,0.0,0,0,0.0,,false,false,false,false,
TRIAL,trial_005,fuse_targeted_repair,20260529,31,runs/fuse/search/20260529/trial_005,EXECUTED,5067.69,60293.77,17086.08,43207.69,38140.0,0.0,0.0,0.0,5067.69,True,89,163,0,3306,37.15,10,499,509,242,741,0,0,0,0,0,0,0,0,0,0,0,0,0,0,0,0,0,-7440.46,kill_below_b0_or_no_penalty_gain,"{""already_failed_discount"":0.0,""cap_discount"":0.0,""gross_floor_curve"":""off"",""lost_gross_cap"":6000,""max_repair_wait_per_day"":1440,""min_profit_to_override_repair"":100,""qwen_auditor_numeric"":0,""repair_end_day"":31,""repair_roi_threshold"":0.8,""repair_start_day"":1,""repair_value_scale"":1.0,""soft_violation_profit_threshold"":200,""unknown_soft_risk"":0.05,""verified_penalty_scale"":1.0,""wait_repair_strength"":1.0}","{""CROWN_FUSE_ALREADY_FAILED_DISCOUNT"":""0.0"",""CROWN_FUSE_AUDITOR_NUMERIC"":""0"",""CROWN_FUSE_CAP_DISCOUNT"":""0.0"",""CROWN_FUSE_ENABLE_TARGETED_REPAIR"":""1"",""CROWN_FUSE_GROSS_FLOOR_CURVE"":""off"",""CROWN_FUSE_LOST_GROSS_CAP"":""6000"",""CROWN_FUSE_MAX_REPAIR_WAIT_PER_DAY"":""1440"",""CROWN_FUSE_MIN_PROFIT_TO_OVERRIDE_REPAIR"":""100"",""CROWN_FUSE_REPAIR_END_DAY"":""31"",""CROWN_FUSE_REPAIR_ROI_THRESHOLD"":""0.8"",""CROWN_FUSE_REPAIR_START_DAY"":""1"",""CROWN_FUSE_REPAIR_VALUE_SCALE"":""1.0"",""CROWN_FUSE_SOFT_VIOLATION_PROFIT_THRESHOLD"":""200"",""CROWN_FUSE_UNKNOWN_SOFT_RISK"":""0.05"",""CROWN_FUSE_VERIFIED_PENALTY_SCALE"":""1.0"",""CROWN_FUSE_WAIT_REPAIR_STRENGTH"":""1.0""}",Executed Fuse targeted repair grid row.,existing run summarized: runs\fuse\search\20260529\trial_005,0,,,,TRIAL,trial_005,784d8076c6c3,runs/fuse/search/20260529/trial_005,0,0,0.0,0.0,0,0,252,0.0,0.0,0,0,0.0,,false,false,false,false,
TRIAL,trial_006,fuse_targeted_repair,20260529,31,runs/fuse/search/20260529/trial_006,EXECUTED,-48328.27,74377.98,21866.25,52511.73,100840.0,-53395.96,9304.04,62700.0,-48328.27,True,113,109,0,2785,24.65,10,439,449,214,653,0,0,0,0,0,0,0,0,0,0,0,0,0,0,0,0,0,-106600.27,kill_below_b0_or_no_penalty_gain,"{""already_failed_discount"":0.25,""cap_discount"":0.0,""gross_floor_curve"":""mild"",""lost_gross_cap"":4000,""max_repair_wait_per_day"":360,""min_profit_to_override_repair"":100,""qwen_auditor_numeric"":0,""repair_end_day"":24,""repair_roi_threshold"":1.0,""repair_start_day"":1,""repair_value_scale"":1.0,""soft_violation_profit_threshold"":200,""unknown_soft_risk"":0.05,""verified_penalty_scale"":1.0,""wait_repair_strength"":1.0}","{""CROWN_FUSE_ALREADY_FAILED_DISCOUNT"":""0.25"",""CROWN_FUSE_AUDITOR_NUMERIC"":""0"",""CROWN_FUSE_CAP_DISCOUNT"":""0.0"",""CROWN_FUSE_ENABLE_TARGETED_REPAIR"":""1"",""CROWN_FUSE_GROSS_FLOOR_CURVE"":""mild"",""CROWN_FUSE_LOST_GROSS_CAP"":""4000"",""CROWN_FUSE_MAX_REPAIR_WAIT_PER_DAY"":""360"",""CROWN_FUSE_MIN_PROFIT_TO_OVERRIDE_REPAIR"":""100"",""CROWN_FUSE_REPAIR_END_DAY"":""24"",""CROWN_FUSE_REPAIR_ROI_THRESHOLD"":""1.0"",""CROWN_FUSE_REPAIR_START_DAY"":""1"",""CROWN_FUSE_REPAIR_VALUE_SCALE"":""1.0"",""CROWN_FUSE_SOFT_VIOLATION_PROFIT_THRESHOLD"":""200"",""CROWN_FUSE_UNKNOWN_SOFT_RISK"":""0.05"",""CROWN_FUSE_VERIFIED_PENALTY_SCALE"":""1.0"",""CROWN_FUSE_WAIT_REPAIR_STRENGTH"":""1.0""}",Executed Fuse targeted repair grid row.,existing run summarized: runs\fuse\search\20260529\trial_006,0,,,,TRIAL,trial_006,c72f4c83ef7a,runs/fuse/search/20260529/trial_006,28,0,0.0,0.0,0,28,194,-53395.96,62700.0,0,0,0.0,,false,false,false,false,
TRIAL,trial_007,fuse_targeted_repair,20260529,31,runs/fuse/search/20260529/trial_007,EXECUTED,2186.42,56565.35,16798.92,39766.43,37580.0,-2881.27,-3441.26,-560.0,2186.43,True,77,193,0,3376,43.84,10,516,526,241,757,0,0,0,0,0,0,0,0,0,0,0,0,0,0,0,0,0,-11594.36,kill_below_b0_or_no_penalty_gain,"{""already_failed_discount"":0.25,""cap_discount"":0.25,""gross_floor_curve"":""mild"",""lost_gross_cap"":4000,""max_repair_wait_per_day"":720,""min_profit_to_override_repair"":200,""qwen_auditor_numeric"":0,""repair_end_day"":31,""repair_roi_threshold"":1.0,""repair_start_day"":8,""repair_value_scale"":1.0,""soft_violation_profit_threshold"":500,""unknown_soft_risk"":0.1,""verified_penalty_scale"":1.0,""wait_repair_strength"":0.75}","{""CROWN_FUSE_ALREADY_FAILED_DISCOUNT"":""0.25"",""CROWN_FUSE_AUDITOR_NUMERIC"":""0"",""CROWN_FUSE_CAP_DISCOUNT"":""0.25"",""CROWN_FUSE_ENABLE_TARGETED_REPAIR"":""1"",""CROWN_FUSE_GROSS_FLOOR_CURVE"":""mild"",""CROWN_FUSE_LOST_GROSS_CAP"":""4000"",""CROWN_FUSE_MAX_REPAIR_WAIT_PER_DAY"":""720"",""CROWN_FUSE_MIN_PROFIT_TO_OVERRIDE_REPAIR"":""200"",""CROWN_FUSE_REPAIR_END_DAY"":""31"",""CROWN_FUSE_REPAIR_ROI_THRESHOLD"":""1.0"",""CROWN_FUSE_REPAIR_START_DAY"":""8"",""CROWN_FUSE_REPAIR_VALUE_SCALE"":""1.0"",""CROWN_FUSE_SOFT_VIOLATION_PROFIT_THRESHOLD"":""500"",""CROWN_FUSE_UNKNOWN_SOFT_RISK"":""0.1"",""CROWN_FUSE_VERIFIED_PENALTY_SCALE"":""1.0"",""CROWN_FUSE_WAIT_REPAIR_STRENGTH"":""0.75""}",Executed Fuse targeted repair grid row.,existing run summarized: runs\fuse\search\20260529\trial_007,0,,,,TRIAL,trial_007,2f76310c8493,runs/fuse/search/20260529/trial_007,2,1440,1440.0,1440.0,1440,2,249,-2881.27,-560.0,0,0,0.0,,false,false,false,false,
TRIAL,trial_008,fuse_targeted_repair,20260529,31,runs/fuse/search/20260529/trial_008,EXECUTED,5067.69,60293.77,17086.08,43207.69,38140.0,0.0,0.0,0.0,5067.69,True,89,163,0,3306,37.15,10,499,509,242,741,0,0,0,0,0,0,0,0,0,0,0,0,0,0,0,0,0,-7440.46,kill_below_b0_or_no_penalty_gain,"{""already_failed_discount"":0.25,""cap_discount"":0.0,""gross_floor_curve"":""mild"",""lost_gross_cap"":4000,""max_repair_wait_per_day"":360,""min_profit_to_override_repair"":100,""qwen_auditor_numeric"":0,""repair_end_day"":31,""repair_roi_threshold"":1.0,""repair_start_day"":8,""repair_value_scale"":1.0,""soft_violation_profit_threshold"":200,""unknown_soft_risk"":0.05,""verified_penalty_scale"":1.0,""wait_repair_strength"":0.3}","{""CROWN_FUSE_ALREADY_FAILED_DISCOUNT"":""0.25"",""CROWN_FUSE_AUDITOR_NUMERIC"":""0"",""CROWN_FUSE_CAP_DISCOUNT"":""0.0"",""CROWN_FUSE_ENABLE_TARGETED_REPAIR"":""1"",""CROWN_FUSE_GROSS_FLOOR_CURVE"":""mild"",""CROWN_FUSE_LOST_GROSS_CAP"":""4000"",""CROWN_FUSE_MAX_REPAIR_WAIT_PER_DAY"":""360"",""CROWN_FUSE_MIN_PROFIT_TO_OVERRIDE_REPAIR"":""100"",""CROWN_FUSE_REPAIR_END_DAY"":""31"",""CROWN_FUSE_REPAIR_ROI_THRESHOLD"":""1.0"",""CROWN_FUSE_REPAIR_START_DAY"":""8"",""CROWN_FUSE_REPAIR_VALUE_SCALE"":""1.0"",""CROWN_FUSE_SOFT_VIOLATION_PROFIT_THRESHOLD"":""200"",""CROWN_FUSE_UNKNOWN_SOFT_RISK"":""0.05"",""CROWN_FUSE_VERIFIED_PENALTY_SCALE"":""1.0"",""CROWN_FUSE_WAIT_REPAIR_STRENGTH"":""0.3""}",Executed Fuse targeted repair grid row.,existing run summarized: runs\fuse\search\20260529\trial_008,0,,,,TRIAL,trial_008,97985a349795,runs/fuse/search/20260529/trial_008,0,0,0.0,0.0,0,0,252,0.0,0.0,0,0,0.0,,false,false,false,false,
TRIAL,trial_009,fuse_targeted_repair,20260529,31,runs/fuse/search/20260529/trial_009,EXECUTED,5067.69,60293.77,17086.08,43207.69,38140.0,0.0,0.0,0.0,5067.69,True,89,163,0,3306,37.15,10,499,509,242,741,0,0,0,0,0,0,0,0,0,0,0,0,0,0,0,0,0,-7440.46,kill_below_b0_or_no_penalty_gain,"{""already_failed_discount"":0.25,""cap_discount"":0.25,""gross_floor_curve"":""mild"",""lost_gross_cap"":2000,""max_repair_wait_per_day"":240,""min_profit_to_override_repair"":200,""qwen_auditor_numeric"":0,""repair_end_day"":31,""repair_roi_threshold"":1.0,""repair_start_day"":12,""repair_value_scale"":0.75,""soft_violation_profit_threshold"":500,""unknown_soft_risk"":0.1,""verified_penalty_scale"":1.0,""wait_repair_strength"":0.5}","{""CROWN_FUSE_ALREADY_FAILED_DISCOUNT"":""0.25"",""CROWN_FUSE_AUDITOR_NUMERIC"":""0"",""CROWN_FUSE_CAP_DISCOUNT"":""0.25"",""CROWN_FUSE_ENABLE_TARGETED_REPAIR"":""1"",""CROWN_FUSE_GROSS_FLOOR_CURVE"":""mild"",""CROWN_FUSE_LOST_GROSS_CAP"":""2000"",""CROWN_FUSE_MAX_REPAIR_WAIT_PER_DAY"":""240"",""CROWN_FUSE_MIN_PROFIT_TO_OVERRIDE_REPAIR"":""200"",""CROWN_FUSE_REPAIR_END_DAY"":""31"",""CROWN_FUSE_REPAIR_ROI_THRESHOLD"":""1.0"",""CROWN_FUSE_REPAIR_START_DAY"":""12"",""CROWN_FUSE_REPAIR_VALUE_SCALE"":""0.75"",""CROWN_FUSE_SOFT_VIOLATION_PROFIT_THRESHOLD"":""500"",""CROWN_FUSE_UNKNOWN_SOFT_RISK"":""0.1"",""CROWN_FUSE_VERIFIED_PENALTY_SCALE"":""1.0"",""CROWN_FUSE_WAIT_REPAIR_STRENGTH"":""0.5""}",Executed Fuse targeted repair grid row.,existing run summarized: runs\fuse\search\20260529\trial_009,0,,,,TRIAL,trial_009,239581b81376,runs/fuse/search/20260529/trial_009,0,0,0.0,0.0,0,0,252,0.0,0.0,0,0,0.0,,false,false,false,false,
TRIAL,trial_010,fuse_targeted_repair,20260529,31,runs/fuse/search/20260529/trial_010,EXECUTED,5067.69,60293.77,17086.08,43207.69,38140.0,0.0,0.0,0.0,5067.69,True,89,163,0,3306,37.15,10,499,509,242,741,0,0,0,0,0,0,0,0,0,0,0,0,0,0,0,0,0,-7440.46,kill_below_b0_or_no_penalty_gain,"{""already_failed_discount"":0.5,""cap_discount"":0.25,""gross_floor_curve"":""medium"",""lost_gross_cap"":2000,""max_repair_wait_per_day"":240,""min_profit_to_override_repair"":200,""qwen_auditor_numeric"":0,""repair_end_day"":24,""repair_roi_threshold"":1.5,""repair_start_day"":8,""repair_value_scale"":0.75,""soft_violation_profit_threshold"":500,""unknown_soft_risk"":0.1,""verified_penalty_scale"":0.75,""wait_repair_strength"":0.3}","{""CROWN_FUSE_ALREADY_FAILED_DISCOUNT"":""0.5"",""CROWN_FUSE_AUDITOR_NUMERIC"":""0"",""CROWN_FUSE_CAP_DISCOUNT"":""0.25"",""CROWN_FUSE_ENABLE_TARGETED_REPAIR"":""1"",""CROWN_FUSE_GROSS_FLOOR_CURVE"":""medium"",""CROWN_FUSE_LOST_GROSS_CAP"":""2000"",""CROWN_FUSE_MAX_REPAIR_WAIT_PER_DAY"":""240"",""CROWN_FUSE_MIN_PROFIT_TO_OVERRIDE_REPAIR"":""200"",""CROWN_FUSE_REPAIR_END_DAY"":""24"",""CROWN_FUSE_REPAIR_ROI_THRESHOLD"":""1.5"",""CROWN_FUSE_REPAIR_START_DAY"":""8"",""CROWN_FUSE_REPAIR_VALUE_SCALE"":""0.75"",""CROWN_FUSE_SOFT_VIOLATION_PROFIT_THRESHOLD"":""500"",""CROWN_FUSE_UNKNOWN_SOFT_RISK"":""0.1"",""CROWN_FUSE_VERIFIED_PENALTY_SCALE"":""0.75"",""CROWN_FUSE_WAIT_REPAIR_STRENGTH"":""0.3""}",Executed Fuse targeted repair grid row.,existing run summarized: runs\fuse\search\20260529\trial_010,0,,,,TRIAL,trial_010,bc55c75ed641,runs/fuse/search/20260529/trial_010,0,0,0.0,0.0,0,0,252,0.0,0.0,0,0,0.0,,false,false,false,false,
TRIAL,trial_011,fuse_targeted_repair,20260529,31,runs/fuse/search/20260529/trial_011,EXECUTED,5067.69,60293.77,17086.08,43207.69,38140.0,0.0,0.0,0.0,5067.69,True,89,163,0,3306,37.15,10,499,509,242,741,0,0,0,0,0,0,0,0,0,0,0,0,0,0,0,0,0,-7440.46,kill_below_b0_or_no_penalty_gain,"{""already_failed_discount"":0.25,""cap_discount"":0.5,""gross_floor_curve"":""medium"",""lost_gross_cap"":4000,""max_repair_wait_per_day"":120,""min_profit_to_override_repair"":350,""qwen_auditor_numeric"":0,""repair_end_day"":31,""repair_roi_threshold"":1.0,""repair_start_day"":15,""repair_value_scale"":1.0,""soft_violation_profit_threshold"":500,""unknown_soft_risk"":0.1,""verified_penalty_scale"":1.0,""wait_repair_strength"":0.2}","{""CROWN_FUSE_ALREADY_FAILED_DISCOUNT"":""0.25"",""CROWN_FUSE_AUDITOR_NUMERIC"":""0"",""CROWN_FUSE_CAP_DISCOUNT"":""0.5"",""CROWN_FUSE_ENABLE_TARGETED_REPAIR"":""1"",""CROWN_FUSE_GROSS_FLOOR_CURVE"":""medium"",""CROWN_FUSE_LOST_GROSS_CAP"":""4000"",""CROWN_FUSE_MAX_REPAIR_WAIT_PER_DAY"":""120"",""CROWN_FUSE_MIN_PROFIT_TO_OVERRIDE_REPAIR"":""350"",""CROWN_FUSE_REPAIR_END_DAY"":""31"",""CROWN_FUSE_REPAIR_ROI_THRESHOLD"":""1.0"",""CROWN_FUSE_REPAIR_START_DAY"":""15"",""CROWN_FUSE_REPAIR_VALUE_SCALE"":""1.0"",""CROWN_FUSE_SOFT_VIOLATION_PROFIT_THRESHOLD"":""500"",""CROWN_FUSE_UNKNOWN_SOFT_RISK"":""0.1"",""CROWN_FUSE_VERIFIED_PENALTY_SCALE"":""1.0"",""CROWN_FUSE_WAIT_REPAIR_STRENGTH"":""0.2""}",Executed Fuse targeted repair grid row.,existing run summarized: runs\fuse\search\20260529\trial_011,0,,,,TRIAL,trial_011,e514c934addc,runs/fuse/search/20260529/trial_011,0,0,0.0,0.0,0,0,252,0.0,0.0,0,0,0.0,,false,false,false,false,
TRIAL,trial_012,fuse_targeted_repair,20260529,31,runs/fuse/search/20260529/trial_012,EXECUTED,5067.69,60293.77,17086.08,43207.69,38140.0,0.0,0.0,0.0,5067.69,True,89,163,0,3306,37.15,10,499,509,242,741,0,0,0,0,0,0,0,0,0,0,0,0,0,0,0,0,0,-7440.46,kill_below_b0_or_no_penalty_gain,"{""already_failed_discount"":0.5,""cap_discount"":0.5,""gross_floor_curve"":""strong"",""lost_gross_cap"":1000,""max_repair_wait_per_day"":360,""min_profit_to_override_repair"":350,""qwen_auditor_numeric"":0,""repair_end_day"":31,""repair_roi_threshold"":2.0,""repair_start_day"":20,""repair_value_scale"":0.5,""soft_violation_profit_threshold"":1000,""unknown_soft_risk"":0.25,""verified_penalty_scale"":1.0,""wait_repair_strength"":0.5}","{""CROWN_FUSE_ALREADY_FAILED_DISCOUNT"":""0.5"",""CROWN_FUSE_AUDITOR_NUMERIC"":""0"",""CROWN_FUSE_CAP_DISCOUNT"":""0.5"",""CROWN_FUSE_ENABLE_TARGETED_REPAIR"":""1"",""CROWN_FUSE_GROSS_FLOOR_CURVE"":""strong"",""CROWN_FUSE_LOST_GROSS_CAP"":""1000"",""CROWN_FUSE_MAX_REPAIR_WAIT_PER_DAY"":""360"",""CROWN_FUSE_MIN_PROFIT_TO_OVERRIDE_REPAIR"":""350"",""CROWN_FUSE_REPAIR_END_DAY"":""31"",""CROWN_FUSE_REPAIR_ROI_THRESHOLD"":""2.0"",""CROWN_FUSE_REPAIR_START_DAY"":""20"",""CROWN_FUSE_REPAIR_VALUE_SCALE"":""0.5"",""CROWN_FUSE_SOFT_VIOLATION_PROFIT_THRESHOLD"":""1000"",""CROWN_FUSE_UNKNOWN_SOFT_RISK"":""0.25"",""CROWN_FUSE_VERIFIED_PENALTY_SCALE"":""1.0"",""CROWN_FUSE_WAIT_REPAIR_STRENGTH"":""0.5""}",Executed Fuse targeted repair grid row.,existing run summarized: runs\fuse\search\20260529\trial_012,0,,,,TRIAL,trial_012,0b7c520c9778,runs/fuse/search/20260529/trial_012,0,0,0.0,0.0,0,0,252,0.0,0.0,0,0,0.0,,false,false,false,false,
TRIAL,trial_013,fuse_targeted_repair,20260529,31,runs/fuse/search/20260529/trial_013,EXECUTED,5067.69,60293.77,17086.08,43207.69,38140.0,0.0,0.0,0.0,5067.69,True,89,163,0,3306,37.15,10,499,509,242,741,0,0,0,0,0,0,0,0,0,0,0,0,0,0,0,0,0,-7440.46,kill_below_b0_or_no_penalty_gain,"{""already_failed_discount"":0.0,""cap_discount"":0.25,""gross_floor_curve"":""off"",""lost_gross_cap"":2000,""max_repair_wait_per_day"":120,""min_profit_to_override_repair"":100,""qwen_auditor_numeric"":0,""repair_end_day"":20,""repair_roi_threshold"":0.8,""repair_start_day"":1,""repair_value_scale"":1.0,""soft_violation_profit_threshold"":200,""unknown_soft_risk"":0.05,""verified_penalty_scale"":0.75,""wait_repair_strength"":0.15}","{""CROWN_FUSE_ALREADY_FAILED_DISCOUNT"":""0.0"",""CROWN_FUSE_AUDITOR_NUMERIC"":""0"",""CROWN_FUSE_CAP_DISCOUNT"":""0.25"",""CROWN_FUSE_ENABLE_TARGETED_REPAIR"":""1"",""CROWN_FUSE_GROSS_FLOOR_CURVE"":""off"",""CROWN_FUSE_LOST_GROSS_CAP"":""2000"",""CROWN_FUSE_MAX_REPAIR_WAIT_PER_DAY"":""120"",""CROWN_FUSE_MIN_PROFIT_TO_OVERRIDE_REPAIR"":""100"",""CROWN_FUSE_REPAIR_END_DAY"":""20"",""CROWN_FUSE_REPAIR_ROI_THRESHOLD"":""0.8"",""CROWN_FUSE_REPAIR_START_DAY"":""1"",""CROWN_FUSE_REPAIR_VALUE_SCALE"":""1.0"",""CROWN_FUSE_SOFT_VIOLATION_PROFIT_THRESHOLD"":""200"",""CROWN_FUSE_UNKNOWN_SOFT_RISK"":""0.05"",""CROWN_FUSE_VERIFIED_PENALTY_SCALE"":""0.75"",""CROWN_FUSE_WAIT_REPAIR_STRENGTH"":""0.15""}",Executed Fuse targeted repair grid row.,existing run summarized: runs\fuse\search\20260529\trial_013,0,,,,TRIAL,trial_013,a140c86bd4e9,runs/fuse/search/20260529/trial_013,0,0,0.0,0.0,0,0,252,0.0,0.0,0,0,0.0,,false,false,false,false,
TRIAL,trial_014,fuse_targeted_repair,20260529,31,runs/fuse/search/20260529/trial_014,EXECUTED,5067.69,60293.77,17086.08,43207.69,38140.0,0.0,0.0,0.0,5067.69,True,89,163,0,3306,37.15,10,499,509,242,741,0,0,0,0,0,0,0,0,0,0,0,0,0,0,0,0,0,-7440.46,kill_below_b0_or_no_penalty_gain,"{""already_failed_discount"":0.25,""cap_discount"":0.5,""gross_floor_curve"":""mild"",""lost_gross_cap"":1000,""max_repair_wait_per_day"":240,""min_profit_to_override_repair"":200,""qwen_auditor_numeric"":0,""repair_end_day"":28,""repair_roi_threshold"":1.5,""repair_start_day"":12,""repair_value_scale"":0.5,""soft_violation_profit_threshold"":500,""unknown_soft_risk"":0.1,""verified_penalty_scale"":1.0,""wait_repair_strength"":0.3}","{""CROWN_FUSE_ALREADY_FAILED_DISCOUNT"":""0.25"",""CROWN_FUSE_AUDITOR_NUMERIC"":""0"",""CROWN_FUSE_CAP_DISCOUNT"":""0.5"",""CROWN_FUSE_ENABLE_TARGETED_REPAIR"":""1"",""CROWN_FUSE_GROSS_FLOOR_CURVE"":""mild"",""CROWN_FUSE_LOST_GROSS_CAP"":""1000"",""CROWN_FUSE_MAX_REPAIR_WAIT_PER_DAY"":""240"",""CROWN_FUSE_MIN_PROFIT_TO_OVERRIDE_REPAIR"":""200"",""CROWN_FUSE_REPAIR_END_DAY"":""28"",""CROWN_FUSE_REPAIR_ROI_THRESHOLD"":""1.5"",""CROWN_FUSE_REPAIR_START_DAY"":""12"",""CROWN_FUSE_REPAIR_VALUE_SCALE"":""0.5"",""CROWN_FUSE_SOFT_VIOLATION_PROFIT_THRESHOLD"":""500"",""CROWN_FUSE_UNKNOWN_SOFT_RISK"":""0.1"",""CROWN_FUSE_VERIFIED_PENALTY_SCALE"":""1.0"",""CROWN_FUSE_WAIT_REPAIR_STRENGTH"":""0.3""}",Executed Fuse targeted repair grid row.,existing run summarized: runs\fuse\search\20260529\trial_014,0,,,,TRIAL,trial_014,2191098e899e,runs/fuse/search/20260529/trial_014,0,0,0.0,0.0,0,0,252,0.0,0.0,0,0,0.0,,false,false,false,false,
TRIAL,trial_015,fuse_targeted_repair,20260529,31,runs/fuse/search/20260529/trial_015,EXECUTED,5067.69,60293.77,17086.08,43207.69,38140.0,0.0,0.0,0.0,5067.69,True,89,163,0,3306,37.15,10,499,509,242,741,0,0,0,0,0,0,0,0,0,0,0,0,0,0,0,0,0,-7440.46,kill_below_b0_or_no_penalty_gain,"{""already_failed_discount"":0.5,""cap_discount"":0.5,""gross_floor_curve"":""strong"",""lost_gross_cap"":4000,""max_repair_wait_per_day"":60,""min_profit_to_override_repair"":600,""qwen_auditor_numeric"":0,""repair_end_day"":31,""repair_roi_threshold"":2.0,""repair_start_day"":1,""repair_value_scale"":0.75,""soft_violation_profit_threshold"":1000,""unknown_soft_risk"":0.25,""verified_penalty_scale"":1.0,""wait_repair_strength"":0.2}","{""CROWN_FUSE_ALREADY_FAILED_DISCOUNT"":""0.5"",""CROWN_FUSE_AUDITOR_NUMERIC"":""0"",""CROWN_FUSE_CAP_DISCOUNT"":""0.5"",""CROWN_FUSE_ENABLE_TARGETED_REPAIR"":""1"",""CROWN_FUSE_GROSS_FLOOR_CURVE"":""strong"",""CROWN_FUSE_LOST_GROSS_CAP"":""4000"",""CROWN_FUSE_MAX_REPAIR_WAIT_PER_DAY"":""60"",""CROWN_FUSE_MIN_PROFIT_TO_OVERRIDE_REPAIR"":""600"",""CROWN_FUSE_REPAIR_END_DAY"":""31"",""CROWN_FUSE_REPAIR_ROI_THRESHOLD"":""2.0"",""CROWN_FUSE_REPAIR_START_DAY"":""1"",""CROWN_FUSE_REPAIR_VALUE_SCALE"":""0.75"",""CROWN_FUSE_SOFT_VIOLATION_PROFIT_THRESHOLD"":""1000"",""CROWN_FUSE_UNKNOWN_SOFT_RISK"":""0.25"",""CROWN_FUSE_VERIFIED_PENALTY_SCALE"":""1.0"",""CROWN_FUSE_WAIT_REPAIR_STRENGTH"":""0.2""}",Executed Fuse targeted repair grid row.,existing run summarized: runs\fuse\search\20260529\trial_015,0,,,,TRIAL,trial_015,3e87e009ed95,runs/fuse/search/20260529/trial_015,0,0,0.0,0.0,0,0,252,0.0,0.0,0,0,0.0,,false,false,false,false,
TRIAL,trial_016,fuse_targeted_repair,20260529,31,runs/fuse/search/20260529/trial_016,EXECUTED,5067.69,60293.77,17086.08,43207.69,38140.0,0.0,0.0,0.0,5067.69,True,89,163,0,3306,37.15,10,499,509,242,741,0,0,0,0,0,0,0,0,0,0,0,0,0,0,0,0,0,-7440.46,kill_below_b0_or_no_penalty_gain,"{""already_failed_discount"":1.0,""cap_discount"":0.5,""gross_floor_curve"":""medium"",""lost_gross_cap"":4000,""max_repair_wait_per_day"":360,""min_profit_to_override_repair"":600,""qwen_auditor_numeric"":0,""repair_end_day"":24,""repair_roi_threshold"":3.0,""repair_start_day"":8,""repair_value_scale"":1.0,""soft_violation_profit_threshold"":1000,""unknown_soft_risk"":0.25,""verified_penalty_scale"":0.75,""wait_repair_strength"":0.5}","{""CROWN_FUSE_ALREADY_FAILED_DISCOUNT"":""1.0"",""CROWN_FUSE_AUDITOR_NUMERIC"":""0"",""CROWN_FUSE_CAP_DISCOUNT"":""0.5"",""CROWN_FUSE_ENABLE_TARGETED_REPAIR"":""1"",""CROWN_FUSE_GROSS_FLOOR_CURVE"":""medium"",""CROWN_FUSE_LOST_GROSS_CAP"":""4000"",""CROWN_FUSE_MAX_REPAIR_WAIT_PER_DAY"":""360"",""CROWN_FUSE_MIN_PROFIT_TO_OVERRIDE_REPAIR"":""600"",""CROWN_FUSE_REPAIR_END_DAY"":""24"",""CROWN_FUSE_REPAIR_ROI_THRESHOLD"":""3.0"",""CROWN_FUSE_REPAIR_START_DAY"":""8"",""CROWN_FUSE_REPAIR_VALUE_SCALE"":""1.0"",""CROWN_FUSE_SOFT_VIOLATION_PROFIT_THRESHOLD"":""1000"",""CROWN_FUSE_UNKNOWN_SOFT_RISK"":""0.25"",""CROWN_FUSE_VERIFIED_PENALTY_SCALE"":""0.75"",""CROWN_FUSE_WAIT_REPAIR_STRENGTH"":""0.5""}",Executed Fuse targeted repair grid row.,existing run summarized: runs\fuse\search\20260529\trial_016,0,,,,TRIAL,trial_016,d15d7f59e540,runs/fuse/search/20260529/trial_016,0,0,0.0,0.0,0,0,252,0.0,0.0,0,0,0.0,,false,false,false,false,
TRIAL,trial_017,fuse_targeted_repair,20260529,31,runs/fuse/search/20260529/trial_017,EXECUTED,8142.11,53959.49,16397.38,37562.11,29420.0,3074.42,-5645.58,-8720.0,8142.11,True,77,180,1,3203,41.6,10,491,501,229,720,0,0,0,0,0,0,0,0,0,0,0,0,0,0,0,0,0,-212.84,kill_below_b0_or_no_penalty_gain,"{""already_failed_discount"":0.0,""cap_discount"":0.0,""gross_floor_curve"":""off"",""lost_gross_cap"":6000,""max_repair_wait_per_day"":1440,""min_profit_to_override_repair"":100,""qwen_auditor_numeric"":0,""repair_end_day"":24,""repair_roi_threshold"":0.8,""repair_start_day"":8,""repair_value_scale"":1.0,""soft_violation_profit_threshold"":200,""unknown_soft_risk"":0.05,""verified_penalty_scale"":1.0,""wait_repair_strength"":0.5}","{""CROWN_FUSE_ALREADY_FAILED_DISCOUNT"":""0.0"",""CROWN_FUSE_AUDITOR_NUMERIC"":""0"",""CROWN_FUSE_CAP_DISCOUNT"":""0.0"",""CROWN_FUSE_ENABLE_TARGETED_REPAIR"":""1"",""CROWN_FUSE_GROSS_FLOOR_CURVE"":""off"",""CROWN_FUSE_LOST_GROSS_CAP"":""6000"",""CROWN_FUSE_MAX_REPAIR_WAIT_PER_DAY"":""1440"",""CROWN_FUSE_MIN_PROFIT_TO_OVERRIDE_REPAIR"":""100"",""CROWN_FUSE_REPAIR_END_DAY"":""24"",""CROWN_FUSE_REPAIR_ROI_THRESHOLD"":""0.8"",""CROWN_FUSE_REPAIR_START_DAY"":""8"",""CROWN_FUSE_REPAIR_VALUE_SCALE"":""1.0"",""CROWN_FUSE_SOFT_VIOLATION_PROFIT_THRESHOLD"":""200"",""CROWN_FUSE_UNKNOWN_SOFT_RISK"":""0.05"",""CROWN_FUSE_VERIFIED_PENALTY_SCALE"":""1.0"",""CROWN_FUSE_WAIT_REPAIR_STRENGTH"":""0.5""}",Executed Fuse targeted repair grid row.,existing run summarized: runs\fuse\search\20260529\trial_017,0,,,,TRIAL,trial_017,7264b55248a2,runs/fuse/search/20260529/trial_017,4,5650,2825.0,2802.0,2848,4,234,3074.42,-8720.0,0,0,0.0,,false,false,false,false,
TRIAL,trial_018,fuse_targeted_repair,20260529,31,runs/fuse/search/20260529/trial_018,EXECUTED,5067.69,60293.77,17086.08,43207.69,38140.0,0.0,0.0,0.0,5067.69,True,89,163,0,3306,37.15,10,499,509,242,741,0,0,0,0,0,0,0,0,0,0,0,0,0,0,0,0,0,-7440.46,kill_below_b0_or_no_penalty_gain,"{""already_failed_discount"":0.25,""cap_discount"":0.0,""gross_floor_curve"":""mild"",""lost_gross_cap"":6000,""max_repair_wait_per_day"":1440,""min_profit_to_override_repair"":200,""qwen_auditor_numeric"":0,""repair_end_day"":31,""repair_roi_threshold"":1.0,""repair_start_day"":15,""repair_value_scale"":1.0,""soft_violation_profit_threshold"":500,""unknown_soft_risk"":0.1,""verified_penalty_scale"":1.0,""wait_repair_strength"":0.3}","{""CROWN_FUSE_ALREADY_FAILED_DISCOUNT"":""0.25"",""CROWN_FUSE_AUDITOR_NUMERIC"":""0"",""CROWN_FUSE_CAP_DISCOUNT"":""0.0"",""CROWN_FUSE_ENABLE_TARGETED_REPAIR"":""1"",""CROWN_FUSE_GROSS_FLOOR_CURVE"":""mild"",""CROWN_FUSE_LOST_GROSS_CAP"":""6000"",""CROWN_FUSE_MAX_REPAIR_WAIT_PER_DAY"":""1440"",""CROWN_FUSE_MIN_PROFIT_TO_OVERRIDE_REPAIR"":""200"",""CROWN_FUSE_REPAIR_END_DAY"":""31"",""CROWN_FUSE_REPAIR_ROI_THRESHOLD"":""1.0"",""CROWN_FUSE_REPAIR_START_DAY"":""15"",""CROWN_FUSE_REPAIR_VALUE_SCALE"":""1.0"",""CROWN_FUSE_SOFT_VIOLATION_PROFIT_THRESHOLD"":""500"",""CROWN_FUSE_UNKNOWN_SOFT_RISK"":""0.1"",""CROWN_FUSE_VERIFIED_PENALTY_SCALE"":""1.0"",""CROWN_FUSE_WAIT_REPAIR_STRENGTH"":""0.3""}",Executed Fuse targeted repair grid row.,existing run summarized: runs\fuse\search\20260529\trial_018,0,,,,TRIAL,trial_018,0c7ac70572f5,runs/fuse/search/20260529/trial_018,0,0,0.0,0.0,0,0,252,0.0,0.0,0,0,0.0,,false,false,false,false,
TRIAL,trial_019,fuse_targeted_repair,20260529,31,runs/fuse/search/20260529/trial_019,EXECUTED,5067.69,60293.77,17086.08,43207.69,38140.0,0.0,0.0,0.0,5067.69,True,89,163,0,3306,37.15,10,499,509,242,741,0,0,0,0,0,0,0,0,0,0,0,0,0,0,0,0,0,-7440.46,kill_below_b0_or_no_penalty_gain,"{""already_failed_discount"":0.25,""cap_discount"":0.25,""gross_floor_curve"":""medium"",""lost_gross_cap"":4000,""max_repair_wait_per_day"":720,""min_profit_to_override_repair"":350,""qwen_auditor_numeric"":0,""repair_end_day"":31,""repair_roi_threshold"":1.5,""repair_start_day"":8,""repair_value_scale"":0.75,""soft_violation_profit_threshold"":500,""unknown_soft_risk"":0.1,""verified_penalty_scale"":1.0,""wait_repair_strength"":0.2}","{""CROWN_FUSE_ALREADY_FAILED_DISCOUNT"":""0.25"",""CROWN_FUSE_AUDITOR_NUMERIC"":""0"",""CROWN_FUSE_CAP_DISCOUNT"":""0.25"",""CROWN_FUSE_ENABLE_TARGETED_REPAIR"":""1"",""CROWN_FUSE_GROSS_FLOOR_CURVE"":""medium"",""CROWN_FUSE_LOST_GROSS_CAP"":""4000"",""CROWN_FUSE_MAX_REPAIR_WAIT_PER_DAY"":""720"",""CROWN_FUSE_MIN_PROFIT_TO_OVERRIDE_REPAIR"":""350"",""CROWN_FUSE_REPAIR_END_DAY"":""31"",""CROWN_FUSE_REPAIR_ROI_THRESHOLD"":""1.5"",""CROWN_FUSE_REPAIR_START_DAY"":""8"",""CROWN_FUSE_REPAIR_VALUE_SCALE"":""0.75"",""CROWN_FUSE_SOFT_VIOLATION_PROFIT_THRESHOLD"":""500"",""CROWN_FUSE_UNKNOWN_SOFT_RISK"":""0.1"",""CROWN_FUSE_VERIFIED_PENALTY_SCALE"":""1.0"",""CROWN_FUSE_WAIT_REPAIR_STRENGTH"":""0.2""}",Executed Fuse targeted repair grid row.,existing run summarized: runs\fuse\search\20260529\trial_019,0,,,,TRIAL,trial_019,f1c7973e0ff0,runs/fuse/search/20260529/trial_019,0,0,0.0,0.0,0,0,252,0.0,0.0,0,0,0.0,,false,false,false,false,
TRIAL,trial_020,fuse_targeted_repair,20260529,31,runs/fuse/search/20260529/trial_020,EXECUTED,5067.69,60293.77,17086.08,43207.69,38140.0,0.0,0.0,0.0,5067.69,True,89,163,0,3306,37.15,10,499,509,242,741,0,0,0,0,0,0,0,0,0,0,0,0,0,0,0,0,0,-7440.46,kill_below_b0_or_no_penalty_gain,"{""already_failed_discount"":0.5,""cap_discount"":0.5,""gross_floor_curve"":""strong"",""lost_gross_cap"":4000,""max_repair_wait_per_day"":720,""min_profit_to_override_repair"":600,""qwen_auditor_numeric"":0,""repair_end_day"":31,""repair_roi_threshold"":2.0,""repair_start_day"":20,""repair_value_scale"":1.0,""soft_violation_profit_threshold"":1000,""unknown_soft_risk"":0.25,""verified_penalty_scale"":0.75,""wait_repair_strength"":0.15}","{""CROWN_FUSE_ALREADY_FAILED_DISCOUNT"":""0.5"",""CROWN_FUSE_AUDITOR_NUMERIC"":""0"",""CROWN_FUSE_CAP_DISCOUNT"":""0.5"",""CROWN_FUSE_ENABLE_TARGETED_REPAIR"":""1"",""CROWN_FUSE_GROSS_FLOOR_CURVE"":""strong"",""CROWN_FUSE_LOST_GROSS_CAP"":""4000"",""CROWN_FUSE_MAX_REPAIR_WAIT_PER_DAY"":""720"",""CROWN_FUSE_MIN_PROFIT_TO_OVERRIDE_REPAIR"":""600"",""CROWN_FUSE_REPAIR_END_DAY"":""31"",""CROWN_FUSE_REPAIR_ROI_THRESHOLD"":""2.0"",""CROWN_FUSE_REPAIR_START_DAY"":""20"",""CROWN_FUSE_REPAIR_VALUE_SCALE"":""1.0"",""CROWN_FUSE_SOFT_VIOLATION_PROFIT_THRESHOLD"":""1000"",""CROWN_FUSE_UNKNOWN_SOFT_RISK"":""0.25"",""CROWN_FUSE_VERIFIED_PENALTY_SCALE"":""0.75"",""CROWN_FUSE_WAIT_REPAIR_STRENGTH"":""0.15""}",Executed Fuse targeted repair grid row.,existing run summarized: runs\fuse\search\20260529\trial_020,0,,,,TRIAL,trial_020,cd60bda59337,runs/fuse/search/20260529/trial_020,0,0,0.0,0.0,0,0,252,0.0,0.0,0,0,0.0,,false,false,false,false,
TRIAL,trial_021,fuse_targeted_repair,20260529,31,runs/fuse/search/20260529/trial_021,EXECUTED,5067.69,60293.77,17086.08,43207.69,38140.0,0.0,0.0,0.0,5067.69,True,89,163,0,3306,37.15,10,499,509,242,741,0,0,0,0,0,0,0,0,0,0,0,0,0,0,0,0,0,-7440.46,kill_below_b0_or_no_penalty_gain,"{""already_failed_discount"":0.25,""cap_discount"":0.5,""gross_floor_curve"":""off"",""lost_gross_cap"":2000,""max_repair_wait_per_day"":120,""min_profit_to_override_repair"":350,""qwen_auditor_numeric"":0,""repair_end_day"":24,""repair_roi_threshold"":2.0,""repair_start_day"":8,""repair_value_scale"":0.75,""soft_violation_profit_threshold"":200,""unknown_soft_risk"":0.1,""verified_penalty_scale"":1.0,""wait_repair_strength"":0.5}","{""CROWN_FUSE_ALREADY_FAILED_DISCOUNT"":""0.25"",""CROWN_FUSE_AUDITOR_NUMERIC"":""0"",""CROWN_FUSE_CAP_DISCOUNT"":""0.5"",""CROWN_FUSE_ENABLE_TARGETED_REPAIR"":""1"",""CROWN_FUSE_GROSS_FLOOR_CURVE"":""off"",""CROWN_FUSE_LOST_GROSS_CAP"":""2000"",""CROWN_FUSE_MAX_REPAIR_WAIT_PER_DAY"":""120"",""CROWN_FUSE_MIN_PROFIT_TO_OVERRIDE_REPAIR"":""350"",""CROWN_FUSE_REPAIR_END_DAY"":""24"",""CROWN_FUSE_REPAIR_ROI_THRESHOLD"":""2.0"",""CROWN_FUSE_REPAIR_START_DAY"":""8"",""CROWN_FUSE_REPAIR_VALUE_SCALE"":""0.75"",""CROWN_FUSE_SOFT_VIOLATION_PROFIT_THRESHOLD"":""200"",""CROWN_FUSE_UNKNOWN_SOFT_RISK"":""0.1"",""CROWN_FUSE_VERIFIED_PENALTY_SCALE"":""1.0"",""CROWN_FUSE_WAIT_REPAIR_STRENGTH"":""0.5""}",Executed Fuse targeted repair grid row.,existing run summarized: runs\fuse\search\20260529\trial_021,0,,,,TRIAL,trial_021,0384bb79acf8,runs/fuse/search/20260529/trial_021,0,0,0.0,0.0,0,0,252,0.0,0.0,0,0,0.0,,false,false,false,false,
TRIAL,trial_022,fuse_targeted_repair,20260529,31,runs/fuse/search/20260529/trial_022,EXECUTED,5067.69,60293.77,17086.08,43207.69,38140.0,0.0,0.0,0.0,5067.69,True,89,163,0,3306,37.15,10,499,509,242,741,0,0,0,0,0,0,0,0,0,0,0,0,0,0,0,0,0,-7440.46,kill_below_b0_or_no_penalty_gain,"{""already_failed_discount"":0.0,""cap_discount"":1.0,""gross_floor_curve"":""strong"",""lost_gross_cap"":2000,""max_repair_wait_per_day"":720,""min_profit_to_override_repair"":600,""qwen_auditor_numeric"":0,""repair_end_day"":31,""repair_roi_threshold"":0.8,""repair_start_day"":15,""repair_value_scale"":0.5,""soft_violation_profit_threshold"":500,""unknown_soft_risk"":0.05,""verified_penalty_scale"":0.75,""wait_repair_strength"":0.15}","{""CROWN_FUSE_ALREADY_FAILED_DISCOUNT"":""0.0"",""CROWN_FUSE_AUDITOR_NUMERIC"":""0"",""CROWN_FUSE_CAP_DISCOUNT"":""1.0"",""CROWN_FUSE_ENABLE_TARGETED_REPAIR"":""1"",""CROWN_FUSE_GROSS_FLOOR_CURVE"":""strong"",""CROWN_FUSE_LOST_GROSS_CAP"":""2000"",""CROWN_FUSE_MAX_REPAIR_WAIT_PER_DAY"":""720"",""CROWN_FUSE_MIN_PROFIT_TO_OVERRIDE_REPAIR"":""600"",""CROWN_FUSE_REPAIR_END_DAY"":""31"",""CROWN_FUSE_REPAIR_ROI_THRESHOLD"":""0.8"",""CROWN_FUSE_REPAIR_START_DAY"":""15"",""CROWN_FUSE_REPAIR_VALUE_SCALE"":""0.5"",""CROWN_FUSE_SOFT_VIOLATION_PROFIT_THRESHOLD"":""500"",""CROWN_FUSE_UNKNOWN_SOFT_RISK"":""0.05"",""CROWN_FUSE_VERIFIED_PENALTY_SCALE"":""0.75"",""CROWN_FUSE_WAIT_REPAIR_STRENGTH"":""0.15""}",Executed Fuse targeted repair grid row.,existing run summarized: runs\fuse\search\20260529\trial_022,0,,,,TRIAL,trial_022,4a40fdbe9b45,runs/fuse/search/20260529/trial_022,0,0,0.0,0.0,0,0,252,0.0,0.0,0,0,0.0,,false,false,false,false,
TRIAL,trial_023,fuse_targeted_repair,20260529,31,runs/fuse/search/20260529/trial_023,EXECUTED,5067.69,60293.77,17086.08,43207.69,38140.0,0.0,0.0,0.0,5067.69,True,89,163,0,3306,37.15,10,499,509,242,741,0,0,0,0,0,0,0,0,0,0,0,0,0,0,0,0,0,-7440.46,kill_below_b0_or_no_penalty_gain,"{""already_failed_discount"":1.0,""cap_discount"":0.0,""gross_floor_curve"":""medium"",""lost_gross_cap"":2000,""max_repair_wait_per_day"":120,""min_profit_to_override_repair"":100,""qwen_auditor_numeric"":0,""repair_end_day"":20,""repair_roi_threshold"":1.5,""repair_start_day"":1,""repair_value_scale"":0.25,""soft_violation_profit_threshold"":1000,""unknown_soft_risk"":0.25,""verified_penalty_scale"":0.5,""wait_repair_strength"":1.0}","{""CROWN_FUSE_ALREADY_FAILED_DISCOUNT"":""1.0"",""CROWN_FUSE_AUDITOR_NUMERIC"":""0"",""CROWN_FUSE_CAP_DISCOUNT"":""0.0"",""CROWN_FUSE_ENABLE_TARGETED_REPAIR"":""1"",""CROWN_FUSE_GROSS_FLOOR_CURVE"":""medium"",""CROWN_FUSE_LOST_GROSS_CAP"":""2000"",""CROWN_FUSE_MAX_REPAIR_WAIT_PER_DAY"":""120"",""CROWN_FUSE_MIN_PROFIT_TO_OVERRIDE_REPAIR"":""100"",""CROWN_FUSE_REPAIR_END_DAY"":""20"",""CROWN_FUSE_REPAIR_ROI_THRESHOLD"":""1.5"",""CROWN_FUSE_REPAIR_START_DAY"":""1"",""CROWN_FUSE_REPAIR_VALUE_SCALE"":""0.25"",""CROWN_FUSE_SOFT_VIOLATION_PROFIT_THRESHOLD"":""1000"",""CROWN_FUSE_UNKNOWN_SOFT_RISK"":""0.25"",""CROWN_FUSE_VERIFIED_PENALTY_SCALE"":""0.5"",""CROWN_FUSE_WAIT_REPAIR_STRENGTH"":""1.0""}",Executed Fuse targeted repair grid row.,existing run summarized: runs\fuse\search\20260529\trial_023,0,,,,TRIAL,trial_023,933f8ade3c76,runs/fuse/search/20260529/trial_023,0,0,0.0,0.0,0,0,252,0.0,0.0,0,0,0.0,,false,false,false,false,
TRIAL,trial_024,fuse_targeted_repair,20260529,31,runs/fuse/search/20260529/trial_024,EXECUTED,5067.69,60293.77,17086.08,43207.69,38140.0,0.0,0.0,0.0,5067.69,True,89,163,0,3306,37.15,10,499,509,242,741,0,0,0,0,0,0,0,0,0,0,0,0,0,0,0,0,0,-7440.46,kill_below_b0_or_no_penalty_gain,"{""already_failed_discount"":0.5,""cap_discount"":0.25,""gross_floor_curve"":""mild"",""lost_gross_cap"":2000,""max_repair_wait_per_day"":720,""min_profit_to_override_repair"":200,""qwen_auditor_numeric"":0,""repair_end_day"":28,""repair_roi_threshold"":3.0,""repair_start_day"":12,""repair_value_scale"":1.0,""soft_violation_profit_threshold"":200,""unknown_soft_risk"":0.1,""verified_penalty_scale"":1.0,""wait_repair_strength"":0.3}","{""CROWN_FUSE_ALREADY_FAILED_DISCOUNT"":""0.5"",""CROWN_FUSE_AUDITOR_NUMERIC"":""0"",""CROWN_FUSE_CAP_DISCOUNT"":""0.25"",""CROWN_FUSE_ENABLE_TARGETED_REPAIR"":""1"",""CROWN_FUSE_GROSS_FLOOR_CURVE"":""mild"",""CROWN_FUSE_LOST_GROSS_CAP"":""2000"",""CROWN_FUSE_MAX_REPAIR_WAIT_PER_DAY"":""720"",""CROWN_FUSE_MIN_PROFIT_TO_OVERRIDE_REPAIR"":""200"",""CROWN_FUSE_REPAIR_END_DAY"":""28"",""CROWN_FUSE_REPAIR_ROI_THRESHOLD"":""3.0"",""CROWN_FUSE_REPAIR_START_DAY"":""12"",""CROWN_FUSE_REPAIR_VALUE_SCALE"":""1.0"",""CROWN_FUSE_SOFT_VIOLATION_PROFIT_THRESHOLD"":""200"",""CROWN_FUSE_UNKNOWN_SOFT_RISK"":""0.1"",""CROWN_FUSE_VERIFIED_PENALTY_SCALE"":""1.0"",""CROWN_FUSE_WAIT_REPAIR_STRENGTH"":""0.3""}",Executed Fuse targeted repair grid row.,existing run summarized: runs\fuse\search\20260529\trial_024,0,,,,TRIAL,trial_024,deb7a43f26b3,runs/fuse/search/20260529/trial_024,0,0,0.0,0.0,0,0,252,0.0,0.0,0,0,0.0,,false,false,false,false,
TRIAL,trial_025,fuse_targeted_repair,20260529,31,runs/fuse/search/20260529/trial_025,EXECUTED,5067.69,60293.77,17086.08,43207.69,38140.0,0.0,0.0,0.0,5067.69,True,89,163,0,3306,37.15,10,499,509,242,741,0,0,0,0,0,0,0,0,0,0,0,0,0,0,0,0,0,-7440.46,kill_below_b0_or_no_penalty_gain,"{""already_failed_discount"":0.25,""cap_discount"":0.5,""gross_floor_curve"":""off"",""lost_gross_cap"":2000,""max_repair_wait_per_day"":120,""min_profit_to_override_repair"":350,""qwen_auditor_numeric"":0,""repair_end_day"":31,""repair_roi_threshold"":1.0,""repair_start_day"":20,""repair_value_scale"":0.75,""soft_violation_profit_threshold"":500,""unknown_soft_risk"":0.05,""verified_penalty_scale"":0.75,""wait_repair_strength"":0.1}","{""CROWN_FUSE_ALREADY_FAILED_DISCOUNT"":""0.25"",""CROWN_FUSE_AUDITOR_NUMERIC"":""0"",""CROWN_FUSE_CAP_DISCOUNT"":""0.5"",""CROWN_FUSE_ENABLE_TARGETED_REPAIR"":""1"",""CROWN_FUSE_GROSS_FLOOR_CURVE"":""off"",""CROWN_FUSE_LOST_GROSS_CAP"":""2000"",""CROWN_FUSE_MAX_REPAIR_WAIT_PER_DAY"":""120"",""CROWN_FUSE_MIN_PROFIT_TO_OVERRIDE_REPAIR"":""350"",""CROWN_FUSE_REPAIR_END_DAY"":""31"",""CROWN_FUSE_REPAIR_ROI_THRESHOLD"":""1.0"",""CROWN_FUSE_REPAIR_START_DAY"":""20"",""CROWN_FUSE_REPAIR_VALUE_SCALE"":""0.75"",""CROWN_FUSE_SOFT_VIOLATION_PROFIT_THRESHOLD"":""500"",""CROWN_FUSE_UNKNOWN_SOFT_RISK"":""0.05"",""CROWN_FUSE_VERIFIED_PENALTY_SCALE"":""0.75"",""CROWN_FUSE_WAIT_REPAIR_STRENGTH"":""0.1""}",Executed Fuse targeted repair grid row.,existing run summarized: runs\fuse\search\20260529\trial_025,0,,,,TRIAL,trial_025,de46baaf2d01,runs/fuse/search/20260529/trial_025,0,0,0.0,0.0,0,0,252,0.0,0.0,0,0,0.0,,false,false,false,false,
TRIAL,trial_026,fuse_targeted_repair,20260529,31,runs/fuse/search/20260529/trial_026,EXECUTED,5067.69,60293.77,17086.08,43207.69,38140.0,0.0,0.0,0.0,5067.69,True,89,163,0,3306,37.15,10,499,509,242,741,0,0,0,0,0,0,0,0,0,0,0,0,0,0,0,0,0,-7440.46,kill_below_b0_or_no_penalty_gain,"{""already_failed_discount"":0.0,""cap_discount"":1.0,""gross_floor_curve"":""strong"",""lost_gross_cap"":2000,""max_repair_wait_per_day"":720,""min_profit_to_override_repair"":600,""qwen_auditor_numeric"":0,""repair_end_day"":24,""repair_roi_threshold"":2.0,""repair_start_day"":8,""repair_value_scale"":0.5,""soft_violation_profit_threshold"":1000,""unknown_soft_risk"":0.25,""verified_penalty_scale"":0.5,""wait_repair_strength"":0.75}","{""CROWN_FUSE_ALREADY_FAILED_DISCOUNT"":""0.0"",""CROWN_FUSE_AUDITOR_NUMERIC"":""0"",""CROWN_FUSE_CAP_DISCOUNT"":""1.0"",""CROWN_FUSE_ENABLE_TARGETED_REPAIR"":""1"",""CROWN_FUSE_GROSS_FLOOR_CURVE"":""strong"",""CROWN_FUSE_LOST_GROSS_CAP"":""2000"",""CROWN_FUSE_MAX_REPAIR_WAIT_PER_DAY"":""720"",""CROWN_FUSE_MIN_PROFIT_TO_OVERRIDE_REPAIR"":""600"",""CROWN_FUSE_REPAIR_END_DAY"":""24"",""CROWN_FUSE_REPAIR_ROI_THRESHOLD"":""2.0"",""CROWN_FUSE_REPAIR_START_DAY"":""8"",""CROWN_FUSE_REPAIR_VALUE_SCALE"":""0.5"",""CROWN_FUSE_SOFT_VIOLATION_PROFIT_THRESHOLD"":""1000"",""CROWN_FUSE_UNKNOWN_SOFT_RISK"":""0.25"",""CROWN_FUSE_VERIFIED_PENALTY_SCALE"":""0.5"",""CROWN_FUSE_WAIT_REPAIR_STRENGTH"":""0.75""}",Executed Fuse targeted repair grid row.,existing run summarized: runs\fuse\search\20260529\trial_026,0,,,,TRIAL,trial_026,7c7dd4a751e4,runs/fuse/search/20260529/trial_026,0,0,0.0,0.0,0,0,252,0.0,0.0,0,0,0.0,,false,false,false,false,
TRIAL,trial_027,fuse_targeted_repair,20260529,31,runs/fuse/search/20260529/trial_027,EXECUTED,5067.69,60293.77,17086.08,43207.69,38140.0,0.0,0.0,0.0,5067.69,True,89,163,0,3306,37.15,10,499,509,242,741,0,0,0,0,0,0,0,0,0,0,0,0,0,0,0,0,0,-7440.46,kill_below_b0_or_no_penalty_gain,"{""already_failed_discount"":1.0,""cap_discount"":0.0,""gross_floor_curve"":""medium"",""lost_gross_cap"":2000,""max_repair_wait_per_day"":120,""min_profit_to_override_repair"":100,""qwen_auditor_numeric"":0,""repair_end_day"":31,""repair_roi_threshold"":0.8,""repair_start_day"":15,""repair_value_scale"":0.25,""soft_violation_profit_threshold"":200,""unknown_soft_risk"":0.1,""verified_penalty_scale"":1.0,""wait_repair_strength"":0.2}","{""CROWN_FUSE_ALREADY_FAILED_DISCOUNT"":""1.0"",""CROWN_FUSE_AUDITOR_NUMERIC"":""0"",""CROWN_FUSE_CAP_DISCOUNT"":""0.0"",""CROWN_FUSE_ENABLE_TARGETED_REPAIR"":""1"",""CROWN_FUSE_GROSS_FLOOR_CURVE"":""medium"",""CROWN_FUSE_LOST_GROSS_CAP"":""2000"",""CROWN_FUSE_MAX_REPAIR_WAIT_PER_DAY"":""120"",""CROWN_FUSE_MIN_PROFIT_TO_OVERRIDE_REPAIR"":""100"",""CROWN_FUSE_REPAIR_END_DAY"":""31"",""CROWN_FUSE_REPAIR_ROI_THRESHOLD"":""0.8"",""CROWN_FUSE_REPAIR_START_DAY"":""15"",""CROWN_FUSE_REPAIR_VALUE_SCALE"":""0.25"",""CROWN_FUSE_SOFT_VIOLATION_PROFIT_THRESHOLD"":""200"",""CROWN_FUSE_UNKNOWN_SOFT_RISK"":""0.1"",""CROWN_FUSE_VERIFIED_PENALTY_SCALE"":""1.0"",""CROWN_FUSE_WAIT_REPAIR_STRENGTH"":""0.2""}",Executed Fuse targeted repair grid row.,existing run summarized: runs\fuse\search\20260529\trial_027,0,,,,TRIAL,trial_027,b934fac0ee1b,runs/fuse/search/20260529/trial_027,0,0,0.0,0.0,0,0,252,0.0,0.0,0,0,0.0,,false,false,false,false,
TRIAL,trial_028,fuse_targeted_repair,20260529,31,runs/fuse/search/20260529/trial_028,EXECUTED,5067.69,60293.77,17086.08,43207.69,38140.0,0.0,0.0,0.0,5067.69,True,89,163,0,3306,37.15,10,499,509,242,741,0,0,0,0,0,0,0,0,0,0,0,0,0,0,0,0,0,-7440.46,kill_below_b0_or_no_penalty_gain,"{""already_failed_discount"":0.5,""cap_discount"":0.25,""gross_floor_curve"":""mild"",""lost_gross_cap"":2000,""max_repair_wait_per_day"":720,""min_profit_to_override_repair"":200,""qwen_auditor_numeric"":0,""repair_end_day"":20,""repair_roi_threshold"":1.5,""repair_start_day"":1,""repair_value_scale"":1.0,""soft_violation_profit_threshold"":500,""unknown_soft_risk"":0.05,""verified_penalty_scale"":0.75,""wait_repair_strength"":0.05}","{""CROWN_FUSE_ALREADY_FAILED_DISCOUNT"":""0.5"",""CROWN_FUSE_AUDITOR_NUMERIC"":""0"",""CROWN_FUSE_CAP_DISCOUNT"":""0.25"",""CROWN_FUSE_ENABLE_TARGETED_REPAIR"":""1"",""CROWN_FUSE_GROSS_FLOOR_CURVE"":""mild"",""CROWN_FUSE_LOST_GROSS_CAP"":""2000"",""CROWN_FUSE_MAX_REPAIR_WAIT_PER_DAY"":""720"",""CROWN_FUSE_MIN_PROFIT_TO_OVERRIDE_REPAIR"":""200"",""CROWN_FUSE_REPAIR_END_DAY"":""20"",""CROWN_FUSE_REPAIR_ROI_THRESHOLD"":""1.5"",""CROWN_FUSE_REPAIR_START_DAY"":""1"",""CROWN_FUSE_REPAIR_VALUE_SCALE"":""1.0"",""CROWN_FUSE_SOFT_VIOLATION_PROFIT_THRESHOLD"":""500"",""CROWN_FUSE_UNKNOWN_SOFT_RISK"":""0.05"",""CROWN_FUSE_VERIFIED_PENALTY_SCALE"":""0.75"",""CROWN_FUSE_WAIT_REPAIR_STRENGTH"":""0.05""}",Executed Fuse targeted repair grid row.,existing run summarized: runs\fuse\search\20260529\trial_028,0,,,,TRIAL,trial_028,453752424d35,runs/fuse/search/20260529/trial_028,0,0,0.0,0.0,0,0,252,0.0,0.0,0,0,0.0,,false,false,false,false,
TRIAL,trial_029,fuse_targeted_repair,20260529,31,runs/fuse/search/20260529/trial_029,EXECUTED,5067.69,60293.77,17086.08,43207.69,38140.0,0.0,0.0,0.0,5067.69,True,89,163,0,3306,37.15,10,499,509,242,741,0,0,0,0,0,0,0,0,0,0,0,0,0,0,0,0,0,-7440.46,kill_below_b0_or_no_penalty_gain,"{""already_failed_discount"":0.25,""cap_discount"":0.5,""gross_floor_curve"":""off"",""lost_gross_cap"":2000,""max_repair_wait_per_day"":120,""min_profit_to_override_repair"":350,""qwen_auditor_numeric"":0,""repair_end_day"":28,""repair_roi_threshold"":3.0,""repair_start_day"":12,""repair_value_scale"":0.75,""soft_violation_profit_threshold"":1000,""unknown_soft_risk"":0.25,""verified_penalty_scale"":0.5,""wait_repair_strength"":0.5}","{""CROWN_FUSE_ALREADY_FAILED_DISCOUNT"":""0.25"",""CROWN_FUSE_AUDITOR_NUMERIC"":""0"",""CROWN_FUSE_CAP_DISCOUNT"":""0.5"",""CROWN_FUSE_ENABLE_TARGETED_REPAIR"":""1"",""CROWN_FUSE_GROSS_FLOOR_CURVE"":""off"",""CROWN_FUSE_LOST_GROSS_CAP"":""2000"",""CROWN_FUSE_MAX_REPAIR_WAIT_PER_DAY"":""120"",""CROWN_FUSE_MIN_PROFIT_TO_OVERRIDE_REPAIR"":""350"",""CROWN_FUSE_REPAIR_END_DAY"":""28"",""CROWN_FUSE_REPAIR_ROI_THRESHOLD"":""3.0"",""CROWN_FUSE_REPAIR_START_DAY"":""12"",""CROWN_FUSE_REPAIR_VALUE_SCALE"":""0.75"",""CROWN_FUSE_SOFT_VIOLATION_PROFIT_THRESHOLD"":""1000"",""CROWN_FUSE_UNKNOWN_SOFT_RISK"":""0.25"",""CROWN_FUSE_VERIFIED_PENALTY_SCALE"":""0.5"",""CROWN_FUSE_WAIT_REPAIR_STRENGTH"":""0.5""}",Executed Fuse targeted repair grid row.,existing run summarized: runs\fuse\search\20260529\trial_029,0,,,,TRIAL,trial_029,92262dcc6c1d,runs/fuse/search/20260529/trial_029,0,0,0.0,0.0,0,0,252,0.0,0.0,0,0,0.0,,false,false,false,false,
TRIAL,trial_030,fuse_targeted_repair,20260529,31,runs/fuse/search/20260529/trial_030,EXECUTED,5067.69,60293.77,17086.08,43207.69,38140.0,0.0,0.0,0.0,5067.69,True,89,163,0,3306,37.15,10,499,509,242,741,0,0,0,0,0,0,0,0,0,0,0,0,0,0,0,0,0,-7440.46,kill_below_b0_or_no_penalty_gain,"{""already_failed_discount"":0.0,""cap_discount"":1.0,""gross_floor_curve"":""strong"",""lost_gross_cap"":2000,""max_repair_wait_per_day"":720,""min_profit_to_override_repair"":600,""qwen_auditor_numeric"":0,""repair_end_day"":31,""repair_roi_threshold"":1.0,""repair_start_day"":20,""repair_value_scale"":0.5,""soft_violation_profit_threshold"":200,""unknown_soft_risk"":0.1,""verified_penalty_scale"":1.0,""wait_repair_strength"":0.15}","{""CROWN_FUSE_ALREADY_FAILED_DISCOUNT"":""0.0"",""CROWN_FUSE_AUDITOR_NUMERIC"":""0"",""CROWN_FUSE_CAP_DISCOUNT"":""1.0"",""CROWN_FUSE_ENABLE_TARGETED_REPAIR"":""1"",""CROWN_FUSE_GROSS_FLOOR_CURVE"":""strong"",""CROWN_FUSE_LOST_GROSS_CAP"":""2000"",""CROWN_FUSE_MAX_REPAIR_WAIT_PER_DAY"":""720"",""CROWN_FUSE_MIN_PROFIT_TO_OVERRIDE_REPAIR"":""600"",""CROWN_FUSE_REPAIR_END_DAY"":""31"",""CROWN_FUSE_REPAIR_ROI_THRESHOLD"":""1.0"",""CROWN_FUSE_REPAIR_START_DAY"":""20"",""CROWN_FUSE_REPAIR_VALUE_SCALE"":""0.5"",""CROWN_FUSE_SOFT_VIOLATION_PROFIT_THRESHOLD"":""200"",""CROWN_FUSE_UNKNOWN_SOFT_RISK"":""0.1"",""CROWN_FUSE_VERIFIED_PENALTY_SCALE"":""1.0"",""CROWN_FUSE_WAIT_REPAIR_STRENGTH"":""0.15""}",Executed Fuse targeted repair grid row.,existing run summarized: runs\fuse\search\20260529\trial_030,0,,,,TRIAL,trial_030,7ee443de8c2e,runs/fuse/search/20260529/trial_030,0,0,0.0,0.0,0,0,252,0.0,0.0,0,0,0.0,,false,false,false,false,
TRIAL,trial_031,fuse_targeted_repair,20260529,31,runs/fuse/search/20260529/trial_031,EXECUTED,5067.69,60293.77,17086.08,43207.69,38140.0,0.0,0.0,0.0,5067.69,True,89,163,0,3306,37.15,10,499,509,242,741,0,0,0,0,0,0,0,0,0,0,0,0,0,0,0,0,0,-7440.46,kill_below_b0_or_no_penalty_gain,"{""already_failed_discount"":1.0,""cap_discount"":0.0,""gross_floor_curve"":""medium"",""lost_gross_cap"":2000,""max_repair_wait_per_day"":120,""min_profit_to_override_repair"":100,""qwen_auditor_numeric"":0,""repair_end_day"":24,""repair_roi_threshold"":2.0,""repair_start_day"":8,""repair_value_scale"":0.25,""soft_violation_profit_threshold"":500,""unknown_soft_risk"":0.05,""verified_penalty_scale"":0.75,""wait_repair_strength"":1.0}","{""CROWN_FUSE_ALREADY_FAILED_DISCOUNT"":""1.0"",""CROWN_FUSE_AUDITOR_NUMERIC"":""0"",""CROWN_FUSE_CAP_DISCOUNT"":""0.0"",""CROWN_FUSE_ENABLE_TARGETED_REPAIR"":""1"",""CROWN_FUSE_GROSS_FLOOR_CURVE"":""medium"",""CROWN_FUSE_LOST_GROSS_CAP"":""2000"",""CROWN_FUSE_MAX_REPAIR_WAIT_PER_DAY"":""120"",""CROWN_FUSE_MIN_PROFIT_TO_OVERRIDE_REPAIR"":""100"",""CROWN_FUSE_REPAIR_END_DAY"":""24"",""CROWN_FUSE_REPAIR_ROI_THRESHOLD"":""2.0"",""CROWN_FUSE_REPAIR_START_DAY"":""8"",""CROWN_FUSE_REPAIR_VALUE_SCALE"":""0.25"",""CROWN_FUSE_SOFT_VIOLATION_PROFIT_THRESHOLD"":""500"",""CROWN_FUSE_UNKNOWN_SOFT_RISK"":""0.05"",""CROWN_FUSE_VERIFIED_PENALTY_SCALE"":""0.75"",""CROWN_FUSE_WAIT_REPAIR_STRENGTH"":""1.0""}",Executed Fuse targeted repair grid row.,existing run summarized: runs\fuse\search\20260529\trial_031,0,,,,TRIAL,trial_031,fd44bb7f3098,runs/fuse/search/20260529/trial_031,0,0,0.0,0.0,0,0,252,0.0,0.0,0,0,0.0,,false,false,false,false,
TRIAL,trial_032,fuse_targeted_repair,20260529,31,runs/fuse/search/20260529/trial_032,EXECUTED,5067.69,60293.77,17086.08,43207.69,38140.0,0.0,0.0,0.0,5067.69,True,89,163,0,3306,37.15,10,499,509,242,741,0,0,0,0,0,0,0,0,0,0,0,0,0,0,0,0,0,-7440.46,kill_below_b0_or_no_penalty_gain,"{""already_failed_discount"":0.5,""cap_discount"":0.25,""gross_floor_curve"":""mild"",""lost_gross_cap"":2000,""max_repair_wait_per_day"":720,""min_profit_to_override_repair"":200,""qwen_auditor_numeric"":0,""repair_end_day"":31,""repair_roi_threshold"":0.8,""repair_start_day"":15,""repair_value_scale"":1.0,""soft_violation_profit_threshold"":1000,""unknown_soft_risk"":0.25,""verified_penalty_scale"":0.5,""wait_repair_strength"":0.3}","{""CROWN_FUSE_ALREADY_FAILED_DISCOUNT"":""0.5"",""CROWN_FUSE_AUDITOR_NUMERIC"":""0"",""CROWN_FUSE_CAP_DISCOUNT"":""0.25"",""CROWN_FUSE_ENABLE_TARGETED_REPAIR"":""1"",""CROWN_FUSE_GROSS_FLOOR_CURVE"":""mild"",""CROWN_FUSE_LOST_GROSS_CAP"":""2000"",""CROWN_FUSE_MAX_REPAIR_WAIT_PER_DAY"":""720"",""CROWN_FUSE_MIN_PROFIT_TO_OVERRIDE_REPAIR"":""200"",""CROWN_FUSE_REPAIR_END_DAY"":""31"",""CROWN_FUSE_REPAIR_ROI_THRESHOLD"":""0.8"",""CROWN_FUSE_REPAIR_START_DAY"":""15"",""CROWN_FUSE_REPAIR_VALUE_SCALE"":""1.0"",""CROWN_FUSE_SOFT_VIOLATION_PROFIT_THRESHOLD"":""1000"",""CROWN_FUSE_UNKNOWN_SOFT_RISK"":""0.25"",""CROWN_FUSE_VERIFIED_PENALTY_SCALE"":""0.5"",""CROWN_FUSE_WAIT_REPAIR_STRENGTH"":""0.3""}",Executed Fuse targeted repair grid row.,existing run summarized: runs\fuse\search\20260529\trial_032,0,,,,TRIAL,trial_032,fc598a6519db,runs/fuse/search/20260529/trial_032,0,0,0.0,0.0,0,0,252,0.0,0.0,0,0,0.0,,false,false,false,false,
TRIAL,trial_033,fuse_targeted_repair,20260529,31,runs/fuse/search/20260529/trial_033,EXECUTED,5067.69,60293.77,17086.08,43207.69,38140.0,0.0,0.0,0.0,5067.69,True,89,163,0,3306,37.15,10,499,509,242,741,0,0,0,0,0,0,0,0,0,0,0,0,0,0,0,0,0,-7440.46,kill_below_b0_or_no_penalty_gain,"{""already_failed_discount"":0.25,""cap_discount"":0.5,""gross_floor_curve"":""off"",""lost_gross_cap"":2000,""max_repair_wait_per_day"":120,""min_profit_to_override_repair"":350,""qwen_auditor_numeric"":0,""repair_end_day"":20,""repair_roi_threshold"":1.5,""repair_start_day"":1,""repair_value_scale"":0.75,""soft_violation_profit_threshold"":200,""unknown_soft_risk"":0.1,""verified_penalty_scale"":1.0,""wait_repair_strength"":0.1}","{""CROWN_FUSE_ALREADY_FAILED_DISCOUNT"":""0.25"",""CROWN_FUSE_AUDITOR_NUMERIC"":""0"",""CROWN_FUSE_CAP_DISCOUNT"":""0.5"",""CROWN_FUSE_ENABLE_TARGETED_REPAIR"":""1"",""CROWN_FUSE_GROSS_FLOOR_CURVE"":""off"",""CROWN_FUSE_LOST_GROSS_CAP"":""2000"",""CROWN_FUSE_MAX_REPAIR_WAIT_PER_DAY"":""120"",""CROWN_FUSE_MIN_PROFIT_TO_OVERRIDE_REPAIR"":""350"",""CROWN_FUSE_REPAIR_END_DAY"":""20"",""CROWN_FUSE_REPAIR_ROI_THRESHOLD"":""1.5"",""CROWN_FUSE_REPAIR_START_DAY"":""1"",""CROWN_FUSE_REPAIR_VALUE_SCALE"":""0.75"",""CROWN_FUSE_SOFT_VIOLATION_PROFIT_THRESHOLD"":""200"",""CROWN_FUSE_UNKNOWN_SOFT_RISK"":""0.1"",""CROWN_FUSE_VERIFIED_PENALTY_SCALE"":""1.0"",""CROWN_FUSE_WAIT_REPAIR_STRENGTH"":""0.1""}",Executed Fuse targeted repair grid row.,existing run summarized: runs\fuse\search\20260529\trial_033,0,,,,TRIAL,trial_033,fb56e9239130,runs/fuse/search/20260529/trial_033,0,0,0.0,0.0,0,0,252,0.0,0.0,0,0,0.0,,false,false,false,false,
TRIAL,trial_034,fuse_targeted_repair,20260529,31,runs/fuse/search/20260529/trial_034,EXECUTED,5067.69,60293.77,17086.08,43207.69,38140.0,0.0,0.0,0.0,5067.69,True,89,163,0,3306,37.15,10,499,509,242,741,0,0,0,0,0,0,0,0,0,0,0,0,0,0,0,0,0,-7440.46,kill_below_b0_or_no_penalty_gain,"{""already_failed_discount"":0.0,""cap_discount"":1.0,""gross_floor_curve"":""strong"",""lost_gross_cap"":2000,""max_repair_wait_per_day"":720,""min_profit_to_override_repair"":600,""qwen_auditor_numeric"":0,""repair_end_day"":28,""repair_roi_threshold"":3.0,""repair_start_day"":12,""repair_value_scale"":0.5,""soft_violation_profit_threshold"":500,""unknown_soft_risk"":0.05,""verified_penalty_scale"":0.75,""wait_repair_strength"":0.75}","{""CROWN_FUSE_ALREADY_FAILED_DISCOUNT"":""0.0"",""CROWN_FUSE_AUDITOR_NUMERIC"":""0"",""CROWN_FUSE_CAP_DISCOUNT"":""1.0"",""CROWN_FUSE_ENABLE_TARGETED_REPAIR"":""1"",""CROWN_FUSE_GROSS_FLOOR_CURVE"":""strong"",""CROWN_FUSE_LOST_GROSS_CAP"":""2000"",""CROWN_FUSE_MAX_REPAIR_WAIT_PER_DAY"":""720"",""CROWN_FUSE_MIN_PROFIT_TO_OVERRIDE_REPAIR"":""600"",""CROWN_FUSE_REPAIR_END_DAY"":""28"",""CROWN_FUSE_REPAIR_ROI_THRESHOLD"":""3.0"",""CROWN_FUSE_REPAIR_START_DAY"":""12"",""CROWN_FUSE_REPAIR_VALUE_SCALE"":""0.5"",""CROWN_FUSE_SOFT_VIOLATION_PROFIT_THRESHOLD"":""500"",""CROWN_FUSE_UNKNOWN_SOFT_RISK"":""0.05"",""CROWN_FUSE_VERIFIED_PENALTY_SCALE"":""0.75"",""CROWN_FUSE_WAIT_REPAIR_STRENGTH"":""0.75""}",Executed Fuse targeted repair grid row.,existing run summarized: runs\fuse\search\20260529\trial_034,0,,,,TRIAL,trial_034,5bc1d65338a5,runs/fuse/search/20260529/trial_034,0,0,0.0,0.0,0,0,252,0.0,0.0,0,0,0.0,,false,false,false,false,
TRIAL,trial_035,fuse_targeted_repair,20260529,31,runs/fuse/search/20260529/trial_035,EXECUTED,5067.69,60293.77,17086.08,43207.69,38140.0,0.0,0.0,0.0,5067.69,True,89,163,0,3306,37.15,10,499,509,242,741,0,0,0,0,0,0,0,0,0,0,0,0,0,0,0,0,0,-7440.46,kill_below_b0_or_no_penalty_gain,"{""already_failed_discount"":1.0,""cap_discount"":0.0,""gross_floor_curve"":""medium"",""lost_gross_cap"":2000,""max_repair_wait_per_day"":120,""min_profit_to_override_repair"":100,""qwen_auditor_numeric"":0,""repair_end_day"":31,""repair_roi_threshold"":1.0,""repair_start_day"":20,""repair_value_scale"":0.25,""soft_violation_profit_threshold"":1000,""unknown_soft_risk"":0.25,""verified_penalty_scale"":0.5,""wait_repair_strength"":0.2}","{""CROWN_FUSE_ALREADY_FAILED_DISCOUNT"":""1.0"",""CROWN_FUSE_AUDITOR_NUMERIC"":""0"",""CROWN_FUSE_CAP_DISCOUNT"":""0.0"",""CROWN_FUSE_ENABLE_TARGETED_REPAIR"":""1"",""CROWN_FUSE_GROSS_FLOOR_CURVE"":""medium"",""CROWN_FUSE_LOST_GROSS_CAP"":""2000"",""CROWN_FUSE_MAX_REPAIR_WAIT_PER_DAY"":""120"",""CROWN_FUSE_MIN_PROFIT_TO_OVERRIDE_REPAIR"":""100"",""CROWN_FUSE_REPAIR_END_DAY"":""31"",""CROWN_FUSE_REPAIR_ROI_THRESHOLD"":""1.0"",""CROWN_FUSE_REPAIR_START_DAY"":""20"",""CROWN_FUSE_REPAIR_VALUE_SCALE"":""0.25"",""CROWN_FUSE_SOFT_VIOLATION_PROFIT_THRESHOLD"":""1000"",""CROWN_FUSE_UNKNOWN_SOFT_RISK"":""0.25"",""CROWN_FUSE_VERIFIED_PENALTY_SCALE"":""0.5"",""CROWN_FUSE_WAIT_REPAIR_STRENGTH"":""0.2""}",Executed Fuse targeted repair grid row.,existing run summarized: runs\fuse\search\20260529\trial_035,0,,,,TRIAL,trial_035,7ace89122e11,runs/fuse/search/20260529/trial_035,0,0,0.0,0.0,0,0,252,0.0,0.0,0,0,0.0,,false,false,false,false,
TRIAL,trial_036,fuse_targeted_repair,20260529,31,runs/fuse/search/20260529/trial_036,EXECUTED,5067.69,60293.77,17086.08,43207.69,38140.0,0.0,0.0,0.0,5067.69,True,89,163,0,3306,37.15,10,499,509,242,741,0,0,0,0,0,0,0,0,0,0,0,0,0,0,0,0,0,-7440.46,kill_below_b0_or_no_penalty_gain,"{""already_failed_discount"":0.5,""cap_discount"":0.25,""gross_floor_curve"":""mild"",""lost_gross_cap"":2000,""max_repair_wait_per_day"":720,""min_profit_to_override_repair"":200,""qwen_auditor_numeric"":0,""repair_end_day"":24,""repair_roi_threshold"":2.0,""repair_start_day"":8,""repair_value_scale"":1.0,""soft_violation_profit_threshold"":200,""unknown_soft_risk"":0.1,""verified_penalty_scale"":1.0,""wait_repair_strength"":0.05}","{""CROWN_FUSE_ALREADY_FAILED_DISCOUNT"":""0.5"",""CROWN_FUSE_AUDITOR_NUMERIC"":""0"",""CROWN_FUSE_CAP_DISCOUNT"":""0.25"",""CROWN_FUSE_ENABLE_TARGETED_REPAIR"":""1"",""CROWN_FUSE_GROSS_FLOOR_CURVE"":""mild"",""CROWN_FUSE_LOST_GROSS_CAP"":""2000"",""CROWN_FUSE_MAX_REPAIR_WAIT_PER_DAY"":""720"",""CROWN_FUSE_MIN_PROFIT_TO_OVERRIDE_REPAIR"":""200"",""CROWN_FUSE_REPAIR_END_DAY"":""24"",""CROWN_FUSE_REPAIR_ROI_THRESHOLD"":""2.0"",""CROWN_FUSE_REPAIR_START_DAY"":""8"",""CROWN_FUSE_REPAIR_VALUE_SCALE"":""1.0"",""CROWN_FUSE_SOFT_VIOLATION_PROFIT_THRESHOLD"":""200"",""CROWN_FUSE_UNKNOWN_SOFT_RISK"":""0.1"",""CROWN_FUSE_VERIFIED_PENALTY_SCALE"":""1.0"",""CROWN_FUSE_WAIT_REPAIR_STRENGTH"":""0.05""}",Executed Fuse targeted repair grid row.,existing run summarized: runs\fuse\search\20260529\trial_036,0,,,,TRIAL,trial_036,70b04c5f9743,runs/fuse/search/20260529/trial_036,0,0,0.0,0.0,0,0,252,0.0,0.0,0,0,0.0,,false,false,false,false,
TRIAL,trial_037,fuse_targeted_repair,20260529,31,runs/fuse/search/20260529/trial_037,EXECUTED,5067.69,60293.77,17086.08,43207.69,38140.0,0.0,0.0,0.0,5067.69,True,89,163,0,3306,37.15,10,499,509,242,741,0,0,0,0,0,0,0,0,0,0,0,0,0,0,0,0,0,-7440.46,kill_below_b0_or_no_penalty_gain,"{""already_failed_discount"":0.25,""cap_discount"":0.5,""gross_floor_curve"":""off"",""lost_gross_cap"":2000,""max_repair_wait_per_day"":120,""min_profit_to_override_repair"":350,""qwen_auditor_numeric"":0,""repair_end_day"":31,""repair_roi_threshold"":0.8,""repair_start_day"":15,""repair_value_scale"":0.75,""soft_violation_profit_threshold"":500,""unknown_soft_risk"":0.05,""verified_penalty_scale"":0.75,""wait_repair_strength"":0.5}","{""CROWN_FUSE_ALREADY_FAILED_DISCOUNT"":""0.25"",""CROWN_FUSE_AUDITOR_NUMERIC"":""0"",""CROWN_FUSE_CAP_DISCOUNT"":""0.5"",""CROWN_FUSE_ENABLE_TARGETED_REPAIR"":""1"",""CROWN_FUSE_GROSS_FLOOR_CURVE"":""off"",""CROWN_FUSE_LOST_GROSS_CAP"":""2000"",""CROWN_FUSE_MAX_REPAIR_WAIT_PER_DAY"":""120"",""CROWN_FUSE_MIN_PROFIT_TO_OVERRIDE_REPAIR"":""350"",""CROWN_FUSE_REPAIR_END_DAY"":""31"",""CROWN_FUSE_REPAIR_ROI_THRESHOLD"":""0.8"",""CROWN_FUSE_REPAIR_START_DAY"":""15"",""CROWN_FUSE_REPAIR_VALUE_SCALE"":""0.75"",""CROWN_FUSE_SOFT_VIOLATION_PROFIT_THRESHOLD"":""500"",""CROWN_FUSE_UNKNOWN_SOFT_RISK"":""0.05"",""CROWN_FUSE_VERIFIED_PENALTY_SCALE"":""0.75"",""CROWN_FUSE_WAIT_REPAIR_STRENGTH"":""0.5""}",Executed Fuse targeted repair grid row.,existing run summarized: runs\fuse\search\20260529\trial_037,0,,,,TRIAL,trial_037,eec15e6a331f,runs/fuse/search/20260529/trial_037,0,0,0.0,0.0,0,0,252,0.0,0.0,0,0,0.0,,false,false,false,false,
TRIAL,trial_038,fuse_targeted_repair,20260529,31,runs/fuse/search/20260529/trial_038,EXECUTED,5067.69,60293.77,17086.08,43207.69,38140.0,0.0,0.0,0.0,5067.69,True,89,163,0,3306,37.15,10,499,509,242,741,0,0,0,0,0,0,0,0,0,0,0,0,0,0,0,0,0,-7440.46,kill_below_b0_or_no_penalty_gain,"{""already_failed_discount"":0.0,""cap_discount"":1.0,""gross_floor_curve"":""strong"",""lost_gross_cap"":2000,""max_repair_wait_per_day"":720,""min_profit_to_override_repair"":600,""qwen_auditor_numeric"":0,""repair_end_day"":20,""repair_roi_threshold"":1.5,""repair_start_day"":1,""repair_value_scale"":0.5,""soft_violation_profit_threshold"":1000,""unknown_soft_risk"":0.25,""verified_penalty_scale"":0.5,""wait_repair_strength"":0.15}","{""CROWN_FUSE_ALREADY_FAILED_DISCOUNT"":""0.0"",""CROWN_FUSE_AUDITOR_NUMERIC"":""0"",""CROWN_FUSE_CAP_DISCOUNT"":""1.0"",""CROWN_FUSE_ENABLE_TARGETED_REPAIR"":""1"",""CROWN_FUSE_GROSS_FLOOR_CURVE"":""strong"",""CROWN_FUSE_LOST_GROSS_CAP"":""2000"",""CROWN_FUSE_MAX_REPAIR_WAIT_PER_DAY"":""720"",""CROWN_FUSE_MIN_PROFIT_TO_OVERRIDE_REPAIR"":""600"",""CROWN_FUSE_REPAIR_END_DAY"":""20"",""CROWN_FUSE_REPAIR_ROI_THRESHOLD"":""1.5"",""CROWN_FUSE_REPAIR_START_DAY"":""1"",""CROWN_FUSE_REPAIR_VALUE_SCALE"":""0.5"",""CROWN_FUSE_SOFT_VIOLATION_PROFIT_THRESHOLD"":""1000"",""CROWN_FUSE_UNKNOWN_SOFT_RISK"":""0.25"",""CROWN_FUSE_VERIFIED_PENALTY_SCALE"":""0.5"",""CROWN_FUSE_WAIT_REPAIR_STRENGTH"":""0.15""}",Executed Fuse targeted repair grid row.,existing run summarized: runs\fuse\search\20260529\trial_038,0,,,,TRIAL,trial_038,e212d7c0071c,runs/fuse/search/20260529/trial_038,0,0,0.0,0.0,0,0,252,0.0,0.0,0,0,0.0,,false,false,false,false,
TRIAL,trial_039,fuse_targeted_repair,20260529,31,runs/fuse/search/20260529/trial_039,EXECUTED,5067.69,60293.77,17086.08,43207.69,38140.0,0.0,0.0,0.0,5067.69,True,89,163,0,3306,37.15,10,499,509,242,741,0,0,0,0,0,0,0,0,0,0,0,0,0,0,0,0,0,-7440.46,kill_below_b0_or_no_penalty_gain,"{""already_failed_discount"":1.0,""cap_discount"":0.0,""gross_floor_curve"":""medium"",""lost_gross_cap"":2000,""max_repair_wait_per_day"":120,""min_profit_to_override_repair"":100,""qwen_auditor_numeric"":0,""repair_end_day"":28,""repair_roi_threshold"":3.0,""repair_start_day"":12,""repair_value_scale"":0.25,""soft_violation_profit_threshold"":200,""unknown_soft_risk"":0.1,""verified_penalty_scale"":1.0,""wait_repair_strength"":1.0}","{""CROWN_FUSE_ALREADY_FAILED_DISCOUNT"":""1.0"",""CROWN_FUSE_AUDITOR_NUMERIC"":""0"",""CROWN_FUSE_CAP_DISCOUNT"":""0.0"",""CROWN_FUSE_ENABLE_TARGETED_REPAIR"":""1"",""CROWN_FUSE_GROSS_FLOOR_CURVE"":""medium"",""CROWN_FUSE_LOST_GROSS_CAP"":""2000"",""CROWN_FUSE_MAX_REPAIR_WAIT_PER_DAY"":""120"",""CROWN_FUSE_MIN_PROFIT_TO_OVERRIDE_REPAIR"":""100"",""CROWN_FUSE_REPAIR_END_DAY"":""28"",""CROWN_FUSE_REPAIR_ROI_THRESHOLD"":""3.0"",""CROWN_FUSE_REPAIR_START_DAY"":""12"",""CROWN_FUSE_REPAIR_VALUE_SCALE"":""0.25"",""CROWN_FUSE_SOFT_VIOLATION_PROFIT_THRESHOLD"":""200"",""CROWN_FUSE_UNKNOWN_SOFT_RISK"":""0.1"",""CROWN_FUSE_VERIFIED_PENALTY_SCALE"":""1.0"",""CROWN_FUSE_WAIT_REPAIR_STRENGTH"":""1.0""}",Executed Fuse targeted repair grid row.,existing run summarized: runs\fuse\search\20260529\trial_039,0,,,,TRIAL,trial_039,abdb28ffb487,runs/fuse/search/20260529/trial_039,0,0,0.0,0.0,0,0,252,0.0,0.0,0,0,0.0,,false,false,false,false,
TRIAL,trial_040,fuse_targeted_repair,20260529,31,runs/fuse/search/20260529/trial_040,EXECUTED,5067.69,60293.77,17086.08,43207.69,38140.0,0.0,0.0,0.0,5067.69,True,89,163,0,3306,37.15,10,499,509,242,741,0,0,0,0,0,0,0,0,0,0,0,0,0,0,0,0,0,-7440.46,kill_below_b0_or_no_penalty_gain,"{""already_failed_discount"":0.5,""cap_discount"":0.25,""gross_floor_curve"":""mild"",""lost_gross_cap"":2000,""max_repair_wait_per_day"":720,""min_profit_to_override_repair"":200,""qwen_auditor_numeric"":0,""repair_end_day"":31,""repair_roi_threshold"":1.0,""repair_start_day"":20,""repair_value_scale"":1.0,""soft_violation_profit_threshold"":500,""unknown_soft_risk"":0.05,""verified_penalty_scale"":0.75,""wait_repair_strength"":0.3}","{""CROWN_FUSE_ALREADY_FAILED_DISCOUNT"":""0.5"",""CROWN_FUSE_AUDITOR_NUMERIC"":""0"",""CROWN_FUSE_CAP_DISCOUNT"":""0.25"",""CROWN_FUSE_ENABLE_TARGETED_REPAIR"":""1"",""CROWN_FUSE_GROSS_FLOOR_CURVE"":""mild"",""CROWN_FUSE_LOST_GROSS_CAP"":""2000"",""CROWN_FUSE_MAX_REPAIR_WAIT_PER_DAY"":""720"",""CROWN_FUSE_MIN_PROFIT_TO_OVERRIDE_REPAIR"":""200"",""CROWN_FUSE_REPAIR_END_DAY"":""31"",""CROWN_FUSE_REPAIR_ROI_THRESHOLD"":""1.0"",""CROWN_FUSE_REPAIR_START_DAY"":""20"",""CROWN_FUSE_REPAIR_VALUE_SCALE"":""1.0"",""CROWN_FUSE_SOFT_VIOLATION_PROFIT_THRESHOLD"":""500"",""CROWN_FUSE_UNKNOWN_SOFT_RISK"":""0.05"",""CROWN_FUSE_VERIFIED_PENALTY_SCALE"":""0.75"",""CROWN_FUSE_WAIT_REPAIR_STRENGTH"":""0.3""}",Executed Fuse targeted repair grid row.,existing run summarized: runs\fuse\search\20260529\trial_040,0,,,,TRIAL,trial_040,d7eb1aa27b9c,runs/fuse/search/20260529/trial_040,0,0,0.0,0.0,0,0,252,0.0,0.0,0,0,0.0,,false,false,false,false,
TRIAL,trial_041,fuse_targeted_repair,20260529,31,runs/fuse/search/20260529/trial_041,EXECUTED,5067.69,60293.77,17086.08,43207.69,38140.0,0.0,0.0,0.0,5067.69,True,89,163,0,3306,37.15,10,499,509,242,741,0,0,0,0,0,0,0,0,0,0,0,0,0,0,0,0,0,-7440.46,kill_below_b0_or_no_penalty_gain,"{""already_failed_discount"":0.25,""cap_discount"":0.5,""gross_floor_curve"":""off"",""lost_gross_cap"":2000,""max_repair_wait_per_day"":120,""min_profit_to_override_repair"":350,""qwen_auditor_numeric"":0,""repair_end_day"":24,""repair_roi_threshold"":2.0,""repair_start_day"":8,""repair_value_scale"":0.75,""soft_violation_profit_threshold"":1000,""unknown_soft_risk"":0.25,""verified_penalty_scale"":0.5,""wait_repair_strength"":0.1}","{""CROWN_FUSE_ALREADY_FAILED_DISCOUNT"":""0.25"",""CROWN_FUSE_AUDITOR_NUMERIC"":""0"",""CROWN_FUSE_CAP_DISCOUNT"":""0.5"",""CROWN_FUSE_ENABLE_TARGETED_REPAIR"":""1"",""CROWN_FUSE_GROSS_FLOOR_CURVE"":""off"",""CROWN_FUSE_LOST_GROSS_CAP"":""2000"",""CROWN_FUSE_MAX_REPAIR_WAIT_PER_DAY"":""120"",""CROWN_FUSE_MIN_PROFIT_TO_OVERRIDE_REPAIR"":""350"",""CROWN_FUSE_REPAIR_END_DAY"":""24"",""CROWN_FUSE_REPAIR_ROI_THRESHOLD"":""2.0"",""CROWN_FUSE_REPAIR_START_DAY"":""8"",""CROWN_FUSE_REPAIR_VALUE_SCALE"":""0.75"",""CROWN_FUSE_SOFT_VIOLATION_PROFIT_THRESHOLD"":""1000"",""CROWN_FUSE_UNKNOWN_SOFT_RISK"":""0.25"",""CROWN_FUSE_VERIFIED_PENALTY_SCALE"":""0.5"",""CROWN_FUSE_WAIT_REPAIR_STRENGTH"":""0.1""}",Executed Fuse targeted repair grid row.,existing run summarized: runs\fuse\search\20260529\trial_041,0,,,,TRIAL,trial_041,1607d194b233,runs/fuse/search/20260529/trial_041,0,0,0.0,0.0,0,0,252,0.0,0.0,0,0,0.0,,false,false,false,false,
TRIAL,trial_042,fuse_targeted_repair,20260529,31,runs/fuse/search/20260529/trial_042,EXECUTED,5067.69,60293.77,17086.08,43207.69,38140.0,0.0,0.0,0.0,5067.69,True,89,163,0,3306,37.15,10,499,509,242,741,0,0,0,0,0,0,0,0,0,0,0,0,0,0,0,0,0,-7440.46,kill_below_b0_or_no_penalty_gain,"{""already_failed_discount"":0.0,""cap_discount"":1.0,""gross_floor_curve"":""strong"",""lost_gross_cap"":2000,""max_repair_wait_per_day"":720,""min_profit_to_override_repair"":600,""qwen_auditor_numeric"":0,""repair_end_day"":31,""repair_roi_threshold"":0.8,""repair_start_day"":15,""repair_value_scale"":0.5,""soft_violation_profit_threshold"":200,""unknown_soft_risk"":0.1,""verified_penalty_scale"":1.0,""wait_repair_strength"":0.75}","{""CROWN_FUSE_ALREADY_FAILED_DISCOUNT"":""0.0"",""CROWN_FUSE_AUDITOR_NUMERIC"":""0"",""CROWN_FUSE_CAP_DISCOUNT"":""1.0"",""CROWN_FUSE_ENABLE_TARGETED_REPAIR"":""1"",""CROWN_FUSE_GROSS_FLOOR_CURVE"":""strong"",""CROWN_FUSE_LOST_GROSS_CAP"":""2000"",""CROWN_FUSE_MAX_REPAIR_WAIT_PER_DAY"":""720"",""CROWN_FUSE_MIN_PROFIT_TO_OVERRIDE_REPAIR"":""600"",""CROWN_FUSE_REPAIR_END_DAY"":""31"",""CROWN_FUSE_REPAIR_ROI_THRESHOLD"":""0.8"",""CROWN_FUSE_REPAIR_START_DAY"":""15"",""CROWN_FUSE_REPAIR_VALUE_SCALE"":""0.5"",""CROWN_FUSE_SOFT_VIOLATION_PROFIT_THRESHOLD"":""200"",""CROWN_FUSE_UNKNOWN_SOFT_RISK"":""0.1"",""CROWN_FUSE_VERIFIED_PENALTY_SCALE"":""1.0"",""CROWN_FUSE_WAIT_REPAIR_STRENGTH"":""0.75""}",Executed Fuse targeted repair grid row.,existing run summarized: runs\fuse\search\20260529\trial_042,0,,,,TRIAL,trial_042,d99999325e89,runs/fuse/search/20260529/trial_042,0,0,0.0,0.0,0,0,252,0.0,0.0,0,0,0.0,,false,false,false,false,
TRIAL,trial_043,fuse_targeted_repair,20260529,31,runs/fuse/search/20260529/trial_043,EXECUTED,5067.69,60293.77,17086.08,43207.69,38140.0,0.0,0.0,0.0,5067.69,True,89,163,0,3306,37.15,10,499,509,242,741,0,0,0,0,0,0,0,0,0,0,0,0,0,0,0,0,0,-7440.46,kill_below_b0_or_no_penalty_gain,"{""already_failed_discount"":1.0,""cap_discount"":0.0,""gross_floor_curve"":""medium"",""lost_gross_cap"":2000,""max_repair_wait_per_day"":120,""min_profit_to_override_repair"":100,""qwen_auditor_numeric"":0,""repair_end_day"":20,""repair_roi_threshold"":1.5,""repair_start_day"":1,""repair_value_scale"":0.25,""soft_violation_profit_threshold"":500,""unknown_soft_risk"":0.05,""verified_penalty_scale"":0.75,""wait_repair_strength"":0.2}","{""CROWN_FUSE_ALREADY_FAILED_DISCOUNT"":""1.0"",""CROWN_FUSE_AUDITOR_NUMERIC"":""0"",""CROWN_FUSE_CAP_DISCOUNT"":""0.0"",""CROWN_FUSE_ENABLE_TARGETED_REPAIR"":""1"",""CROWN_FUSE_GROSS_FLOOR_CURVE"":""medium"",""CROWN_FUSE_LOST_GROSS_CAP"":""2000"",""CROWN_FUSE_MAX_REPAIR_WAIT_PER_DAY"":""120"",""CROWN_FUSE_MIN_PROFIT_TO_OVERRIDE_REPAIR"":""100"",""CROWN_FUSE_REPAIR_END_DAY"":""20"",""CROWN_FUSE_REPAIR_ROI_THRESHOLD"":""1.5"",""CROWN_FUSE_REPAIR_START_DAY"":""1"",""CROWN_FUSE_REPAIR_VALUE_SCALE"":""0.25"",""CROWN_FUSE_SOFT_VIOLATION_PROFIT_THRESHOLD"":""500"",""CROWN_FUSE_UNKNOWN_SOFT_RISK"":""0.05"",""CROWN_FUSE_VERIFIED_PENALTY_SCALE"":""0.75"",""CROWN_FUSE_WAIT_REPAIR_STRENGTH"":""0.2""}",Executed Fuse targeted repair grid row.,existing run summarized: runs\fuse\search\20260529\trial_043,0,,,,TRIAL,trial_043,2f74e856e428,runs/fuse/search/20260529/trial_043,0,0,0.0,0.0,0,0,252,0.0,0.0,0,0,0.0,,false,false,false,false,
TRIAL,trial_044,fuse_targeted_repair,20260529,31,runs/fuse/search/20260529/trial_044,EXECUTED,5067.69,60293.77,17086.08,43207.69,38140.0,0.0,0.0,0.0,5067.69,True,89,163,0,3306,37.15,10,499,509,242,741,0,0,0,0,0,0,0,0,0,0,0,0,0,0,0,0,0,-7440.46,kill_below_b0_or_no_penalty_gain,"{""already_failed_discount"":0.5,""cap_discount"":0.25,""gross_floor_curve"":""mild"",""lost_gross_cap"":2000,""max_repair_wait_per_day"":720,""min_profit_to_override_repair"":200,""qwen_auditor_numeric"":0,""repair_end_day"":28,""repair_roi_threshold"":3.0,""repair_start_day"":12,""repair_value_scale"":1.0,""soft_violation_profit_threshold"":1000,""unknown_soft_risk"":0.25,""verified_penalty_scale"":0.5,""wait_repair_strength"":0.05}","{""CROWN_FUSE_ALREADY_FAILED_DISCOUNT"":""0.5"",""CROWN_FUSE_AUDITOR_NUMERIC"":""0"",""CROWN_FUSE_CAP_DISCOUNT"":""0.25"",""CROWN_FUSE_ENABLE_TARGETED_REPAIR"":""1"",""CROWN_FUSE_GROSS_FLOOR_CURVE"":""mild"",""CROWN_FUSE_LOST_GROSS_CAP"":""2000"",""CROWN_FUSE_MAX_REPAIR_WAIT_PER_DAY"":""720"",""CROWN_FUSE_MIN_PROFIT_TO_OVERRIDE_REPAIR"":""200"",""CROWN_FUSE_REPAIR_END_DAY"":""28"",""CROWN_FUSE_REPAIR_ROI_THRESHOLD"":""3.0"",""CROWN_FUSE_REPAIR_START_DAY"":""12"",""CROWN_FUSE_REPAIR_VALUE_SCALE"":""1.0"",""CROWN_FUSE_SOFT_VIOLATION_PROFIT_THRESHOLD"":""1000"",""CROWN_FUSE_UNKNOWN_SOFT_RISK"":""0.25"",""CROWN_FUSE_VERIFIED_PENALTY_SCALE"":""0.5"",""CROWN_FUSE_WAIT_REPAIR_STRENGTH"":""0.05""}",Executed Fuse targeted repair grid row.,existing run summarized: runs\fuse\search\20260529\trial_044,0,,,,TRIAL,trial_044,4bf5bf0d6050,runs/fuse/search/20260529/trial_044,0,0,0.0,0.0,0,0,252,0.0,0.0,0,0,0.0,,false,false,false,false,
TRIAL,trial_045,fuse_targeted_repair,20260529,31,runs/fuse/search/20260529/trial_045,EXECUTED,5067.69,60293.77,17086.08,43207.69,38140.0,0.0,0.0,0.0,5067.69,True,89,163,0,3306,37.15,10,499,509,242,741,0,0,0,0,0,0,0,0,0,0,0,0,0,0,0,0,0,-7440.46,kill_below_b0_or_no_penalty_gain,"{""already_failed_discount"":0.25,""cap_discount"":0.5,""gross_floor_curve"":""off"",""lost_gross_cap"":2000,""max_repair_wait_per_day"":120,""min_profit_to_override_repair"":350,""qwen_auditor_numeric"":0,""repair_end_day"":31,""repair_roi_threshold"":1.0,""repair_start_day"":20,""repair_value_scale"":0.75,""soft_violation_profit_threshold"":200,""unknown_soft_risk"":0.1,""verified_penalty_scale"":1.0,""wait_repair_strength"":0.5}","{""CROWN_FUSE_ALREADY_FAILED_DISCOUNT"":""0.25"",""CROWN_FUSE_AUDITOR_NUMERIC"":""0"",""CROWN_FUSE_CAP_DISCOUNT"":""0.5"",""CROWN_FUSE_ENABLE_TARGETED_REPAIR"":""1"",""CROWN_FUSE_GROSS_FLOOR_CURVE"":""off"",""CROWN_FUSE_LOST_GROSS_CAP"":""2000"",""CROWN_FUSE_MAX_REPAIR_WAIT_PER_DAY"":""120"",""CROWN_FUSE_MIN_PROFIT_TO_OVERRIDE_REPAIR"":""350"",""CROWN_FUSE_REPAIR_END_DAY"":""31"",""CROWN_FUSE_REPAIR_ROI_THRESHOLD"":""1.0"",""CROWN_FUSE_REPAIR_START_DAY"":""20"",""CROWN_FUSE_REPAIR_VALUE_SCALE"":""0.75"",""CROWN_FUSE_SOFT_VIOLATION_PROFIT_THRESHOLD"":""200"",""CROWN_FUSE_UNKNOWN_SOFT_RISK"":""0.1"",""CROWN_FUSE_VERIFIED_PENALTY_SCALE"":""1.0"",""CROWN_FUSE_WAIT_REPAIR_STRENGTH"":""0.5""}",Executed Fuse targeted repair grid row.,existing run summarized: runs\fuse\search\20260529\trial_045,0,,,,TRIAL,trial_045,2f0bdd16b85c,runs/fuse/search/20260529/trial_045,0,0,0.0,0.0,0,0,252,0.0,0.0,0,0,0.0,,false,false,false,false,
TRIAL,trial_046,fuse_targeted_repair,20260529,31,runs/fuse/search/20260529/trial_046,EXECUTED,5067.69,60293.77,17086.08,43207.69,38140.0,0.0,0.0,0.0,5067.69,True,89,163,0,3306,37.15,10,499,509,242,741,0,0,0,0,0,0,0,0,0,0,0,0,0,0,0,0,0,-7440.46,kill_below_b0_or_no_penalty_gain,"{""already_failed_discount"":0.0,""cap_discount"":1.0,""gross_floor_curve"":""strong"",""lost_gross_cap"":2000,""max_repair_wait_per_day"":720,""min_profit_to_override_repair"":600,""qwen_auditor_numeric"":0,""repair_end_day"":24,""repair_roi_threshold"":2.0,""repair_start_day"":8,""repair_value_scale"":0.5,""soft_violation_profit_threshold"":500,""unknown_soft_risk"":0.05,""verified_penalty_scale"":0.75,""wait_repair_strength"":0.15}","{""CROWN_FUSE_ALREADY_FAILED_DISCOUNT"":""0.0"",""CROWN_FUSE_AUDITOR_NUMERIC"":""0"",""CROWN_FUSE_CAP_DISCOUNT"":""1.0"",""CROWN_FUSE_ENABLE_TARGETED_REPAIR"":""1"",""CROWN_FUSE_GROSS_FLOOR_CURVE"":""strong"",""CROWN_FUSE_LOST_GROSS_CAP"":""2000"",""CROWN_FUSE_MAX_REPAIR_WAIT_PER_DAY"":""720"",""CROWN_FUSE_MIN_PROFIT_TO_OVERRIDE_REPAIR"":""600"",""CROWN_FUSE_REPAIR_END_DAY"":""24"",""CROWN_FUSE_REPAIR_ROI_THRESHOLD"":""2.0"",""CROWN_FUSE_REPAIR_START_DAY"":""8"",""CROWN_FUSE_REPAIR_VALUE_SCALE"":""0.5"",""CROWN_FUSE_SOFT_VIOLATION_PROFIT_THRESHOLD"":""500"",""CROWN_FUSE_UNKNOWN_SOFT_RISK"":""0.05"",""CROWN_FUSE_VERIFIED_PENALTY_SCALE"":""0.75"",""CROWN_FUSE_WAIT_REPAIR_STRENGTH"":""0.15""}",Executed Fuse targeted repair grid row.,existing run summarized: runs\fuse\search\20260529\trial_046,0,,,,TRIAL,trial_046,8711c926d30d,runs/fuse/search/20260529/trial_046,0,0,0.0,0.0,0,0,252,0.0,0.0,0,0,0.0,,false,false,false,false,
TRIAL,trial_047,fuse_targeted_repair,20260529,31,runs/fuse/search/20260529/trial_047,EXECUTED,5067.69,60293.77,17086.08,43207.69,38140.0,0.0,0.0,0.0,5067.69,True,89,163,0,3306,37.15,10,499,509,242,741,0,0,0,0,0,0,0,0,0,0,0,0,0,0,0,0,0,-7440.46,kill_below_b0_or_no_penalty_gain,"{""already_failed_discount"":1.0,""cap_discount"":0.0,""gross_floor_curve"":""medium"",""lost_gross_cap"":2000,""max_repair_wait_per_day"":120,""min_profit_to_override_repair"":100,""qwen_auditor_numeric"":0,""repair_end_day"":31,""repair_roi_threshold"":0.8,""repair_start_day"":15,""repair_value_scale"":0.25,""soft_violation_profit_threshold"":1000,""unknown_soft_risk"":0.25,""verified_penalty_scale"":0.5,""wait_repair_strength"":1.0}","{""CROWN_FUSE_ALREADY_FAILED_DISCOUNT"":""1.0"",""CROWN_FUSE_AUDITOR_NUMERIC"":""0"",""CROWN_FUSE_CAP_DISCOUNT"":""0.0"",""CROWN_FUSE_ENABLE_TARGETED_REPAIR"":""1"",""CROWN_FUSE_GROSS_FLOOR_CURVE"":""medium"",""CROWN_FUSE_LOST_GROSS_CAP"":""2000"",""CROWN_FUSE_MAX_REPAIR_WAIT_PER_DAY"":""120"",""CROWN_FUSE_MIN_PROFIT_TO_OVERRIDE_REPAIR"":""100"",""CROWN_FUSE_REPAIR_END_DAY"":""31"",""CROWN_FUSE_REPAIR_ROI_THRESHOLD"":""0.8"",""CROWN_FUSE_REPAIR_START_DAY"":""15"",""CROWN_FUSE_REPAIR_VALUE_SCALE"":""0.25"",""CROWN_FUSE_SOFT_VIOLATION_PROFIT_THRESHOLD"":""1000"",""CROWN_FUSE_UNKNOWN_SOFT_RISK"":""0.25"",""CROWN_FUSE_VERIFIED_PENALTY_SCALE"":""0.5"",""CROWN_FUSE_WAIT_REPAIR_STRENGTH"":""1.0""}",Executed Fuse targeted repair grid row.,existing run summarized: runs\fuse\search\20260529\trial_047,0,,,,TRIAL,trial_047,1e1e1cd39c0e,runs/fuse/search/20260529/trial_047,0,0,0.0,0.0,0,0,252,0.0,0.0,0,0,0.0,,false,false,false,false,
TRIAL,trial_048,fuse_targeted_repair,20260529,31,runs/fuse/search/20260529/trial_048,EXECUTED,213.04,62573.24,18100.2,44473.04,44260.0,-4854.65,1265.35,6120.0,213.04,True,84,165,1,3301,39.3,10,494,504,240,734,0,0,0,0,0,0,0,0,0,0,0,0,0,0,0,0,0,-16558.44,kill_below_b0_or_no_penalty_gain,"{""already_failed_discount"":0.5,""cap_discount"":0.25,""gross_floor_curve"":""mild"",""lost_gross_cap"":2000,""max_repair_wait_per_day"":720,""min_profit_to_override_repair"":200,""qwen_auditor_numeric"":0,""repair_end_day"":20,""repair_roi_threshold"":1.5,""repair_start_day"":1,""repair_value_scale"":1.0,""soft_violation_profit_threshold"":200,""unknown_soft_risk"":0.1,""verified_penalty_scale"":1.0,""wait_repair_strength"":0.3}","{""CROWN_FUSE_ALREADY_FAILED_DISCOUNT"":""0.5"",""CROWN_FUSE_AUDITOR_NUMERIC"":""0"",""CROWN_FUSE_CAP_DISCOUNT"":""0.25"",""CROWN_FUSE_ENABLE_TARGETED_REPAIR"":""1"",""CROWN_FUSE_GROSS_FLOOR_CURVE"":""mild"",""CROWN_FUSE_LOST_GROSS_CAP"":""2000"",""CROWN_FUSE_MAX_REPAIR_WAIT_PER_DAY"":""720"",""CROWN_FUSE_MIN_PROFIT_TO_OVERRIDE_REPAIR"":""200"",""CROWN_FUSE_REPAIR_END_DAY"":""20"",""CROWN_FUSE_REPAIR_ROI_THRESHOLD"":""1.5"",""CROWN_FUSE_REPAIR_START_DAY"":""1"",""CROWN_FUSE_REPAIR_VALUE_SCALE"":""1.0"",""CROWN_FUSE_SOFT_VIOLATION_PROFIT_THRESHOLD"":""200"",""CROWN_FUSE_UNKNOWN_SOFT_RISK"":""0.1"",""CROWN_FUSE_VERIFIED_PENALTY_SCALE"":""1.0"",""CROWN_FUSE_WAIT_REPAIR_STRENGTH"":""0.3""}",Executed Fuse targeted repair grid row.,existing run summarized: runs\fuse\search\20260529\trial_048,0,,,,TRIAL,trial_048,014149000e62,runs/fuse/search/20260529/trial_048,2,1440,1440.0,1440.0,1440,2,247,-4854.65,6120.0,0,0,0.0,,false,false,false,false,
TRIAL,trial_049,fuse_targeted_repair,20260529,31,runs/fuse/search/20260529/trial_049,EXECUTED,5067.69,60293.77,17086.08,43207.69,38140.0,0.0,0.0,0.0,5067.69,True,89,163,0,3306,37.15,10,499,509,242,741,0,0,0,0,0,0,0,0,0,0,0,0,0,0,0,0,0,-7440.46,kill_below_b0_or_no_penalty_gain,"{""already_failed_discount"":0.25,""cap_discount"":0.5,""gross_floor_curve"":""off"",""lost_gross_cap"":2000,""max_repair_wait_per_day"":120,""min_profit_to_override_repair"":350,""qwen_auditor_numeric"":0,""repair_end_day"":28,""repair_roi_threshold"":3.0,""repair_start_day"":12,""repair_value_scale"":0.75,""soft_violation_profit_threshold"":500,""unknown_soft_risk"":0.05,""verified_penalty_scale"":0.75,""wait_repair_strength"":0.1}","{""CROWN_FUSE_ALREADY_FAILED_DISCOUNT"":""0.25"",""CROWN_FUSE_AUDITOR_NUMERIC"":""0"",""CROWN_FUSE_CAP_DISCOUNT"":""0.5"",""CROWN_FUSE_ENABLE_TARGETED_REPAIR"":""1"",""CROWN_FUSE_GROSS_FLOOR_CURVE"":""off"",""CROWN_FUSE_LOST_GROSS_CAP"":""2000"",""CROWN_FUSE_MAX_REPAIR_WAIT_PER_DAY"":""120"",""CROWN_FUSE_MIN_PROFIT_TO_OVERRIDE_REPAIR"":""350"",""CROWN_FUSE_REPAIR_END_DAY"":""28"",""CROWN_FUSE_REPAIR_ROI_THRESHOLD"":""3.0"",""CROWN_FUSE_REPAIR_START_DAY"":""12"",""CROWN_FUSE_REPAIR_VALUE_SCALE"":""0.75"",""CROWN_FUSE_SOFT_VIOLATION_PROFIT_THRESHOLD"":""500"",""CROWN_FUSE_UNKNOWN_SOFT_RISK"":""0.05"",""CROWN_FUSE_VERIFIED_PENALTY_SCALE"":""0.75"",""CROWN_FUSE_WAIT_REPAIR_STRENGTH"":""0.1""}",Executed Fuse targeted repair grid row.,existing run summarized: runs\fuse\search\20260529\trial_049,0,,,,TRIAL,trial_049,ca1c71a5e647,runs/fuse/search/20260529/trial_049,0,0,0.0,0.0,0,0,252,0.0,0.0,0,0,0.0,,false,false,false,false,
TRIAL,trial_050,fuse_targeted_repair,20260529,31,runs/fuse/search/20260529/trial_050,EXECUTED,5067.69,60293.77,17086.08,43207.69,38140.0,0.0,0.0,0.0,5067.69,True,89,163,0,3306,37.15,10,499,509,242,741,0,0,0,0,0,0,0,0,0,0,0,0,0,0,0,0,0,-7440.46,kill_below_b0_or_no_penalty_gain,"{""already_failed_discount"":0.0,""cap_discount"":1.0,""gross_floor_curve"":""strong"",""lost_gross_cap"":2000,""max_repair_wait_per_day"":720,""min_profit_to_override_repair"":600,""qwen_auditor_numeric"":0,""repair_end_day"":31,""repair_roi_threshold"":1.0,""repair_start_day"":20,""repair_value_scale"":0.5,""soft_violation_profit_threshold"":1000,""unknown_soft_risk"":0.25,""verified_penalty_scale"":0.5,""wait_repair_strength"":0.75}","{""CROWN_FUSE_ALREADY_FAILED_DISCOUNT"":""0.0"",""CROWN_FUSE_AUDITOR_NUMERIC"":""0"",""CROWN_FUSE_CAP_DISCOUNT"":""1.0"",""CROWN_FUSE_ENABLE_TARGETED_REPAIR"":""1"",""CROWN_FUSE_GROSS_FLOOR_CURVE"":""strong"",""CROWN_FUSE_LOST_GROSS_CAP"":""2000"",""CROWN_FUSE_MAX_REPAIR_WAIT_PER_DAY"":""720"",""CROWN_FUSE_MIN_PROFIT_TO_OVERRIDE_REPAIR"":""600"",""CROWN_FUSE_REPAIR_END_DAY"":""31"",""CROWN_FUSE_REPAIR_ROI_THRESHOLD"":""1.0"",""CROWN_FUSE_REPAIR_START_DAY"":""20"",""CROWN_FUSE_REPAIR_VALUE_SCALE"":""0.5"",""CROWN_FUSE_SOFT_VIOLATION_PROFIT_THRESHOLD"":""1000"",""CROWN_FUSE_UNKNOWN_SOFT_RISK"":""0.25"",""CROWN_FUSE_VERIFIED_PENALTY_SCALE"":""0.5"",""CROWN_FUSE_WAIT_REPAIR_STRENGTH"":""0.75""}",Executed Fuse targeted repair grid row.,existing run summarized: runs\fuse\search\20260529\trial_050,0,,,,TRIAL,trial_050,548f69af650d,runs/fuse/search/20260529/trial_050,0,0,0.0,0.0,0,0,252,0.0,0.0,0,0,0.0,,false,false,false,false,
TRIAL,trial_051,fuse_targeted_repair,20260529,31,runs/fuse/search/20260529/trial_051,EXECUTED,5067.69,60293.77,17086.08,43207.69,38140.0,0.0,0.0,0.0,5067.69,True,89,163,0,3306,37.15,10,499,509,242,741,0,0,0,0,0,0,0,0,0,0,0,0,0,0,0,0,0,-7440.46,kill_below_b0_or_no_penalty_gain,"{""already_failed_discount"":1.0,""cap_discount"":0.0,""gross_floor_curve"":""medium"",""lost_gross_cap"":2000,""max_repair_wait_per_day"":120,""min_profit_to_override_repair"":100,""qwen_auditor_numeric"":0,""repair_end_day"":24,""repair_roi_threshold"":2.0,""repair_start_day"":8,""repair_value_scale"":0.25,""soft_violation_profit_threshold"":200,""unknown_soft_risk"":0.1,""verified_penalty_scale"":1.0,""wait_repair_strength"":0.2}","{""CROWN_FUSE_ALREADY_FAILED_DISCOUNT"":""1.0"",""CROWN_FUSE_AUDITOR_NUMERIC"":""0"",""CROWN_FUSE_CAP_DISCOUNT"":""0.0"",""CROWN_FUSE_ENABLE_TARGETED_REPAIR"":""1"",""CROWN_FUSE_GROSS_FLOOR_CURVE"":""medium"",""CROWN_FUSE_LOST_GROSS_CAP"":""2000"",""CROWN_FUSE_MAX_REPAIR_WAIT_PER_DAY"":""120"",""CROWN_FUSE_MIN_PROFIT_TO_OVERRIDE_REPAIR"":""100"",""CROWN_FUSE_REPAIR_END_DAY"":""24"",""CROWN_FUSE_REPAIR_ROI_THRESHOLD"":""2.0"",""CROWN_FUSE_REPAIR_START_DAY"":""8"",""CROWN_FUSE_REPAIR_VALUE_SCALE"":""0.25"",""CROWN_FUSE_SOFT_VIOLATION_PROFIT_THRESHOLD"":""200"",""CROWN_FUSE_UNKNOWN_SOFT_RISK"":""0.1"",""CROWN_FUSE_VERIFIED_PENALTY_SCALE"":""1.0"",""CROWN_FUSE_WAIT_REPAIR_STRENGTH"":""0.2""}",Executed Fuse targeted repair grid row.,existing run summarized: runs\fuse\search\20260529\trial_051,0,,,,TRIAL,trial_051,3edef632dcba,runs/fuse/search/20260529/trial_051,0,0,0.0,0.0,0,0,252,0.0,0.0,0,0,0.0,,false,false,false,false,
TRIAL,trial_052,fuse_targeted_repair,20260529,31,runs/fuse/search/20260529/trial_052,EXECUTED,5067.69,60293.77,17086.08,43207.69,38140.0,0.0,0.0,0.0,5067.69,True,89,163,0,3306,37.15,10,499,509,242,741,0,0,0,0,0,0,0,0,0,0,0,0,0,0,0,0,0,-7440.46,kill_below_b0_or_no_penalty_gain,"{""already_failed_discount"":0.5,""cap_discount"":0.25,""gross_floor_curve"":""mild"",""lost_gross_cap"":2000,""max_repair_wait_per_day"":720,""min_profit_to_override_repair"":200,""qwen_auditor_numeric"":0,""repair_end_day"":31,""repair_roi_threshold"":0.8,""repair_start_day"":15,""repair_value_scale"":1.0,""soft_violation_profit_threshold"":500,""unknown_soft_risk"":0.05,""verified_penalty_scale"":0.75,""wait_repair_strength"":0.05}","{""CROWN_FUSE_ALREADY_FAILED_DISCOUNT"":""0.5"",""CROWN_FUSE_AUDITOR_NUMERIC"":""0"",""CROWN_FUSE_CAP_DISCOUNT"":""0.25"",""CROWN_FUSE_ENABLE_TARGETED_REPAIR"":""1"",""CROWN_FUSE_GROSS_FLOOR_CURVE"":""mild"",""CROWN_FUSE_LOST_GROSS_CAP"":""2000"",""CROWN_FUSE_MAX_REPAIR_WAIT_PER_DAY"":""720"",""CROWN_FUSE_MIN_PROFIT_TO_OVERRIDE_REPAIR"":""200"",""CROWN_FUSE_REPAIR_END_DAY"":""31"",""CROWN_FUSE_REPAIR_ROI_THRESHOLD"":""0.8"",""CROWN_FUSE_REPAIR_START_DAY"":""15"",""CROWN_FUSE_REPAIR_VALUE_SCALE"":""1.0"",""CROWN_FUSE_SOFT_VIOLATION_PROFIT_THRESHOLD"":""500"",""CROWN_FUSE_UNKNOWN_SOFT_RISK"":""0.05"",""CROWN_FUSE_VERIFIED_PENALTY_SCALE"":""0.75"",""CROWN_FUSE_WAIT_REPAIR_STRENGTH"":""0.05""}",Executed Fuse targeted repair grid row.,existing run summarized: runs\fuse\search\20260529\trial_052,0,,,,TRIAL,trial_052,20770e4ec744,runs/fuse/search/20260529/trial_052,0,0,0.0,0.0,0,0,252,0.0,0.0,0,0,0.0,,false,false,false,false,
TRIAL,trial_053,fuse_targeted_repair,20260529,31,runs/fuse/search/20260529/trial_053,EXECUTED,5067.69,60293.77,17086.08,43207.69,38140.0,0.0,0.0,0.0,5067.69,True,89,163,0,3306,37.15,10,499,509,242,741,0,0,0,0,0,0,0,0,0,0,0,0,0,0,0,0,0,-7440.46,kill_below_b0_or_no_penalty_gain,"{""already_failed_discount"":0.25,""cap_discount"":0.5,""gross_floor_curve"":""off"",""lost_gross_cap"":2000,""max_repair_wait_per_day"":120,""min_profit_to_override_repair"":350,""qwen_auditor_numeric"":0,""repair_end_day"":20,""repair_roi_threshold"":1.5,""repair_start_day"":1,""repair_value_scale"":0.75,""soft_violation_profit_threshold"":1000,""unknown_soft_risk"":0.25,""verified_penalty_scale"":0.5,""wait_repair_strength"":0.5}","{""CROWN_FUSE_ALREADY_FAILED_DISCOUNT"":""0.25"",""CROWN_FUSE_AUDITOR_NUMERIC"":""0"",""CROWN_FUSE_CAP_DISCOUNT"":""0.5"",""CROWN_FUSE_ENABLE_TARGETED_REPAIR"":""1"",""CROWN_FUSE_GROSS_FLOOR_CURVE"":""off"",""CROWN_FUSE_LOST_GROSS_CAP"":""2000"",""CROWN_FUSE_MAX_REPAIR_WAIT_PER_DAY"":""120"",""CROWN_FUSE_MIN_PROFIT_TO_OVERRIDE_REPAIR"":""350"",""CROWN_FUSE_REPAIR_END_DAY"":""20"",""CROWN_FUSE_REPAIR_ROI_THRESHOLD"":""1.5"",""CROWN_FUSE_REPAIR_START_DAY"":""1"",""CROWN_FUSE_REPAIR_VALUE_SCALE"":""0.75"",""CROWN_FUSE_SOFT_VIOLATION_PROFIT_THRESHOLD"":""1000"",""CROWN_FUSE_UNKNOWN_SOFT_RISK"":""0.25"",""CROWN_FUSE_VERIFIED_PENALTY_SCALE"":""0.5"",""CROWN_FUSE_WAIT_REPAIR_STRENGTH"":""0.5""}",Executed Fuse targeted repair grid row.,existing run summarized: runs\fuse\search\20260529\trial_053,0,,,,TRIAL,trial_053,eb15624bf7c8,runs/fuse/search/20260529/trial_053,0,0,0.0,0.0,0,0,252,0.0,0.0,0,0,0.0,,false,false,false,false,
TRIAL,trial_054,fuse_targeted_repair,20260529,31,runs/fuse/search/20260529/trial_054,EXECUTED,5067.69,60293.77,17086.08,43207.69,38140.0,0.0,0.0,0.0,5067.69,True,89,163,0,3306,37.15,10,499,509,242,741,0,0,0,0,0,0,0,0,0,0,0,0,0,0,0,0,0,-7440.46,kill_below_b0_or_no_penalty_gain,"{""already_failed_discount"":0.0,""cap_discount"":1.0,""gross_floor_curve"":""strong"",""lost_gross_cap"":2000,""max_repair_wait_per_day"":720,""min_profit_to_override_repair"":600,""qwen_auditor_numeric"":0,""repair_end_day"":28,""repair_roi_threshold"":3.0,""repair_start_day"":12,""repair_value_scale"":0.5,""soft_violation_profit_threshold"":200,""unknown_soft_risk"":0.1,""verified_penalty_scale"":1.0,""wait_repair_strength"":0.15}","{""CROWN_FUSE_ALREADY_FAILED_DISCOUNT"":""0.0"",""CROWN_FUSE_AUDITOR_NUMERIC"":""0"",""CROWN_FUSE_CAP_DISCOUNT"":""1.0"",""CROWN_FUSE_ENABLE_TARGETED_REPAIR"":""1"",""CROWN_FUSE_GROSS_FLOOR_CURVE"":""strong"",""CROWN_FUSE_LOST_GROSS_CAP"":""2000"",""CROWN_FUSE_MAX_REPAIR_WAIT_PER_DAY"":""720"",""CROWN_FUSE_MIN_PROFIT_TO_OVERRIDE_REPAIR"":""600"",""CROWN_FUSE_REPAIR_END_DAY"":""28"",""CROWN_FUSE_REPAIR_ROI_THRESHOLD"":""3.0"",""CROWN_FUSE_REPAIR_START_DAY"":""12"",""CROWN_FUSE_REPAIR_VALUE_SCALE"":""0.5"",""CROWN_FUSE_SOFT_VIOLATION_PROFIT_THRESHOLD"":""200"",""CROWN_FUSE_UNKNOWN_SOFT_RISK"":""0.1"",""CROWN_FUSE_VERIFIED_PENALTY_SCALE"":""1.0"",""CROWN_FUSE_WAIT_REPAIR_STRENGTH"":""0.15""}",Executed Fuse targeted repair grid row.,existing run summarized: runs\fuse\search\20260529\trial_054,0,,,,TRIAL,trial_054,c0a22dea1337,runs/fuse/search/20260529/trial_054,0,0,0.0,0.0,0,0,252,0.0,0.0,0,0,0.0,,false,false,false,false,
TRIAL,trial_055,fuse_targeted_repair,20260529,31,runs/fuse/search/20260529/trial_055,EXECUTED,5067.69,60293.77,17086.08,43207.69,38140.0,0.0,0.0,0.0,5067.69,True,89,163,0,3306,37.15,10,499,509,242,741,0,0,0,0,0,0,0,0,0,0,0,0,0,0,0,0,0,-7440.46,kill_below_b0_or_no_penalty_gain,"{""already_failed_discount"":1.0,""cap_discount"":0.0,""gross_floor_curve"":""medium"",""lost_gross_cap"":2000,""max_repair_wait_per_day"":120,""min_profit_to_override_repair"":100,""qwen_auditor_numeric"":0,""repair_end_day"":31,""repair_roi_threshold"":1.0,""repair_start_day"":20,""repair_value_scale"":0.25,""soft_violation_profit_threshold"":500,""unknown_soft_risk"":0.05,""verified_penalty_scale"":0.75,""wait_repair_strength"":1.0}","{""CROWN_FUSE_ALREADY_FAILED_DISCOUNT"":""1.0"",""CROWN_FUSE_AUDITOR_NUMERIC"":""0"",""CROWN_FUSE_CAP_DISCOUNT"":""0.0"",""CROWN_FUSE_ENABLE_TARGETED_REPAIR"":""1"",""CROWN_FUSE_GROSS_FLOOR_CURVE"":""medium"",""CROWN_FUSE_LOST_GROSS_CAP"":""2000"",""CROWN_FUSE_MAX_REPAIR_WAIT_PER_DAY"":""120"",""CROWN_FUSE_MIN_PROFIT_TO_OVERRIDE_REPAIR"":""100"",""CROWN_FUSE_REPAIR_END_DAY"":""31"",""CROWN_FUSE_REPAIR_ROI_THRESHOLD"":""1.0"",""CROWN_FUSE_REPAIR_START_DAY"":""20"",""CROWN_FUSE_REPAIR_VALUE_SCALE"":""0.25"",""CROWN_FUSE_SOFT_VIOLATION_PROFIT_THRESHOLD"":""500"",""CROWN_FUSE_UNKNOWN_SOFT_RISK"":""0.05"",""CROWN_FUSE_VERIFIED_PENALTY_SCALE"":""0.75"",""CROWN_FUSE_WAIT_REPAIR_STRENGTH"":""1.0""}",Executed Fuse targeted repair grid row.,existing run summarized: runs\fuse\search\20260529\trial_055,0,,,,TRIAL,trial_055,b0fa3dcc82d0,runs/fuse/search/20260529/trial_055,0,0,0.0,0.0,0,0,252,0.0,0.0,0,0,0.0,,false,false,false,false,
TRIAL,trial_056,fuse_targeted_repair,20260529,31,runs/fuse/search/20260529/trial_056,EXECUTED,5067.69,60293.77,17086.08,43207.69,38140.0,0.0,0.0,0.0,5067.69,True,89,163,0,3306,37.15,10,499,509,242,741,0,0,0,0,0,0,0,0,0,0,0,0,0,0,0,0,0,-7440.46,kill_below_b0_or_no_penalty_gain,"{""already_failed_discount"":0.5,""cap_discount"":0.25,""gross_floor_curve"":""mild"",""lost_gross_cap"":2000,""max_repair_wait_per_day"":720,""min_profit_to_override_repair"":200,""qwen_auditor_numeric"":0,""repair_end_day"":24,""repair_roi_threshold"":2.0,""repair_start_day"":8,""repair_value_scale"":1.0,""soft_violation_profit_threshold"":1000,""unknown_soft_risk"":0.25,""verified_penalty_scale"":0.5,""wait_repair_strength"":0.3}","{""CROWN_FUSE_ALREADY_FAILED_DISCOUNT"":""0.5"",""CROWN_FUSE_AUDITOR_NUMERIC"":""0"",""CROWN_FUSE_CAP_DISCOUNT"":""0.25"",""CROWN_FUSE_ENABLE_TARGETED_REPAIR"":""1"",""CROWN_FUSE_GROSS_FLOOR_CURVE"":""mild"",""CROWN_FUSE_LOST_GROSS_CAP"":""2000"",""CROWN_FUSE_MAX_REPAIR_WAIT_PER_DAY"":""720"",""CROWN_FUSE_MIN_PROFIT_TO_OVERRIDE_REPAIR"":""200"",""CROWN_FUSE_REPAIR_END_DAY"":""24"",""CROWN_FUSE_REPAIR_ROI_THRESHOLD"":""2.0"",""CROWN_FUSE_REPAIR_START_DAY"":""8"",""CROWN_FUSE_REPAIR_VALUE_SCALE"":""1.0"",""CROWN_FUSE_SOFT_VIOLATION_PROFIT_THRESHOLD"":""1000"",""CROWN_FUSE_UNKNOWN_SOFT_RISK"":""0.25"",""CROWN_FUSE_VERIFIED_PENALTY_SCALE"":""0.5"",""CROWN_FUSE_WAIT_REPAIR_STRENGTH"":""0.3""}",Executed Fuse targeted repair grid row.,existing run summarized: runs\fuse\search\20260529\trial_056,0,,,,TRIAL,trial_056,5ea1175345ea,runs/fuse/search/20260529/trial_056,0,0,0.0,0.0,0,0,252,0.0,0.0,0,0,0.0,,false,false,false,false,
TRIAL,trial_057,fuse_targeted_repair,20260529,31,runs/fuse/search/20260529/trial_057,EXECUTED,5067.69,60293.77,17086.08,43207.69,38140.0,0.0,0.0,0.0,5067.69,True,89,163,0,3306,37.15,10,499,509,242,741,0,0,0,0,0,0,0,0,0,0,0,0,0,0,0,0,0,-7440.46,kill_below_b0_or_no_penalty_gain,"{""already_failed_discount"":0.25,""cap_discount"":0.5,""gross_floor_curve"":""off"",""lost_gross_cap"":2000,""max_repair_wait_per_day"":120,""min_profit_to_override_repair"":350,""qwen_auditor_numeric"":0,""repair_end_day"":31,""repair_roi_threshold"":0.8,""repair_start_day"":15,""repair_value_scale"":0.75,""soft_violation_profit_threshold"":200,""unknown_soft_risk"":0.1,""verified_penalty_scale"":1.0,""wait_repair_strength"":0.1}","{""CROWN_FUSE_ALREADY_FAILED_DISCOUNT"":""0.25"",""CROWN_FUSE_AUDITOR_NUMERIC"":""0"",""CROWN_FUSE_CAP_DISCOUNT"":""0.5"",""CROWN_FUSE_ENABLE_TARGETED_REPAIR"":""1"",""CROWN_FUSE_GROSS_FLOOR_CURVE"":""off"",""CROWN_FUSE_LOST_GROSS_CAP"":""2000"",""CROWN_FUSE_MAX_REPAIR_WAIT_PER_DAY"":""120"",""CROWN_FUSE_MIN_PROFIT_TO_OVERRIDE_REPAIR"":""350"",""CROWN_FUSE_REPAIR_END_DAY"":""31"",""CROWN_FUSE_REPAIR_ROI_THRESHOLD"":""0.8"",""CROWN_FUSE_REPAIR_START_DAY"":""15"",""CROWN_FUSE_REPAIR_VALUE_SCALE"":""0.75"",""CROWN_FUSE_SOFT_VIOLATION_PROFIT_THRESHOLD"":""200"",""CROWN_FUSE_UNKNOWN_SOFT_RISK"":""0.1"",""CROWN_FUSE_VERIFIED_PENALTY_SCALE"":""1.0"",""CROWN_FUSE_WAIT_REPAIR_STRENGTH"":""0.1""}",Executed Fuse targeted repair grid row.,existing run summarized: runs\fuse\search\20260529\trial_057,0,,,,TRIAL,trial_057,8f2bbe60a7d1,runs/fuse/search/20260529/trial_057,0,0,0.0,0.0,0,0,252,0.0,0.0,0,0,0.0,,false,false,false,false,
TRIAL,trial_058,fuse_targeted_repair,20260529,31,runs/fuse/search/20260529/trial_058,EXECUTED,213.04,62573.24,18100.2,44473.04,44260.0,-4854.65,1265.35,6120.0,213.04,True,84,165,1,3301,39.3,10,494,504,240,734,0,0,0,0,0,0,0,0,0,0,0,0,0,0,0,0,0,-16558.44,kill_below_b0_or_no_penalty_gain,"{""already_failed_discount"":0.0,""cap_discount"":1.0,""gross_floor_curve"":""strong"",""lost_gross_cap"":2000,""max_repair_wait_per_day"":720,""min_profit_to_override_repair"":600,""qwen_auditor_numeric"":0,""repair_end_day"":20,""repair_roi_threshold"":1.5,""repair_start_day"":1,""repair_value_scale"":0.5,""soft_violation_profit_threshold"":500,""unknown_soft_risk"":0.05,""verified_penalty_scale"":0.75,""wait_repair_strength"":0.75}","{""CROWN_FUSE_ALREADY_FAILED_DISCOUNT"":""0.0"",""CROWN_FUSE_AUDITOR_NUMERIC"":""0"",""CROWN_FUSE_CAP_DISCOUNT"":""1.0"",""CROWN_FUSE_ENABLE_TARGETED_REPAIR"":""1"",""CROWN_FUSE_GROSS_FLOOR_CURVE"":""strong"",""CROWN_FUSE_LOST_GROSS_CAP"":""2000"",""CROWN_FUSE_MAX_REPAIR_WAIT_PER_DAY"":""720"",""CROWN_FUSE_MIN_PROFIT_TO_OVERRIDE_REPAIR"":""600"",""CROWN_FUSE_REPAIR_END_DAY"":""20"",""CROWN_FUSE_REPAIR_ROI_THRESHOLD"":""1.5"",""CROWN_FUSE_REPAIR_START_DAY"":""1"",""CROWN_FUSE_REPAIR_VALUE_SCALE"":""0.5"",""CROWN_FUSE_SOFT_VIOLATION_PROFIT_THRESHOLD"":""500"",""CROWN_FUSE_UNKNOWN_SOFT_RISK"":""0.05"",""CROWN_FUSE_VERIFIED_PENALTY_SCALE"":""0.75"",""CROWN_FUSE_WAIT_REPAIR_STRENGTH"":""0.75""}",Executed Fuse targeted repair grid row.,existing run summarized: runs\fuse\search\20260529\trial_058,0,,,,TRIAL,trial_058,6c5af855fa55,runs/fuse/search/20260529/trial_058,2,1440,1440.0,1440.0,1440,2,247,-4854.65,6120.0,0,0,0.0,,false,false,false,false,
TRIAL,trial_059,fuse_targeted_repair,20260529,31,runs/fuse/search/20260529/trial_059,EXECUTED,5067.69,60293.77,17086.08,43207.69,38140.0,0.0,0.0,0.0,5067.69,True,89,163,0,3306,37.15,10,499,509,242,741,0,0,0,0,0,0,0,0,0,0,0,0,0,0,0,0,0,-7440.46,kill_below_b0_or_no_penalty_gain,"{""already_failed_discount"":1.0,""cap_discount"":0.0,""gross_floor_curve"":""medium"",""lost_gross_cap"":2000,""max_repair_wait_per_day"":120,""min_profit_to_override_repair"":100,""qwen_auditor_numeric"":0,""repair_end_day"":28,""repair_roi_threshold"":3.0,""repair_start_day"":12,""repair_value_scale"":0.25,""soft_violation_profit_threshold"":1000,""unknown_soft_risk"":0.25,""verified_penalty_scale"":0.5,""wait_repair_strength"":0.2}","{""CROWN_FUSE_ALREADY_FAILED_DISCOUNT"":""1.0"",""CROWN_FUSE_AUDITOR_NUMERIC"":""0"",""CROWN_FUSE_CAP_DISCOUNT"":""0.0"",""CROWN_FUSE_ENABLE_TARGETED_REPAIR"":""1"",""CROWN_FUSE_GROSS_FLOOR_CURVE"":""medium"",""CROWN_FUSE_LOST_GROSS_CAP"":""2000"",""CROWN_FUSE_MAX_REPAIR_WAIT_PER_DAY"":""120"",""CROWN_FUSE_MIN_PROFIT_TO_OVERRIDE_REPAIR"":""100"",""CROWN_FUSE_REPAIR_END_DAY"":""28"",""CROWN_FUSE_REPAIR_ROI_THRESHOLD"":""3.0"",""CROWN_FUSE_REPAIR_START_DAY"":""12"",""CROWN_FUSE_REPAIR_VALUE_SCALE"":""0.25"",""CROWN_FUSE_SOFT_VIOLATION_PROFIT_THRESHOLD"":""1000"",""CROWN_FUSE_UNKNOWN_SOFT_RISK"":""0.25"",""CROWN_FUSE_VERIFIED_PENALTY_SCALE"":""0.5"",""CROWN_FUSE_WAIT_REPAIR_STRENGTH"":""0.2""}",Executed Fuse targeted repair grid row.,existing run summarized: runs\fuse\search\20260529\trial_059,0,,,,TRIAL,trial_059,2214adee5063,runs/fuse/search/20260529/trial_059,0,0,0.0,0.0,0,0,252,0.0,0.0,0,0,0.0,,false,false,false,false,
TRIAL,trial_060,fuse_targeted_repair,20260529,31,runs/fuse/search/20260529/trial_060,EXECUTED,5067.69,60293.77,17086.08,43207.69,38140.0,0.0,0.0,0.0,5067.69,True,89,163,0,3306,37.15,10,499,509,242,741,0,0,0,0,0,0,0,0,0,0,0,0,0,0,0,0,0,-7440.46,kill_below_b0_or_no_penalty_gain,"{""already_failed_discount"":0.5,""cap_discount"":0.25,""gross_floor_curve"":""mild"",""lost_gross_cap"":2000,""max_repair_wait_per_day"":720,""min_profit_to_override_repair"":200,""qwen_auditor_numeric"":0,""repair_end_day"":31,""repair_roi_threshold"":1.0,""repair_start_day"":20,""repair_value_scale"":1.0,""soft_violation_profit_threshold"":200,""unknown_soft_risk"":0.1,""verified_penalty_scale"":1.0,""wait_repair_strength"":0.05}","{""CROWN_FUSE_ALREADY_FAILED_DISCOUNT"":""0.5"",""CROWN_FUSE_AUDITOR_NUMERIC"":""0"",""CROWN_FUSE_CAP_DISCOUNT"":""0.25"",""CROWN_FUSE_ENABLE_TARGETED_REPAIR"":""1"",""CROWN_FUSE_GROSS_FLOOR_CURVE"":""mild"",""CROWN_FUSE_LOST_GROSS_CAP"":""2000"",""CROWN_FUSE_MAX_REPAIR_WAIT_PER_DAY"":""720"",""CROWN_FUSE_MIN_PROFIT_TO_OVERRIDE_REPAIR"":""200"",""CROWN_FUSE_REPAIR_END_DAY"":""31"",""CROWN_FUSE_REPAIR_ROI_THRESHOLD"":""1.0"",""CROWN_FUSE_REPAIR_START_DAY"":""20"",""CROWN_FUSE_REPAIR_VALUE_SCALE"":""1.0"",""CROWN_FUSE_SOFT_VIOLATION_PROFIT_THRESHOLD"":""200"",""CROWN_FUSE_UNKNOWN_SOFT_RISK"":""0.1"",""CROWN_FUSE_VERIFIED_PENALTY_SCALE"":""1.0"",""CROWN_FUSE_WAIT_REPAIR_STRENGTH"":""0.05""}",Executed Fuse targeted repair grid row.,existing run summarized: runs\fuse\search\20260529\trial_060,0,,,,TRIAL,trial_060,60642c28b208,runs/fuse/search/20260529/trial_060,0,0,0.0,0.0,0,0,252,0.0,0.0,0,0,0.0,,false,false,false,false,
TRIAL,trial_061,fuse_targeted_repair,20260529,31,runs/fuse/search/20260529/trial_061,EXECUTED,5067.69,60293.77,17086.08,43207.69,38140.0,0.0,0.0,0.0,5067.69,True,89,163,0,3306,37.15,10,499,509,242,741,0,0,0,0,0,0,0,0,0,0,0,0,0,0,0,0,0,-7440.46,kill_below_b0_or_no_penalty_gain,"{""already_failed_discount"":0.25,""cap_discount"":0.5,""gross_floor_curve"":""off"",""lost_gross_cap"":2000,""max_repair_wait_per_day"":120,""min_profit_to_override_repair"":350,""qwen_auditor_numeric"":0,""repair_end_day"":24,""repair_roi_threshold"":2.0,""repair_start_day"":8,""repair_value_scale"":0.75,""soft_violation_profit_threshold"":500,""unknown_soft_risk"":0.05,""verified_penalty_scale"":0.75,""wait_repair_strength"":0.5}","{""CROWN_FUSE_ALREADY_FAILED_DISCOUNT"":""0.25"",""CROWN_FUSE_AUDITOR_NUMERIC"":""0"",""CROWN_FUSE_CAP_DISCOUNT"":""0.5"",""CROWN_FUSE_ENABLE_TARGETED_REPAIR"":""1"",""CROWN_FUSE_GROSS_FLOOR_CURVE"":""off"",""CROWN_FUSE_LOST_GROSS_CAP"":""2000"",""CROWN_FUSE_MAX_REPAIR_WAIT_PER_DAY"":""120"",""CROWN_FUSE_MIN_PROFIT_TO_OVERRIDE_REPAIR"":""350"",""CROWN_FUSE_REPAIR_END_DAY"":""24"",""CROWN_FUSE_REPAIR_ROI_THRESHOLD"":""2.0"",""CROWN_FUSE_REPAIR_START_DAY"":""8"",""CROWN_FUSE_REPAIR_VALUE_SCALE"":""0.75"",""CROWN_FUSE_SOFT_VIOLATION_PROFIT_THRESHOLD"":""500"",""CROWN_FUSE_UNKNOWN_SOFT_RISK"":""0.05"",""CROWN_FUSE_VERIFIED_PENALTY_SCALE"":""0.75"",""CROWN_FUSE_WAIT_REPAIR_STRENGTH"":""0.5""}",Executed Fuse targeted repair grid row.,existing run summarized: runs\fuse\search\20260529\trial_061,0,,,,TRIAL,trial_061,b523ae63b74d,runs/fuse/search/20260529/trial_061,0,0,0.0,0.0,0,0,252,0.0,0.0,0,0,0.0,,false,false,false,false,
TRIAL,trial_062,fuse_targeted_repair,20260529,31,runs/fuse/search/20260529/trial_062,EXECUTED,5067.69,60293.77,17086.08,43207.69,38140.0,0.0,0.0,0.0,5067.69,True,89,163,0,3306,37.15,10,499,509,242,741,0,0,0,0,0,0,0,0,0,0,0,0,0,0,0,0,0,-7440.46,kill_below_b0_or_no_penalty_gain,"{""already_failed_discount"":0.0,""cap_discount"":1.0,""gross_floor_curve"":""strong"",""lost_gross_cap"":2000,""max_repair_wait_per_day"":720,""min_profit_to_override_repair"":600,""qwen_auditor_numeric"":0,""repair_end_day"":31,""repair_roi_threshold"":0.8,""repair_start_day"":15,""repair_value_scale"":0.5,""soft_violation_profit_threshold"":1000,""unknown_soft_risk"":0.25,""verified_penalty_scale"":0.5,""wait_repair_strength"":0.15}","{""CROWN_FUSE_ALREADY_FAILED_DISCOUNT"":""0.0"",""CROWN_FUSE_AUDITOR_NUMERIC"":""0"",""CROWN_FUSE_CAP_DISCOUNT"":""1.0"",""CROWN_FUSE_ENABLE_TARGETED_REPAIR"":""1"",""CROWN_FUSE_GROSS_FLOOR_CURVE"":""strong"",""CROWN_FUSE_LOST_GROSS_CAP"":""2000"",""CROWN_FUSE_MAX_REPAIR_WAIT_PER_DAY"":""720"",""CROWN_FUSE_MIN_PROFIT_TO_OVERRIDE_REPAIR"":""600"",""CROWN_FUSE_REPAIR_END_DAY"":""31"",""CROWN_FUSE_REPAIR_ROI_THRESHOLD"":""0.8"",""CROWN_FUSE_REPAIR_START_DAY"":""15"",""CROWN_FUSE_REPAIR_VALUE_SCALE"":""0.5"",""CROWN_FUSE_SOFT_VIOLATION_PROFIT_THRESHOLD"":""1000"",""CROWN_FUSE_UNKNOWN_SOFT_RISK"":""0.25"",""CROWN_FUSE_VERIFIED_PENALTY_SCALE"":""0.5"",""CROWN_FUSE_WAIT_REPAIR_STRENGTH"":""0.15""}",Executed Fuse targeted repair grid row.,existing run summarized: runs\fuse\search\20260529\trial_062,0,,,,TRIAL,trial_062,73a9b121aab2,runs/fuse/search/20260529/trial_062,0,0,0.0,0.0,0,0,252,0.0,0.0,0,0,0.0,,false,false,false,false,
TRIAL,trial_063,fuse_targeted_repair,20260529,31,runs/fuse/search/20260529/trial_063,EXECUTED,5067.69,60293.77,17086.08,43207.69,38140.0,0.0,0.0,0.0,5067.69,True,89,163,0,3306,37.15,10,499,509,242,741,0,0,0,0,0,0,0,0,0,0,0,0,0,0,0,0,0,-7440.46,kill_below_b0_or_no_penalty_gain,"{""already_failed_discount"":1.0,""cap_discount"":0.0,""gross_floor_curve"":""medium"",""lost_gross_cap"":2000,""max_repair_wait_per_day"":120,""min_profit_to_override_repair"":100,""qwen_auditor_numeric"":0,""repair_end_day"":20,""repair_roi_threshold"":1.5,""repair_start_day"":1,""repair_value_scale"":0.25,""soft_violation_profit_threshold"":200,""unknown_soft_risk"":0.1,""verified_penalty_scale"":1.0,""wait_repair_strength"":1.0}","{""CROWN_FUSE_ALREADY_FAILED_DISCOUNT"":""1.0"",""CROWN_FUSE_AUDITOR_NUMERIC"":""0"",""CROWN_FUSE_CAP_DISCOUNT"":""0.0"",""CROWN_FUSE_ENABLE_TARGETED_REPAIR"":""1"",""CROWN_FUSE_GROSS_FLOOR_CURVE"":""medium"",""CROWN_FUSE_LOST_GROSS_CAP"":""2000"",""CROWN_FUSE_MAX_REPAIR_WAIT_PER_DAY"":""120"",""CROWN_FUSE_MIN_PROFIT_TO_OVERRIDE_REPAIR"":""100"",""CROWN_FUSE_REPAIR_END_DAY"":""20"",""CROWN_FUSE_REPAIR_ROI_THRESHOLD"":""1.5"",""CROWN_FUSE_REPAIR_START_DAY"":""1"",""CROWN_FUSE_REPAIR_VALUE_SCALE"":""0.25"",""CROWN_FUSE_SOFT_VIOLATION_PROFIT_THRESHOLD"":""200"",""CROWN_FUSE_UNKNOWN_SOFT_RISK"":""0.1"",""CROWN_FUSE_VERIFIED_PENALTY_SCALE"":""1.0"",""CROWN_FUSE_WAIT_REPAIR_STRENGTH"":""1.0""}",Executed Fuse targeted repair grid row.,existing run summarized: runs\fuse\search\20260529\trial_063,0,,,,TRIAL,trial_063,efa703afa272,runs/fuse/search/20260529/trial_063,0,0,0.0,0.0,0,0,252,0.0,0.0,0,0,0.0,,false,false,false,false,
TRIAL,trial_064,fuse_targeted_repair,20260529,31,runs/fuse/search/20260529/trial_064,EXECUTED,5067.69,60293.77,17086.08,43207.69,38140.0,0.0,0.0,0.0,5067.69,True,89,163,0,3306,37.15,10,499,509,242,741,0,0,0,0,0,0,0,0,0,0,0,0,0,0,0,0,0,-7440.46,kill_below_b0_or_no_penalty_gain,"{""already_failed_discount"":0.5,""cap_discount"":0.25,""gross_floor_curve"":""mild"",""lost_gross_cap"":2000,""max_repair_wait_per_day"":720,""min_profit_to_override_repair"":200,""qwen_auditor_numeric"":0,""repair_end_day"":28,""repair_roi_threshold"":3.0,""repair_start_day"":12,""repair_value_scale"":1.0,""soft_violation_profit_threshold"":500,""unknown_soft_risk"":0.05,""verified_penalty_scale"":0.75,""wait_repair_strength"":0.3}","{""CROWN_FUSE_ALREADY_FAILED_DISCOUNT"":""0.5"",""CROWN_FUSE_AUDITOR_NUMERIC"":""0"",""CROWN_FUSE_CAP_DISCOUNT"":""0.25"",""CROWN_FUSE_ENABLE_TARGETED_REPAIR"":""1"",""CROWN_FUSE_GROSS_FLOOR_CURVE"":""mild"",""CROWN_FUSE_LOST_GROSS_CAP"":""2000"",""CROWN_FUSE_MAX_REPAIR_WAIT_PER_DAY"":""720"",""CROWN_FUSE_MIN_PROFIT_TO_OVERRIDE_REPAIR"":""200"",""CROWN_FUSE_REPAIR_END_DAY"":""28"",""CROWN_FUSE_REPAIR_ROI_THRESHOLD"":""3.0"",""CROWN_FUSE_REPAIR_START_DAY"":""12"",""CROWN_FUSE_REPAIR_VALUE_SCALE"":""1.0"",""CROWN_FUSE_SOFT_VIOLATION_PROFIT_THRESHOLD"":""500"",""CROWN_FUSE_UNKNOWN_SOFT_RISK"":""0.05"",""CROWN_FUSE_VERIFIED_PENALTY_SCALE"":""0.75"",""CROWN_FUSE_WAIT_REPAIR_STRENGTH"":""0.3""}",Executed Fuse targeted repair grid row.,existing run summarized: runs\fuse\search\20260529\trial_064,0,,,,TRIAL,trial_064,d1b12c8fcb50,runs/fuse/search/20260529/trial_064,0,0,0.0,0.0,0,0,252,0.0,0.0,0,0,0.0,,false,false,false,false,
TRIAL,trial_065,fuse_targeted_repair,20260529,31,runs/fuse/search/20260529/trial_065,EXECUTED,5067.69,60293.77,17086.08,43207.69,38140.0,0.0,0.0,0.0,5067.69,True,89,163,0,3306,37.15,10,499,509,242,741,0,0,0,0,0,0,0,0,0,0,0,0,0,0,0,0,0,-7440.46,kill_below_b0_or_no_penalty_gain,"{""already_failed_discount"":0.25,""cap_discount"":0.5,""gross_floor_curve"":""off"",""lost_gross_cap"":2000,""max_repair_wait_per_day"":120,""min_profit_to_override_repair"":350,""qwen_auditor_numeric"":0,""repair_end_day"":31,""repair_roi_threshold"":1.0,""repair_start_day"":20,""repair_value_scale"":0.75,""soft_violation_profit_threshold"":1000,""unknown_soft_risk"":0.25,""verified_penalty_scale"":0.5,""wait_repair_strength"":0.1}","{""CROWN_FUSE_ALREADY_FAILED_DISCOUNT"":""0.25"",""CROWN_FUSE_AUDITOR_NUMERIC"":""0"",""CROWN_FUSE_CAP_DISCOUNT"":""0.5"",""CROWN_FUSE_ENABLE_TARGETED_REPAIR"":""1"",""CROWN_FUSE_GROSS_FLOOR_CURVE"":""off"",""CROWN_FUSE_LOST_GROSS_CAP"":""2000"",""CROWN_FUSE_MAX_REPAIR_WAIT_PER_DAY"":""120"",""CROWN_FUSE_MIN_PROFIT_TO_OVERRIDE_REPAIR"":""350"",""CROWN_FUSE_REPAIR_END_DAY"":""31"",""CROWN_FUSE_REPAIR_ROI_THRESHOLD"":""1.0"",""CROWN_FUSE_REPAIR_START_DAY"":""20"",""CROWN_FUSE_REPAIR_VALUE_SCALE"":""0.75"",""CROWN_FUSE_SOFT_VIOLATION_PROFIT_THRESHOLD"":""1000"",""CROWN_FUSE_UNKNOWN_SOFT_RISK"":""0.25"",""CROWN_FUSE_VERIFIED_PENALTY_SCALE"":""0.5"",""CROWN_FUSE_WAIT_REPAIR_STRENGTH"":""0.1""}",Executed Fuse targeted repair grid row.,existing run summarized: runs\fuse\search\20260529\trial_065,0,,,,TRIAL,trial_065,d41426a43998,runs/fuse/search/20260529/trial_065,0,0,0.0,0.0,0,0,252,0.0,0.0,0,0,0.0,,false,false,false,false,
TRIAL,trial_066,fuse_targeted_repair,20260529,31,runs/fuse/search/20260529/trial_066,EXECUTED,5067.69,60293.77,17086.08,43207.69,38140.0,0.0,0.0,0.0,5067.69,True,89,163,0,3306,37.15,10,499,509,242,741,0,0,0,0,0,0,0,0,0,0,0,0,0,0,0,0,0,-7440.46,kill_below_b0_or_no_penalty_gain,"{""already_failed_discount"":0.0,""cap_discount"":1.0,""gross_floor_curve"":""strong"",""lost_gross_cap"":2000,""max_repair_wait_per_day"":720,""min_profit_to_override_repair"":600,""qwen_auditor_numeric"":0,""repair_end_day"":24,""repair_roi_threshold"":2.0,""repair_start_day"":8,""repair_value_scale"":0.5,""soft_violation_profit_threshold"":200,""unknown_soft_risk"":0.1,""verified_penalty_scale"":1.0,""wait_repair_strength"":0.75}","{""CROWN_FUSE_ALREADY_FAILED_DISCOUNT"":""0.0"",""CROWN_FUSE_AUDITOR_NUMERIC"":""0"",""CROWN_FUSE_CAP_DISCOUNT"":""1.0"",""CROWN_FUSE_ENABLE_TARGETED_REPAIR"":""1"",""CROWN_FUSE_GROSS_FLOOR_CURVE"":""strong"",""CROWN_FUSE_LOST_GROSS_CAP"":""2000"",""CROWN_FUSE_MAX_REPAIR_WAIT_PER_DAY"":""720"",""CROWN_FUSE_MIN_PROFIT_TO_OVERRIDE_REPAIR"":""600"",""CROWN_FUSE_REPAIR_END_DAY"":""24"",""CROWN_FUSE_REPAIR_ROI_THRESHOLD"":""2.0"",""CROWN_FUSE_REPAIR_START_DAY"":""8"",""CROWN_FUSE_REPAIR_VALUE_SCALE"":""0.5"",""CROWN_FUSE_SOFT_VIOLATION_PROFIT_THRESHOLD"":""200"",""CROWN_FUSE_UNKNOWN_SOFT_RISK"":""0.1"",""CROWN_FUSE_VERIFIED_PENALTY_SCALE"":""1.0"",""CROWN_FUSE_WAIT_REPAIR_STRENGTH"":""0.75""}",Executed Fuse targeted repair grid row.,existing run summarized: runs\fuse\search\20260529\trial_066,0,,,,TRIAL,trial_066,27c38227ff75,runs/fuse/search/20260529/trial_066,0,0,0.0,0.0,0,0,252,0.0,0.0,0,0,0.0,,false,false,false,false,
TRIAL,trial_067,fuse_targeted_repair,20260529,31,runs/fuse/search/20260529/trial_067,EXECUTED,5067.69,60293.77,17086.08,43207.69,38140.0,0.0,0.0,0.0,5067.69,True,89,163,0,3306,37.15,10,499,509,242,741,0,0,0,0,0,0,0,0,0,0,0,0,0,0,0,0,0,-7440.46,kill_below_b0_or_no_penalty_gain,"{""already_failed_discount"":1.0,""cap_discount"":0.0,""gross_floor_curve"":""medium"",""lost_gross_cap"":2000,""max_repair_wait_per_day"":120,""min_profit_to_override_repair"":100,""qwen_auditor_numeric"":0,""repair_end_day"":31,""repair_roi_threshold"":0.8,""repair_start_day"":15,""repair_value_scale"":0.25,""soft_violation_profit_threshold"":500,""unknown_soft_risk"":0.05,""verified_penalty_scale"":0.75,""wait_repair_strength"":0.2}","{""CROWN_FUSE_ALREADY_FAILED_DISCOUNT"":""1.0"",""CROWN_FUSE_AUDITOR_NUMERIC"":""0"",""CROWN_FUSE_CAP_DISCOUNT"":""0.0"",""CROWN_FUSE_ENABLE_TARGETED_REPAIR"":""1"",""CROWN_FUSE_GROSS_FLOOR_CURVE"":""medium"",""CROWN_FUSE_LOST_GROSS_CAP"":""2000"",""CROWN_FUSE_MAX_REPAIR_WAIT_PER_DAY"":""120"",""CROWN_FUSE_MIN_PROFIT_TO_OVERRIDE_REPAIR"":""100"",""CROWN_FUSE_REPAIR_END_DAY"":""31"",""CROWN_FUSE_REPAIR_ROI_THRESHOLD"":""0.8"",""CROWN_FUSE_REPAIR_START_DAY"":""15"",""CROWN_FUSE_REPAIR_VALUE_SCALE"":""0.25"",""CROWN_FUSE_SOFT_VIOLATION_PROFIT_THRESHOLD"":""500"",""CROWN_FUSE_UNKNOWN_SOFT_RISK"":""0.05"",""CROWN_FUSE_VERIFIED_PENALTY_SCALE"":""0.75"",""CROWN_FUSE_WAIT_REPAIR_STRENGTH"":""0.2""}",Executed Fuse targeted repair grid row.,existing run summarized: runs\fuse\search\20260529\trial_067,0,,,,TRIAL,trial_067,e4bac0583f37,runs/fuse/search/20260529/trial_067,0,0,0.0,0.0,0,0,252,0.0,0.0,0,0,0.0,,false,false,false,false,
TRIAL,trial_068,fuse_targeted_repair,20260529,31,runs/fuse/search/20260529/trial_068,EXECUTED,5067.69,60293.77,17086.08,43207.69,38140.0,0.0,0.0,0.0,5067.69,True,89,163,0,3306,37.15,10,499,509,242,741,0,0,0,0,0,0,0,0,0,0,0,0,0,0,0,0,0,-7440.46,kill_below_b0_or_no_penalty_gain,"{""already_failed_discount"":0.5,""cap_discount"":0.25,""gross_floor_curve"":""mild"",""lost_gross_cap"":2000,""max_repair_wait_per_day"":720,""min_profit_to_override_repair"":200,""qwen_auditor_numeric"":0,""repair_end_day"":20,""repair_roi_threshold"":1.5,""repair_start_day"":1,""repair_value_scale"":1.0,""soft_violation_profit_threshold"":1000,""unknown_soft_risk"":0.25,""verified_penalty_scale"":0.5,""wait_repair_strength"":0.05}","{""CROWN_FUSE_ALREADY_FAILED_DISCOUNT"":""0.5"",""CROWN_FUSE_AUDITOR_NUMERIC"":""0"",""CROWN_FUSE_CAP_DISCOUNT"":""0.25"",""CROWN_FUSE_ENABLE_TARGETED_REPAIR"":""1"",""CROWN_FUSE_GROSS_FLOOR_CURVE"":""mild"",""CROWN_FUSE_LOST_GROSS_CAP"":""2000"",""CROWN_FUSE_MAX_REPAIR_WAIT_PER_DAY"":""720"",""CROWN_FUSE_MIN_PROFIT_TO_OVERRIDE_REPAIR"":""200"",""CROWN_FUSE_REPAIR_END_DAY"":""20"",""CROWN_FUSE_REPAIR_ROI_THRESHOLD"":""1.5"",""CROWN_FUSE_REPAIR_START_DAY"":""1"",""CROWN_FUSE_REPAIR_VALUE_SCALE"":""1.0"",""CROWN_FUSE_SOFT_VIOLATION_PROFIT_THRESHOLD"":""1000"",""CROWN_FUSE_UNKNOWN_SOFT_RISK"":""0.25"",""CROWN_FUSE_VERIFIED_PENALTY_SCALE"":""0.5"",""CROWN_FUSE_WAIT_REPAIR_STRENGTH"":""0.05""}",Executed Fuse targeted repair grid row.,existing run summarized: runs\fuse\search\20260529\trial_068,0,,,,TRIAL,trial_068,ee49f3f4d77d,runs/fuse/search/20260529/trial_068,0,0,0.0,0.0,0,0,252,0.0,0.0,0,0,0.0,,false,false,false,false,
TRIAL,trial_069,fuse_targeted_repair,20260529,31,runs/fuse/search/20260529/trial_069,EXECUTED,5067.69,60293.77,17086.08,43207.69,38140.0,0.0,0.0,0.0,5067.69,True,89,163,0,3306,37.15,10,499,509,242,741,0,0,0,0,0,0,0,0,0,0,0,0,0,0,0,0,0,-7440.46,kill_below_b0_or_no_penalty_gain,"{""already_failed_discount"":0.25,""cap_discount"":0.5,""gross_floor_curve"":""off"",""lost_gross_cap"":2000,""max_repair_wait_per_day"":120,""min_profit_to_override_repair"":350,""qwen_auditor_numeric"":0,""repair_end_day"":28,""repair_roi_threshold"":3.0,""repair_start_day"":12,""repair_value_scale"":0.75,""soft_violation_profit_threshold"":200,""unknown_soft_risk"":0.1,""verified_penalty_scale"":1.0,""wait_repair_strength"":0.5}","{""CROWN_FUSE_ALREADY_FAILED_DISCOUNT"":""0.25"",""CROWN_FUSE_AUDITOR_NUMERIC"":""0"",""CROWN_FUSE_CAP_DISCOUNT"":""0.5"",""CROWN_FUSE_ENABLE_TARGETED_REPAIR"":""1"",""CROWN_FUSE_GROSS_FLOOR_CURVE"":""off"",""CROWN_FUSE_LOST_GROSS_CAP"":""2000"",""CROWN_FUSE_MAX_REPAIR_WAIT_PER_DAY"":""120"",""CROWN_FUSE_MIN_PROFIT_TO_OVERRIDE_REPAIR"":""350"",""CROWN_FUSE_REPAIR_END_DAY"":""28"",""CROWN_FUSE_REPAIR_ROI_THRESHOLD"":""3.0"",""CROWN_FUSE_REPAIR_START_DAY"":""12"",""CROWN_FUSE_REPAIR_VALUE_SCALE"":""0.75"",""CROWN_FUSE_SOFT_VIOLATION_PROFIT_THRESHOLD"":""200"",""CROWN_FUSE_UNKNOWN_SOFT_RISK"":""0.1"",""CROWN_FUSE_VERIFIED_PENALTY_SCALE"":""1.0"",""CROWN_FUSE_WAIT_REPAIR_STRENGTH"":""0.5""}",Executed Fuse targeted repair grid row.,existing run summarized: runs\fuse\search\20260529\trial_069,0,,,,TRIAL,trial_069,4855ade73486,runs/fuse/search/20260529/trial_069,0,0,0.0,0.0,0,0,252,0.0,0.0,0,0,0.0,,false,false,false,false,
TRIAL,trial_070,fuse_targeted_repair,20260529,31,runs/fuse/search/20260529/trial_070,EXECUTED,5067.69,60293.77,17086.08,43207.69,38140.0,0.0,0.0,0.0,5067.69,True,89,163,0,3306,37.15,10,499,509,242,741,0,0,0,0,0,0,0,0,0,0,0,0,0,0,0,0,0,-7440.46,kill_below_b0_or_no_penalty_gain,"{""already_failed_discount"":0.0,""cap_discount"":1.0,""gross_floor_curve"":""strong"",""lost_gross_cap"":2000,""max_repair_wait_per_day"":720,""min_profit_to_override_repair"":600,""qwen_auditor_numeric"":0,""repair_end_day"":31,""repair_roi_threshold"":1.0,""repair_start_day"":20,""repair_value_scale"":0.5,""soft_violation_profit_threshold"":500,""unknown_soft_risk"":0.05,""verified_penalty_scale"":0.75,""wait_repair_strength"":0.15}","{""CROWN_FUSE_ALREADY_FAILED_DISCOUNT"":""0.0"",""CROWN_FUSE_AUDITOR_NUMERIC"":""0"",""CROWN_FUSE_CAP_DISCOUNT"":""1.0"",""CROWN_FUSE_ENABLE_TARGETED_REPAIR"":""1"",""CROWN_FUSE_GROSS_FLOOR_CURVE"":""strong"",""CROWN_FUSE_LOST_GROSS_CAP"":""2000"",""CROWN_FUSE_MAX_REPAIR_WAIT_PER_DAY"":""720"",""CROWN_FUSE_MIN_PROFIT_TO_OVERRIDE_REPAIR"":""600"",""CROWN_FUSE_REPAIR_END_DAY"":""31"",""CROWN_FUSE_REPAIR_ROI_THRESHOLD"":""1.0"",""CROWN_FUSE_REPAIR_START_DAY"":""20"",""CROWN_FUSE_REPAIR_VALUE_SCALE"":""0.5"",""CROWN_FUSE_SOFT_VIOLATION_PROFIT_THRESHOLD"":""500"",""CROWN_FUSE_UNKNOWN_SOFT_RISK"":""0.05"",""CROWN_FUSE_VERIFIED_PENALTY_SCALE"":""0.75"",""CROWN_FUSE_WAIT_REPAIR_STRENGTH"":""0.15""}",Executed Fuse targeted repair grid row.,existing run summarized: runs\fuse\search\20260529\trial_070,0,,,,TRIAL,trial_070,0ad8a1bc49f7,runs/fuse/search/20260529/trial_070,0,0,0.0,0.0,0,0,252,0.0,0.0,0,0,0.0,,false,false,false,false,
TRIAL,trial_071,fuse_targeted_repair,20260529,31,runs/fuse/search/20260529/trial_071,EXECUTED,5067.69,60293.77,17086.08,43207.69,38140.0,0.0,0.0,0.0,5067.69,True,89,163,0,3306,37.15,10,499,509,242,741,0,0,0,0,0,0,0,0,0,0,0,0,0,0,0,0,0,-7440.46,kill_below_b0_or_no_penalty_gain,"{""already_failed_discount"":1.0,""cap_discount"":0.0,""gross_floor_curve"":""medium"",""lost_gross_cap"":2000,""max_repair_wait_per_day"":120,""min_profit_to_override_repair"":100,""qwen_auditor_numeric"":0,""repair_end_day"":24,""repair_roi_threshold"":2.0,""repair_start_day"":8,""repair_value_scale"":0.25,""soft_violation_profit_threshold"":1000,""unknown_soft_risk"":0.25,""verified_penalty_scale"":0.5,""wait_repair_strength"":1.0}","{""CROWN_FUSE_ALREADY_FAILED_DISCOUNT"":""1.0"",""CROWN_FUSE_AUDITOR_NUMERIC"":""0"",""CROWN_FUSE_CAP_DISCOUNT"":""0.0"",""CROWN_FUSE_ENABLE_TARGETED_REPAIR"":""1"",""CROWN_FUSE_GROSS_FLOOR_CURVE"":""medium"",""CROWN_FUSE_LOST_GROSS_CAP"":""2000"",""CROWN_FUSE_MAX_REPAIR_WAIT_PER_DAY"":""120"",""CROWN_FUSE_MIN_PROFIT_TO_OVERRIDE_REPAIR"":""100"",""CROWN_FUSE_REPAIR_END_DAY"":""24"",""CROWN_FUSE_REPAIR_ROI_THRESHOLD"":""2.0"",""CROWN_FUSE_REPAIR_START_DAY"":""8"",""CROWN_FUSE_REPAIR_VALUE_SCALE"":""0.25"",""CROWN_FUSE_SOFT_VIOLATION_PROFIT_THRESHOLD"":""1000"",""CROWN_FUSE_UNKNOWN_SOFT_RISK"":""0.25"",""CROWN_FUSE_VERIFIED_PENALTY_SCALE"":""0.5"",""CROWN_FUSE_WAIT_REPAIR_STRENGTH"":""1.0""}",Executed Fuse targeted repair grid row.,existing run summarized: runs\fuse\search\20260529\trial_071,0,,,,TRIAL,trial_071,e4735e3d7f38,runs/fuse/search/20260529/trial_071,0,0,0.0,0.0,0,0,252,0.0,0.0,0,0,0.0,,false,false,false,false,
TRIAL,trial_072,fuse_targeted_repair,20260529,31,runs/fuse/search/20260529/trial_072,EXECUTED,5067.69,60293.77,17086.08,43207.69,38140.0,0.0,0.0,0.0,5067.69,True,89,163,0,3306,37.15,10,499,509,242,741,0,0,0,0,0,0,0,0,0,0,0,0,0,0,0,0,0,-7440.46,kill_below_b0_or_no_penalty_gain,"{""already_failed_discount"":0.5,""cap_discount"":0.25,""gross_floor_curve"":""mild"",""lost_gross_cap"":2000,""max_repair_wait_per_day"":720,""min_profit_to_override_repair"":200,""qwen_auditor_numeric"":0,""repair_end_day"":31,""repair_roi_threshold"":0.8,""repair_start_day"":15,""repair_value_scale"":1.0,""soft_violation_profit_threshold"":200,""unknown_soft_risk"":0.1,""verified_penalty_scale"":1.0,""wait_repair_strength"":0.3}","{""CROWN_FUSE_ALREADY_FAILED_DISCOUNT"":""0.5"",""CROWN_FUSE_AUDITOR_NUMERIC"":""0"",""CROWN_FUSE_CAP_DISCOUNT"":""0.25"",""CROWN_FUSE_ENABLE_TARGETED_REPAIR"":""1"",""CROWN_FUSE_GROSS_FLOOR_CURVE"":""mild"",""CROWN_FUSE_LOST_GROSS_CAP"":""2000"",""CROWN_FUSE_MAX_REPAIR_WAIT_PER_DAY"":""720"",""CROWN_FUSE_MIN_PROFIT_TO_OVERRIDE_REPAIR"":""200"",""CROWN_FUSE_REPAIR_END_DAY"":""31"",""CROWN_FUSE_REPAIR_ROI_THRESHOLD"":""0.8"",""CROWN_FUSE_REPAIR_START_DAY"":""15"",""CROWN_FUSE_REPAIR_VALUE_SCALE"":""1.0"",""CROWN_FUSE_SOFT_VIOLATION_PROFIT_THRESHOLD"":""200"",""CROWN_FUSE_UNKNOWN_SOFT_RISK"":""0.1"",""CROWN_FUSE_VERIFIED_PENALTY_SCALE"":""1.0"",""CROWN_FUSE_WAIT_REPAIR_STRENGTH"":""0.3""}",Executed Fuse targeted repair grid row.,existing run summarized: runs\fuse\search\20260529\trial_072,0,,,,TRIAL,trial_072,8c3b4d301900,runs/fuse/search/20260529/trial_072,0,0,0.0,0.0,0,0,252,0.0,0.0,0,0,0.0,,false,false,false,false,
TRIAL,trial_073,fuse_targeted_repair,20260529,31,runs/fuse/search/20260529/trial_073,EXECUTED,5067.69,60293.77,17086.08,43207.69,38140.0,0.0,0.0,0.0,5067.69,True,89,163,0,3306,37.15,10,499,509,242,741,0,0,0,0,0,0,0,0,0,0,0,0,0,0,0,0,0,-7440.46,kill_below_b0_or_no_penalty_gain,"{""already_failed_discount"":0.25,""cap_discount"":0.5,""gross_floor_curve"":""off"",""lost_gross_cap"":2000,""max_repair_wait_per_day"":120,""min_profit_to_override_repair"":350,""qwen_auditor_numeric"":0,""repair_end_day"":20,""repair_roi_threshold"":1.5,""repair_start_day"":1,""repair_value_scale"":0.75,""soft_violation_profit_threshold"":500,""unknown_soft_risk"":0.05,""verified_penalty_scale"":0.75,""wait_repair_strength"":0.1}","{""CROWN_FUSE_ALREADY_FAILED_DISCOUNT"":""0.25"",""CROWN_FUSE_AUDITOR_NUMERIC"":""0"",""CROWN_FUSE_CAP_DISCOUNT"":""0.5"",""CROWN_FUSE_ENABLE_TARGETED_REPAIR"":""1"",""CROWN_FUSE_GROSS_FLOOR_CURVE"":""off"",""CROWN_FUSE_LOST_GROSS_CAP"":""2000"",""CROWN_FUSE_MAX_REPAIR_WAIT_PER_DAY"":""120"",""CROWN_FUSE_MIN_PROFIT_TO_OVERRIDE_REPAIR"":""350"",""CROWN_FUSE_REPAIR_END_DAY"":""20"",""CROWN_FUSE_REPAIR_ROI_THRESHOLD"":""1.5"",""CROWN_FUSE_REPAIR_START_DAY"":""1"",""CROWN_FUSE_REPAIR_VALUE_SCALE"":""0.75"",""CROWN_FUSE_SOFT_VIOLATION_PROFIT_THRESHOLD"":""500"",""CROWN_FUSE_UNKNOWN_SOFT_RISK"":""0.05"",""CROWN_FUSE_VERIFIED_PENALTY_SCALE"":""0.75"",""CROWN_FUSE_WAIT_REPAIR_STRENGTH"":""0.1""}",Executed Fuse targeted repair grid row.,existing run summarized: runs\fuse\search\20260529\trial_073,0,,,,TRIAL,trial_073,b09f6a9c32f8,runs/fuse/search/20260529/trial_073,0,0,0.0,0.0,0,0,252,0.0,0.0,0,0,0.0,,false,false,false,false,
TRIAL,trial_074,fuse_targeted_repair,20260529,31,runs/fuse/search/20260529/trial_074,EXECUTED,5067.69,60293.77,17086.08,43207.69,38140.0,0.0,0.0,0.0,5067.69,True,89,163,0,3306,37.15,10,499,509,242,741,0,0,0,0,0,0,0,0,0,0,0,0,0,0,0,0,0,-7440.46,kill_below_b0_or_no_penalty_gain,"{""already_failed_discount"":0.0,""cap_discount"":1.0,""gross_floor_curve"":""strong"",""lost_gross_cap"":2000,""max_repair_wait_per_day"":720,""min_profit_to_override_repair"":600,""qwen_auditor_numeric"":0,""repair_end_day"":28,""repair_roi_threshold"":3.0,""repair_start_day"":12,""repair_value_scale"":0.5,""soft_violation_profit_threshold"":1000,""unknown_soft_risk"":0.25,""verified_penalty_scale"":0.5,""wait_repair_strength"":0.75}","{""CROWN_FUSE_ALREADY_FAILED_DISCOUNT"":""0.0"",""CROWN_FUSE_AUDITOR_NUMERIC"":""0"",""CROWN_FUSE_CAP_DISCOUNT"":""1.0"",""CROWN_FUSE_ENABLE_TARGETED_REPAIR"":""1"",""CROWN_FUSE_GROSS_FLOOR_CURVE"":""strong"",""CROWN_FUSE_LOST_GROSS_CAP"":""2000"",""CROWN_FUSE_MAX_REPAIR_WAIT_PER_DAY"":""720"",""CROWN_FUSE_MIN_PROFIT_TO_OVERRIDE_REPAIR"":""600"",""CROWN_FUSE_REPAIR_END_DAY"":""28"",""CROWN_FUSE_REPAIR_ROI_THRESHOLD"":""3.0"",""CROWN_FUSE_REPAIR_START_DAY"":""12"",""CROWN_FUSE_REPAIR_VALUE_SCALE"":""0.5"",""CROWN_FUSE_SOFT_VIOLATION_PROFIT_THRESHOLD"":""1000"",""CROWN_FUSE_UNKNOWN_SOFT_RISK"":""0.25"",""CROWN_FUSE_VERIFIED_PENALTY_SCALE"":""0.5"",""CROWN_FUSE_WAIT_REPAIR_STRENGTH"":""0.75""}",Executed Fuse targeted repair grid row.,existing run summarized: runs\fuse\search\20260529\trial_074,0,,,,TRIAL,trial_074,9c0520a11e9a,runs/fuse/search/20260529/trial_074,0,0,0.0,0.0,0,0,252,0.0,0.0,0,0,0.0,,false,false,false,false,
TRIAL,trial_075,fuse_targeted_repair,20260529,31,runs/fuse/search/20260529/trial_075,EXECUTED,5067.69,60293.77,17086.08,43207.69,38140.0,0.0,0.0,0.0,5067.69,True,89,163,0,3306,37.15,10,499,509,242,741,0,0,0,0,0,0,0,0,0,0,0,0,0,0,0,0,0,-7440.46,kill_below_b0_or_no_penalty_gain,"{""already_failed_discount"":1.0,""cap_discount"":0.0,""gross_floor_curve"":""medium"",""lost_gross_cap"":2000,""max_repair_wait_per_day"":120,""min_profit_to_override_repair"":100,""qwen_auditor_numeric"":0,""repair_end_day"":31,""repair_roi_threshold"":1.0,""repair_start_day"":20,""repair_value_scale"":0.25,""soft_violation_profit_threshold"":200,""unknown_soft_risk"":0.1,""verified_penalty_scale"":1.0,""wait_repair_strength"":0.2}","{""CROWN_FUSE_ALREADY_FAILED_DISCOUNT"":""1.0"",""CROWN_FUSE_AUDITOR_NUMERIC"":""0"",""CROWN_FUSE_CAP_DISCOUNT"":""0.0"",""CROWN_FUSE_ENABLE_TARGETED_REPAIR"":""1"",""CROWN_FUSE_GROSS_FLOOR_CURVE"":""medium"",""CROWN_FUSE_LOST_GROSS_CAP"":""2000"",""CROWN_FUSE_MAX_REPAIR_WAIT_PER_DAY"":""120"",""CROWN_FUSE_MIN_PROFIT_TO_OVERRIDE_REPAIR"":""100"",""CROWN_FUSE_REPAIR_END_DAY"":""31"",""CROWN_FUSE_REPAIR_ROI_THRESHOLD"":""1.0"",""CROWN_FUSE_REPAIR_START_DAY"":""20"",""CROWN_FUSE_REPAIR_VALUE_SCALE"":""0.25"",""CROWN_FUSE_SOFT_VIOLATION_PROFIT_THRESHOLD"":""200"",""CROWN_FUSE_UNKNOWN_SOFT_RISK"":""0.1"",""CROWN_FUSE_VERIFIED_PENALTY_SCALE"":""1.0"",""CROWN_FUSE_WAIT_REPAIR_STRENGTH"":""0.2""}",Executed Fuse targeted repair grid row.,existing run summarized: runs\fuse\search\20260529\trial_075,0,,,,TRIAL,trial_075,78cc2eb6baaa,runs/fuse/search/20260529/trial_075,0,0,0.0,0.0,0,0,252,0.0,0.0,0,0,0.0,,false,false,false,false,
TRIAL,trial_076,fuse_targeted_repair,20260529,31,runs/fuse/search/20260529/trial_076,EXECUTED,5067.69,60293.77,17086.08,43207.69,38140.0,0.0,0.0,0.0,5067.69,True,89,163,0,3306,37.15,10,499,509,242,741,0,0,0,0,0,0,0,0,0,0,0,0,0,0,0,0,0,-7440.46,kill_below_b0_or_no_penalty_gain,"{""already_failed_discount"":0.5,""cap_discount"":0.25,""gross_floor_curve"":""mild"",""lost_gross_cap"":2000,""max_repair_wait_per_day"":720,""min_profit_to_override_repair"":200,""qwen_auditor_numeric"":0,""repair_end_day"":24,""repair_roi_threshold"":2.0,""repair_start_day"":8,""repair_value_scale"":1.0,""soft_violation_profit_threshold"":500,""unknown_soft_risk"":0.05,""verified_penalty_scale"":0.75,""wait_repair_strength"":0.05}","{""CROWN_FUSE_ALREADY_FAILED_DISCOUNT"":""0.5"",""CROWN_FUSE_AUDITOR_NUMERIC"":""0"",""CROWN_FUSE_CAP_DISCOUNT"":""0.25"",""CROWN_FUSE_ENABLE_TARGETED_REPAIR"":""1"",""CROWN_FUSE_GROSS_FLOOR_CURVE"":""mild"",""CROWN_FUSE_LOST_GROSS_CAP"":""2000"",""CROWN_FUSE_MAX_REPAIR_WAIT_PER_DAY"":""720"",""CROWN_FUSE_MIN_PROFIT_TO_OVERRIDE_REPAIR"":""200"",""CROWN_FUSE_REPAIR_END_DAY"":""24"",""CROWN_FUSE_REPAIR_ROI_THRESHOLD"":""2.0"",""CROWN_FUSE_REPAIR_START_DAY"":""8"",""CROWN_FUSE_REPAIR_VALUE_SCALE"":""1.0"",""CROWN_FUSE_SOFT_VIOLATION_PROFIT_THRESHOLD"":""500"",""CROWN_FUSE_UNKNOWN_SOFT_RISK"":""0.05"",""CROWN_FUSE_VERIFIED_PENALTY_SCALE"":""0.75"",""CROWN_FUSE_WAIT_REPAIR_STRENGTH"":""0.05""}",Executed Fuse targeted repair grid row.,existing run summarized: runs\fuse\search\20260529\trial_076,0,,,,TRIAL,trial_076,e7f7e1144cd6,runs/fuse/search/20260529/trial_076,0,0,0.0,0.0,0,0,252,0.0,0.0,0,0,0.0,,false,false,false,false,
TRIAL,trial_077,fuse_targeted_repair,20260529,31,runs/fuse/search/20260529/trial_077,EXECUTED,5067.69,60293.77,17086.08,43207.69,38140.0,0.0,0.0,0.0,5067.69,True,89,163,0,3306,37.15,10,499,509,242,741,0,0,0,0,0,0,0,0,0,0,0,0,0,0,0,0,0,-7440.46,kill_below_b0_or_no_penalty_gain,"{""already_failed_discount"":0.25,""cap_discount"":0.5,""gross_floor_curve"":""off"",""lost_gross_cap"":2000,""max_repair_wait_per_day"":120,""min_profit_to_override_repair"":350,""qwen_auditor_numeric"":0,""repair_end_day"":31,""repair_roi_threshold"":0.8,""repair_start_day"":15,""repair_value_scale"":0.75,""soft_violation_profit_threshold"":1000,""unknown_soft_risk"":0.25,""verified_penalty_scale"":0.5,""wait_repair_strength"":0.5}","{""CROWN_FUSE_ALREADY_FAILED_DISCOUNT"":""0.25"",""CROWN_FUSE_AUDITOR_NUMERIC"":""0"",""CROWN_FUSE_CAP_DISCOUNT"":""0.5"",""CROWN_FUSE_ENABLE_TARGETED_REPAIR"":""1"",""CROWN_FUSE_GROSS_FLOOR_CURVE"":""off"",""CROWN_FUSE_LOST_GROSS_CAP"":""2000"",""CROWN_FUSE_MAX_REPAIR_WAIT_PER_DAY"":""120"",""CROWN_FUSE_MIN_PROFIT_TO_OVERRIDE_REPAIR"":""350"",""CROWN_FUSE_REPAIR_END_DAY"":""31"",""CROWN_FUSE_REPAIR_ROI_THRESHOLD"":""0.8"",""CROWN_FUSE_REPAIR_START_DAY"":""15"",""CROWN_FUSE_REPAIR_VALUE_SCALE"":""0.75"",""CROWN_FUSE_SOFT_VIOLATION_PROFIT_THRESHOLD"":""1000"",""CROWN_FUSE_UNKNOWN_SOFT_RISK"":""0.25"",""CROWN_FUSE_VERIFIED_PENALTY_SCALE"":""0.5"",""CROWN_FUSE_WAIT_REPAIR_STRENGTH"":""0.5""}",Executed Fuse targeted repair grid row.,existing run summarized: runs\fuse\search\20260529\trial_077,0,,,,TRIAL,trial_077,440c3717c337,runs/fuse/search/20260529/trial_077,0,0,0.0,0.0,0,0,252,0.0,0.0,0,0,0.0,,false,false,false,false,
TRIAL,trial_078,fuse_targeted_repair,20260529,31,runs/fuse/search/20260529/trial_078,EXECUTED,5067.69,60293.77,17086.08,43207.69,38140.0,0.0,0.0,0.0,5067.69,True,89,163,0,3306,37.15,10,499,509,242,741,0,0,0,0,0,0,0,0,0,0,0,0,0,0,0,0,0,-7440.46,kill_below_b0_or_no_penalty_gain,"{""already_failed_discount"":0.0,""cap_discount"":1.0,""gross_floor_curve"":""strong"",""lost_gross_cap"":2000,""max_repair_wait_per_day"":720,""min_profit_to_override_repair"":600,""qwen_auditor_numeric"":0,""repair_end_day"":20,""repair_roi_threshold"":1.5,""repair_start_day"":1,""repair_value_scale"":0.5,""soft_violation_profit_threshold"":200,""unknown_soft_risk"":0.1,""verified_penalty_scale"":1.0,""wait_repair_strength"":0.15}","{""CROWN_FUSE_ALREADY_FAILED_DISCOUNT"":""0.0"",""CROWN_FUSE_AUDITOR_NUMERIC"":""0"",""CROWN_FUSE_CAP_DISCOUNT"":""1.0"",""CROWN_FUSE_ENABLE_TARGETED_REPAIR"":""1"",""CROWN_FUSE_GROSS_FLOOR_CURVE"":""strong"",""CROWN_FUSE_LOST_GROSS_CAP"":""2000"",""CROWN_FUSE_MAX_REPAIR_WAIT_PER_DAY"":""720"",""CROWN_FUSE_MIN_PROFIT_TO_OVERRIDE_REPAIR"":""600"",""CROWN_FUSE_REPAIR_END_DAY"":""20"",""CROWN_FUSE_REPAIR_ROI_THRESHOLD"":""1.5"",""CROWN_FUSE_REPAIR_START_DAY"":""1"",""CROWN_FUSE_REPAIR_VALUE_SCALE"":""0.5"",""CROWN_FUSE_SOFT_VIOLATION_PROFIT_THRESHOLD"":""200"",""CROWN_FUSE_UNKNOWN_SOFT_RISK"":""0.1"",""CROWN_FUSE_VERIFIED_PENALTY_SCALE"":""1.0"",""CROWN_FUSE_WAIT_REPAIR_STRENGTH"":""0.15""}",Executed Fuse targeted repair grid row.,existing run summarized: runs\fuse\search\20260529\trial_078,0,,,,TRIAL,trial_078,a3dbcd5689ec,runs/fuse/search/20260529/trial_078,0,0,0.0,0.0,0,0,252,0.0,0.0,0,0,0.0,,false,false,false,false,
TRIAL,trial_079,fuse_targeted_repair,20260529,31,runs/fuse/search/20260529/trial_079,EXECUTED,5067.69,60293.77,17086.08,43207.69,38140.0,0.0,0.0,0.0,5067.69,True,89,163,0,3306,37.15,10,499,509,242,741,0,0,0,0,0,0,0,0,0,0,0,0,0,0,0,0,0,-7440.46,kill_below_b0_or_no_penalty_gain,"{""already_failed_discount"":1.0,""cap_discount"":0.0,""gross_floor_curve"":""medium"",""lost_gross_cap"":2000,""max_repair_wait_per_day"":120,""min_profit_to_override_repair"":100,""qwen_auditor_numeric"":0,""repair_end_day"":28,""repair_roi_threshold"":3.0,""repair_start_day"":12,""repair_value_scale"":0.25,""soft_violation_profit_threshold"":500,""unknown_soft_risk"":0.05,""verified_penalty_scale"":0.75,""wait_repair_strength"":1.0}","{""CROWN_FUSE_ALREADY_FAILED_DISCOUNT"":""1.0"",""CROWN_FUSE_AUDITOR_NUMERIC"":""0"",""CROWN_FUSE_CAP_DISCOUNT"":""0.0"",""CROWN_FUSE_ENABLE_TARGETED_REPAIR"":""1"",""CROWN_FUSE_GROSS_FLOOR_CURVE"":""medium"",""CROWN_FUSE_LOST_GROSS_CAP"":""2000"",""CROWN_FUSE_MAX_REPAIR_WAIT_PER_DAY"":""120"",""CROWN_FUSE_MIN_PROFIT_TO_OVERRIDE_REPAIR"":""100"",""CROWN_FUSE_REPAIR_END_DAY"":""28"",""CROWN_FUSE_REPAIR_ROI_THRESHOLD"":""3.0"",""CROWN_FUSE_REPAIR_START_DAY"":""12"",""CROWN_FUSE_REPAIR_VALUE_SCALE"":""0.25"",""CROWN_FUSE_SOFT_VIOLATION_PROFIT_THRESHOLD"":""500"",""CROWN_FUSE_UNKNOWN_SOFT_RISK"":""0.05"",""CROWN_FUSE_VERIFIED_PENALTY_SCALE"":""0.75"",""CROWN_FUSE_WAIT_REPAIR_STRENGTH"":""1.0""}",Executed Fuse targeted repair grid row.,existing run summarized: runs\fuse\search\20260529\trial_079,0,,,,TRIAL,trial_079,a92227f00c78,runs/fuse/search/20260529/trial_079,0,0,0.0,0.0,0,0,252,0.0,0.0,0,0,0.0,,false,false,false,false,
TRIAL,trial_080,fuse_targeted_repair,20260529,31,runs/fuse/search/20260529/trial_080,EXECUTED,5067.69,60293.77,17086.08,43207.69,38140.0,0.0,0.0,0.0,5067.69,True,89,163,0,3306,37.15,10,499,509,242,741,0,0,0,0,0,0,0,0,0,0,0,0,0,0,0,0,0,-7440.46,kill_below_b0_or_no_penalty_gain,"{""already_failed_discount"":0.5,""cap_discount"":0.25,""gross_floor_curve"":""mild"",""lost_gross_cap"":2000,""max_repair_wait_per_day"":720,""min_profit_to_override_repair"":200,""qwen_auditor_numeric"":0,""repair_end_day"":31,""repair_roi_threshold"":1.0,""repair_start_day"":20,""repair_value_scale"":1.0,""soft_violation_profit_threshold"":1000,""unknown_soft_risk"":0.25,""verified_penalty_scale"":0.5,""wait_repair_strength"":0.3}","{""CROWN_FUSE_ALREADY_FAILED_DISCOUNT"":""0.5"",""CROWN_FUSE_AUDITOR_NUMERIC"":""0"",""CROWN_FUSE_CAP_DISCOUNT"":""0.25"",""CROWN_FUSE_ENABLE_TARGETED_REPAIR"":""1"",""CROWN_FUSE_GROSS_FLOOR_CURVE"":""mild"",""CROWN_FUSE_LOST_GROSS_CAP"":""2000"",""CROWN_FUSE_MAX_REPAIR_WAIT_PER_DAY"":""720"",""CROWN_FUSE_MIN_PROFIT_TO_OVERRIDE_REPAIR"":""200"",""CROWN_FUSE_REPAIR_END_DAY"":""31"",""CROWN_FUSE_REPAIR_ROI_THRESHOLD"":""1.0"",""CROWN_FUSE_REPAIR_START_DAY"":""20"",""CROWN_FUSE_REPAIR_VALUE_SCALE"":""1.0"",""CROWN_FUSE_SOFT_VIOLATION_PROFIT_THRESHOLD"":""1000"",""CROWN_FUSE_UNKNOWN_SOFT_RISK"":""0.25"",""CROWN_FUSE_VERIFIED_PENALTY_SCALE"":""0.5"",""CROWN_FUSE_WAIT_REPAIR_STRENGTH"":""0.3""}",Executed Fuse targeted repair grid row.,existing run summarized: runs\fuse\search\20260529\trial_080,0,,,,TRIAL,trial_080,a09b32a9a6ff,runs/fuse/search/20260529/trial_080,0,0,0.0,0.0,0,0,252,0.0,0.0,0,0,0.0,,false,false,false,false,
TRIAL,trial_081,fuse_targeted_repair,20260529,31,runs/fuse/search/20260529/trial_081,EXECUTED,5067.69,60293.77,17086.08,43207.69,38140.0,0.0,0.0,0.0,5067.69,True,89,163,0,3306,37.15,10,499,509,242,741,0,0,0,0,0,0,0,0,0,0,0,0,0,0,0,0,0,-7440.46,kill_below_b0_or_no_penalty_gain,"{""already_failed_discount"":0.25,""cap_discount"":0.5,""gross_floor_curve"":""off"",""lost_gross_cap"":2000,""max_repair_wait_per_day"":120,""min_profit_to_override_repair"":350,""qwen_auditor_numeric"":0,""repair_end_day"":24,""repair_roi_threshold"":2.0,""repair_start_day"":8,""repair_value_scale"":0.75,""soft_violation_profit_threshold"":200,""unknown_soft_risk"":0.1,""verified_penalty_scale"":1.0,""wait_repair_strength"":0.1}","{""CROWN_FUSE_ALREADY_FAILED_DISCOUNT"":""0.25"",""CROWN_FUSE_AUDITOR_NUMERIC"":""0"",""CROWN_FUSE_CAP_DISCOUNT"":""0.5"",""CROWN_FUSE_ENABLE_TARGETED_REPAIR"":""1"",""CROWN_FUSE_GROSS_FLOOR_CURVE"":""off"",""CROWN_FUSE_LOST_GROSS_CAP"":""2000"",""CROWN_FUSE_MAX_REPAIR_WAIT_PER_DAY"":""120"",""CROWN_FUSE_MIN_PROFIT_TO_OVERRIDE_REPAIR"":""350"",""CROWN_FUSE_REPAIR_END_DAY"":""24"",""CROWN_FUSE_REPAIR_ROI_THRESHOLD"":""2.0"",""CROWN_FUSE_REPAIR_START_DAY"":""8"",""CROWN_FUSE_REPAIR_VALUE_SCALE"":""0.75"",""CROWN_FUSE_SOFT_VIOLATION_PROFIT_THRESHOLD"":""200"",""CROWN_FUSE_UNKNOWN_SOFT_RISK"":""0.1"",""CROWN_FUSE_VERIFIED_PENALTY_SCALE"":""1.0"",""CROWN_FUSE_WAIT_REPAIR_STRENGTH"":""0.1""}",Executed Fuse targeted repair grid row.,existing run summarized: runs\fuse\search\20260529\trial_081,0,,,,TRIAL,trial_081,a346a0e57479,runs/fuse/search/20260529/trial_081,0,0,0.0,0.0,0,0,252,0.0,0.0,0,0,0.0,,false,false,false,false,
TRIAL,trial_082,fuse_targeted_repair,20260529,31,runs/fuse/search/20260529/trial_082,EXECUTED,5067.69,60293.77,17086.08,43207.69,38140.0,0.0,0.0,0.0,5067.69,True,89,163,0,3306,37.15,10,499,509,242,741,0,0,0,0,0,0,0,0,0,0,0,0,0,0,0,0,0,-7440.46,kill_below_b0_or_no_penalty_gain,"{""already_failed_discount"":0.0,""cap_discount"":1.0,""gross_floor_curve"":""strong"",""lost_gross_cap"":2000,""max_repair_wait_per_day"":720,""min_profit_to_override_repair"":600,""qwen_auditor_numeric"":0,""repair_end_day"":31,""repair_roi_threshold"":0.8,""repair_start_day"":15,""repair_value_scale"":0.5,""soft_violation_profit_threshold"":500,""unknown_soft_risk"":0.05,""verified_penalty_scale"":0.75,""wait_repair_strength"":0.75}","{""CROWN_FUSE_ALREADY_FAILED_DISCOUNT"":""0.0"",""CROWN_FUSE_AUDITOR_NUMERIC"":""0"",""CROWN_FUSE_CAP_DISCOUNT"":""1.0"",""CROWN_FUSE_ENABLE_TARGETED_REPAIR"":""1"",""CROWN_FUSE_GROSS_FLOOR_CURVE"":""strong"",""CROWN_FUSE_LOST_GROSS_CAP"":""2000"",""CROWN_FUSE_MAX_REPAIR_WAIT_PER_DAY"":""720"",""CROWN_FUSE_MIN_PROFIT_TO_OVERRIDE_REPAIR"":""600"",""CROWN_FUSE_REPAIR_END_DAY"":""31"",""CROWN_FUSE_REPAIR_ROI_THRESHOLD"":""0.8"",""CROWN_FUSE_REPAIR_START_DAY"":""15"",""CROWN_FUSE_REPAIR_VALUE_SCALE"":""0.5"",""CROWN_FUSE_SOFT_VIOLATION_PROFIT_THRESHOLD"":""500"",""CROWN_FUSE_UNKNOWN_SOFT_RISK"":""0.05"",""CROWN_FUSE_VERIFIED_PENALTY_SCALE"":""0.75"",""CROWN_FUSE_WAIT_REPAIR_STRENGTH"":""0.75""}",Executed Fuse targeted repair grid row.,existing run summarized: runs\fuse\search\20260529\trial_082,0,,,,TRIAL,trial_082,641b94c2605d,runs/fuse/search/20260529/trial_082,0,0,0.0,0.0,0,0,252,0.0,0.0,0,0,0.0,,false,false,false,false,
TRIAL,trial_083,fuse_targeted_repair,20260529,31,runs/fuse/search/20260529/trial_083,EXECUTED,5067.69,60293.77,17086.08,43207.69,38140.0,0.0,0.0,0.0,5067.69,True,89,163,0,3306,37.15,10,499,509,242,741,0,0,0,0,0,0,0,0,0,0,0,0,0,0,0,0,0,-7440.46,kill_below_b0_or_no_penalty_gain,"{""already_failed_discount"":1.0,""cap_discount"":0.0,""gross_floor_curve"":""medium"",""lost_gross_cap"":2000,""max_repair_wait_per_day"":120,""min_profit_to_override_repair"":100,""qwen_auditor_numeric"":0,""repair_end_day"":20,""repair_roi_threshold"":1.5,""repair_start_day"":1,""repair_value_scale"":0.25,""soft_violation_profit_threshold"":1000,""unknown_soft_risk"":0.25,""verified_penalty_scale"":0.5,""wait_repair_strength"":0.2}","{""CROWN_FUSE_ALREADY_FAILED_DISCOUNT"":""1.0"",""CROWN_FUSE_AUDITOR_NUMERIC"":""0"",""CROWN_FUSE_CAP_DISCOUNT"":""0.0"",""CROWN_FUSE_ENABLE_TARGETED_REPAIR"":""1"",""CROWN_FUSE_GROSS_FLOOR_CURVE"":""medium"",""CROWN_FUSE_LOST_GROSS_CAP"":""2000"",""CROWN_FUSE_MAX_REPAIR_WAIT_PER_DAY"":""120"",""CROWN_FUSE_MIN_PROFIT_TO_OVERRIDE_REPAIR"":""100"",""CROWN_FUSE_REPAIR_END_DAY"":""20"",""CROWN_FUSE_REPAIR_ROI_THRESHOLD"":""1.5"",""CROWN_FUSE_REPAIR_START_DAY"":""1"",""CROWN_FUSE_REPAIR_VALUE_SCALE"":""0.25"",""CROWN_FUSE_SOFT_VIOLATION_PROFIT_THRESHOLD"":""1000"",""CROWN_FUSE_UNKNOWN_SOFT_RISK"":""0.25"",""CROWN_FUSE_VERIFIED_PENALTY_SCALE"":""0.5"",""CROWN_FUSE_WAIT_REPAIR_STRENGTH"":""0.2""}",Executed Fuse targeted repair grid row.,existing run summarized: runs\fuse\search\20260529\trial_083,0,,,,TRIAL,trial_083,8f61584320e0,runs/fuse/search/20260529/trial_083,0,0,0.0,0.0,0,0,252,0.0,0.0,0,0,0.0,,false,false,false,false,
TRIAL,trial_084,fuse_targeted_repair,20260529,31,runs/fuse/search/20260529/trial_084,EXECUTED,5067.69,60293.77,17086.08,43207.69,38140.0,0.0,0.0,0.0,5067.69,True,89,163,0,3306,37.15,10,499,509,242,741,0,0,0,0,0,0,0,0,0,0,0,0,0,0,0,0,0,-7440.46,kill_below_b0_or_no_penalty_gain,"{""already_failed_discount"":0.5,""cap_discount"":0.25,""gross_floor_curve"":""mild"",""lost_gross_cap"":2000,""max_repair_wait_per_day"":720,""min_profit_to_override_repair"":200,""qwen_auditor_numeric"":0,""repair_end_day"":28,""repair_roi_threshold"":3.0,""repair_start_day"":12,""repair_value_scale"":1.0,""soft_violation_profit_threshold"":200,""unknown_soft_risk"":0.1,""verified_penalty_scale"":1.0,""wait_repair_strength"":0.05}","{""CROWN_FUSE_ALREADY_FAILED_DISCOUNT"":""0.5"",""CROWN_FUSE_AUDITOR_NUMERIC"":""0"",""CROWN_FUSE_CAP_DISCOUNT"":""0.25"",""CROWN_FUSE_ENABLE_TARGETED_REPAIR"":""1"",""CROWN_FUSE_GROSS_FLOOR_CURVE"":""mild"",""CROWN_FUSE_LOST_GROSS_CAP"":""2000"",""CROWN_FUSE_MAX_REPAIR_WAIT_PER_DAY"":""720"",""CROWN_FUSE_MIN_PROFIT_TO_OVERRIDE_REPAIR"":""200"",""CROWN_FUSE_REPAIR_END_DAY"":""28"",""CROWN_FUSE_REPAIR_ROI_THRESHOLD"":""3.0"",""CROWN_FUSE_REPAIR_START_DAY"":""12"",""CROWN_FUSE_REPAIR_VALUE_SCALE"":""1.0"",""CROWN_FUSE_SOFT_VIOLATION_PROFIT_THRESHOLD"":""200"",""CROWN_FUSE_UNKNOWN_SOFT_RISK"":""0.1"",""CROWN_FUSE_VERIFIED_PENALTY_SCALE"":""1.0"",""CROWN_FUSE_WAIT_REPAIR_STRENGTH"":""0.05""}",Executed Fuse targeted repair grid row.,existing run summarized: runs\fuse\search\20260529\trial_084,0,,,,TRIAL,trial_084,22ed7201c955,runs/fuse/search/20260529/trial_084,0,0,0.0,0.0,0,0,252,0.0,0.0,0,0,0.0,,false,false,false,false,
TRIAL,trial_085,fuse_targeted_repair,20260529,31,runs/fuse/search/20260529/trial_085,EXECUTED,5067.69,60293.77,17086.08,43207.69,38140.0,0.0,0.0,0.0,5067.69,True,89,163,0,3306,37.15,10,499,509,242,741,0,0,0,0,0,0,0,0,0,0,0,0,0,0,0,0,0,-7440.46,kill_below_b0_or_no_penalty_gain,"{""already_failed_discount"":0.25,""cap_discount"":0.5,""gross_floor_curve"":""off"",""lost_gross_cap"":2000,""max_repair_wait_per_day"":120,""min_profit_to_override_repair"":350,""qwen_auditor_numeric"":0,""repair_end_day"":31,""repair_roi_threshold"":1.0,""repair_start_day"":20,""repair_value_scale"":0.75,""soft_violation_profit_threshold"":500,""unknown_soft_risk"":0.05,""verified_penalty_scale"":0.75,""wait_repair_strength"":0.5}","{""CROWN_FUSE_ALREADY_FAILED_DISCOUNT"":""0.25"",""CROWN_FUSE_AUDITOR_NUMERIC"":""0"",""CROWN_FUSE_CAP_DISCOUNT"":""0.5"",""CROWN_FUSE_ENABLE_TARGETED_REPAIR"":""1"",""CROWN_FUSE_GROSS_FLOOR_CURVE"":""off"",""CROWN_FUSE_LOST_GROSS_CAP"":""2000"",""CROWN_FUSE_MAX_REPAIR_WAIT_PER_DAY"":""120"",""CROWN_FUSE_MIN_PROFIT_TO_OVERRIDE_REPAIR"":""350"",""CROWN_FUSE_REPAIR_END_DAY"":""31"",""CROWN_FUSE_REPAIR_ROI_THRESHOLD"":""1.0"",""CROWN_FUSE_REPAIR_START_DAY"":""20"",""CROWN_FUSE_REPAIR_VALUE_SCALE"":""0.75"",""CROWN_FUSE_SOFT_VIOLATION_PROFIT_THRESHOLD"":""500"",""CROWN_FUSE_UNKNOWN_SOFT_RISK"":""0.05"",""CROWN_FUSE_VERIFIED_PENALTY_SCALE"":""0.75"",""CROWN_FUSE_WAIT_REPAIR_STRENGTH"":""0.5""}",Executed Fuse targeted repair grid row.,existing run summarized: runs\fuse\search\20260529\trial_085,0,,,,TRIAL,trial_085,c40c3ac6ba54,runs/fuse/search/20260529/trial_085,0,0,0.0,0.0,0,0,252,0.0,0.0,0,0,0.0,,false,false,false,false,
TRIAL,trial_086,fuse_targeted_repair,20260529,31,runs/fuse/search/20260529/trial_086,EXECUTED,5067.69,60293.77,17086.08,43207.69,38140.0,0.0,0.0,0.0,5067.69,True,89,163,0,3306,37.15,10,499,509,242,741,0,0,0,0,0,0,0,0,0,0,0,0,0,0,0,0,0,-7440.46,kill_below_b0_or_no_penalty_gain,"{""already_failed_discount"":0.0,""cap_discount"":1.0,""gross_floor_curve"":""strong"",""lost_gross_cap"":2000,""max_repair_wait_per_day"":720,""min_profit_to_override_repair"":600,""qwen_auditor_numeric"":0,""repair_end_day"":24,""repair_roi_threshold"":2.0,""repair_start_day"":8,""repair_value_scale"":0.5,""soft_violation_profit_threshold"":1000,""unknown_soft_risk"":0.25,""verified_penalty_scale"":0.5,""wait_repair_strength"":0.15}","{""CROWN_FUSE_ALREADY_FAILED_DISCOUNT"":""0.0"",""CROWN_FUSE_AUDITOR_NUMERIC"":""0"",""CROWN_FUSE_CAP_DISCOUNT"":""1.0"",""CROWN_FUSE_ENABLE_TARGETED_REPAIR"":""1"",""CROWN_FUSE_GROSS_FLOOR_CURVE"":""strong"",""CROWN_FUSE_LOST_GROSS_CAP"":""2000"",""CROWN_FUSE_MAX_REPAIR_WAIT_PER_DAY"":""720"",""CROWN_FUSE_MIN_PROFIT_TO_OVERRIDE_REPAIR"":""600"",""CROWN_FUSE_REPAIR_END_DAY"":""24"",""CROWN_FUSE_REPAIR_ROI_THRESHOLD"":""2.0"",""CROWN_FUSE_REPAIR_START_DAY"":""8"",""CROWN_FUSE_REPAIR_VALUE_SCALE"":""0.5"",""CROWN_FUSE_SOFT_VIOLATION_PROFIT_THRESHOLD"":""1000"",""CROWN_FUSE_UNKNOWN_SOFT_RISK"":""0.25"",""CROWN_FUSE_VERIFIED_PENALTY_SCALE"":""0.5"",""CROWN_FUSE_WAIT_REPAIR_STRENGTH"":""0.15""}",Executed Fuse targeted repair grid row.,existing run summarized: runs\fuse\search\20260529\trial_086,0,,,,TRIAL,trial_086,7cf4ee694e13,runs/fuse/search/20260529/trial_086,0,0,0.0,0.0,0,0,252,0.0,0.0,0,0,0.0,,false,false,false,false,
TRIAL,trial_087,fuse_targeted_repair,20260529,31,runs/fuse/search/20260529/trial_087,EXECUTED,5067.69,60293.77,17086.08,43207.69,38140.0,0.0,0.0,0.0,5067.69,True,89,163,0,3306,37.15,10,499,509,242,741,0,0,0,0,0,0,0,0,0,0,0,0,0,0,0,0,0,-7440.46,kill_below_b0_or_no_penalty_gain,"{""already_failed_discount"":1.0,""cap_discount"":0.0,""gross_floor_curve"":""medium"",""lost_gross_cap"":2000,""max_repair_wait_per_day"":120,""min_profit_to_override_repair"":100,""qwen_auditor_numeric"":0,""repair_end_day"":31,""repair_roi_threshold"":0.8,""repair_start_day"":15,""repair_value_scale"":0.25,""soft_violation_profit_threshold"":200,""unknown_soft_risk"":0.1,""verified_penalty_scale"":1.0,""wait_repair_strength"":1.0}","{""CROWN_FUSE_ALREADY_FAILED_DISCOUNT"":""1.0"",""CROWN_FUSE_AUDITOR_NUMERIC"":""0"",""CROWN_FUSE_CAP_DISCOUNT"":""0.0"",""CROWN_FUSE_ENABLE_TARGETED_REPAIR"":""1"",""CROWN_FUSE_GROSS_FLOOR_CURVE"":""medium"",""CROWN_FUSE_LOST_GROSS_CAP"":""2000"",""CROWN_FUSE_MAX_REPAIR_WAIT_PER_DAY"":""120"",""CROWN_FUSE_MIN_PROFIT_TO_OVERRIDE_REPAIR"":""100"",""CROWN_FUSE_REPAIR_END_DAY"":""31"",""CROWN_FUSE_REPAIR_ROI_THRESHOLD"":""0.8"",""CROWN_FUSE_REPAIR_START_DAY"":""15"",""CROWN_FUSE_REPAIR_VALUE_SCALE"":""0.25"",""CROWN_FUSE_SOFT_VIOLATION_PROFIT_THRESHOLD"":""200"",""CROWN_FUSE_UNKNOWN_SOFT_RISK"":""0.1"",""CROWN_FUSE_VERIFIED_PENALTY_SCALE"":""1.0"",""CROWN_FUSE_WAIT_REPAIR_STRENGTH"":""1.0""}",Executed Fuse targeted repair grid row.,existing run summarized: runs\fuse\search\20260529\trial_087,0,,,,TRIAL,trial_087,f97d890fed38,runs/fuse/search/20260529/trial_087,0,0,0.0,0.0,0,0,252,0.0,0.0,0,0,0.0,,false,false,false,false,
TRIAL,trial_088,fuse_targeted_repair,20260529,31,runs/fuse/search/20260529/trial_088,EXECUTED,213.04,62573.24,18100.2,44473.04,44260.0,-4854.65,1265.35,6120.0,213.04,True,84,165,1,3301,39.3,10,494,504,240,734,0,0,0,0,0,0,0,0,0,0,0,0,0,0,0,0,0,-16558.44,kill_below_b0_or_no_penalty_gain,"{""already_failed_discount"":0.5,""cap_discount"":0.25,""gross_floor_curve"":""mild"",""lost_gross_cap"":2000,""max_repair_wait_per_day"":720,""min_profit_to_override_repair"":200,""qwen_auditor_numeric"":0,""repair_end_day"":20,""repair_roi_threshold"":1.5,""repair_start_day"":1,""repair_value_scale"":1.0,""soft_violation_profit_threshold"":500,""unknown_soft_risk"":0.05,""verified_penalty_scale"":0.75,""wait_repair_strength"":0.3}","{""CROWN_FUSE_ALREADY_FAILED_DISCOUNT"":""0.5"",""CROWN_FUSE_AUDITOR_NUMERIC"":""0"",""CROWN_FUSE_CAP_DISCOUNT"":""0.25"",""CROWN_FUSE_ENABLE_TARGETED_REPAIR"":""1"",""CROWN_FUSE_GROSS_FLOOR_CURVE"":""mild"",""CROWN_FUSE_LOST_GROSS_CAP"":""2000"",""CROWN_FUSE_MAX_REPAIR_WAIT_PER_DAY"":""720"",""CROWN_FUSE_MIN_PROFIT_TO_OVERRIDE_REPAIR"":""200"",""CROWN_FUSE_REPAIR_END_DAY"":""20"",""CROWN_FUSE_REPAIR_ROI_THRESHOLD"":""1.5"",""CROWN_FUSE_REPAIR_START_DAY"":""1"",""CROWN_FUSE_REPAIR_VALUE_SCALE"":""1.0"",""CROWN_FUSE_SOFT_VIOLATION_PROFIT_THRESHOLD"":""500"",""CROWN_FUSE_UNKNOWN_SOFT_RISK"":""0.05"",""CROWN_FUSE_VERIFIED_PENALTY_SCALE"":""0.75"",""CROWN_FUSE_WAIT_REPAIR_STRENGTH"":""0.3""}",Executed Fuse targeted repair grid row.,existing run summarized: runs\fuse\search\20260529\trial_088,0,,,,TRIAL,trial_088,6e98f0f6e888,runs/fuse/search/20260529/trial_088,2,1440,1440.0,1440.0,1440,2,247,-4854.65,6120.0,0,0,0.0,,false,false,false,false,
TRIAL,trial_089,fuse_targeted_repair,20260529,31,runs/fuse/search/20260529/trial_089,EXECUTED,5067.69,60293.77,17086.08,43207.69,38140.0,0.0,0.0,0.0,5067.69,True,89,163,0,3306,37.15,10,499,509,242,741,0,0,0,0,0,0,0,0,0,0,0,0,0,0,0,0,0,-7440.46,kill_below_b0_or_no_penalty_gain,"{""already_failed_discount"":0.25,""cap_discount"":0.5,""gross_floor_curve"":""off"",""lost_gross_cap"":2000,""max_repair_wait_per_day"":120,""min_profit_to_override_repair"":350,""qwen_auditor_numeric"":0,""repair_end_day"":28,""repair_roi_threshold"":3.0,""repair_start_day"":12,""repair_value_scale"":0.75,""soft_violation_profit_threshold"":1000,""unknown_soft_risk"":0.25,""verified_penalty_scale"":0.5,""wait_repair_strength"":0.1}","{""CROWN_FUSE_ALREADY_FAILED_DISCOUNT"":""0.25"",""CROWN_FUSE_AUDITOR_NUMERIC"":""0"",""CROWN_FUSE_CAP_DISCOUNT"":""0.5"",""CROWN_FUSE_ENABLE_TARGETED_REPAIR"":""1"",""CROWN_FUSE_GROSS_FLOOR_CURVE"":""off"",""CROWN_FUSE_LOST_GROSS_CAP"":""2000"",""CROWN_FUSE_MAX_REPAIR_WAIT_PER_DAY"":""120"",""CROWN_FUSE_MIN_PROFIT_TO_OVERRIDE_REPAIR"":""350"",""CROWN_FUSE_REPAIR_END_DAY"":""28"",""CROWN_FUSE_REPAIR_ROI_THRESHOLD"":""3.0"",""CROWN_FUSE_REPAIR_START_DAY"":""12"",""CROWN_FUSE_REPAIR_VALUE_SCALE"":""0.75"",""CROWN_FUSE_SOFT_VIOLATION_PROFIT_THRESHOLD"":""1000"",""CROWN_FUSE_UNKNOWN_SOFT_RISK"":""0.25"",""CROWN_FUSE_VERIFIED_PENALTY_SCALE"":""0.5"",""CROWN_FUSE_WAIT_REPAIR_STRENGTH"":""0.1""}",Executed Fuse targeted repair grid row.,existing run summarized: runs\fuse\search\20260529\trial_089,0,,,,TRIAL,trial_089,92e9d91ed13b,runs/fuse/search/20260529/trial_089,0,0,0.0,0.0,0,0,252,0.0,0.0,0,0,0.0,,false,false,false,false,
TRIAL,trial_090,fuse_targeted_repair,20260529,31,runs/fuse/search/20260529/trial_090,EXECUTED,5067.69,60293.77,17086.08,43207.69,38140.0,0.0,0.0,0.0,5067.69,True,89,163,0,3306,37.15,10,499,509,242,741,0,0,0,0,0,0,0,0,0,0,0,0,0,0,0,0,0,-7440.46,kill_below_b0_or_no_penalty_gain,"{""already_failed_discount"":0.0,""cap_discount"":1.0,""gross_floor_curve"":""strong"",""lost_gross_cap"":2000,""max_repair_wait_per_day"":720,""min_profit_to_override_repair"":600,""qwen_auditor_numeric"":0,""repair_end_day"":31,""repair_roi_threshold"":1.0,""repair_start_day"":20,""repair_value_scale"":0.5,""soft_violation_profit_threshold"":200,""unknown_soft_risk"":0.1,""verified_penalty_scale"":1.0,""wait_repair_strength"":0.75}","{""CROWN_FUSE_ALREADY_FAILED_DISCOUNT"":""0.0"",""CROWN_FUSE_AUDITOR_NUMERIC"":""0"",""CROWN_FUSE_CAP_DISCOUNT"":""1.0"",""CROWN_FUSE_ENABLE_TARGETED_REPAIR"":""1"",""CROWN_FUSE_GROSS_FLOOR_CURVE"":""strong"",""CROWN_FUSE_LOST_GROSS_CAP"":""2000"",""CROWN_FUSE_MAX_REPAIR_WAIT_PER_DAY"":""720"",""CROWN_FUSE_MIN_PROFIT_TO_OVERRIDE_REPAIR"":""600"",""CROWN_FUSE_REPAIR_END_DAY"":""31"",""CROWN_FUSE_REPAIR_ROI_THRESHOLD"":""1.0"",""CROWN_FUSE_REPAIR_START_DAY"":""20"",""CROWN_FUSE_REPAIR_VALUE_SCALE"":""0.5"",""CROWN_FUSE_SOFT_VIOLATION_PROFIT_THRESHOLD"":""200"",""CROWN_FUSE_UNKNOWN_SOFT_RISK"":""0.1"",""CROWN_FUSE_VERIFIED_PENALTY_SCALE"":""1.0"",""CROWN_FUSE_WAIT_REPAIR_STRENGTH"":""0.75""}",Executed Fuse targeted repair grid row.,existing run summarized: runs\fuse\search\20260529\trial_090,0,,,,TRIAL,trial_090,1d458267a2b4,runs/fuse/search/20260529/trial_090,0,0,0.0,0.0,0,0,252,0.0,0.0,0,0,0.0,,false,false,false,false,
TRIAL,trial_091,fuse_targeted_repair,20260529,31,runs/fuse/search/20260529/trial_091,EXECUTED,5067.69,60293.77,17086.08,43207.69,38140.0,0.0,0.0,0.0,5067.69,True,89,163,0,3306,37.15,10,499,509,242,741,0,0,0,0,0,0,0,0,0,0,0,0,0,0,0,0,0,-7440.46,kill_below_b0_or_no_penalty_gain,"{""already_failed_discount"":1.0,""cap_discount"":0.0,""gross_floor_curve"":""medium"",""lost_gross_cap"":2000,""max_repair_wait_per_day"":120,""min_profit_to_override_repair"":100,""qwen_auditor_numeric"":0,""repair_end_day"":24,""repair_roi_threshold"":2.0,""repair_start_day"":8,""repair_value_scale"":0.25,""soft_violation_profit_threshold"":500,""unknown_soft_risk"":0.05,""verified_penalty_scale"":0.75,""wait_repair_strength"":0.2}","{""CROWN_FUSE_ALREADY_FAILED_DISCOUNT"":""1.0"",""CROWN_FUSE_AUDITOR_NUMERIC"":""0"",""CROWN_FUSE_CAP_DISCOUNT"":""0.0"",""CROWN_FUSE_ENABLE_TARGETED_REPAIR"":""1"",""CROWN_FUSE_GROSS_FLOOR_CURVE"":""medium"",""CROWN_FUSE_LOST_GROSS_CAP"":""2000"",""CROWN_FUSE_MAX_REPAIR_WAIT_PER_DAY"":""120"",""CROWN_FUSE_MIN_PROFIT_TO_OVERRIDE_REPAIR"":""100"",""CROWN_FUSE_REPAIR_END_DAY"":""24"",""CROWN_FUSE_REPAIR_ROI_THRESHOLD"":""2.0"",""CROWN_FUSE_REPAIR_START_DAY"":""8"",""CROWN_FUSE_REPAIR_VALUE_SCALE"":""0.25"",""CROWN_FUSE_SOFT_VIOLATION_PROFIT_THRESHOLD"":""500"",""CROWN_FUSE_UNKNOWN_SOFT_RISK"":""0.05"",""CROWN_FUSE_VERIFIED_PENALTY_SCALE"":""0.75"",""CROWN_FUSE_WAIT_REPAIR_STRENGTH"":""0.2""}",Executed Fuse targeted repair grid row.,existing run summarized: runs\fuse\search\20260529\trial_091,0,,,,TRIAL,trial_091,0a07a045c112,runs/fuse/search/20260529/trial_091,0,0,0.0,0.0,0,0,252,0.0,0.0,0,0,0.0,,false,false,false,false,
TRIAL,trial_092,fuse_targeted_repair,20260529,31,runs/fuse/search/20260529/trial_092,EXECUTED,5067.69,60293.77,17086.08,43207.69,38140.0,0.0,0.0,0.0,5067.69,True,89,163,0,3306,37.15,10,499,509,242,741,0,0,0,0,0,0,0,0,0,0,0,0,0,0,0,0,0,-7440.46,kill_below_b0_or_no_penalty_gain,"{""already_failed_discount"":0.5,""cap_discount"":0.25,""gross_floor_curve"":""mild"",""lost_gross_cap"":2000,""max_repair_wait_per_day"":720,""min_profit_to_override_repair"":200,""qwen_auditor_numeric"":0,""repair_end_day"":31,""repair_roi_threshold"":0.8,""repair_start_day"":15,""repair_value_scale"":1.0,""soft_violation_profit_threshold"":1000,""unknown_soft_risk"":0.25,""verified_penalty_scale"":0.5,""wait_repair_strength"":0.05}","{""CROWN_FUSE_ALREADY_FAILED_DISCOUNT"":""0.5"",""CROWN_FUSE_AUDITOR_NUMERIC"":""0"",""CROWN_FUSE_CAP_DISCOUNT"":""0.25"",""CROWN_FUSE_ENABLE_TARGETED_REPAIR"":""1"",""CROWN_FUSE_GROSS_FLOOR_CURVE"":""mild"",""CROWN_FUSE_LOST_GROSS_CAP"":""2000"",""CROWN_FUSE_MAX_REPAIR_WAIT_PER_DAY"":""720"",""CROWN_FUSE_MIN_PROFIT_TO_OVERRIDE_REPAIR"":""200"",""CROWN_FUSE_REPAIR_END_DAY"":""31"",""CROWN_FUSE_REPAIR_ROI_THRESHOLD"":""0.8"",""CROWN_FUSE_REPAIR_START_DAY"":""15"",""CROWN_FUSE_REPAIR_VALUE_SCALE"":""1.0"",""CROWN_FUSE_SOFT_VIOLATION_PROFIT_THRESHOLD"":""1000"",""CROWN_FUSE_UNKNOWN_SOFT_RISK"":""0.25"",""CROWN_FUSE_VERIFIED_PENALTY_SCALE"":""0.5"",""CROWN_FUSE_WAIT_REPAIR_STRENGTH"":""0.05""}",Executed Fuse targeted repair grid row.,existing run summarized: runs\fuse\search\20260529\trial_092,0,,,,TRIAL,trial_092,73a99af386ed,runs/fuse/search/20260529/trial_092,0,0,0.0,0.0,0,0,252,0.0,0.0,0,0,0.0,,false,false,false,false,
TRIAL,trial_093,fuse_targeted_repair,20260529,31,runs/fuse/search/20260529/trial_093,EXECUTED,5067.69,60293.77,17086.08,43207.69,38140.0,0.0,0.0,0.0,5067.69,True,89,163,0,3306,37.15,10,499,509,242,741,0,0,0,0,0,0,0,0,0,0,0,0,0,0,0,0,0,-7440.46,kill_below_b0_or_no_penalty_gain,"{""already_failed_discount"":0.25,""cap_discount"":0.5,""gross_floor_curve"":""off"",""lost_gross_cap"":2000,""max_repair_wait_per_day"":120,""min_profit_to_override_repair"":350,""qwen_auditor_numeric"":0,""repair_end_day"":20,""repair_roi_threshold"":1.5,""repair_start_day"":1,""repair_value_scale"":0.75,""soft_violation_profit_threshold"":200,""unknown_soft_risk"":0.1,""verified_penalty_scale"":1.0,""wait_repair_strength"":0.5}","{""CROWN_FUSE_ALREADY_FAILED_DISCOUNT"":""0.25"",""CROWN_FUSE_AUDITOR_NUMERIC"":""0"",""CROWN_FUSE_CAP_DISCOUNT"":""0.5"",""CROWN_FUSE_ENABLE_TARGETED_REPAIR"":""1"",""CROWN_FUSE_GROSS_FLOOR_CURVE"":""off"",""CROWN_FUSE_LOST_GROSS_CAP"":""2000"",""CROWN_FUSE_MAX_REPAIR_WAIT_PER_DAY"":""120"",""CROWN_FUSE_MIN_PROFIT_TO_OVERRIDE_REPAIR"":""350"",""CROWN_FUSE_REPAIR_END_DAY"":""20"",""CROWN_FUSE_REPAIR_ROI_THRESHOLD"":""1.5"",""CROWN_FUSE_REPAIR_START_DAY"":""1"",""CROWN_FUSE_REPAIR_VALUE_SCALE"":""0.75"",""CROWN_FUSE_SOFT_VIOLATION_PROFIT_THRESHOLD"":""200"",""CROWN_FUSE_UNKNOWN_SOFT_RISK"":""0.1"",""CROWN_FUSE_VERIFIED_PENALTY_SCALE"":""1.0"",""CROWN_FUSE_WAIT_REPAIR_STRENGTH"":""0.5""}",Executed Fuse targeted repair grid row.,existing run summarized: runs\fuse\search\20260529\trial_093,0,,,,TRIAL,trial_093,e3f3f13c862b,runs/fuse/search/20260529/trial_093,0,0,0.0,0.0,0,0,252,0.0,0.0,0,0,0.0,,false,false,false,false,
TRIAL,trial_094,fuse_targeted_repair,20260529,31,runs/fuse/search/20260529/trial_094,EXECUTED,5067.69,60293.77,17086.08,43207.69,38140.0,0.0,0.0,0.0,5067.69,True,89,163,0,3306,37.15,11,499,510,242,741,0,0,0,0,0,0,0,0,0,0,0,0,0,0,0,0,0,-7440.46,kill_below_b0_or_no_penalty_gain,"{""already_failed_discount"":0.0,""cap_discount"":1.0,""gross_floor_curve"":""strong"",""lost_gross_cap"":2000,""max_repair_wait_per_day"":720,""min_profit_to_override_repair"":600,""qwen_auditor_numeric"":0,""repair_end_day"":28,""repair_roi_threshold"":3.0,""repair_start_day"":12,""repair_value_scale"":0.5,""soft_violation_profit_threshold"":500,""unknown_soft_risk"":0.05,""verified_penalty_scale"":0.75,""wait_repair_strength"":0.15}","{""CROWN_FUSE_ALREADY_FAILED_DISCOUNT"":""0.0"",""CROWN_FUSE_AUDITOR_NUMERIC"":""0"",""CROWN_FUSE_CAP_DISCOUNT"":""1.0"",""CROWN_FUSE_ENABLE_TARGETED_REPAIR"":""1"",""CROWN_FUSE_GROSS_FLOOR_CURVE"":""strong"",""CROWN_FUSE_LOST_GROSS_CAP"":""2000"",""CROWN_FUSE_MAX_REPAIR_WAIT_PER_DAY"":""720"",""CROWN_FUSE_MIN_PROFIT_TO_OVERRIDE_REPAIR"":""600"",""CROWN_FUSE_REPAIR_END_DAY"":""28"",""CROWN_FUSE_REPAIR_ROI_THRESHOLD"":""3.0"",""CROWN_FUSE_REPAIR_START_DAY"":""12"",""CROWN_FUSE_REPAIR_VALUE_SCALE"":""0.5"",""CROWN_FUSE_SOFT_VIOLATION_PROFIT_THRESHOLD"":""500"",""CROWN_FUSE_UNKNOWN_SOFT_RISK"":""0.05"",""CROWN_FUSE_VERIFIED_PENALTY_SCALE"":""0.75"",""CROWN_FUSE_WAIT_REPAIR_STRENGTH"":""0.15""}",Executed Fuse targeted repair grid row.,C:\Anaconda3\python.exe tools/run_local_eval.py --simulation-days 31 --variant fuse_targeted_repair --results-dir runs\fuse\search\20260529\trial_094 --data-dir C:\budostudy\only_for_codex\thelatstcargo\demo\server\data,0,2026-06-03T14:11:28,2026-06-03T14:19:01,453.0,TRIAL,trial_094,00d68c3e9e65,runs/fuse/search/20260529/trial_094,0,0,0.0,0.0,0,0,252,0.0,0.0,0,0,0.0,,false,false,false,false,
TRIAL,trial_095,fuse_targeted_repair,20260529,31,runs/fuse/search/20260529/trial_095,EXECUTED,-2040.31,61293.0,17633.31,43659.69,45700.0,-7108.0,452.0,7560.0,-2040.31,True,92,178,0,3291,35.77,11,516,527,241,757,0,0,0,0,0,0,0,0,0,0,0,0,0,0,0,0,0,-20370.46,kill_below_b0_or_no_penalty_gain,"{""already_failed_discount"":1.0,""cap_discount"":0.0,""gross_floor_curve"":""medium"",""lost_gross_cap"":2000,""max_repair_wait_per_day"":120,""min_profit_to_override_repair"":100,""qwen_auditor_numeric"":0,""repair_end_day"":31,""repair_roi_threshold"":1.0,""repair_start_day"":20,""repair_value_scale"":0.25,""soft_violation_profit_threshold"":1000,""unknown_soft_risk"":0.25,""verified_penalty_scale"":0.5,""wait_repair_strength"":1.0}","{""CROWN_FUSE_ALREADY_FAILED_DISCOUNT"":""1.0"",""CROWN_FUSE_AUDITOR_NUMERIC"":""0"",""CROWN_FUSE_CAP_DISCOUNT"":""0.0"",""CROWN_FUSE_ENABLE_TARGETED_REPAIR"":""1"",""CROWN_FUSE_GROSS_FLOOR_CURVE"":""medium"",""CROWN_FUSE_LOST_GROSS_CAP"":""2000"",""CROWN_FUSE_MAX_REPAIR_WAIT_PER_DAY"":""120"",""CROWN_FUSE_MIN_PROFIT_TO_OVERRIDE_REPAIR"":""100"",""CROWN_FUSE_REPAIR_END_DAY"":""31"",""CROWN_FUSE_REPAIR_ROI_THRESHOLD"":""1.0"",""CROWN_FUSE_REPAIR_START_DAY"":""20"",""CROWN_FUSE_REPAIR_VALUE_SCALE"":""0.25"",""CROWN_FUSE_SOFT_VIOLATION_PROFIT_THRESHOLD"":""1000"",""CROWN_FUSE_UNKNOWN_SOFT_RISK"":""0.25"",""CROWN_FUSE_VERIFIED_PENALTY_SCALE"":""0.5"",""CROWN_FUSE_WAIT_REPAIR_STRENGTH"":""1.0""}",Executed Fuse targeted repair grid row.,C:\Anaconda3\python.exe tools/run_local_eval.py --simulation-days 31 --variant fuse_targeted_repair --results-dir runs\fuse\search\20260529\trial_095 --data-dir C:\budostudy\only_for_codex\thelatstcargo\demo\server\data,0,2026-06-03T14:19:01,2026-06-03T14:26:25,443.61,TRIAL,trial_095,9a624b72044a,runs/fuse/search/20260529/trial_095,4,0,0.0,0.0,0,4,247,-7108.0,7560.0,0,0,0.0,,false,false,false,false,
TRIAL,trial_096,fuse_targeted_repair,20260529,31,runs/fuse/search/20260529/trial_096,EXECUTED,-22803.14,66433.63,19736.78,46696.85,69500.0,-27870.83,3489.16,31360.0,-22803.15,True,100,150,0,2981,29.81,11,476,487,224,700,0,0,0,0,0,0,0,0,0,0,0,0,0,0,0,0,0,-58654.71,kill_below_b0_or_no_penalty_gain,"{""already_failed_discount"":0.5,""cap_discount"":0.25,""gross_floor_curve"":""mild"",""lost_gross_cap"":2000,""max_repair_wait_per_day"":720,""min_profit_to_override_repair"":200,""qwen_auditor_numeric"":0,""repair_end_day"":24,""repair_roi_threshold"":2.0,""repair_start_day"":8,""repair_value_scale"":1.0,""soft_violation_profit_threshold"":200,""unknown_soft_risk"":0.1,""verified_penalty_scale"":1.0,""wait_repair_strength"":0.3}","{""CROWN_FUSE_ALREADY_FAILED_DISCOUNT"":""0.5"",""CROWN_FUSE_AUDITOR_NUMERIC"":""0"",""CROWN_FUSE_CAP_DISCOUNT"":""0.25"",""CROWN_FUSE_ENABLE_TARGETED_REPAIR"":""1"",""CROWN_FUSE_GROSS_FLOOR_CURVE"":""mild"",""CROWN_FUSE_LOST_GROSS_CAP"":""2000"",""CROWN_FUSE_MAX_REPAIR_WAIT_PER_DAY"":""720"",""CROWN_FUSE_MIN_PROFIT_TO_OVERRIDE_REPAIR"":""200"",""CROWN_FUSE_REPAIR_END_DAY"":""24"",""CROWN_FUSE_REPAIR_ROI_THRESHOLD"":""2.0"",""CROWN_FUSE_REPAIR_START_DAY"":""8"",""CROWN_FUSE_REPAIR_VALUE_SCALE"":""1.0"",""CROWN_FUSE_SOFT_VIOLATION_PROFIT_THRESHOLD"":""200"",""CROWN_FUSE_UNKNOWN_SOFT_RISK"":""0.1"",""CROWN_FUSE_VERIFIED_PENALTY_SCALE"":""1.0"",""CROWN_FUSE_WAIT_REPAIR_STRENGTH"":""0.3""}",Executed Fuse targeted repair grid row.,C:\Anaconda3\python.exe tools/run_local_eval.py --simulation-days 31 --variant fuse_targeted_repair --results-dir runs\fuse\search\20260529\trial_096 --data-dir C:\budostudy\only_for_codex\thelatstcargo\demo\server\data,0,2026-06-03T14:26:25,2026-06-03T14:33:09,404.02,TRIAL,trial_096,2b1827e06f25,runs/fuse/search/20260529/trial_096,18,0,0.0,0.0,0,18,213,-27870.83,31360.0,0,0,0.0,,false,false,false,false,
TRIAL,trial_097,fuse_targeted_repair,20260529,31,runs/fuse/search/20260529/trial_097,EXECUTED,5067.69,60293.77,17086.08,43207.69,38140.0,0.0,0.0,0.0,5067.69,True,89,163,0,3306,37.15,12,499,511,242,741,0,0,0,0,0,0,0,0,0,0,0,0,0,0,0,0,0,-7440.46,kill_below_b0_or_no_penalty_gain,"{""already_failed_discount"":0.25,""cap_discount"":0.5,""gross_floor_curve"":""off"",""lost_gross_cap"":2000,""max_repair_wait_per_day"":120,""min_profit_to_override_repair"":350,""qwen_auditor_numeric"":0,""repair_end_day"":31,""repair_roi_threshold"":0.8,""repair_start_day"":15,""repair_value_scale"":0.75,""soft_violation_profit_threshold"":500,""unknown_soft_risk"":0.05,""verified_penalty_scale"":0.75,""wait_repair_strength"":0.1}","{""CROWN_FUSE_ALREADY_FAILED_DISCOUNT"":""0.25"",""CROWN_FUSE_AUDITOR_NUMERIC"":""0"",""CROWN_FUSE_CAP_DISCOUNT"":""0.5"",""CROWN_FUSE_ENABLE_TARGETED_REPAIR"":""1"",""CROWN_FUSE_GROSS_FLOOR_CURVE"":""off"",""CROWN_FUSE_LOST_GROSS_CAP"":""2000"",""CROWN_FUSE_MAX_REPAIR_WAIT_PER_DAY"":""120"",""CROWN_FUSE_MIN_PROFIT_TO_OVERRIDE_REPAIR"":""350"",""CROWN_FUSE_REPAIR_END_DAY"":""31"",""CROWN_FUSE_REPAIR_ROI_THRESHOLD"":""0.8"",""CROWN_FUSE_REPAIR_START_DAY"":""15"",""CROWN_FUSE_REPAIR_VALUE_SCALE"":""0.75"",""CROWN_FUSE_SOFT_VIOLATION_PROFIT_THRESHOLD"":""500"",""CROWN_FUSE_UNKNOWN_SOFT_RISK"":""0.05"",""CROWN_FUSE_VERIFIED_PENALTY_SCALE"":""0.75"",""CROWN_FUSE_WAIT_REPAIR_STRENGTH"":""0.1""}",Executed Fuse targeted repair grid row.,C:\Anaconda3\python.exe tools/run_local_eval.py --simulation-days 31 --variant fuse_targeted_repair --results-dir runs\fuse\search\20260529\trial_097 --data-dir C:\budostudy\only_for_codex\thelatstcargo\demo\server\data,0,2026-06-03T14:33:09,2026-06-03T14:40:21,431.19,TRIAL,trial_097,6ed8cccb986f,runs/fuse/search/20260529/trial_097,0,0,0.0,0.0,0,0,252,0.0,0.0,0,0,0.0,,false,false,false,false,
TRIAL,trial_098,fuse_targeted_repair,20260529,31,runs/fuse/search/20260529/trial_098,EXECUTED,-24899.71,69793.44,20433.15,49360.29,74260.0,-29967.4,6152.6,36120.0,-24899.71,True,103,131,0,2986,28.99,11,463,474,224,687,0,0,0,0,0,0,0,0,0,0,0,0,0,0,0,0,0,-63227.57,kill_below_b0_or_no_penalty_gain,"{""already_failed_discount"":0.0,""cap_discount"":1.0,""gross_floor_curve"":""strong"",""lost_gross_cap"":2000,""max_repair_wait_per_day"":720,""min_profit_to_override_repair"":600,""qwen_auditor_numeric"":0,""repair_end_day"":20,""repair_roi_threshold"":1.5,""repair_start_day"":1,""repair_value_scale"":0.5,""soft_violation_profit_threshold"":1000,""unknown_soft_risk"":0.25,""verified_penalty_scale"":0.5,""wait_repair_strength"":0.75}","{""CROWN_FUSE_ALREADY_FAILED_DISCOUNT"":""0.0"",""CROWN_FUSE_AUDITOR_NUMERIC"":""0"",""CROWN_FUSE_CAP_DISCOUNT"":""1.0"",""CROWN_FUSE_ENABLE_TARGETED_REPAIR"":""1"",""CROWN_FUSE_GROSS_FLOOR_CURVE"":""strong"",""CROWN_FUSE_LOST_GROSS_CAP"":""2000"",""CROWN_FUSE_MAX_REPAIR_WAIT_PER_DAY"":""720"",""CROWN_FUSE_MIN_PROFIT_TO_OVERRIDE_REPAIR"":""600"",""CROWN_FUSE_REPAIR_END_DAY"":""20"",""CROWN_FUSE_REPAIR_ROI_THRESHOLD"":""1.5"",""CROWN_FUSE_REPAIR_START_DAY"":""1"",""CROWN_FUSE_REPAIR_VALUE_SCALE"":""0.5"",""CROWN_FUSE_SOFT_VIOLATION_PROFIT_THRESHOLD"":""1000"",""CROWN_FUSE_UNKNOWN_SOFT_RISK"":""0.25"",""CROWN_FUSE_VERIFIED_PENALTY_SCALE"":""0.5"",""CROWN_FUSE_WAIT_REPAIR_STRENGTH"":""0.75""}",Executed Fuse targeted repair grid row.,C:\Anaconda3\python.exe tools/run_local_eval.py --simulation-days 31 --variant fuse_targeted_repair --results-dir runs\fuse\search\20260529\trial_098 --data-dir C:\budostudy\only_for_codex\thelatstcargo\demo\server\data,0,2026-06-03T14:40:21,2026-06-03T14:46:46,385.72,TRIAL,trial_098,5b6c40c58619,runs/fuse/search/20260529/trial_098,24,2821,619.5,818.0,1440,24,210,-29967.4,36120.0,0,0,0.0,,false,false,false,false,
TRIAL,trial_099,fuse_targeted_repair,20260529,31,runs/fuse/search/20260529/trial_099,EXECUTED,5067.69,60293.77,17086.08,43207.69,38140.0,0.0,0.0,0.0,5067.69,True,89,163,0,3306,37.15,11,499,510,242,741,0,0,0,0,0,0,0,0,0,0,0,0,0,0,0,0,0,-7440.46,kill_below_b0_or_no_penalty_gain,"{""already_failed_discount"":1.0,""cap_discount"":0.0,""gross_floor_curve"":""medium"",""lost_gross_cap"":2000,""max_repair_wait_per_day"":120,""min_profit_to_override_repair"":100,""qwen_auditor_numeric"":0,""repair_end_day"":28,""repair_roi_threshold"":3.0,""repair_start_day"":12,""repair_value_scale"":0.25,""soft_violation_profit_threshold"":200,""unknown_soft_risk"":0.1,""verified_penalty_scale"":1.0,""wait_repair_strength"":0.2}","{""CROWN_FUSE_ALREADY_FAILED_DISCOUNT"":""1.0"",""CROWN_FUSE_AUDITOR_NUMERIC"":""0"",""CROWN_FUSE_CAP_DISCOUNT"":""0.0"",""CROWN_FUSE_ENABLE_TARGETED_REPAIR"":""1"",""CROWN_FUSE_GROSS_FLOOR_CURVE"":""medium"",""CROWN_FUSE_LOST_GROSS_CAP"":""2000"",""CROWN_FUSE_MAX_REPAIR_WAIT_PER_DAY"":""120"",""CROWN_FUSE_MIN_PROFIT_TO_OVERRIDE_REPAIR"":""100"",""CROWN_FUSE_REPAIR_END_DAY"":""28"",""CROWN_FUSE_REPAIR_ROI_THRESHOLD"":""3.0"",""CROWN_FUSE_REPAIR_START_DAY"":""12"",""CROWN_FUSE_REPAIR_VALUE_SCALE"":""0.25"",""CROWN_FUSE_SOFT_VIOLATION_PROFIT_THRESHOLD"":""200"",""CROWN_FUSE_UNKNOWN_SOFT_RISK"":""0.1"",""CROWN_FUSE_VERIFIED_PENALTY_SCALE"":""1.0"",""CROWN_FUSE_WAIT_REPAIR_STRENGTH"":""0.2""}",Executed Fuse targeted repair grid row.,C:\Anaconda3\python.exe tools/run_local_eval.py --simulation-days 31 --variant fuse_targeted_repair --results-dir runs\fuse\search\20260529\trial_099 --data-dir C:\budostudy\only_for_codex\thelatstcargo\demo\server\data,0,2026-06-03T14:46:47,2026-06-03T14:53:34,407.46,TRIAL,trial_099,ceed51a4cf71,runs/fuse/search/20260529/trial_099,0,0,0.0,0.0,0,0,252,0.0,0.0,0,0,0.0,,false,false,false,false,
TRIAL,trial_100,fuse_targeted_repair,20260529,31,runs/fuse/search/20260529/trial_100,EXECUTED,5067.69,60293.77,17086.08,43207.69,38140.0,0.0,0.0,0.0,5067.69,True,89,163,0,3306,37.15,11,499,510,242,741,0,0,0,0,0,0,0,0,0,0,0,0,0,0,0,0,0,-7440.46,kill_below_b0_or_no_penalty_gain,"{""already_failed_discount"":0.5,""cap_discount"":0.25,""gross_floor_curve"":""mild"",""lost_gross_cap"":2000,""max_repair_wait_per_day"":720,""min_profit_to_override_repair"":200,""qwen_auditor_numeric"":0,""repair_end_day"":31,""repair_roi_threshold"":1.0,""repair_start_day"":20,""repair_value_scale"":1.0,""soft_violation_profit_threshold"":500,""unknown_soft_risk"":0.05,""verified_penalty_scale"":0.75,""wait_repair_strength"":0.05}","{""CROWN_FUSE_ALREADY_FAILED_DISCOUNT"":""0.5"",""CROWN_FUSE_AUDITOR_NUMERIC"":""0"",""CROWN_FUSE_CAP_DISCOUNT"":""0.25"",""CROWN_FUSE_ENABLE_TARGETED_REPAIR"":""1"",""CROWN_FUSE_GROSS_FLOOR_CURVE"":""mild"",""CROWN_FUSE_LOST_GROSS_CAP"":""2000"",""CROWN_FUSE_MAX_REPAIR_WAIT_PER_DAY"":""720"",""CROWN_FUSE_MIN_PROFIT_TO_OVERRIDE_REPAIR"":""200"",""CROWN_FUSE_REPAIR_END_DAY"":""31"",""CROWN_FUSE_REPAIR_ROI_THRESHOLD"":""1.0"",""CROWN_FUSE_REPAIR_START_DAY"":""20"",""CROWN_FUSE_REPAIR_VALUE_SCALE"":""1.0"",""CROWN_FUSE_SOFT_VIOLATION_PROFIT_THRESHOLD"":""500"",""CROWN_FUSE_UNKNOWN_SOFT_RISK"":""0.05"",""CROWN_FUSE_VERIFIED_PENALTY_SCALE"":""0.75"",""CROWN_FUSE_WAIT_REPAIR_STRENGTH"":""0.05""}",Executed Fuse targeted repair grid row.,C:\Anaconda3\python.exe tools/run_local_eval.py --simulation-days 31 --variant fuse_targeted_repair --results-dir runs\fuse\search\20260529\trial_100 --data-dir C:\budostudy\only_for_codex\thelatstcargo\demo\server\data,0,2026-06-03T14:53:34,2026-06-03T15:00:14,399.54,TRIAL,trial_100,f16927c20349,runs/fuse/search/20260529/trial_100,0,0,0.0,0.0,0,0,252,0.0,0.0,0,0,0.0,,false,false,false,false,
