row_type,run_id,dataset_tag,driver_id_hash,day_index,rule_index,rule_hash,rule_type,progress,debt,deadline,repair_windows,marginal_violation_cost,marginal_repair_value,actual_penalty,missed_repair_opportunities,longest_continuous_wait_minutes,wait_minutes,query_minutes_inside_rest_window,no_query_rest_block_used,redaction_status,attribution_method
preference_rule,runs/next_build/20260509/calendar_rest_only,20260509_reference,e7a52d984e7e,,0,d450f614d37b,violation_count,"{""violations"":0}",0.0,generic_month_or_rule_deadline,redacted_generic_window,0.0,0.0,0.0,0,,,,,literal_banned_terms_redacted,official_checker_rule_row
preference_rule,runs/next_build/20260509/calendar_rest_only,20260509_reference,e7a52d984e7e,,1,779a1598a9e7,violation_count,"{""violations"":7}",3500.0,generic_month_or_rule_deadline,redacted_generic_window,500.0,3500.0,3500.0,1,,,,,literal_banned_terms_redacted,official_checker_rule_row
preference_rule,runs/next_build/20260509/calendar_rest_only,20260509_reference,e7a52d984e7e,,2,c88a1aacc118,violation_count,"{""violations"":106}",2000.0,generic_month_or_rule_deadline,redacted_generic_window,18.87,2000.0,2000.0,1,,,,,literal_banned_terms_redacted,official_checker_rule_row
preference_rule,runs/next_build/20260509/calendar_rest_only,20260509_reference,3e0e35341231,,0,53b96469b87f,generic,{},6000.0,generic_month_or_rule_deadline,redacted_generic_window,6000.0,6000.0,6000.0,0,,,,,literal_banned_terms_redacted,official_checker_rule_row
preference_rule,runs/next_build/20260509/calendar_rest_only,20260509_reference,3e0e35341231,,1,0ba9c67c66cd,violation_count,"{""violations"":0}",0.0,generic_month_or_rule_deadline,redacted_generic_window,0.0,0.0,0.0,0,,,,,literal_banned_terms_redacted,official_checker_rule_row
preference_rule,runs/next_build/20260509/calendar_rest_only,20260509_reference,3e0e35341231,,2,fe5a9d3d41eb,violation_count,"{""violations"":0}",0.0,generic_month_or_rule_deadline,redacted_generic_window,0.0,0.0,0.0,0,,,,,literal_banned_terms_redacted,official_checker_rule_row
preference_rule,runs/next_build/20260509/calendar_rest_only,20260509_reference,983f9a2734ca,,0,12113d34b4fe,generic,{},2000.0,generic_month_or_rule_deadline,redacted_generic_window,2000.0,2000.0,2000.0,0,,,,,literal_banned_terms_redacted,official_checker_rule_row
preference_rule,runs/next_build/20260509/calendar_rest_only,20260509_reference,983f9a2734ca,,1,ec2171bbf49e,violation_count,"{""violations"":0}",0.0,generic_month_or_rule_deadline,redacted_generic_window,0.0,0.0,0.0,0,,,,,literal_banned_terms_redacted,official_checker_rule_row
preference_rule,runs/next_build/20260509/calendar_rest_only,20260509_reference,983f9a2734ca,,2,b27939e51a00,violation_count,"{""violations"":0}",0.0,generic_month_or_rule_deadline,redacted_generic_window,0.0,0.0,0.0,0,,,,,literal_banned_terms_redacted,official_checker_rule_row
preference_rule,runs/next_build/20260509/calendar_rest_only,20260509_reference,af4b17af9fc7,,0,2b340222c3d7,violation_count,"{""violations"":0}",0.0,generic_month_or_rule_deadline,redacted_generic_window,0.0,0.0,0.0,0,,,,,literal_banned_terms_redacted,official_checker_rule_row
preference_rule,runs/next_build/20260509/calendar_rest_only,20260509_reference,af4b17af9fc7,,1,b7b67284cc53,generic,{},0.0,generic_month_or_rule_deadline,redacted_generic_window,0.0,0.0,0.0,0,,,,,literal_banned_terms_redacted,official_checker_rule_row
preference_rule,runs/next_build/20260509/calendar_rest_only,20260509_reference,af4b17af9fc7,,2,a1d25288f564,violation_count,"{""violations"":28}",2800.0,generic_month_or_rule_deadline,redacted_generic_window,100.0,2800.0,2800.0,1,,,,,literal_banned_terms_redacted,official_checker_rule_row
preference_rule,runs/next_build/20260509/calendar_rest_only,20260509_reference,3c5844ed8465,,0,7f95e12ff6bf,violation_count,"{""violations"":23}",2300.0,generic_month_or_rule_deadline,redacted_generic_window,100.0,2300.0,2300.0,1,,,,,literal_banned_terms_redacted,official_checker_rule_row
preference_rule,runs/next_build/20260509/calendar_rest_only,20260509_reference,3c5844ed8465,,1,c83bbbf9325d,violation_count,"{""violations"":1}",100.0,generic_month_or_rule_deadline,redacted_generic_window,100.0,100.0,100.0,1,,,,,literal_banned_terms_redacted,official_checker_rule_row
preference_rule,runs/next_build/20260509/calendar_rest_only,20260509_reference,3c5844ed8465,,2,81e2ae9afa9c,violation_count,"{""violations"":4}",800.0,generic_month_or_rule_deadline,redacted_generic_window,200.0,800.0,800.0,1,,,,,literal_banned_terms_redacted,official_checker_rule_row
preference_rule,runs/next_build/20260509/calendar_rest_only,20260509_reference,b8424551b996,,0,d57940e9aba5,violation_count,"{""violations"":0}",0.0,generic_month_or_rule_deadline,redacted_generic_window,0.0,0.0,0.0,0,,,,,literal_banned_terms_redacted,official_checker_rule_row
preference_rule,runs/next_build/20260509/calendar_rest_only,20260509_reference,b8424551b996,,1,ff7e241299de,violation_count,"{""violations"":0}",0.0,generic_month_or_rule_deadline,redacted_generic_window,0.0,0.0,0.0,0,,,,,literal_banned_terms_redacted,official_checker_rule_row
preference_rule,runs/next_build/20260509/calendar_rest_only,20260509_reference,b8424551b996,,2,17ca4b67a52d,violation_count,"{""violations"":8}",2000.0,generic_month_or_rule_deadline,redacted_generic_window,250.0,2000.0,2000.0,1,,,,,literal_banned_terms_redacted,official_checker_rule_row
preference_rule,runs/next_build/20260509/calendar_rest_only,20260509_reference,b8424551b996,,3,e9a6b9640481,full_rest_day,"{""off_days"":2}",0.0,generic_month_or_rule_deadline,redacted_generic_window,0.0,0.0,0.0,0,,,,,literal_banned_terms_redacted,official_checker_rule_row
preference_rule,runs/next_build/20260509/calendar_rest_only,20260509_reference,0bcc30e5393c,,0,769e208fed14,violation_count,"{""violations"":4}",2000.0,generic_month_or_rule_deadline,redacted_generic_window,500.0,2000.0,2000.0,1,,,,,literal_banned_terms_redacted,official_checker_rule_row
preference_rule,runs/next_build/20260509/calendar_rest_only,20260509_reference,0bcc30e5393c,,1,44b9698e1ed8,violation_count,"{""violations"":1}",280.0,generic_month_or_rule_deadline,redacted_generic_window,280.0,280.0,280.0,1,,,,,literal_banned_terms_redacted,official_checker_rule_row
preference_rule,runs/next_build/20260509/calendar_rest_only,20260509_reference,0bcc30e5393c,,2,af038c7fe7e1,violation_count,"{""violations"":4}",800.0,generic_month_or_rule_deadline,redacted_generic_window,200.0,800.0,800.0,1,,,,,literal_banned_terms_redacted,official_checker_rule_row
preference_rule,runs/next_build/20260509/calendar_rest_only,20260509_reference,0bcc30e5393c,,3,626f9eaace2c,generic,{},0.0,generic_month_or_rule_deadline,redacted_generic_window,0.0,0.0,0.0,0,,,,,literal_banned_terms_redacted,official_checker_rule_row
preference_rule,runs/next_build/20260509/calendar_rest_only,20260509_reference,d1b26936cffa,,0,8ff546b60f7f,full_rest_day,"{""off_days"":2}",0.0,generic_month_or_rule_deadline,redacted_generic_window,0.0,0.0,0.0,0,,,,,literal_banned_terms_redacted,official_checker_rule_row
preference_rule,runs/next_build/20260509/calendar_rest_only,20260509_reference,d1b26936cffa,,1,e79137d53b95,violation_count,"{""violations"":0}",0.0,generic_month_or_rule_deadline,redacted_generic_window,0.0,0.0,0.0,0,,,,,literal_banned_terms_redacted,official_checker_rule_row
preference_rule,runs/next_build/20260509/calendar_rest_only,20260509_reference,d1b26936cffa,,2,37acabfcfff4,violation_count,"{""violations"":5}",1000.0,generic_month_or_rule_deadline,redacted_generic_window,200.0,1000.0,1000.0,1,,,,,literal_banned_terms_redacted,official_checker_rule_row
preference_rule,runs/next_build/20260509/calendar_rest_only,20260509_reference,d1b26936cffa,,3,512b6d847293,violation_count,"{""violations"":5}",500.0,generic_month_or_rule_deadline,redacted_generic_window,100.0,500.0,500.0,1,,,,,literal_banned_terms_redacted,official_checker_rule_row
preference_rule,runs/next_build/20260509/calendar_rest_only,20260509_reference,f9abd903cb86,,0,f2fbfe6873f0,date_specific,"{""satisfied"":false}",10000.0,generic_month_or_rule_deadline,redacted_generic_window,10000.0,10000.0,10000.0,1,,,,,literal_banned_terms_redacted,official_checker_rule_row
preference_rule,runs/next_build/20260509/calendar_rest_only,20260509_reference,f9abd903cb86,,1,466b01807713,violation_count,"{""violations"":30}",27000.0,generic_month_or_rule_deadline,redacted_generic_window,900.0,27000.0,27000.0,1,,,,,literal_banned_terms_redacted,official_checker_rule_row
preference_rule,runs/next_build/20260509/calendar_rest_only,20260509_reference,f9abd903cb86,,2,e1d623020e32,violation_count,"{""violations"":0}",0.0,generic_month_or_rule_deadline,redacted_generic_window,0.0,0.0,0.0,0,,,,,literal_banned_terms_redacted,official_checker_rule_row
preference_rule,runs/next_build/20260509/calendar_rest_only,20260509_reference,263f61d9f731,,0,3da567b3a682,generic,{},30600.0,generic_month_or_rule_deadline,redacted_generic_window,30600.0,30600.0,30600.0,0,,,,,literal_banned_terms_redacted,official_checker_rule_row
preference_rule,runs/next_build/20260509/calendar_rest_only,20260509_reference,263f61d9f731,,1,eeef06133871,generic,{},3000.0,generic_month_or_rule_deadline,redacted_generic_window,3000.0,3000.0,3000.0,0,,,,,literal_banned_terms_redacted,official_checker_rule_row
preference_rule,runs/next_build/20260509/calendar_rest_only,20260509_reference,263f61d9f731,,2,fe506ffb3572,violation_count,"{""violations"":0}",0.0,generic_month_or_rule_deadline,redacted_generic_window,0.0,0.0,0.0,0,,,,,literal_banned_terms_redacted,official_checker_rule_row
preference_rule,runs/next_build/20260509/calendar_rest_only,20260509_reference,263f61d9f731,,3,f37d4e6f83fa,violation_count,"{""violations"":0}",0.0,generic_month_or_rule_deadline,redacted_generic_window,0.0,0.0,0.0,0,,,,,literal_banned_terms_redacted,official_checker_rule_row
daily_rest_matrix,runs/next_build/20260509/calendar_rest_only,20260509_reference,0bcc30e5393c,0,,,daily_rest_observation,"{""wait_minutes"":840}",,day_end,redacted_daily_window,,,,,540,840,0,1,literal_banned_terms_redacted,action_trace_daily_rollup
daily_rest_matrix,runs/next_build/20260509/calendar_rest_only,20260509_reference,0bcc30e5393c,1,,,daily_rest_observation,"{""wait_minutes"":541}",,day_end,redacted_daily_window,,,,,391,541,0,1,literal_banned_terms_redacted,action_trace_daily_rollup
daily_rest_matrix,runs/next_build/20260509/calendar_rest_only,20260509_reference,0bcc30e5393c,2,,,daily_rest_observation,"{""wait_minutes"":599}",,day_end,redacted_daily_window,,,,,449,599,0,1,literal_banned_terms_redacted,action_trace_daily_rollup
daily_rest_matrix,runs/next_build/20260509/calendar_rest_only,20260509_reference,0bcc30e5393c,3,,,daily_rest_observation,"{""wait_minutes"":1025}",,day_end,redacted_daily_window,,,,,532,1025,0,1,literal_banned_terms_redacted,action_trace_daily_rollup
daily_rest_matrix,runs/next_build/20260509/calendar_rest_only,20260509_reference,0bcc30e5393c,4,,,daily_rest_observation,"{""wait_minutes"":300}",,day_end,redacted_daily_window,,,,,300,300,0,0,literal_banned_terms_redacted,action_trace_daily_rollup
daily_rest_matrix,runs/next_build/20260509/calendar_rest_only,20260509_reference,0bcc30e5393c,5,,,daily_rest_observation,"{""wait_minutes"":613}",,day_end,redacted_daily_window,,,,,463,613,0,1,literal_banned_terms_redacted,action_trace_daily_rollup
daily_rest_matrix,runs/next_build/20260509/calendar_rest_only,20260509_reference,0bcc30e5393c,6,,,daily_rest_observation,"{""wait_minutes"":830}",,day_end,redacted_daily_window,,,,,530,830,0,1,literal_banned_terms_redacted,action_trace_daily_rollup
daily_rest_matrix,runs/next_build/20260509/calendar_rest_only,20260509_reference,0bcc30e5393c,7,,,daily_rest_observation,"{""wait_minutes"":813}",,day_end,redacted_daily_window,,,,,513,813,0,1,literal_banned_terms_redacted,action_trace_daily_rollup
daily_rest_matrix,runs/next_build/20260509/calendar_rest_only,20260509_reference,0bcc30e5393c,8,,,daily_rest_observation,"{""wait_minutes"":750}",,day_end,redacted_daily_window,,,,,450,750,0,1,literal_banned_terms_redacted,action_trace_daily_rollup
daily_rest_matrix,runs/next_build/20260509/calendar_rest_only,20260509_reference,0bcc30e5393c,9,,,daily_rest_observation,"{""wait_minutes"":810}",,day_end,redacted_daily_window,,,,,510,810,0,1,literal_banned_terms_redacted,action_trace_daily_rollup
daily_rest_matrix,runs/next_build/20260509/calendar_rest_only,20260509_reference,0bcc30e5393c,10,,,daily_rest_observation,"{""wait_minutes"":663}",,day_end,redacted_daily_window,,,,,513,663,0,1,literal_banned_terms_redacted,action_trace_daily_rollup
daily_rest_matrix,runs/next_build/20260509/calendar_rest_only,20260509_reference,0bcc30e5393c,11,,,daily_rest_observation,"{""wait_minutes"":712}",,day_end,redacted_daily_window,,,,,412,712,0,1,literal_banned_terms_redacted,action_trace_daily_rollup
daily_rest_matrix,runs/next_build/20260509/calendar_rest_only,20260509_reference,0bcc30e5393c,12,,,daily_rest_observation,"{""wait_minutes"":708}",,day_end,redacted_daily_window,,,,,408,708,0,1,literal_banned_terms_redacted,action_trace_daily_rollup
daily_rest_matrix,runs/next_build/20260509/calendar_rest_only,20260509_reference,0bcc30e5393c,13,,,daily_rest_observation,"{""wait_minutes"":1838}",,day_end,redacted_daily_window,,,,,1438,1838,0,1,literal_banned_terms_redacted,action_trace_daily_rollup
daily_rest_matrix,runs/next_build/20260509/calendar_rest_only,20260509_reference,0bcc30e5393c,15,,,daily_rest_observation,"{""wait_minutes"":690}",,day_end,redacted_daily_window,,,,,540,690,0,1,literal_banned_terms_redacted,action_trace_daily_rollup
daily_rest_matrix,runs/next_build/20260509/calendar_rest_only,20260509_reference,0bcc30e5393c,16,,,daily_rest_observation,"{""wait_minutes"":827}",,day_end,redacted_daily_window,,,,,527,827,0,1,literal_banned_terms_redacted,action_trace_daily_rollup
daily_rest_matrix,runs/next_build/20260509/calendar_rest_only,20260509_reference,0bcc30e5393c,17,,,daily_rest_observation,"{""wait_minutes"":763}",,day_end,redacted_daily_window,,,,,463,763,0,1,literal_banned_terms_redacted,action_trace_daily_rollup
daily_rest_matrix,runs/next_build/20260509/calendar_rest_only,20260509_reference,0bcc30e5393c,18,,,daily_rest_observation,"{""wait_minutes"":808}",,day_end,redacted_daily_window,,,,,508,808,0,1,literal_banned_terms_redacted,action_trace_daily_rollup
daily_rest_matrix,runs/next_build/20260509/calendar_rest_only,20260509_reference,0bcc30e5393c,19,,,daily_rest_observation,"{""wait_minutes"":714}",,day_end,redacted_daily_window,,,,,414,714,0,1,literal_banned_terms_redacted,action_trace_daily_rollup
daily_rest_matrix,runs/next_build/20260509/calendar_rest_only,20260509_reference,0bcc30e5393c,20,,,daily_rest_observation,"{""wait_minutes"":802}",,day_end,redacted_daily_window,,,,,502,802,0,1,literal_banned_terms_redacted,action_trace_daily_rollup
daily_rest_matrix,runs/next_build/20260509/calendar_rest_only,20260509_reference,0bcc30e5393c,21,,,daily_rest_observation,"{""wait_minutes"":788}",,day_end,redacted_daily_window,,,,,488,788,0,1,literal_banned_terms_redacted,action_trace_daily_rollup
daily_rest_matrix,runs/next_build/20260509/calendar_rest_only,20260509_reference,0bcc30e5393c,22,,,daily_rest_observation,"{""wait_minutes"":920}",,day_end,redacted_daily_window,,,,,470,920,0,1,literal_banned_terms_redacted,action_trace_daily_rollup
daily_rest_matrix,runs/next_build/20260509/calendar_rest_only,20260509_reference,0bcc30e5393c,23,,,daily_rest_observation,"{""wait_minutes"":559}",,day_end,redacted_daily_window,,,,,409,559,0,1,literal_banned_terms_redacted,action_trace_daily_rollup
daily_rest_matrix,runs/next_build/20260509/calendar_rest_only,20260509_reference,0bcc30e5393c,24,,,daily_rest_observation,"{""wait_minutes"":771}",,day_end,redacted_daily_window,,,,,471,771,0,1,literal_banned_terms_redacted,action_trace_daily_rollup
daily_rest_matrix,runs/next_build/20260509/calendar_rest_only,20260509_reference,0bcc30e5393c,25,,,daily_rest_observation,"{""wait_minutes"":775}",,day_end,redacted_daily_window,,,,,475,775,0,1,literal_banned_terms_redacted,action_trace_daily_rollup
daily_rest_matrix,runs/next_build/20260509/calendar_rest_only,20260509_reference,0bcc30e5393c,26,,,daily_rest_observation,"{""wait_minutes"":727}",,day_end,redacted_daily_window,,,,,427,727,0,1,literal_banned_terms_redacted,action_trace_daily_rollup
daily_rest_matrix,runs/next_build/20260509/calendar_rest_only,20260509_reference,0bcc30e5393c,27,,,daily_rest_observation,"{""wait_minutes"":811}",,day_end,redacted_daily_window,,,,,511,811,0,1,literal_banned_terms_redacted,action_trace_daily_rollup
daily_rest_matrix,runs/next_build/20260509/calendar_rest_only,20260509_reference,0bcc30e5393c,28,,,daily_rest_observation,"{""wait_minutes"":1864}",,day_end,redacted_daily_window,,,,,1467,1864,0,1,literal_banned_terms_redacted,action_trace_daily_rollup
daily_rest_matrix,runs/next_build/20260509/calendar_rest_only,20260509_reference,0bcc30e5393c,30,,,daily_rest_observation,"{""wait_minutes"":584}",,day_end,redacted_daily_window,,,,,540,584,0,1,literal_banned_terms_redacted,action_trace_daily_rollup
daily_rest_matrix,runs/next_build/20260509/calendar_rest_only,20260509_reference,263f61d9f731,0,,,daily_rest_observation,"{""wait_minutes"":840}",,day_end,redacted_daily_window,,,,,540,840,0,1,literal_banned_terms_redacted,action_trace_daily_rollup
daily_rest_matrix,runs/next_build/20260509/calendar_rest_only,20260509_reference,263f61d9f731,1,,,daily_rest_observation,"{""wait_minutes"":826}",,day_end,redacted_daily_window,,,,,526,826,0,1,literal_banned_terms_redacted,action_trace_daily_rollup
daily_rest_matrix,runs/next_build/20260509/calendar_rest_only,20260509_reference,263f61d9f731,2,,,daily_rest_observation,"{""wait_minutes"":740}",,day_end,redacted_daily_window,,,,,440,740,0,1,literal_banned_terms_redacted,action_trace_daily_rollup
daily_rest_matrix,runs/next_build/20260509/calendar_rest_only,20260509_reference,263f61d9f731,3,,,daily_rest_observation,"{""wait_minutes"":790}",,day_end,redacted_daily_window,,,,,490,790,0,1,literal_banned_terms_redacted,action_trace_daily_rollup
daily_rest_matrix,runs/next_build/20260509/calendar_rest_only,20260509_reference,263f61d9f731,4,,,daily_rest_observation,"{""wait_minutes"":775}",,day_end,redacted_daily_window,,,,,475,775,0,1,literal_banned_terms_redacted,action_trace_daily_rollup
daily_rest_matrix,runs/next_build/20260509/calendar_rest_only,20260509_reference,263f61d9f731,5,,,daily_rest_observation,"{""wait_minutes"":828}",,day_end,redacted_daily_window,,,,,528,828,0,1,literal_banned_terms_redacted,action_trace_daily_rollup
daily_rest_matrix,runs/next_build/20260509/calendar_rest_only,20260509_reference,263f61d9f731,6,,,daily_rest_observation,"{""wait_minutes"":651}",,day_end,redacted_daily_window,,,,,501,651,0,1,literal_banned_terms_redacted,action_trace_daily_rollup
daily_rest_matrix,runs/next_build/20260509/calendar_rest_only,20260509_reference,263f61d9f731,7,,,daily_rest_observation,"{""wait_minutes"":634}",,day_end,redacted_daily_window,,,,,484,634,0,1,literal_banned_terms_redacted,action_trace_daily_rollup
daily_rest_matrix,runs/next_build/20260509/calendar_rest_only,20260509_reference,263f61d9f731,8,,,daily_rest_observation,"{""wait_minutes"":708}",,day_end,redacted_daily_window,,,,,408,708,0,1,literal_banned_terms_redacted,action_trace_daily_rollup
daily_rest_matrix,runs/next_build/20260509/calendar_rest_only,20260509_reference,263f61d9f731,9,,,daily_rest_observation,"{""wait_minutes"":543}",,day_end,redacted_daily_window,,,,,393,543,0,1,literal_banned_terms_redacted,action_trace_daily_rollup
daily_rest_matrix,runs/next_build/20260509/calendar_rest_only,20260509_reference,263f61d9f731,10,,,daily_rest_observation,"{""wait_minutes"":798}",,day_end,redacted_daily_window,,,,,498,798,0,1,literal_banned_terms_redacted,action_trace_daily_rollup
daily_rest_matrix,runs/next_build/20260509/calendar_rest_only,20260509_reference,263f61d9f731,11,,,daily_rest_observation,"{""wait_minutes"":625}",,day_end,redacted_daily_window,,,,,475,625,0,1,literal_banned_terms_redacted,action_trace_daily_rollup
daily_rest_matrix,runs/next_build/20260509/calendar_rest_only,20260509_reference,263f61d9f731,12,,,daily_rest_observation,"{""wait_minutes"":577}",,day_end,redacted_daily_window,,,,,427,577,0,1,literal_banned_terms_redacted,action_trace_daily_rollup
daily_rest_matrix,runs/next_build/20260509/calendar_rest_only,20260509_reference,263f61d9f731,13,,,daily_rest_observation,"{""wait_minutes"":854}",,day_end,redacted_daily_window,,,,,450,854,0,1,literal_banned_terms_redacted,action_trace_daily_rollup
daily_rest_matrix,runs/next_build/20260509/calendar_rest_only,20260509_reference,263f61d9f731,14,,,daily_rest_observation,"{""wait_minutes"":1324}",,day_end,redacted_daily_window,,,,,1324,1324,0,1,literal_banned_terms_redacted,action_trace_daily_rollup
daily_rest_matrix,runs/next_build/20260509/calendar_rest_only,20260509_reference,263f61d9f731,15,,,daily_rest_observation,"{""wait_minutes"":990}",,day_end,redacted_daily_window,,,,,540,990,0,1,literal_banned_terms_redacted,action_trace_daily_rollup
daily_rest_matrix,runs/next_build/20260509/calendar_rest_only,20260509_reference,263f61d9f731,16,,,daily_rest_observation,"{""wait_minutes"":726}",,day_end,redacted_daily_window,,,,,426,726,0,1,literal_banned_terms_redacted,action_trace_daily_rollup
daily_rest_matrix,runs/next_build/20260509/calendar_rest_only,20260509_reference,263f61d9f731,17,,,daily_rest_observation,"{""wait_minutes"":779}",,day_end,redacted_daily_window,,,,,479,779,0,1,literal_banned_terms_redacted,action_trace_daily_rollup
daily_rest_matrix,runs/next_build/20260509/calendar_rest_only,20260509_reference,263f61d9f731,18,,,daily_rest_observation,"{""wait_minutes"":590}",,day_end,redacted_daily_window,,,,,440,590,0,1,literal_banned_terms_redacted,action_trace_daily_rollup
daily_rest_matrix,runs/next_build/20260509/calendar_rest_only,20260509_reference,263f61d9f731,19,,,daily_rest_observation,"{""wait_minutes"":1012}",,day_end,redacted_daily_window,,,,,532,1012,0,1,literal_banned_terms_redacted,action_trace_daily_rollup
daily_rest_matrix,runs/next_build/20260509/calendar_rest_only,20260509_reference,263f61d9f731,20,,,daily_rest_observation,"{""wait_minutes"":300}",,day_end,redacted_daily_window,,,,,300,300,0,0,literal_banned_terms_redacted,action_trace_daily_rollup
daily_rest_matrix,runs/next_build/20260509/calendar_rest_only,20260509_reference,263f61d9f731,21,,,daily_rest_observation,"{""wait_minutes"":672}",,day_end,redacted_daily_window,,,,,522,672,0,1,literal_banned_terms_redacted,action_trace_daily_rollup
daily_rest_matrix,runs/next_build/20260509/calendar_rest_only,20260509_reference,263f61d9f731,22,,,daily_rest_observation,"{""wait_minutes"":822}",,day_end,redacted_daily_window,,,,,522,822,0,1,literal_banned_terms_redacted,action_trace_daily_rollup
daily_rest_matrix,runs/next_build/20260509/calendar_rest_only,20260509_reference,263f61d9f731,23,,,daily_rest_observation,"{""wait_minutes"":657}",,day_end,redacted_daily_window,,,,,507,657,0,1,literal_banned_terms_redacted,action_trace_daily_rollup
daily_rest_matrix,runs/next_build/20260509/calendar_rest_only,20260509_reference,263f61d9f731,24,,,daily_rest_observation,"{""wait_minutes"":754}",,day_end,redacted_daily_window,,,,,454,754,0,1,literal_banned_terms_redacted,action_trace_daily_rollup
daily_rest_matrix,runs/next_build/20260509/calendar_rest_only,20260509_reference,263f61d9f731,25,,,daily_rest_observation,"{""wait_minutes"":775}",,day_end,redacted_daily_window,,,,,475,775,0,1,literal_banned_terms_redacted,action_trace_daily_rollup
daily_rest_matrix,runs/next_build/20260509/calendar_rest_only,20260509_reference,263f61d9f731,26,,,daily_rest_observation,"{""wait_minutes"":727}",,day_end,redacted_daily_window,,,,,427,727,0,1,literal_banned_terms_redacted,action_trace_daily_rollup
daily_rest_matrix,runs/next_build/20260509/calendar_rest_only,20260509_reference,263f61d9f731,27,,,daily_rest_observation,"{""wait_minutes"":811}",,day_end,redacted_daily_window,,,,,511,811,0,1,literal_banned_terms_redacted,action_trace_daily_rollup
daily_rest_matrix,runs/next_build/20260509/calendar_rest_only,20260509_reference,263f61d9f731,28,,,daily_rest_observation,"{""wait_minutes"":437}",,day_end,redacted_daily_window,,,,,397,437,0,1,literal_banned_terms_redacted,action_trace_daily_rollup
daily_rest_matrix,runs/next_build/20260509/calendar_rest_only,20260509_reference,263f61d9f731,29,,,daily_rest_observation,"{""wait_minutes"":1427}",,day_end,redacted_daily_window,,,,,1427,1427,0,1,literal_banned_terms_redacted,action_trace_daily_rollup
daily_rest_matrix,runs/next_build/20260509/calendar_rest_only,20260509_reference,263f61d9f731,30,,,daily_rest_observation,"{""wait_minutes"":584}",,day_end,redacted_daily_window,,,,,540,584,0,1,literal_banned_terms_redacted,action_trace_daily_rollup
daily_rest_matrix,runs/next_build/20260509/calendar_rest_only,20260509_reference,3c5844ed8465,0,,,daily_rest_observation,"{""wait_minutes"":1225}",,day_end,redacted_daily_window,,,,,685,1225,0,1,literal_banned_terms_redacted,action_trace_daily_rollup
daily_rest_matrix,runs/next_build/20260509/calendar_rest_only,20260509_reference,3c5844ed8465,1,,,daily_rest_observation,"{""wait_minutes"":150}",,day_end,redacted_daily_window,,,,,150,150,0,0,literal_banned_terms_redacted,action_trace_daily_rollup
daily_rest_matrix,runs/next_build/20260509/calendar_rest_only,20260509_reference,3c5844ed8465,2,,,daily_rest_observation,"{""wait_minutes"":599}",,day_end,redacted_daily_window,,,,,449,599,0,1,literal_banned_terms_redacted,action_trace_daily_rollup
daily_rest_matrix,runs/next_build/20260509/calendar_rest_only,20260509_reference,3c5844ed8465,3,,,daily_rest_observation,"{""wait_minutes"":1025}",,day_end,redacted_daily_window,,,,,532,1025,0,1,literal_banned_terms_redacted,action_trace_daily_rollup
daily_rest_matrix,runs/next_build/20260509/calendar_rest_only,20260509_reference,3c5844ed8465,4,,,daily_rest_observation,"{""wait_minutes"":300}",,day_end,redacted_daily_window,,,,,300,300,0,0,literal_banned_terms_redacted,action_trace_daily_rollup
daily_rest_matrix,runs/next_build/20260509/calendar_rest_only,20260509_reference,3c5844ed8465,5,,,daily_rest_observation,"{""wait_minutes"":613}",,day_end,redacted_daily_window,,,,,463,613,0,1,literal_banned_terms_redacted,action_trace_daily_rollup
daily_rest_matrix,runs/next_build/20260509/calendar_rest_only,20260509_reference,3c5844ed8465,6,,,daily_rest_observation,"{""wait_minutes"":830}",,day_end,redacted_daily_window,,,,,530,830,0,1,literal_banned_terms_redacted,action_trace_daily_rollup
daily_rest_matrix,runs/next_build/20260509/calendar_rest_only,20260509_reference,3c5844ed8465,7,,,daily_rest_observation,"{""wait_minutes"":813}",,day_end,redacted_daily_window,,,,,513,813,0,1,literal_banned_terms_redacted,action_trace_daily_rollup
daily_rest_matrix,runs/next_build/20260509/calendar_rest_only,20260509_reference,3c5844ed8465,8,,,daily_rest_observation,"{""wait_minutes"":750}",,day_end,redacted_daily_window,,,,,450,750,0,1,literal_banned_terms_redacted,action_trace_daily_rollup
daily_rest_matrix,runs/next_build/20260509/calendar_rest_only,20260509_reference,3c5844ed8465,9,,,daily_rest_observation,"{""wait_minutes"":810}",,day_end,redacted_daily_window,,,,,510,810,0,1,literal_banned_terms_redacted,action_trace_daily_rollup
daily_rest_matrix,runs/next_build/20260509/calendar_rest_only,20260509_reference,3c5844ed8465,10,,,daily_rest_observation,"{""wait_minutes"":663}",,day_end,redacted_daily_window,,,,,513,663,0,1,literal_banned_terms_redacted,action_trace_daily_rollup
daily_rest_matrix,runs/next_build/20260509/calendar_rest_only,20260509_reference,3c5844ed8465,11,,,daily_rest_observation,"{""wait_minutes"":712}",,day_end,redacted_daily_window,,,,,412,712,0,1,literal_banned_terms_redacted,action_trace_daily_rollup
daily_rest_matrix,runs/next_build/20260509/calendar_rest_only,20260509_reference,3c5844ed8465,12,,,daily_rest_observation,"{""wait_minutes"":708}",,day_end,redacted_daily_window,,,,,408,708,0,1,literal_banned_terms_redacted,action_trace_daily_rollup
daily_rest_matrix,runs/next_build/20260509/calendar_rest_only,20260509_reference,3c5844ed8465,13,,,daily_rest_observation,"{""wait_minutes"":1838}",,day_end,redacted_daily_window,,,,,1438,1838,0,1,literal_banned_terms_redacted,action_trace_daily_rollup
daily_rest_matrix,runs/next_build/20260509/calendar_rest_only,20260509_reference,3c5844ed8465,15,,,daily_rest_observation,"{""wait_minutes"":690}",,day_end,redacted_daily_window,,,,,540,690,0,1,literal_banned_terms_redacted,action_trace_daily_rollup
daily_rest_matrix,runs/next_build/20260509/calendar_rest_only,20260509_reference,3c5844ed8465,16,,,daily_rest_observation,"{""wait_minutes"":827}",,day_end,redacted_daily_window,,,,,527,827,0,1,literal_banned_terms_redacted,action_trace_daily_rollup
daily_rest_matrix,runs/next_build/20260509/calendar_rest_only,20260509_reference,3c5844ed8465,17,,,daily_rest_observation,"{""wait_minutes"":763}",,day_end,redacted_daily_window,,,,,463,763,0,1,literal_banned_terms_redacted,action_trace_daily_rollup
daily_rest_matrix,runs/next_build/20260509/calendar_rest_only,20260509_reference,3c5844ed8465,18,,,daily_rest_observation,"{""wait_minutes"":808}",,day_end,redacted_daily_window,,,,,508,808,0,1,literal_banned_terms_redacted,action_trace_daily_rollup
daily_rest_matrix,runs/next_build/20260509/calendar_rest_only,20260509_reference,3c5844ed8465,19,,,daily_rest_observation,"{""wait_minutes"":714}",,day_end,redacted_daily_window,,,,,414,714,0,1,literal_banned_terms_redacted,action_trace_daily_rollup
daily_rest_matrix,runs/next_build/20260509/calendar_rest_only,20260509_reference,3c5844ed8465,20,,,daily_rest_observation,"{""wait_minutes"":802}",,day_end,redacted_daily_window,,,,,502,802,0,1,literal_banned_terms_redacted,action_trace_daily_rollup
daily_rest_matrix,runs/next_build/20260509/calendar_rest_only,20260509_reference,3c5844ed8465,21,,,daily_rest_observation,"{""wait_minutes"":788}",,day_end,redacted_daily_window,,,,,488,788,0,1,literal_banned_terms_redacted,action_trace_daily_rollup
daily_rest_matrix,runs/next_build/20260509/calendar_rest_only,20260509_reference,3c5844ed8465,22,,,daily_rest_observation,"{""wait_minutes"":920}",,day_end,redacted_daily_window,,,,,470,920,0,1,literal_banned_terms_redacted,action_trace_daily_rollup
daily_rest_matrix,runs/next_build/20260509/calendar_rest_only,20260509_reference,3c5844ed8465,23,,,daily_rest_observation,"{""wait_minutes"":559}",,day_end,redacted_daily_window,,,,,409,559,0,1,literal_banned_terms_redacted,action_trace_daily_rollup
daily_rest_matrix,runs/next_build/20260509/calendar_rest_only,20260509_reference,3c5844ed8465,24,,,daily_rest_observation,"{""wait_minutes"":771}",,day_end,redacted_daily_window,,,,,471,771,0,1,literal_banned_terms_redacted,action_trace_daily_rollup
daily_rest_matrix,runs/next_build/20260509/calendar_rest_only,20260509_reference,3c5844ed8465,25,,,daily_rest_observation,"{""wait_minutes"":775}",,day_end,redacted_daily_window,,,,,475,775,0,1,literal_banned_terms_redacted,action_trace_daily_rollup
daily_rest_matrix,runs/next_build/20260509/calendar_rest_only,20260509_reference,3c5844ed8465,26,,,daily_rest_observation,"{""wait_minutes"":727}",,day_end,redacted_daily_window,,,,,427,727,0,1,literal_banned_terms_redacted,action_trace_daily_rollup
daily_rest_matrix,runs/next_build/20260509/calendar_rest_only,20260509_reference,3c5844ed8465,27,,,daily_rest_observation,"{""wait_minutes"":811}",,day_end,redacted_daily_window,,,,,511,811,0,1,literal_banned_terms_redacted,action_trace_daily_rollup
daily_rest_matrix,runs/next_build/20260509/calendar_rest_only,20260509_reference,3c5844ed8465,28,,,daily_rest_observation,"{""wait_minutes"":437}",,day_end,redacted_daily_window,,,,,397,437,0,1,literal_banned_terms_redacted,action_trace_daily_rollup
daily_rest_matrix,runs/next_build/20260509/calendar_rest_only,20260509_reference,3c5844ed8465,29,,,daily_rest_observation,"{""wait_minutes"":1427}",,day_end,redacted_daily_window,,,,,1427,1427,0,1,literal_banned_terms_redacted,action_trace_daily_rollup
daily_rest_matrix,runs/next_build/20260509/calendar_rest_only,20260509_reference,3c5844ed8465,30,,,daily_rest_observation,"{""wait_minutes"":584}",,day_end,redacted_daily_window,,,,,540,584,0,1,literal_banned_terms_redacted,action_trace_daily_rollup
daily_rest_matrix,runs/next_build/20260509/calendar_rest_only,20260509_reference,3e0e35341231,0,,,daily_rest_observation,"{""wait_minutes"":840}",,day_end,redacted_daily_window,,,,,540,840,0,1,literal_banned_terms_redacted,action_trace_daily_rollup
daily_rest_matrix,runs/next_build/20260509/calendar_rest_only,20260509_reference,3e0e35341231,1,,,daily_rest_observation,"{""wait_minutes"":804}",,day_end,redacted_daily_window,,,,,504,804,0,1,literal_banned_terms_redacted,action_trace_daily_rollup
daily_rest_matrix,runs/next_build/20260509/calendar_rest_only,20260509_reference,3e0e35341231,2,,,daily_rest_observation,"{""wait_minutes"":740}",,day_end,redacted_daily_window,,,,,440,740,0,1,literal_banned_terms_redacted,action_trace_daily_rollup
daily_rest_matrix,runs/next_build/20260509/calendar_rest_only,20260509_reference,3e0e35341231,3,,,daily_rest_observation,"{""wait_minutes"":790}",,day_end,redacted_daily_window,,,,,490,790,0,1,literal_banned_terms_redacted,action_trace_daily_rollup
daily_rest_matrix,runs/next_build/20260509/calendar_rest_only,20260509_reference,3e0e35341231,4,,,daily_rest_observation,"{""wait_minutes"":775}",,day_end,redacted_daily_window,,,,,475,775,0,1,literal_banned_terms_redacted,action_trace_daily_rollup
daily_rest_matrix,runs/next_build/20260509/calendar_rest_only,20260509_reference,3e0e35341231,5,,,daily_rest_observation,"{""wait_minutes"":828}",,day_end,redacted_daily_window,,,,,528,828,0,1,literal_banned_terms_redacted,action_trace_daily_rollup
daily_rest_matrix,runs/next_build/20260509/calendar_rest_only,20260509_reference,3e0e35341231,6,,,daily_rest_observation,"{""wait_minutes"":651}",,day_end,redacted_daily_window,,,,,501,651,0,1,literal_banned_terms_redacted,action_trace_daily_rollup
daily_rest_matrix,runs/next_build/20260509/calendar_rest_only,20260509_reference,3e0e35341231,7,,,daily_rest_observation,"{""wait_minutes"":634}",,day_end,redacted_daily_window,,,,,484,634,0,1,literal_banned_terms_redacted,action_trace_daily_rollup
daily_rest_matrix,runs/next_build/20260509/calendar_rest_only,20260509_reference,3e0e35341231,8,,,daily_rest_observation,"{""wait_minutes"":708}",,day_end,redacted_daily_window,,,,,408,708,0,1,literal_banned_terms_redacted,action_trace_daily_rollup
daily_rest_matrix,runs/next_build/20260509/calendar_rest_only,20260509_reference,3e0e35341231,9,,,daily_rest_observation,"{""wait_minutes"":543}",,day_end,redacted_daily_window,,,,,393,543,0,1,literal_banned_terms_redacted,action_trace_daily_rollup
daily_rest_matrix,runs/next_build/20260509/calendar_rest_only,20260509_reference,3e0e35341231,10,,,daily_rest_observation,"{""wait_minutes"":798}",,day_end,redacted_daily_window,,,,,498,798,0,1,literal_banned_terms_redacted,action_trace_daily_rollup
daily_rest_matrix,runs/next_build/20260509/calendar_rest_only,20260509_reference,3e0e35341231,11,,,daily_rest_observation,"{""wait_minutes"":625}",,day_end,redacted_daily_window,,,,,475,625,0,1,literal_banned_terms_redacted,action_trace_daily_rollup
daily_rest_matrix,runs/next_build/20260509/calendar_rest_only,20260509_reference,3e0e35341231,12,,,daily_rest_observation,"{""wait_minutes"":577}",,day_end,redacted_daily_window,,,,,427,577,0,1,literal_banned_terms_redacted,action_trace_daily_rollup
daily_rest_matrix,runs/next_build/20260509/calendar_rest_only,20260509_reference,3e0e35341231,13,,,daily_rest_observation,"{""wait_minutes"":854}",,day_end,redacted_daily_window,,,,,450,854,0,1,literal_banned_terms_redacted,action_trace_daily_rollup
daily_rest_matrix,runs/next_build/20260509/calendar_rest_only,20260509_reference,3e0e35341231,14,,,daily_rest_observation,"{""wait_minutes"":1324}",,day_end,redacted_daily_window,,,,,1324,1324,0,1,literal_banned_terms_redacted,action_trace_daily_rollup
daily_rest_matrix,runs/next_build/20260509/calendar_rest_only,20260509_reference,3e0e35341231,15,,,daily_rest_observation,"{""wait_minutes"":990}",,day_end,redacted_daily_window,,,,,540,990,0,1,literal_banned_terms_redacted,action_trace_daily_rollup
daily_rest_matrix,runs/next_build/20260509/calendar_rest_only,20260509_reference,3e0e35341231,16,,,daily_rest_observation,"{""wait_minutes"":726}",,day_end,redacted_daily_window,,,,,426,726,0,1,literal_banned_terms_redacted,action_trace_daily_rollup
daily_rest_matrix,runs/next_build/20260509/calendar_rest_only,20260509_reference,3e0e35341231,17,,,daily_rest_observation,"{""wait_minutes"":779}",,day_end,redacted_daily_window,,,,,479,779,0,1,literal_banned_terms_redacted,action_trace_daily_rollup
daily_rest_matrix,runs/next_build/20260509/calendar_rest_only,20260509_reference,3e0e35341231,18,,,daily_rest_observation,"{""wait_minutes"":590}",,day_end,redacted_daily_window,,,,,440,590,0,1,literal_banned_terms_redacted,action_trace_daily_rollup
daily_rest_matrix,runs/next_build/20260509/calendar_rest_only,20260509_reference,3e0e35341231,19,,,daily_rest_observation,"{""wait_minutes"":1012}",,day_end,redacted_daily_window,,,,,532,1012,0,1,literal_banned_terms_redacted,action_trace_daily_rollup
daily_rest_matrix,runs/next_build/20260509/calendar_rest_only,20260509_reference,3e0e35341231,20,,,daily_rest_observation,"{""wait_minutes"":300}",,day_end,redacted_daily_window,,,,,300,300,0,0,literal_banned_terms_redacted,action_trace_daily_rollup
daily_rest_matrix,runs/next_build/20260509/calendar_rest_only,20260509_reference,3e0e35341231,21,,,daily_rest_observation,"{""wait_minutes"":672}",,day_end,redacted_daily_window,,,,,522,672,0,1,literal_banned_terms_redacted,action_trace_daily_rollup
daily_rest_matrix,runs/next_build/20260509/calendar_rest_only,20260509_reference,3e0e35341231,22,,,daily_rest_observation,"{""wait_minutes"":822}",,day_end,redacted_daily_window,,,,,522,822,0,1,literal_banned_terms_redacted,action_trace_daily_rollup
daily_rest_matrix,runs/next_build/20260509/calendar_rest_only,20260509_reference,3e0e35341231,23,,,daily_rest_observation,"{""wait_minutes"":657}",,day_end,redacted_daily_window,,,,,507,657,0,1,literal_banned_terms_redacted,action_trace_daily_rollup
daily_rest_matrix,runs/next_build/20260509/calendar_rest_only,20260509_reference,3e0e35341231,24,,,daily_rest_observation,"{""wait_minutes"":754}",,day_end,redacted_daily_window,,,,,454,754,0,1,literal_banned_terms_redacted,action_trace_daily_rollup
daily_rest_matrix,runs/next_build/20260509/calendar_rest_only,20260509_reference,3e0e35341231,25,,,daily_rest_observation,"{""wait_minutes"":775}",,day_end,redacted_daily_window,,,,,475,775,0,1,literal_banned_terms_redacted,action_trace_daily_rollup
daily_rest_matrix,runs/next_build/20260509/calendar_rest_only,20260509_reference,3e0e35341231,26,,,daily_rest_observation,"{""wait_minutes"":727}",,day_end,redacted_daily_window,,,,,427,727,0,1,literal_banned_terms_redacted,action_trace_daily_rollup
daily_rest_matrix,runs/next_build/20260509/calendar_rest_only,20260509_reference,3e0e35341231,27,,,daily_rest_observation,"{""wait_minutes"":811}",,day_end,redacted_daily_window,,,,,511,811,0,1,literal_banned_terms_redacted,action_trace_daily_rollup
daily_rest_matrix,runs/next_build/20260509/calendar_rest_only,20260509_reference,3e0e35341231,28,,,daily_rest_observation,"{""wait_minutes"":437}",,day_end,redacted_daily_window,,,,,397,437,0,1,literal_banned_terms_redacted,action_trace_daily_rollup
daily_rest_matrix,runs/next_build/20260509/calendar_rest_only,20260509_reference,3e0e35341231,29,,,daily_rest_observation,"{""wait_minutes"":1427}",,day_end,redacted_daily_window,,,,,1427,1427,0,1,literal_banned_terms_redacted,action_trace_daily_rollup
daily_rest_matrix,runs/next_build/20260509/calendar_rest_only,20260509_reference,3e0e35341231,30,,,daily_rest_observation,"{""wait_minutes"":584}",,day_end,redacted_daily_window,,,,,540,584,0,1,literal_banned_terms_redacted,action_trace_daily_rollup
daily_rest_matrix,runs/next_build/20260509/calendar_rest_only,20260509_reference,983f9a2734ca,0,,,daily_rest_observation,"{""wait_minutes"":840}",,day_end,redacted_daily_window,,,,,540,840,0,1,literal_banned_terms_redacted,action_trace_daily_rollup
daily_rest_matrix,runs/next_build/20260509/calendar_rest_only,20260509_reference,983f9a2734ca,1,,,daily_rest_observation,"{""wait_minutes"":572}",,day_end,redacted_daily_window,,,,,422,572,0,1,literal_banned_terms_redacted,action_trace_daily_rollup
daily_rest_matrix,runs/next_build/20260509/calendar_rest_only,20260509_reference,983f9a2734ca,2,,,daily_rest_observation,"{""wait_minutes"":599}",,day_end,redacted_daily_window,,,,,449,599,0,1,literal_banned_terms_redacted,action_trace_daily_rollup
daily_rest_matrix,runs/next_build/20260509/calendar_rest_only,20260509_reference,983f9a2734ca,3,,,daily_rest_observation,"{""wait_minutes"":1025}",,day_end,redacted_daily_window,,,,,532,1025,0,1,literal_banned_terms_redacted,action_trace_daily_rollup
daily_rest_matrix,runs/next_build/20260509/calendar_rest_only,20260509_reference,983f9a2734ca,4,,,daily_rest_observation,"{""wait_minutes"":300}",,day_end,redacted_daily_window,,,,,300,300,0,0,literal_banned_terms_redacted,action_trace_daily_rollup
daily_rest_matrix,runs/next_build/20260509/calendar_rest_only,20260509_reference,983f9a2734ca,5,,,daily_rest_observation,"{""wait_minutes"":613}",,day_end,redacted_daily_window,,,,,463,613,0,1,literal_banned_terms_redacted,action_trace_daily_rollup
daily_rest_matrix,runs/next_build/20260509/calendar_rest_only,20260509_reference,983f9a2734ca,6,,,daily_rest_observation,"{""wait_minutes"":830}",,day_end,redacted_daily_window,,,,,530,830,0,1,literal_banned_terms_redacted,action_trace_daily_rollup
daily_rest_matrix,runs/next_build/20260509/calendar_rest_only,20260509_reference,983f9a2734ca,7,,,daily_rest_observation,"{""wait_minutes"":813}",,day_end,redacted_daily_window,,,,,513,813,0,1,literal_banned_terms_redacted,action_trace_daily_rollup
daily_rest_matrix,runs/next_build/20260509/calendar_rest_only,20260509_reference,983f9a2734ca,8,,,daily_rest_observation,"{""wait_minutes"":750}",,day_end,redacted_daily_window,,,,,450,750,0,1,literal_banned_terms_redacted,action_trace_daily_rollup
daily_rest_matrix,runs/next_build/20260509/calendar_rest_only,20260509_reference,983f9a2734ca,9,,,daily_rest_observation,"{""wait_minutes"":810}",,day_end,redacted_daily_window,,,,,510,810,0,1,literal_banned_terms_redacted,action_trace_daily_rollup
daily_rest_matrix,runs/next_build/20260509/calendar_rest_only,20260509_reference,983f9a2734ca,10,,,daily_rest_observation,"{""wait_minutes"":663}",,day_end,redacted_daily_window,,,,,513,663,0,1,literal_banned_terms_redacted,action_trace_daily_rollup
daily_rest_matrix,runs/next_build/20260509/calendar_rest_only,20260509_reference,983f9a2734ca,11,,,daily_rest_observation,"{""wait_minutes"":712}",,day_end,redacted_daily_window,,,,,412,712,0,1,literal_banned_terms_redacted,action_trace_daily_rollup
daily_rest_matrix,runs/next_build/20260509/calendar_rest_only,20260509_reference,983f9a2734ca,12,,,daily_rest_observation,"{""wait_minutes"":708}",,day_end,redacted_daily_window,,,,,408,708,0,1,literal_banned_terms_redacted,action_trace_daily_rollup
daily_rest_matrix,runs/next_build/20260509/calendar_rest_only,20260509_reference,983f9a2734ca,13,,,daily_rest_observation,"{""wait_minutes"":1838}",,day_end,redacted_daily_window,,,,,1438,1838,0,1,literal_banned_terms_redacted,action_trace_daily_rollup
daily_rest_matrix,runs/next_build/20260509/calendar_rest_only,20260509_reference,983f9a2734ca,15,,,daily_rest_observation,"{""wait_minutes"":690}",,day_end,redacted_daily_window,,,,,540,690,0,1,literal_banned_terms_redacted,action_trace_daily_rollup
daily_rest_matrix,runs/next_build/20260509/calendar_rest_only,20260509_reference,983f9a2734ca,16,,,daily_rest_observation,"{""wait_minutes"":827}",,day_end,redacted_daily_window,,,,,527,827,0,1,literal_banned_terms_redacted,action_trace_daily_rollup
daily_rest_matrix,runs/next_build/20260509/calendar_rest_only,20260509_reference,983f9a2734ca,17,,,daily_rest_observation,"{""wait_minutes"":763}",,day_end,redacted_daily_window,,,,,463,763,0,1,literal_banned_terms_redacted,action_trace_daily_rollup
daily_rest_matrix,runs/next_build/20260509/calendar_rest_only,20260509_reference,983f9a2734ca,18,,,daily_rest_observation,"{""wait_minutes"":808}",,day_end,redacted_daily_window,,,,,508,808,0,1,literal_banned_terms_redacted,action_trace_daily_rollup
daily_rest_matrix,runs/next_build/20260509/calendar_rest_only,20260509_reference,983f9a2734ca,19,,,daily_rest_observation,"{""wait_minutes"":714}",,day_end,redacted_daily_window,,,,,414,714,0,1,literal_banned_terms_redacted,action_trace_daily_rollup
daily_rest_matrix,runs/next_build/20260509/calendar_rest_only,20260509_reference,983f9a2734ca,20,,,daily_rest_observation,"{""wait_minutes"":802}",,day_end,redacted_daily_window,,,,,502,802,0,1,literal_banned_terms_redacted,action_trace_daily_rollup
daily_rest_matrix,runs/next_build/20260509/calendar_rest_only,20260509_reference,983f9a2734ca,21,,,daily_rest_observation,"{""wait_minutes"":788}",,day_end,redacted_daily_window,,,,,488,788,0,1,literal_banned_terms_redacted,action_trace_daily_rollup
daily_rest_matrix,runs/next_build/20260509/calendar_rest_only,20260509_reference,983f9a2734ca,22,,,daily_rest_observation,"{""wait_minutes"":920}",,day_end,redacted_daily_window,,,,,470,920,0,1,literal_banned_terms_redacted,action_trace_daily_rollup
daily_rest_matrix,runs/next_build/20260509/calendar_rest_only,20260509_reference,983f9a2734ca,23,,,daily_rest_observation,"{""wait_minutes"":559}",,day_end,redacted_daily_window,,,,,409,559,0,1,literal_banned_terms_redacted,action_trace_daily_rollup
daily_rest_matrix,runs/next_build/20260509/calendar_rest_only,20260509_reference,983f9a2734ca,24,,,daily_rest_observation,"{""wait_minutes"":771}",,day_end,redacted_daily_window,,,,,471,771,0,1,literal_banned_terms_redacted,action_trace_daily_rollup
daily_rest_matrix,runs/next_build/20260509/calendar_rest_only,20260509_reference,983f9a2734ca,25,,,daily_rest_observation,"{""wait_minutes"":775}",,day_end,redacted_daily_window,,,,,475,775,0,1,literal_banned_terms_redacted,action_trace_daily_rollup
daily_rest_matrix,runs/next_build/20260509/calendar_rest_only,20260509_reference,983f9a2734ca,26,,,daily_rest_observation,"{""wait_minutes"":727}",,day_end,redacted_daily_window,,,,,427,727,0,1,literal_banned_terms_redacted,action_trace_daily_rollup
daily_rest_matrix,runs/next_build/20260509/calendar_rest_only,20260509_reference,983f9a2734ca,27,,,daily_rest_observation,"{""wait_minutes"":811}",,day_end,redacted_daily_window,,,,,511,811,0,1,literal_banned_terms_redacted,action_trace_daily_rollup
daily_rest_matrix,runs/next_build/20260509/calendar_rest_only,20260509_reference,983f9a2734ca,28,,,daily_rest_observation,"{""wait_minutes"":437}",,day_end,redacted_daily_window,,,,,397,437,0,1,literal_banned_terms_redacted,action_trace_daily_rollup
daily_rest_matrix,runs/next_build/20260509/calendar_rest_only,20260509_reference,983f9a2734ca,29,,,daily_rest_observation,"{""wait_minutes"":1427}",,day_end,redacted_daily_window,,,,,1427,1427,0,1,literal_banned_terms_redacted,action_trace_daily_rollup
daily_rest_matrix,runs/next_build/20260509/calendar_rest_only,20260509_reference,983f9a2734ca,30,,,daily_rest_observation,"{""wait_minutes"":584}",,day_end,redacted_daily_window,,,,,540,584,0,1,literal_banned_terms_redacted,action_trace_daily_rollup
daily_rest_matrix,runs/next_build/20260509/calendar_rest_only,20260509_reference,af4b17af9fc7,0,,,daily_rest_observation,"{""wait_minutes"":690}",,day_end,redacted_daily_window,,,,,540,690,0,1,literal_banned_terms_redacted,action_trace_daily_rollup
daily_rest_matrix,runs/next_build/20260509/calendar_rest_only,20260509_reference,af4b17af9fc7,1,,,daily_rest_observation,"{""wait_minutes"":921}",,day_end,redacted_daily_window,,,,,471,921,0,1,literal_banned_terms_redacted,action_trace_daily_rollup
daily_rest_matrix,runs/next_build/20260509/calendar_rest_only,20260509_reference,af4b17af9fc7,2,,,daily_rest_observation,"{""wait_minutes"":598}",,day_end,redacted_daily_window,,,,,448,598,0,1,literal_banned_terms_redacted,action_trace_daily_rollup
daily_rest_matrix,runs/next_build/20260509/calendar_rest_only,20260509_reference,af4b17af9fc7,3,,,daily_rest_observation,"{""wait_minutes"":772}",,day_end,redacted_daily_window,,,,,472,772,0,1,literal_banned_terms_redacted,action_trace_daily_rollup
daily_rest_matrix,runs/next_build/20260509/calendar_rest_only,20260509_reference,af4b17af9fc7,4,,,daily_rest_observation,"{""wait_minutes"":677}",,day_end,redacted_daily_window,,,,,527,677,0,1,literal_banned_terms_redacted,action_trace_daily_rollup
daily_rest_matrix,runs/next_build/20260509/calendar_rest_only,20260509_reference,af4b17af9fc7,5,,,daily_rest_observation,"{""wait_minutes"":548}",,day_end,redacted_daily_window,,,,,398,548,0,1,literal_banned_terms_redacted,action_trace_daily_rollup
daily_rest_matrix,runs/next_build/20260509/calendar_rest_only,20260509_reference,af4b17af9fc7,6,,,daily_rest_observation,"{""wait_minutes"":666}",,day_end,redacted_daily_window,,,,,516,666,0,1,literal_banned_terms_redacted,action_trace_daily_rollup
daily_rest_matrix,runs/next_build/20260509/calendar_rest_only,20260509_reference,af4b17af9fc7,7,,,daily_rest_observation,"{""wait_minutes"":1274}",,day_end,redacted_daily_window,,,,,839,1274,0,1,literal_banned_terms_redacted,action_trace_daily_rollup
daily_rest_matrix,runs/next_build/20260509/calendar_rest_only,20260509_reference,af4b17af9fc7,8,,,daily_rest_observation,"{""wait_minutes"":300}",,day_end,redacted_daily_window,,,,,300,300,0,0,literal_banned_terms_redacted,action_trace_daily_rollup
daily_rest_matrix,runs/next_build/20260509/calendar_rest_only,20260509_reference,af4b17af9fc7,9,,,daily_rest_observation,"{""wait_minutes"":739}",,day_end,redacted_daily_window,,,,,439,739,0,1,literal_banned_terms_redacted,action_trace_daily_rollup
daily_rest_matrix,runs/next_build/20260509/calendar_rest_only,20260509_reference,af4b17af9fc7,10,,,daily_rest_observation,"{""wait_minutes"":621}",,day_end,redacted_daily_window,,,,,471,621,0,1,literal_banned_terms_redacted,action_trace_daily_rollup
daily_rest_matrix,runs/next_build/20260509/calendar_rest_only,20260509_reference,af4b17af9fc7,11,,,daily_rest_observation,"{""wait_minutes"":1087}",,day_end,redacted_daily_window,,,,,681,1087,0,1,literal_banned_terms_redacted,action_trace_daily_rollup
daily_rest_matrix,runs/next_build/20260509/calendar_rest_only,20260509_reference,af4b17af9fc7,12,,,daily_rest_observation,"{""wait_minutes"":450}",,day_end,redacted_daily_window,,,,,450,450,0,0,literal_banned_terms_redacted,action_trace_daily_rollup
daily_rest_matrix,runs/next_build/20260509/calendar_rest_only,20260509_reference,af4b17af9fc7,13,,,daily_rest_observation,"{""wait_minutes"":1844}",,day_end,redacted_daily_window,,,,,1434,1844,0,1,literal_banned_terms_redacted,action_trace_daily_rollup
daily_rest_matrix,runs/next_build/20260509/calendar_rest_only,20260509_reference,af4b17af9fc7,15,,,daily_rest_observation,"{""wait_minutes"":990}",,day_end,redacted_daily_window,,,,,540,990,0,1,literal_banned_terms_redacted,action_trace_daily_rollup
daily_rest_matrix,runs/next_build/20260509/calendar_rest_only,20260509_reference,af4b17af9fc7,16,,,daily_rest_observation,"{""wait_minutes"":752}",,day_end,redacted_daily_window,,,,,452,752,0,1,literal_banned_terms_redacted,action_trace_daily_rollup
daily_rest_matrix,runs/next_build/20260509/calendar_rest_only,20260509_reference,af4b17af9fc7,17,,,daily_rest_observation,"{""wait_minutes"":779}",,day_end,redacted_daily_window,,,,,479,779,0,1,literal_banned_terms_redacted,action_trace_daily_rollup
daily_rest_matrix,runs/next_build/20260509/calendar_rest_only,20260509_reference,af4b17af9fc7,18,,,daily_rest_observation,"{""wait_minutes"":590}",,day_end,redacted_daily_window,,,,,440,590,0,1,literal_banned_terms_redacted,action_trace_daily_rollup
daily_rest_matrix,runs/next_build/20260509/calendar_rest_only,20260509_reference,af4b17af9fc7,19,,,daily_rest_observation,"{""wait_minutes"":1012}",,day_end,redacted_daily_window,,,,,532,1012,0,1,literal_banned_terms_redacted,action_trace_daily_rollup
daily_rest_matrix,runs/next_build/20260509/calendar_rest_only,20260509_reference,af4b17af9fc7,20,,,daily_rest_observation,"{""wait_minutes"":300}",,day_end,redacted_daily_window,,,,,300,300,0,0,literal_banned_terms_redacted,action_trace_daily_rollup
daily_rest_matrix,runs/next_build/20260509/calendar_rest_only,20260509_reference,af4b17af9fc7,21,,,daily_rest_observation,"{""wait_minutes"":672}",,day_end,redacted_daily_window,,,,,522,672,0,1,literal_banned_terms_redacted,action_trace_daily_rollup
daily_rest_matrix,runs/next_build/20260509/calendar_rest_only,20260509_reference,af4b17af9fc7,22,,,daily_rest_observation,"{""wait_minutes"":822}",,day_end,redacted_daily_window,,,,,522,822,0,1,literal_banned_terms_redacted,action_trace_daily_rollup
daily_rest_matrix,runs/next_build/20260509/calendar_rest_only,20260509_reference,af4b17af9fc7,23,,,daily_rest_observation,"{""wait_minutes"":657}",,day_end,redacted_daily_window,,,,,507,657,0,1,literal_banned_terms_redacted,action_trace_daily_rollup
daily_rest_matrix,runs/next_build/20260509/calendar_rest_only,20260509_reference,af4b17af9fc7,24,,,daily_rest_observation,"{""wait_minutes"":754}",,day_end,redacted_daily_window,,,,,454,754,0,1,literal_banned_terms_redacted,action_trace_daily_rollup
daily_rest_matrix,runs/next_build/20260509/calendar_rest_only,20260509_reference,af4b17af9fc7,25,,,daily_rest_observation,"{""wait_minutes"":775}",,day_end,redacted_daily_window,,,,,475,775,0,1,literal_banned_terms_redacted,action_trace_daily_rollup
daily_rest_matrix,runs/next_build/20260509/calendar_rest_only,20260509_reference,af4b17af9fc7,26,,,daily_rest_observation,"{""wait_minutes"":727}",,day_end,redacted_daily_window,,,,,427,727,0,1,literal_banned_terms_redacted,action_trace_daily_rollup
daily_rest_matrix,runs/next_build/20260509/calendar_rest_only,20260509_reference,af4b17af9fc7,27,,,daily_rest_observation,"{""wait_minutes"":811}",,day_end,redacted_daily_window,,,,,511,811,0,1,literal_banned_terms_redacted,action_trace_daily_rollup
daily_rest_matrix,runs/next_build/20260509/calendar_rest_only,20260509_reference,af4b17af9fc7,28,,,daily_rest_observation,"{""wait_minutes"":437}",,day_end,redacted_daily_window,,,,,397,437,0,1,literal_banned_terms_redacted,action_trace_daily_rollup
daily_rest_matrix,runs/next_build/20260509/calendar_rest_only,20260509_reference,af4b17af9fc7,29,,,daily_rest_observation,"{""wait_minutes"":1427}",,day_end,redacted_daily_window,,,,,1427,1427,0,1,literal_banned_terms_redacted,action_trace_daily_rollup
daily_rest_matrix,runs/next_build/20260509/calendar_rest_only,20260509_reference,af4b17af9fc7,30,,,daily_rest_observation,"{""wait_minutes"":584}",,day_end,redacted_daily_window,,,,,540,584,0,1,literal_banned_terms_redacted,action_trace_daily_rollup
daily_rest_matrix,runs/next_build/20260509/calendar_rest_only,20260509_reference,b8424551b996,0,,,daily_rest_observation,"{""wait_minutes"":690}",,day_end,redacted_daily_window,,,,,540,690,0,1,literal_banned_terms_redacted,action_trace_daily_rollup
daily_rest_matrix,runs/next_build/20260509/calendar_rest_only,20260509_reference,b8424551b996,1,,,daily_rest_observation,"{""wait_minutes"":718}",,day_end,redacted_daily_window,,,,,418,718,0,1,literal_banned_terms_redacted,action_trace_daily_rollup
daily_rest_matrix,runs/next_build/20260509/calendar_rest_only,20260509_reference,b8424551b996,2,,,daily_rest_observation,"{""wait_minutes"":671}",,day_end,redacted_daily_window,,,,,521,671,0,1,literal_banned_terms_redacted,action_trace_daily_rollup
daily_rest_matrix,runs/next_build/20260509/calendar_rest_only,20260509_reference,b8424551b996,3,,,daily_rest_observation,"{""wait_minutes"":594}",,day_end,redacted_daily_window,,,,,444,594,0,1,literal_banned_terms_redacted,action_trace_daily_rollup
daily_rest_matrix,runs/next_build/20260509/calendar_rest_only,20260509_reference,b8424551b996,4,,,daily_rest_observation,"{""wait_minutes"":609}",,day_end,redacted_daily_window,,,,,459,609,0,1,literal_banned_terms_redacted,action_trace_daily_rollup
daily_rest_matrix,runs/next_build/20260509/calendar_rest_only,20260509_reference,b8424551b996,5,,,daily_rest_observation,"{""wait_minutes"":1001}",,day_end,redacted_daily_window,,,,,540,1001,0,1,literal_banned_terms_redacted,action_trace_daily_rollup
daily_rest_matrix,runs/next_build/20260509/calendar_rest_only,20260509_reference,b8424551b996,6,,,daily_rest_observation,"{""wait_minutes"":150}",,day_end,redacted_daily_window,,,,,150,150,0,0,literal_banned_terms_redacted,action_trace_daily_rollup
daily_rest_matrix,runs/next_build/20260509/calendar_rest_only,20260509_reference,b8424551b996,7,,,daily_rest_observation,"{""wait_minutes"":548}",,day_end,redacted_daily_window,,,,,398,548,0,1,literal_banned_terms_redacted,action_trace_daily_rollup
daily_rest_matrix,runs/next_build/20260509/calendar_rest_only,20260509_reference,b8424551b996,8,,,daily_rest_observation,"{""wait_minutes"":701}",,day_end,redacted_daily_window,,,,,401,701,0,1,literal_banned_terms_redacted,action_trace_daily_rollup
daily_rest_matrix,runs/next_build/20260509/calendar_rest_only,20260509_reference,b8424551b996,9,,,daily_rest_observation,"{""wait_minutes"":543}",,day_end,redacted_daily_window,,,,,393,543,0,1,literal_banned_terms_redacted,action_trace_daily_rollup
daily_rest_matrix,runs/next_build/20260509/calendar_rest_only,20260509_reference,b8424551b996,10,,,daily_rest_observation,"{""wait_minutes"":798}",,day_end,redacted_daily_window,,,,,498,798,0,1,literal_banned_terms_redacted,action_trace_daily_rollup
daily_rest_matrix,runs/next_build/20260509/calendar_rest_only,20260509_reference,b8424551b996,11,,,daily_rest_observation,"{""wait_minutes"":625}",,day_end,redacted_daily_window,,,,,475,625,0,1,literal_banned_terms_redacted,action_trace_daily_rollup
daily_rest_matrix,runs/next_build/20260509/calendar_rest_only,20260509_reference,b8424551b996,12,,,daily_rest_observation,"{""wait_minutes"":577}",,day_end,redacted_daily_window,,,,,427,577,0,1,literal_banned_terms_redacted,action_trace_daily_rollup
daily_rest_matrix,runs/next_build/20260509/calendar_rest_only,20260509_reference,b8424551b996,13,,,daily_rest_observation,"{""wait_minutes"":854}",,day_end,redacted_daily_window,,,,,450,854,0,1,literal_banned_terms_redacted,action_trace_daily_rollup
daily_rest_matrix,runs/next_build/20260509/calendar_rest_only,20260509_reference,b8424551b996,14,,,daily_rest_observation,"{""wait_minutes"":1324}",,day_end,redacted_daily_window,,,,,1324,1324,0,1,literal_banned_terms_redacted,action_trace_daily_rollup
daily_rest_matrix,runs/next_build/20260509/calendar_rest_only,20260509_reference,b8424551b996,15,,,daily_rest_observation,"{""wait_minutes"":990}",,day_end,redacted_daily_window,,,,,540,990,0,1,literal_banned_terms_redacted,action_trace_daily_rollup
daily_rest_matrix,runs/next_build/20260509/calendar_rest_only,20260509_reference,b8424551b996,16,,,daily_rest_observation,"{""wait_minutes"":726}",,day_end,redacted_daily_window,,,,,426,726,0,1,literal_banned_terms_redacted,action_trace_daily_rollup
daily_rest_matrix,runs/next_build/20260509/calendar_rest_only,20260509_reference,b8424551b996,17,,,daily_rest_observation,"{""wait_minutes"":779}",,day_end,redacted_daily_window,,,,,479,779,0,1,literal_banned_terms_redacted,action_trace_daily_rollup
daily_rest_matrix,runs/next_build/20260509/calendar_rest_only,20260509_reference,b8424551b996,18,,,daily_rest_observation,"{""wait_minutes"":590}",,day_end,redacted_daily_window,,,,,440,590,0,1,literal_banned_terms_redacted,action_trace_daily_rollup
daily_rest_matrix,runs/next_build/20260509/calendar_rest_only,20260509_reference,b8424551b996,19,,,daily_rest_observation,"{""wait_minutes"":1012}",,day_end,redacted_daily_window,,,,,532,1012,0,1,literal_banned_terms_redacted,action_trace_daily_rollup
daily_rest_matrix,runs/next_build/20260509/calendar_rest_only,20260509_reference,b8424551b996,20,,,daily_rest_observation,"{""wait_minutes"":300}",,day_end,redacted_daily_window,,,,,300,300,0,0,literal_banned_terms_redacted,action_trace_daily_rollup
daily_rest_matrix,runs/next_build/20260509/calendar_rest_only,20260509_reference,b8424551b996,21,,,daily_rest_observation,"{""wait_minutes"":672}",,day_end,redacted_daily_window,,,,,522,672,0,1,literal_banned_terms_redacted,action_trace_daily_rollup
daily_rest_matrix,runs/next_build/20260509/calendar_rest_only,20260509_reference,b8424551b996,22,,,daily_rest_observation,"{""wait_minutes"":822}",,day_end,redacted_daily_window,,,,,522,822,0,1,literal_banned_terms_redacted,action_trace_daily_rollup
daily_rest_matrix,runs/next_build/20260509/calendar_rest_only,20260509_reference,b8424551b996,23,,,daily_rest_observation,"{""wait_minutes"":657}",,day_end,redacted_daily_window,,,,,507,657,0,1,literal_banned_terms_redacted,action_trace_daily_rollup
daily_rest_matrix,runs/next_build/20260509/calendar_rest_only,20260509_reference,b8424551b996,24,,,daily_rest_observation,"{""wait_minutes"":754}",,day_end,redacted_daily_window,,,,,454,754,0,1,literal_banned_terms_redacted,action_trace_daily_rollup
daily_rest_matrix,runs/next_build/20260509/calendar_rest_only,20260509_reference,b8424551b996,25,,,daily_rest_observation,"{""wait_minutes"":775}",,day_end,redacted_daily_window,,,,,475,775,0,1,literal_banned_terms_redacted,action_trace_daily_rollup
daily_rest_matrix,runs/next_build/20260509/calendar_rest_only,20260509_reference,b8424551b996,26,,,daily_rest_observation,"{""wait_minutes"":727}",,day_end,redacted_daily_window,,,,,427,727,0,1,literal_banned_terms_redacted,action_trace_daily_rollup
daily_rest_matrix,runs/next_build/20260509/calendar_rest_only,20260509_reference,b8424551b996,27,,,daily_rest_observation,"{""wait_minutes"":811}",,day_end,redacted_daily_window,,,,,511,811,0,1,literal_banned_terms_redacted,action_trace_daily_rollup
daily_rest_matrix,runs/next_build/20260509/calendar_rest_only,20260509_reference,b8424551b996,28,,,daily_rest_observation,"{""wait_minutes"":1864}",,day_end,redacted_daily_window,,,,,1467,1864,0,1,literal_banned_terms_redacted,action_trace_daily_rollup
daily_rest_matrix,runs/next_build/20260509/calendar_rest_only,20260509_reference,b8424551b996,30,,,daily_rest_observation,"{""wait_minutes"":584}",,day_end,redacted_daily_window,,,,,540,584,0,1,literal_banned_terms_redacted,action_trace_daily_rollup
daily_rest_matrix,runs/next_build/20260509/calendar_rest_only,20260509_reference,d1b26936cffa,0,,,daily_rest_observation,"{""wait_minutes"":840}",,day_end,redacted_daily_window,,,,,540,840,0,1,literal_banned_terms_redacted,action_trace_daily_rollup
daily_rest_matrix,runs/next_build/20260509/calendar_rest_only,20260509_reference,d1b26936cffa,1,,,daily_rest_observation,"{""wait_minutes"":925}",,day_end,redacted_daily_window,,,,,475,925,0,1,literal_banned_terms_redacted,action_trace_daily_rollup
daily_rest_matrix,runs/next_build/20260509/calendar_rest_only,20260509_reference,d1b26936cffa,2,,,daily_rest_observation,"{""wait_minutes"":711}",,day_end,redacted_daily_window,,,,,411,711,0,1,literal_banned_terms_redacted,action_trace_daily_rollup
daily_rest_matrix,runs/next_build/20260509/calendar_rest_only,20260509_reference,d1b26936cffa,3,,,daily_rest_observation,"{""wait_minutes"":678}",,day_end,redacted_daily_window,,,,,528,678,0,1,literal_banned_terms_redacted,action_trace_daily_rollup
daily_rest_matrix,runs/next_build/20260509/calendar_rest_only,20260509_reference,d1b26936cffa,4,,,daily_rest_observation,"{""wait_minutes"":774}",,day_end,redacted_daily_window,,,,,474,774,0,1,literal_banned_terms_redacted,action_trace_daily_rollup
daily_rest_matrix,runs/next_build/20260509/calendar_rest_only,20260509_reference,d1b26936cffa,5,,,daily_rest_observation,"{""wait_minutes"":602}",,day_end,redacted_daily_window,,,,,452,602,0,1,literal_banned_terms_redacted,action_trace_daily_rollup
daily_rest_matrix,runs/next_build/20260509/calendar_rest_only,20260509_reference,d1b26936cffa,6,,,daily_rest_observation,"{""wait_minutes"":658}",,day_end,redacted_daily_window,,,,,508,658,0,1,literal_banned_terms_redacted,action_trace_daily_rollup
daily_rest_matrix,runs/next_build/20260509/calendar_rest_only,20260509_reference,d1b26936cffa,7,,,daily_rest_observation,"{""wait_minutes"":1274}",,day_end,redacted_daily_window,,,,,839,1274,0,1,literal_banned_terms_redacted,action_trace_daily_rollup
daily_rest_matrix,runs/next_build/20260509/calendar_rest_only,20260509_reference,d1b26936cffa,8,,,daily_rest_observation,"{""wait_minutes"":300}",,day_end,redacted_daily_window,,,,,300,300,0,0,literal_banned_terms_redacted,action_trace_daily_rollup
daily_rest_matrix,runs/next_build/20260509/calendar_rest_only,20260509_reference,d1b26936cffa,9,,,daily_rest_observation,"{""wait_minutes"":739}",,day_end,redacted_daily_window,,,,,439,739,0,1,literal_banned_terms_redacted,action_trace_daily_rollup
daily_rest_matrix,runs/next_build/20260509/calendar_rest_only,20260509_reference,d1b26936cffa,10,,,daily_rest_observation,"{""wait_minutes"":621}",,day_end,redacted_daily_window,,,,,471,621,0,1,literal_banned_terms_redacted,action_trace_daily_rollup
daily_rest_matrix,runs/next_build/20260509/calendar_rest_only,20260509_reference,d1b26936cffa,11,,,daily_rest_observation,"{""wait_minutes"":1087}",,day_end,redacted_daily_window,,,,,681,1087,0,1,literal_banned_terms_redacted,action_trace_daily_rollup
daily_rest_matrix,runs/next_build/20260509/calendar_rest_only,20260509_reference,d1b26936cffa,12,,,daily_rest_observation,"{""wait_minutes"":450}",,day_end,redacted_daily_window,,,,,450,450,0,0,literal_banned_terms_redacted,action_trace_daily_rollup
daily_rest_matrix,runs/next_build/20260509/calendar_rest_only,20260509_reference,d1b26936cffa,13,,,daily_rest_observation,"{""wait_minutes"":1844}",,day_end,redacted_daily_window,,,,,1434,1844,0,1,literal_banned_terms_redacted,action_trace_daily_rollup
daily_rest_matrix,runs/next_build/20260509/calendar_rest_only,20260509_reference,d1b26936cffa,15,,,daily_rest_observation,"{""wait_minutes"":990}",,day_end,redacted_daily_window,,,,,540,990,0,1,literal_banned_terms_redacted,action_trace_daily_rollup
daily_rest_matrix,runs/next_build/20260509/calendar_rest_only,20260509_reference,d1b26936cffa,16,,,daily_rest_observation,"{""wait_minutes"":752}",,day_end,redacted_daily_window,,,,,452,752,0,1,literal_banned_terms_redacted,action_trace_daily_rollup
daily_rest_matrix,runs/next_build/20260509/calendar_rest_only,20260509_reference,d1b26936cffa,17,,,daily_rest_observation,"{""wait_minutes"":779}",,day_end,redacted_daily_window,,,,,479,779,0,1,literal_banned_terms_redacted,action_trace_daily_rollup
daily_rest_matrix,runs/next_build/20260509/calendar_rest_only,20260509_reference,d1b26936cffa,18,,,daily_rest_observation,"{""wait_minutes"":590}",,day_end,redacted_daily_window,,,,,440,590,0,1,literal_banned_terms_redacted,action_trace_daily_rollup
daily_rest_matrix,runs/next_build/20260509/calendar_rest_only,20260509_reference,d1b26936cffa,19,,,daily_rest_observation,"{""wait_minutes"":1012}",,day_end,redacted_daily_window,,,,,532,1012,0,1,literal_banned_terms_redacted,action_trace_daily_rollup
daily_rest_matrix,runs/next_build/20260509/calendar_rest_only,20260509_reference,d1b26936cffa,20,,,daily_rest_observation,"{""wait_minutes"":300}",,day_end,redacted_daily_window,,,,,300,300,0,0,literal_banned_terms_redacted,action_trace_daily_rollup
daily_rest_matrix,runs/next_build/20260509/calendar_rest_only,20260509_reference,d1b26936cffa,21,,,daily_rest_observation,"{""wait_minutes"":672}",,day_end,redacted_daily_window,,,,,522,672,0,1,literal_banned_terms_redacted,action_trace_daily_rollup
daily_rest_matrix,runs/next_build/20260509/calendar_rest_only,20260509_reference,d1b26936cffa,22,,,daily_rest_observation,"{""wait_minutes"":822}",,day_end,redacted_daily_window,,,,,522,822,0,1,literal_banned_terms_redacted,action_trace_daily_rollup
daily_rest_matrix,runs/next_build/20260509/calendar_rest_only,20260509_reference,d1b26936cffa,23,,,daily_rest_observation,"{""wait_minutes"":657}",,day_end,redacted_daily_window,,,,,507,657,0,1,literal_banned_terms_redacted,action_trace_daily_rollup
daily_rest_matrix,runs/next_build/20260509/calendar_rest_only,20260509_reference,d1b26936cffa,24,,,daily_rest_observation,"{""wait_minutes"":754}",,day_end,redacted_daily_window,,,,,454,754,0,1,literal_banned_terms_redacted,action_trace_daily_rollup
daily_rest_matrix,runs/next_build/20260509/calendar_rest_only,20260509_reference,d1b26936cffa,25,,,daily_rest_observation,"{""wait_minutes"":775}",,day_end,redacted_daily_window,,,,,475,775,0,1,literal_banned_terms_redacted,action_trace_daily_rollup
daily_rest_matrix,runs/next_build/20260509/calendar_rest_only,20260509_reference,d1b26936cffa,26,,,daily_rest_observation,"{""wait_minutes"":727}",,day_end,redacted_daily_window,,,,,427,727,0,1,literal_banned_terms_redacted,action_trace_daily_rollup
daily_rest_matrix,runs/next_build/20260509/calendar_rest_only,20260509_reference,d1b26936cffa,27,,,daily_rest_observation,"{""wait_minutes"":811}",,day_end,redacted_daily_window,,,,,511,811,0,1,literal_banned_terms_redacted,action_trace_daily_rollup
daily_rest_matrix,runs/next_build/20260509/calendar_rest_only,20260509_reference,d1b26936cffa,28,,,daily_rest_observation,"{""wait_minutes"":1864}",,day_end,redacted_daily_window,,,,,1467,1864,0,1,literal_banned_terms_redacted,action_trace_daily_rollup
daily_rest_matrix,runs/next_build/20260509/calendar_rest_only,20260509_reference,d1b26936cffa,30,,,daily_rest_observation,"{""wait_minutes"":584}",,day_end,redacted_daily_window,,,,,540,584,0,1,literal_banned_terms_redacted,action_trace_daily_rollup
daily_rest_matrix,runs/next_build/20260509/calendar_rest_only,20260509_reference,e7a52d984e7e,0,,,daily_rest_observation,"{""wait_minutes"":690}",,day_end,redacted_daily_window,,,,,540,690,0,1,literal_banned_terms_redacted,action_trace_daily_rollup
daily_rest_matrix,runs/next_build/20260509/calendar_rest_only,20260509_reference,e7a52d984e7e,1,,,daily_rest_observation,"{""wait_minutes"":791}",,day_end,redacted_daily_window,,,,,491,791,0,1,literal_banned_terms_redacted,action_trace_daily_rollup
daily_rest_matrix,runs/next_build/20260509/calendar_rest_only,20260509_reference,e7a52d984e7e,2,,,daily_rest_observation,"{""wait_minutes"":726}",,day_end,redacted_daily_window,,,,,426,726,0,1,literal_banned_terms_redacted,action_trace_daily_rollup
daily_rest_matrix,runs/next_build/20260509/calendar_rest_only,20260509_reference,e7a52d984e7e,3,,,daily_rest_observation,"{""wait_minutes"":764}",,day_end,redacted_daily_window,,,,,464,764,0,1,literal_banned_terms_redacted,action_trace_daily_rollup
daily_rest_matrix,runs/next_build/20260509/calendar_rest_only,20260509_reference,e7a52d984e7e,4,,,daily_rest_observation,"{""wait_minutes"":659}",,day_end,redacted_daily_window,,,,,509,659,0,1,literal_banned_terms_redacted,action_trace_daily_rollup
daily_rest_matrix,runs/next_build/20260509/calendar_rest_only,20260509_reference,e7a52d984e7e,5,,,daily_rest_observation,"{""wait_minutes"":684}",,day_end,redacted_daily_window,,,,,534,684,0,1,literal_banned_terms_redacted,action_trace_daily_rollup
daily_rest_matrix,runs/next_build/20260509/calendar_rest_only,20260509_reference,e7a52d984e7e,6,,,daily_rest_observation,"{""wait_minutes"":557}",,day_end,redacted_daily_window,,,,,407,557,0,1,literal_banned_terms_redacted,action_trace_daily_rollup
daily_rest_matrix,runs/next_build/20260509/calendar_rest_only,20260509_reference,e7a52d984e7e,7,,,daily_rest_observation,"{""wait_minutes"":819}",,day_end,redacted_daily_window,,,,,519,819,0,1,literal_banned_terms_redacted,action_trace_daily_rollup
daily_rest_matrix,runs/next_build/20260509/calendar_rest_only,20260509_reference,e7a52d984e7e,8,,,daily_rest_observation,"{""wait_minutes"":783}",,day_end,redacted_daily_window,,,,,483,783,0,1,literal_banned_terms_redacted,action_trace_daily_rollup
daily_rest_matrix,runs/next_build/20260509/calendar_rest_only,20260509_reference,e7a52d984e7e,9,,,daily_rest_observation,"{""wait_minutes"":817}",,day_end,redacted_daily_window,,,,,517,817,0,1,literal_banned_terms_redacted,action_trace_daily_rollup
daily_rest_matrix,runs/next_build/20260509/calendar_rest_only,20260509_reference,e7a52d984e7e,10,,,daily_rest_observation,"{""wait_minutes"":662}",,day_end,redacted_daily_window,,,,,512,662,0,1,literal_banned_terms_redacted,action_trace_daily_rollup
daily_rest_matrix,runs/next_build/20260509/calendar_rest_only,20260509_reference,e7a52d984e7e,11,,,daily_rest_observation,"{""wait_minutes"":704}",,day_end,redacted_daily_window,,,,,404,704,0,1,literal_banned_terms_redacted,action_trace_daily_rollup
daily_rest_matrix,runs/next_build/20260509/calendar_rest_only,20260509_reference,e7a52d984e7e,12,,,daily_rest_observation,"{""wait_minutes"":712}",,day_end,redacted_daily_window,,,,,412,712,0,1,literal_banned_terms_redacted,action_trace_daily_rollup
daily_rest_matrix,runs/next_build/20260509/calendar_rest_only,20260509_reference,e7a52d984e7e,13,,,daily_rest_observation,"{""wait_minutes"":767}",,day_end,redacted_daily_window,,,,,467,767,0,1,literal_banned_terms_redacted,action_trace_daily_rollup
daily_rest_matrix,runs/next_build/20260509/calendar_rest_only,20260509_reference,e7a52d984e7e,14,,,daily_rest_observation,"{""wait_minutes"":1389}",,day_end,redacted_daily_window,,,,,1389,1389,0,1,literal_banned_terms_redacted,action_trace_daily_rollup
daily_rest_matrix,runs/next_build/20260509/calendar_rest_only,20260509_reference,e7a52d984e7e,15,,,daily_rest_observation,"{""wait_minutes"":690}",,day_end,redacted_daily_window,,,,,540,690,0,1,literal_banned_terms_redacted,action_trace_daily_rollup
daily_rest_matrix,runs/next_build/20260509/calendar_rest_only,20260509_reference,e7a52d984e7e,16,,,daily_rest_observation,"{""wait_minutes"":783}",,day_end,redacted_daily_window,,,,,483,783,0,1,literal_banned_terms_redacted,action_trace_daily_rollup
daily_rest_matrix,runs/next_build/20260509/calendar_rest_only,20260509_reference,e7a52d984e7e,17,,,daily_rest_observation,"{""wait_minutes"":779}",,day_end,redacted_daily_window,,,,,479,779,0,1,literal_banned_terms_redacted,action_trace_daily_rollup
daily_rest_matrix,runs/next_build/20260509/calendar_rest_only,20260509_reference,e7a52d984e7e,18,,,daily_rest_observation,"{""wait_minutes"":590}",,day_end,redacted_daily_window,,,,,440,590,0,1,literal_banned_terms_redacted,action_trace_daily_rollup
daily_rest_matrix,runs/next_build/20260509/calendar_rest_only,20260509_reference,e7a52d984e7e,19,,,daily_rest_observation,"{""wait_minutes"":1012}",,day_end,redacted_daily_window,,,,,532,1012,0,1,literal_banned_terms_redacted,action_trace_daily_rollup
daily_rest_matrix,runs/next_build/20260509/calendar_rest_only,20260509_reference,e7a52d984e7e,20,,,daily_rest_observation,"{""wait_minutes"":300}",,day_end,redacted_daily_window,,,,,300,300,0,0,literal_banned_terms_redacted,action_trace_daily_rollup
daily_rest_matrix,runs/next_build/20260509/calendar_rest_only,20260509_reference,e7a52d984e7e,21,,,daily_rest_observation,"{""wait_minutes"":672}",,day_end,redacted_daily_window,,,,,522,672,0,1,literal_banned_terms_redacted,action_trace_daily_rollup
daily_rest_matrix,runs/next_build/20260509/calendar_rest_only,20260509_reference,e7a52d984e7e,22,,,daily_rest_observation,"{""wait_minutes"":822}",,day_end,redacted_daily_window,,,,,522,822,0,1,literal_banned_terms_redacted,action_trace_daily_rollup
daily_rest_matrix,runs/next_build/20260509/calendar_rest_only,20260509_reference,e7a52d984e7e,23,,,daily_rest_observation,"{""wait_minutes"":657}",,day_end,redacted_daily_window,,,,,507,657,0,1,literal_banned_terms_redacted,action_trace_daily_rollup
daily_rest_matrix,runs/next_build/20260509/calendar_rest_only,20260509_reference,e7a52d984e7e,24,,,daily_rest_observation,"{""wait_minutes"":754}",,day_end,redacted_daily_window,,,,,454,754,0,1,literal_banned_terms_redacted,action_trace_daily_rollup
daily_rest_matrix,runs/next_build/20260509/calendar_rest_only,20260509_reference,e7a52d984e7e,25,,,daily_rest_observation,"{""wait_minutes"":775}",,day_end,redacted_daily_window,,,,,475,775,0,1,literal_banned_terms_redacted,action_trace_daily_rollup
daily_rest_matrix,runs/next_build/20260509/calendar_rest_only,20260509_reference,e7a52d984e7e,26,,,daily_rest_observation,"{""wait_minutes"":727}",,day_end,redacted_daily_window,,,,,427,727,0,1,literal_banned_terms_redacted,action_trace_daily_rollup
daily_rest_matrix,runs/next_build/20260509/calendar_rest_only,20260509_reference,e7a52d984e7e,27,,,daily_rest_observation,"{""wait_minutes"":811}",,day_end,redacted_daily_window,,,,,511,811,0,1,literal_banned_terms_redacted,action_trace_daily_rollup
daily_rest_matrix,runs/next_build/20260509/calendar_rest_only,20260509_reference,e7a52d984e7e,28,,,daily_rest_observation,"{""wait_minutes"":437}",,day_end,redacted_daily_window,,,,,397,437,0,1,literal_banned_terms_redacted,action_trace_daily_rollup
daily_rest_matrix,runs/next_build/20260509/calendar_rest_only,20260509_reference,e7a52d984e7e,29,,,daily_rest_observation,"{""wait_minutes"":1427}",,day_end,redacted_daily_window,,,,,1427,1427,0,1,literal_banned_terms_redacted,action_trace_daily_rollup
daily_rest_matrix,runs/next_build/20260509/calendar_rest_only,20260509_reference,e7a52d984e7e,30,,,daily_rest_observation,"{""wait_minutes"":584}",,day_end,redacted_daily_window,,,,,540,584,0,1,literal_banned_terms_redacted,action_trace_daily_rollup
daily_rest_matrix,runs/next_build/20260509/calendar_rest_only,20260509_reference,f9abd903cb86,0,,,daily_rest_observation,"{""wait_minutes"":1072}",,day_end,redacted_daily_window,,,,,540,1072,0,1,literal_banned_terms_redacted,action_trace_daily_rollup
daily_rest_matrix,runs/next_build/20260509/calendar_rest_only,20260509_reference,f9abd903cb86,1,,,daily_rest_observation,"{""wait_minutes"":300}",,day_end,redacted_daily_window,,,,,300,300,0,0,literal_banned_terms_redacted,action_trace_daily_rollup
daily_rest_matrix,runs/next_build/20260509/calendar_rest_only,20260509_reference,f9abd903cb86,2,,,daily_rest_observation,"{""wait_minutes"":559}",,day_end,redacted_daily_window,,,,,409,559,0,1,literal_banned_terms_redacted,action_trace_daily_rollup
daily_rest_matrix,runs/next_build/20260509/calendar_rest_only,20260509_reference,f9abd903cb86,3,,,daily_rest_observation,"{""wait_minutes"":1034}",,day_end,redacted_daily_window,,,,,532,1034,0,1,literal_banned_terms_redacted,action_trace_daily_rollup
daily_rest_matrix,runs/next_build/20260509/calendar_rest_only,20260509_reference,f9abd903cb86,4,,,daily_rest_observation,"{""wait_minutes"":300}",,day_end,redacted_daily_window,,,,,300,300,0,0,literal_banned_terms_redacted,action_trace_daily_rollup
daily_rest_matrix,runs/next_build/20260509/calendar_rest_only,20260509_reference,f9abd903cb86,5,,,daily_rest_observation,"{""wait_minutes"":613}",,day_end,redacted_daily_window,,,,,463,613,0,1,literal_banned_terms_redacted,action_trace_daily_rollup
daily_rest_matrix,runs/next_build/20260509/calendar_rest_only,20260509_reference,f9abd903cb86,6,,,daily_rest_observation,"{""wait_minutes"":830}",,day_end,redacted_daily_window,,,,,530,830,0,1,literal_banned_terms_redacted,action_trace_daily_rollup
daily_rest_matrix,runs/next_build/20260509/calendar_rest_only,20260509_reference,f9abd903cb86,7,,,daily_rest_observation,"{""wait_minutes"":813}",,day_end,redacted_daily_window,,,,,513,813,0,1,literal_banned_terms_redacted,action_trace_daily_rollup
daily_rest_matrix,runs/next_build/20260509/calendar_rest_only,20260509_reference,f9abd903cb86,8,,,daily_rest_observation,"{""wait_minutes"":750}",,day_end,redacted_daily_window,,,,,450,750,0,1,literal_banned_terms_redacted,action_trace_daily_rollup
daily_rest_matrix,runs/next_build/20260509/calendar_rest_only,20260509_reference,f9abd903cb86,9,,,daily_rest_observation,"{""wait_minutes"":810}",,day_end,redacted_daily_window,,,,,510,810,0,1,literal_banned_terms_redacted,action_trace_daily_rollup
daily_rest_matrix,runs/next_build/20260509/calendar_rest_only,20260509_reference,f9abd903cb86,10,,,daily_rest_observation,"{""wait_minutes"":663}",,day_end,redacted_daily_window,,,,,513,663,0,1,literal_banned_terms_redacted,action_trace_daily_rollup
daily_rest_matrix,runs/next_build/20260509/calendar_rest_only,20260509_reference,f9abd903cb86,11,,,daily_rest_observation,"{""wait_minutes"":712}",,day_end,redacted_daily_window,,,,,412,712,0,1,literal_banned_terms_redacted,action_trace_daily_rollup
daily_rest_matrix,runs/next_build/20260509/calendar_rest_only,20260509_reference,f9abd903cb86,12,,,daily_rest_observation,"{""wait_minutes"":708}",,day_end,redacted_daily_window,,,,,408,708,0,1,literal_banned_terms_redacted,action_trace_daily_rollup
daily_rest_matrix,runs/next_build/20260509/calendar_rest_only,20260509_reference,f9abd903cb86,13,,,daily_rest_observation,"{""wait_minutes"":1838}",,day_end,redacted_daily_window,,,,,1438,1838,0,1,literal_banned_terms_redacted,action_trace_daily_rollup
daily_rest_matrix,runs/next_build/20260509/calendar_rest_only,20260509_reference,f9abd903cb86,15,,,daily_rest_observation,"{""wait_minutes"":690}",,day_end,redacted_daily_window,,,,,540,690,0,1,literal_banned_terms_redacted,action_trace_daily_rollup
daily_rest_matrix,runs/next_build/20260509/calendar_rest_only,20260509_reference,f9abd903cb86,16,,,daily_rest_observation,"{""wait_minutes"":827}",,day_end,redacted_daily_window,,,,,527,827,0,1,literal_banned_terms_redacted,action_trace_daily_rollup
daily_rest_matrix,runs/next_build/20260509/calendar_rest_only,20260509_reference,f9abd903cb86,17,,,daily_rest_observation,"{""wait_minutes"":763}",,day_end,redacted_daily_window,,,,,463,763,0,1,literal_banned_terms_redacted,action_trace_daily_rollup
daily_rest_matrix,runs/next_build/20260509/calendar_rest_only,20260509_reference,f9abd903cb86,18,,,daily_rest_observation,"{""wait_minutes"":808}",,day_end,redacted_daily_window,,,,,508,808,0,1,literal_banned_terms_redacted,action_trace_daily_rollup
daily_rest_matrix,runs/next_build/20260509/calendar_rest_only,20260509_reference,f9abd903cb86,19,,,daily_rest_observation,"{""wait_minutes"":714}",,day_end,redacted_daily_window,,,,,414,714,0,1,literal_banned_terms_redacted,action_trace_daily_rollup
daily_rest_matrix,runs/next_build/20260509/calendar_rest_only,20260509_reference,f9abd903cb86,20,,,daily_rest_observation,"{""wait_minutes"":802}",,day_end,redacted_daily_window,,,,,502,802,0,1,literal_banned_terms_redacted,action_trace_daily_rollup
daily_rest_matrix,runs/next_build/20260509/calendar_rest_only,20260509_reference,f9abd903cb86,21,,,daily_rest_observation,"{""wait_minutes"":788}",,day_end,redacted_daily_window,,,,,488,788,0,1,literal_banned_terms_redacted,action_trace_daily_rollup
daily_rest_matrix,runs/next_build/20260509/calendar_rest_only,20260509_reference,f9abd903cb86,22,,,daily_rest_observation,"{""wait_minutes"":920}",,day_end,redacted_daily_window,,,,,470,920,0,1,literal_banned_terms_redacted,action_trace_daily_rollup
daily_rest_matrix,runs/next_build/20260509/calendar_rest_only,20260509_reference,f9abd903cb86,23,,,daily_rest_observation,"{""wait_minutes"":559}",,day_end,redacted_daily_window,,,,,409,559,0,1,literal_banned_terms_redacted,action_trace_daily_rollup
daily_rest_matrix,runs/next_build/20260509/calendar_rest_only,20260509_reference,f9abd903cb86,24,,,daily_rest_observation,"{""wait_minutes"":771}",,day_end,redacted_daily_window,,,,,471,771,0,1,literal_banned_terms_redacted,action_trace_daily_rollup
daily_rest_matrix,runs/next_build/20260509/calendar_rest_only,20260509_reference,f9abd903cb86,25,,,daily_rest_observation,"{""wait_minutes"":775}",,day_end,redacted_daily_window,,,,,475,775,0,1,literal_banned_terms_redacted,action_trace_daily_rollup
daily_rest_matrix,runs/next_build/20260509/calendar_rest_only,20260509_reference,f9abd903cb86,26,,,daily_rest_observation,"{""wait_minutes"":727}",,day_end,redacted_daily_window,,,,,427,727,0,1,literal_banned_terms_redacted,action_trace_daily_rollup
daily_rest_matrix,runs/next_build/20260509/calendar_rest_only,20260509_reference,f9abd903cb86,27,,,daily_rest_observation,"{""wait_minutes"":811}",,day_end,redacted_daily_window,,,,,511,811,0,1,literal_banned_terms_redacted,action_trace_daily_rollup
daily_rest_matrix,runs/next_build/20260509/calendar_rest_only,20260509_reference,f9abd903cb86,28,,,daily_rest_observation,"{""wait_minutes"":437}",,day_end,redacted_daily_window,,,,,397,437,0,1,literal_banned_terms_redacted,action_trace_daily_rollup
daily_rest_matrix,runs/next_build/20260509/calendar_rest_only,20260509_reference,f9abd903cb86,29,,,daily_rest_observation,"{""wait_minutes"":1427}",,day_end,redacted_daily_window,,,,,1427,1427,0,1,literal_banned_terms_redacted,action_trace_daily_rollup
daily_rest_matrix,runs/next_build/20260509/calendar_rest_only,20260509_reference,f9abd903cb86,30,,,daily_rest_observation,"{""wait_minutes"":584}",,day_end,redacted_daily_window,,,,,540,584,0,1,literal_banned_terms_redacted,action_trace_daily_rollup
preference_rule,runs/next_build/20260509/dynamic_query_k,20260509_reference,e7a52d984e7e,,0,d450f614d37b,violation_count,"{""violations"":30}",3000.0,generic_month_or_rule_deadline,redacted_generic_window,100.0,3000.0,3000.0,1,,,,,literal_banned_terms_redacted,official_checker_rule_row
preference_rule,runs/next_build/20260509/dynamic_query_k,20260509_reference,e7a52d984e7e,,1,779a1598a9e7,violation_count,"{""violations"":5}",2500.0,generic_month_or_rule_deadline,redacted_generic_window,500.0,2500.0,2500.0,1,,,,,literal_banned_terms_redacted,official_checker_rule_row
preference_rule,runs/next_build/20260509/dynamic_query_k,20260509_reference,e7a52d984e7e,,2,c88a1aacc118,violation_count,"{""violations"":90}",2000.0,generic_month_or_rule_deadline,redacted_generic_window,22.22,2000.0,2000.0,1,,,,,literal_banned_terms_redacted,official_checker_rule_row
preference_rule,runs/next_build/20260509/dynamic_query_k,20260509_reference,3e0e35341231,,0,53b96469b87f,generic,{},6000.0,generic_month_or_rule_deadline,redacted_generic_window,6000.0,6000.0,6000.0,0,,,,,literal_banned_terms_redacted,official_checker_rule_row
preference_rule,runs/next_build/20260509/dynamic_query_k,20260509_reference,3e0e35341231,,1,0ba9c67c66cd,violation_count,"{""violations"":1}",350.0,generic_month_or_rule_deadline,redacted_generic_window,350.0,350.0,350.0,1,,,,,literal_banned_terms_redacted,official_checker_rule_row
preference_rule,runs/next_build/20260509/dynamic_query_k,20260509_reference,3e0e35341231,,2,fe5a9d3d41eb,violation_count,"{""violations"":30}",6000.0,generic_month_or_rule_deadline,redacted_generic_window,200.0,6000.0,6000.0,1,,,,,literal_banned_terms_redacted,official_checker_rule_row
preference_rule,runs/next_build/20260509/dynamic_query_k,20260509_reference,983f9a2734ca,,0,12113d34b4fe,generic,{},2000.0,generic_month_or_rule_deadline,redacted_generic_window,2000.0,2000.0,2000.0,0,,,,,literal_banned_terms_redacted,official_checker_rule_row
preference_rule,runs/next_build/20260509/dynamic_query_k,20260509_reference,983f9a2734ca,,1,ec2171bbf49e,violation_count,"{""violations"":2}",2000.0,generic_month_or_rule_deadline,redacted_generic_window,1000.0,2000.0,2000.0,1,,,,,literal_banned_terms_redacted,official_checker_rule_row
preference_rule,runs/next_build/20260509/dynamic_query_k,20260509_reference,983f9a2734ca,,2,b27939e51a00,violation_count,"{""violations"":30}",6000.0,generic_month_or_rule_deadline,redacted_generic_window,200.0,6000.0,6000.0,1,,,,,literal_banned_terms_redacted,official_checker_rule_row
preference_rule,runs/next_build/20260509/dynamic_query_k,20260509_reference,af4b17af9fc7,,0,2b340222c3d7,violation_count,"{""violations"":0}",0.0,generic_month_or_rule_deadline,redacted_generic_window,0.0,0.0,0.0,0,,,,,literal_banned_terms_redacted,official_checker_rule_row
preference_rule,runs/next_build/20260509/dynamic_query_k,20260509_reference,af4b17af9fc7,,1,b7b67284cc53,generic,{},1800.0,generic_month_or_rule_deadline,redacted_generic_window,1800.0,1800.0,1800.0,0,,,,,literal_banned_terms_redacted,official_checker_rule_row
preference_rule,runs/next_build/20260509/dynamic_query_k,20260509_reference,af4b17af9fc7,,2,a1d25288f564,violation_count,"{""violations"":33}",3000.0,generic_month_or_rule_deadline,redacted_generic_window,90.91,3000.0,3000.0,1,,,,,literal_banned_terms_redacted,official_checker_rule_row
preference_rule,runs/next_build/20260509/dynamic_query_k,20260509_reference,3c5844ed8465,,0,7f95e12ff6bf,violation_count,"{""violations"":33}",3300.0,generic_month_or_rule_deadline,redacted_generic_window,100.0,3300.0,3300.0,1,,,,,literal_banned_terms_redacted,official_checker_rule_row
preference_rule,runs/next_build/20260509/dynamic_query_k,20260509_reference,3c5844ed8465,,1,c83bbbf9325d,violation_count,"{""violations"":1}",100.0,generic_month_or_rule_deadline,redacted_generic_window,100.0,100.0,100.0,1,,,,,literal_banned_terms_redacted,official_checker_rule_row
preference_rule,runs/next_build/20260509/dynamic_query_k,20260509_reference,3c5844ed8465,,2,81e2ae9afa9c,violation_count,"{""violations"":30}",6000.0,generic_month_or_rule_deadline,redacted_generic_window,200.0,6000.0,6000.0,1,,,,,literal_banned_terms_redacted,official_checker_rule_row
preference_rule,runs/next_build/20260509/dynamic_query_k,20260509_reference,b8424551b996,,0,d57940e9aba5,violation_count,"{""violations"":30}",6000.0,generic_month_or_rule_deadline,redacted_generic_window,200.0,6000.0,6000.0,1,,,,,literal_banned_terms_redacted,official_checker_rule_row
preference_rule,runs/next_build/20260509/dynamic_query_k,20260509_reference,b8424551b996,,1,ff7e241299de,violation_count,"{""violations"":0}",0.0,generic_month_or_rule_deadline,redacted_generic_window,0.0,0.0,0.0,0,,,,,literal_banned_terms_redacted,official_checker_rule_row
preference_rule,runs/next_build/20260509/dynamic_query_k,20260509_reference,b8424551b996,,2,17ca4b67a52d,violation_count,"{""violations"":18}",3000.0,generic_month_or_rule_deadline,redacted_generic_window,166.67,3000.0,3000.0,1,,,,,literal_banned_terms_redacted,official_checker_rule_row
preference_rule,runs/next_build/20260509/dynamic_query_k,20260509_reference,b8424551b996,,3,e9a6b9640481,full_rest_day,"{""off_days"":0}",3000.0,generic_month_or_rule_deadline,redacted_generic_window,3000.0,3000.0,3000.0,1,,,,,literal_banned_terms_redacted,official_checker_rule_row
preference_rule,runs/next_build/20260509/dynamic_query_k,20260509_reference,0bcc30e5393c,,0,769e208fed14,violation_count,"{""violations"":30}",15000.0,generic_month_or_rule_deadline,redacted_generic_window,500.0,15000.0,15000.0,1,,,,,literal_banned_terms_redacted,official_checker_rule_row
preference_rule,runs/next_build/20260509/dynamic_query_k,20260509_reference,0bcc30e5393c,,1,44b9698e1ed8,violation_count,"{""violations"":5}",1400.0,generic_month_or_rule_deadline,redacted_generic_window,280.0,1400.0,1400.0,1,,,,,literal_banned_terms_redacted,official_checker_rule_row
preference_rule,runs/next_build/20260509/dynamic_query_k,20260509_reference,0bcc30e5393c,,2,af038c7fe7e1,violation_count,"{""violations"":9}",1800.0,generic_month_or_rule_deadline,redacted_generic_window,200.0,1800.0,1800.0,1,,,,,literal_banned_terms_redacted,official_checker_rule_row
preference_rule,runs/next_build/20260509/dynamic_query_k,20260509_reference,0bcc30e5393c,,3,626f9eaace2c,generic,{},800.0,generic_month_or_rule_deadline,redacted_generic_window,800.0,800.0,800.0,0,,,,,literal_banned_terms_redacted,official_checker_rule_row
preference_rule,runs/next_build/20260509/dynamic_query_k,20260509_reference,d1b26936cffa,,0,8ff546b60f7f,full_rest_day,"{""off_days"":0}",1500.0,generic_month_or_rule_deadline,redacted_generic_window,1500.0,1500.0,1500.0,1,,,,,literal_banned_terms_redacted,official_checker_rule_row
preference_rule,runs/next_build/20260509/dynamic_query_k,20260509_reference,d1b26936cffa,,1,e79137d53b95,violation_count,"{""violations"":21}",8400.0,generic_month_or_rule_deadline,redacted_generic_window,400.0,8400.0,8400.0,1,,,,,literal_banned_terms_redacted,official_checker_rule_row
preference_rule,runs/next_build/20260509/dynamic_query_k,20260509_reference,d1b26936cffa,,2,37acabfcfff4,violation_count,"{""violations"":13}",2000.0,generic_month_or_rule_deadline,redacted_generic_window,153.85,2000.0,2000.0,1,,,,,literal_banned_terms_redacted,official_checker_rule_row
preference_rule,runs/next_build/20260509/dynamic_query_k,20260509_reference,d1b26936cffa,,3,512b6d847293,violation_count,"{""violations"":4}",400.0,generic_month_or_rule_deadline,redacted_generic_window,100.0,400.0,400.0,1,,,,,literal_banned_terms_redacted,official_checker_rule_row
preference_rule,runs/next_build/20260509/dynamic_query_k,20260509_reference,f9abd903cb86,,0,f2fbfe6873f0,date_specific,"{""satisfied"":false}",10000.0,generic_month_or_rule_deadline,redacted_generic_window,10000.0,10000.0,10000.0,1,,,,,literal_banned_terms_redacted,official_checker_rule_row
preference_rule,runs/next_build/20260509/dynamic_query_k,20260509_reference,f9abd903cb86,,1,466b01807713,violation_count,"{""violations"":30}",27000.0,generic_month_or_rule_deadline,redacted_generic_window,900.0,27000.0,27000.0,1,,,,,literal_banned_terms_redacted,official_checker_rule_row
preference_rule,runs/next_build/20260509/dynamic_query_k,20260509_reference,f9abd903cb86,,2,e1d623020e32,violation_count,"{""violations"":3}",1050.0,generic_month_or_rule_deadline,redacted_generic_window,350.0,1050.0,1050.0,1,,,,,literal_banned_terms_redacted,official_checker_rule_row
preference_rule,runs/next_build/20260509/dynamic_query_k,20260509_reference,263f61d9f731,,0,3da567b3a682,generic,{},30600.0,generic_month_or_rule_deadline,redacted_generic_window,30600.0,30600.0,30600.0,0,,,,,literal_banned_terms_redacted,official_checker_rule_row
preference_rule,runs/next_build/20260509/dynamic_query_k,20260509_reference,263f61d9f731,,1,eeef06133871,generic,{},3000.0,generic_month_or_rule_deadline,redacted_generic_window,3000.0,3000.0,3000.0,0,,,,,literal_banned_terms_redacted,official_checker_rule_row
preference_rule,runs/next_build/20260509/dynamic_query_k,20260509_reference,263f61d9f731,,2,fe506ffb3572,violation_count,"{""violations"":30}",6000.0,generic_month_or_rule_deadline,redacted_generic_window,200.0,6000.0,6000.0,1,,,,,literal_banned_terms_redacted,official_checker_rule_row
preference_rule,runs/next_build/20260509/dynamic_query_k,20260509_reference,263f61d9f731,,3,f37d4e6f83fa,violation_count,"{""violations"":0}",0.0,generic_month_or_rule_deadline,redacted_generic_window,0.0,0.0,0.0,0,,,,,literal_banned_terms_redacted,official_checker_rule_row
daily_rest_matrix,runs/next_build/20260509/dynamic_query_k,20260509_reference,0bcc30e5393c,0,,,daily_rest_observation,"{""wait_minutes"":150}",,day_end,redacted_daily_window,,,,,150,150,5,0,literal_banned_terms_redacted,action_trace_daily_rollup
daily_rest_matrix,runs/next_build/20260509/dynamic_query_k,20260509_reference,0bcc30e5393c,1,,,daily_rest_observation,"{""wait_minutes"":0}",,day_end,redacted_daily_window,,,,,0,0,10,0,literal_banned_terms_redacted,action_trace_daily_rollup
daily_rest_matrix,runs/next_build/20260509/dynamic_query_k,20260509_reference,0bcc30e5393c,2,,,daily_rest_observation,"{""wait_minutes"":0}",,day_end,redacted_daily_window,,,,,0,0,5,0,literal_banned_terms_redacted,action_trace_daily_rollup
daily_rest_matrix,runs/next_build/20260509/dynamic_query_k,20260509_reference,0bcc30e5393c,3,,,daily_rest_observation,"{""wait_minutes"":0}",,day_end,redacted_daily_window,,,,,0,0,5,0,literal_banned_terms_redacted,action_trace_daily_rollup
daily_rest_matrix,runs/next_build/20260509/dynamic_query_k,20260509_reference,0bcc30e5393c,4,,,daily_rest_observation,"{""wait_minutes"":0}",,day_end,redacted_daily_window,,,,,0,0,5,0,literal_banned_terms_redacted,action_trace_daily_rollup
daily_rest_matrix,runs/next_build/20260509/dynamic_query_k,20260509_reference,0bcc30e5393c,5,,,daily_rest_observation,"{""wait_minutes"":0}",,day_end,redacted_daily_window,,,,,0,0,5,0,literal_banned_terms_redacted,action_trace_daily_rollup
daily_rest_matrix,runs/next_build/20260509/dynamic_query_k,20260509_reference,0bcc30e5393c,6,,,daily_rest_observation,"{""wait_minutes"":0}",,day_end,redacted_daily_window,,,,,0,0,5,0,literal_banned_terms_redacted,action_trace_daily_rollup
daily_rest_matrix,runs/next_build/20260509/dynamic_query_k,20260509_reference,0bcc30e5393c,7,,,daily_rest_observation,"{""wait_minutes"":0}",,day_end,redacted_daily_window,,,,,0,0,5,0,literal_banned_terms_redacted,action_trace_daily_rollup
daily_rest_matrix,runs/next_build/20260509/dynamic_query_k,20260509_reference,0bcc30e5393c,8,,,daily_rest_observation,"{""wait_minutes"":0}",,day_end,redacted_daily_window,,,,,0,0,5,0,literal_banned_terms_redacted,action_trace_daily_rollup
daily_rest_matrix,runs/next_build/20260509/dynamic_query_k,20260509_reference,0bcc30e5393c,9,,,daily_rest_observation,"{""wait_minutes"":0}",,day_end,redacted_daily_window,,,,,0,0,5,0,literal_banned_terms_redacted,action_trace_daily_rollup
daily_rest_matrix,runs/next_build/20260509/dynamic_query_k,20260509_reference,0bcc30e5393c,10,,,daily_rest_observation,"{""wait_minutes"":0}",,day_end,redacted_daily_window,,,,,0,0,5,0,literal_banned_terms_redacted,action_trace_daily_rollup
daily_rest_matrix,runs/next_build/20260509/dynamic_query_k,20260509_reference,0bcc30e5393c,11,,,daily_rest_observation,"{""wait_minutes"":0}",,day_end,redacted_daily_window,,,,,0,0,5,0,literal_banned_terms_redacted,action_trace_daily_rollup
daily_rest_matrix,runs/next_build/20260509/dynamic_query_k,20260509_reference,0bcc30e5393c,12,,,daily_rest_observation,"{""wait_minutes"":0}",,day_end,redacted_daily_window,,,,,0,0,0,0,literal_banned_terms_redacted,action_trace_daily_rollup
daily_rest_matrix,runs/next_build/20260509/dynamic_query_k,20260509_reference,0bcc30e5393c,13,,,daily_rest_observation,"{""wait_minutes"":0}",,day_end,redacted_daily_window,,,,,0,0,5,0,literal_banned_terms_redacted,action_trace_daily_rollup
daily_rest_matrix,runs/next_build/20260509/dynamic_query_k,20260509_reference,0bcc30e5393c,14,,,daily_rest_observation,"{""wait_minutes"":0}",,day_end,redacted_daily_window,,,,,0,0,10,0,literal_banned_terms_redacted,action_trace_daily_rollup
daily_rest_matrix,runs/next_build/20260509/dynamic_query_k,20260509_reference,0bcc30e5393c,15,,,daily_rest_observation,"{""wait_minutes"":0}",,day_end,redacted_daily_window,,,,,0,0,5,0,literal_banned_terms_redacted,action_trace_daily_rollup
daily_rest_matrix,runs/next_build/20260509/dynamic_query_k,20260509_reference,0bcc30e5393c,16,,,daily_rest_observation,"{""wait_minutes"":0}",,day_end,redacted_daily_window,,,,,0,0,5,0,literal_banned_terms_redacted,action_trace_daily_rollup
daily_rest_matrix,runs/next_build/20260509/dynamic_query_k,20260509_reference,0bcc30e5393c,17,,,daily_rest_observation,"{""wait_minutes"":0}",,day_end,redacted_daily_window,,,,,0,0,5,0,literal_banned_terms_redacted,action_trace_daily_rollup
daily_rest_matrix,runs/next_build/20260509/dynamic_query_k,20260509_reference,0bcc30e5393c,18,,,daily_rest_observation,"{""wait_minutes"":0}",,day_end,redacted_daily_window,,,,,0,0,5,0,literal_banned_terms_redacted,action_trace_daily_rollup
daily_rest_matrix,runs/next_build/20260509/dynamic_query_k,20260509_reference,0bcc30e5393c,19,,,daily_rest_observation,"{""wait_minutes"":0}",,day_end,redacted_daily_window,,,,,0,0,5,0,literal_banned_terms_redacted,action_trace_daily_rollup
daily_rest_matrix,runs/next_build/20260509/dynamic_query_k,20260509_reference,0bcc30e5393c,20,,,daily_rest_observation,"{""wait_minutes"":0}",,day_end,redacted_daily_window,,,,,0,0,5,0,literal_banned_terms_redacted,action_trace_daily_rollup
daily_rest_matrix,runs/next_build/20260509/dynamic_query_k,20260509_reference,0bcc30e5393c,21,,,daily_rest_observation,"{""wait_minutes"":0}",,day_end,redacted_daily_window,,,,,0,0,5,0,literal_banned_terms_redacted,action_trace_daily_rollup
daily_rest_matrix,runs/next_build/20260509/dynamic_query_k,20260509_reference,0bcc30e5393c,22,,,daily_rest_observation,"{""wait_minutes"":0}",,day_end,redacted_daily_window,,,,,0,0,5,0,literal_banned_terms_redacted,action_trace_daily_rollup
daily_rest_matrix,runs/next_build/20260509/dynamic_query_k,20260509_reference,0bcc30e5393c,23,,,daily_rest_observation,"{""wait_minutes"":0}",,day_end,redacted_daily_window,,,,,0,0,5,0,literal_banned_terms_redacted,action_trace_daily_rollup
daily_rest_matrix,runs/next_build/20260509/dynamic_query_k,20260509_reference,0bcc30e5393c,24,,,daily_rest_observation,"{""wait_minutes"":0}",,day_end,redacted_daily_window,,,,,0,0,10,0,literal_banned_terms_redacted,action_trace_daily_rollup
daily_rest_matrix,runs/next_build/20260509/dynamic_query_k,20260509_reference,0bcc30e5393c,25,,,daily_rest_observation,"{""wait_minutes"":0}",,day_end,redacted_daily_window,,,,,0,0,5,0,literal_banned_terms_redacted,action_trace_daily_rollup
daily_rest_matrix,runs/next_build/20260509/dynamic_query_k,20260509_reference,0bcc30e5393c,26,,,daily_rest_observation,"{""wait_minutes"":0}",,day_end,redacted_daily_window,,,,,0,0,5,0,literal_banned_terms_redacted,action_trace_daily_rollup
daily_rest_matrix,runs/next_build/20260509/dynamic_query_k,20260509_reference,0bcc30e5393c,27,,,daily_rest_observation,"{""wait_minutes"":0}",,day_end,redacted_daily_window,,,,,0,0,5,0,literal_banned_terms_redacted,action_trace_daily_rollup
daily_rest_matrix,runs/next_build/20260509/dynamic_query_k,20260509_reference,0bcc30e5393c,28,,,daily_rest_observation,"{""wait_minutes"":0}",,day_end,redacted_daily_window,,,,,0,0,5,0,literal_banned_terms_redacted,action_trace_daily_rollup
daily_rest_matrix,runs/next_build/20260509/dynamic_query_k,20260509_reference,0bcc30e5393c,29,,,daily_rest_observation,"{""wait_minutes"":0}",,day_end,redacted_daily_window,,,,,0,0,5,0,literal_banned_terms_redacted,action_trace_daily_rollup
daily_rest_matrix,runs/next_build/20260509/dynamic_query_k,20260509_reference,0bcc30e5393c,30,,,daily_rest_observation,"{""wait_minutes"":47}",,day_end,redacted_daily_window,,,,,47,47,5,0,literal_banned_terms_redacted,action_trace_daily_rollup
daily_rest_matrix,runs/next_build/20260509/dynamic_query_k,20260509_reference,263f61d9f731,0,,,daily_rest_observation,"{""wait_minutes"":150}",,day_end,redacted_daily_window,,,,,150,150,5,0,literal_banned_terms_redacted,action_trace_daily_rollup
daily_rest_matrix,runs/next_build/20260509/dynamic_query_k,20260509_reference,263f61d9f731,1,,,daily_rest_observation,"{""wait_minutes"":0}",,day_end,redacted_daily_window,,,,,0,0,10,0,literal_banned_terms_redacted,action_trace_daily_rollup
daily_rest_matrix,runs/next_build/20260509/dynamic_query_k,20260509_reference,263f61d9f731,2,,,daily_rest_observation,"{""wait_minutes"":0}",,day_end,redacted_daily_window,,,,,0,0,5,0,literal_banned_terms_redacted,action_trace_daily_rollup
daily_rest_matrix,runs/next_build/20260509/dynamic_query_k,20260509_reference,263f61d9f731,3,,,daily_rest_observation,"{""wait_minutes"":0}",,day_end,redacted_daily_window,,,,,0,0,5,0,literal_banned_terms_redacted,action_trace_daily_rollup
daily_rest_matrix,runs/next_build/20260509/dynamic_query_k,20260509_reference,263f61d9f731,4,,,daily_rest_observation,"{""wait_minutes"":0}",,day_end,redacted_daily_window,,,,,0,0,0,0,literal_banned_terms_redacted,action_trace_daily_rollup
daily_rest_matrix,runs/next_build/20260509/dynamic_query_k,20260509_reference,263f61d9f731,5,,,daily_rest_observation,"{""wait_minutes"":0}",,day_end,redacted_daily_window,,,,,0,0,5,0,literal_banned_terms_redacted,action_trace_daily_rollup
daily_rest_matrix,runs/next_build/20260509/dynamic_query_k,20260509_reference,263f61d9f731,6,,,daily_rest_observation,"{""wait_minutes"":0}",,day_end,redacted_daily_window,,,,,0,0,5,0,literal_banned_terms_redacted,action_trace_daily_rollup
daily_rest_matrix,runs/next_build/20260509/dynamic_query_k,20260509_reference,263f61d9f731,7,,,daily_rest_observation,"{""wait_minutes"":0}",,day_end,redacted_daily_window,,,,,0,0,5,0,literal_banned_terms_redacted,action_trace_daily_rollup
daily_rest_matrix,runs/next_build/20260509/dynamic_query_k,20260509_reference,263f61d9f731,8,,,daily_rest_observation,"{""wait_minutes"":0}",,day_end,redacted_daily_window,,,,,0,0,5,0,literal_banned_terms_redacted,action_trace_daily_rollup
daily_rest_matrix,runs/next_build/20260509/dynamic_query_k,20260509_reference,263f61d9f731,9,,,daily_rest_observation,"{""wait_minutes"":0}",,day_end,redacted_daily_window,,,,,0,0,0,0,literal_banned_terms_redacted,action_trace_daily_rollup
daily_rest_matrix,runs/next_build/20260509/dynamic_query_k,20260509_reference,263f61d9f731,10,,,daily_rest_observation,"{""wait_minutes"":0}",,day_end,redacted_daily_window,,,,,0,0,5,0,literal_banned_terms_redacted,action_trace_daily_rollup
daily_rest_matrix,runs/next_build/20260509/dynamic_query_k,20260509_reference,263f61d9f731,11,,,daily_rest_observation,"{""wait_minutes"":0}",,day_end,redacted_daily_window,,,,,0,0,0,0,literal_banned_terms_redacted,action_trace_daily_rollup
daily_rest_matrix,runs/next_build/20260509/dynamic_query_k,20260509_reference,263f61d9f731,12,,,daily_rest_observation,"{""wait_minutes"":0}",,day_end,redacted_daily_window,,,,,0,0,5,0,literal_banned_terms_redacted,action_trace_daily_rollup
daily_rest_matrix,runs/next_build/20260509/dynamic_query_k,20260509_reference,263f61d9f731,13,,,daily_rest_observation,"{""wait_minutes"":0}",,day_end,redacted_daily_window,,,,,0,0,5,0,literal_banned_terms_redacted,action_trace_daily_rollup
daily_rest_matrix,runs/next_build/20260509/dynamic_query_k,20260509_reference,263f61d9f731,14,,,daily_rest_observation,"{""wait_minutes"":0}",,day_end,redacted_daily_window,,,,,0,0,5,0,literal_banned_terms_redacted,action_trace_daily_rollup
daily_rest_matrix,runs/next_build/20260509/dynamic_query_k,20260509_reference,263f61d9f731,15,,,daily_rest_observation,"{""wait_minutes"":0}",,day_end,redacted_daily_window,,,,,0,0,10,0,literal_banned_terms_redacted,action_trace_daily_rollup
daily_rest_matrix,runs/next_build/20260509/dynamic_query_k,20260509_reference,263f61d9f731,16,,,daily_rest_observation,"{""wait_minutes"":0}",,day_end,redacted_daily_window,,,,,0,0,5,0,literal_banned_terms_redacted,action_trace_daily_rollup
daily_rest_matrix,runs/next_build/20260509/dynamic_query_k,20260509_reference,263f61d9f731,17,,,daily_rest_observation,"{""wait_minutes"":0}",,day_end,redacted_daily_window,,,,,0,0,5,0,literal_banned_terms_redacted,action_trace_daily_rollup
daily_rest_matrix,runs/next_build/20260509/dynamic_query_k,20260509_reference,263f61d9f731,18,,,daily_rest_observation,"{""wait_minutes"":0}",,day_end,redacted_daily_window,,,,,0,0,5,0,literal_banned_terms_redacted,action_trace_daily_rollup
daily_rest_matrix,runs/next_build/20260509/dynamic_query_k,20260509_reference,263f61d9f731,19,,,daily_rest_observation,"{""wait_minutes"":0}",,day_end,redacted_daily_window,,,,,0,0,5,0,literal_banned_terms_redacted,action_trace_daily_rollup
daily_rest_matrix,runs/next_build/20260509/dynamic_query_k,20260509_reference,263f61d9f731,20,,,daily_rest_observation,"{""wait_minutes"":0}",,day_end,redacted_daily_window,,,,,0,0,5,0,literal_banned_terms_redacted,action_trace_daily_rollup
daily_rest_matrix,runs/next_build/20260509/dynamic_query_k,20260509_reference,263f61d9f731,21,,,daily_rest_observation,"{""wait_minutes"":0}",,day_end,redacted_daily_window,,,,,0,0,5,0,literal_banned_terms_redacted,action_trace_daily_rollup
daily_rest_matrix,runs/next_build/20260509/dynamic_query_k,20260509_reference,263f61d9f731,22,,,daily_rest_observation,"{""wait_minutes"":0}",,day_end,redacted_daily_window,,,,,0,0,5,0,literal_banned_terms_redacted,action_trace_daily_rollup
daily_rest_matrix,runs/next_build/20260509/dynamic_query_k,20260509_reference,263f61d9f731,23,,,daily_rest_observation,"{""wait_minutes"":0}",,day_end,redacted_daily_window,,,,,0,0,5,0,literal_banned_terms_redacted,action_trace_daily_rollup
daily_rest_matrix,runs/next_build/20260509/dynamic_query_k,20260509_reference,263f61d9f731,24,,,daily_rest_observation,"{""wait_minutes"":0}",,day_end,redacted_daily_window,,,,,0,0,0,0,literal_banned_terms_redacted,action_trace_daily_rollup
daily_rest_matrix,runs/next_build/20260509/dynamic_query_k,20260509_reference,263f61d9f731,25,,,daily_rest_observation,"{""wait_minutes"":0}",,day_end,redacted_daily_window,,,,,0,0,5,0,literal_banned_terms_redacted,action_trace_daily_rollup
daily_rest_matrix,runs/next_build/20260509/dynamic_query_k,20260509_reference,263f61d9f731,26,,,daily_rest_observation,"{""wait_minutes"":0}",,day_end,redacted_daily_window,,,,,0,0,10,0,literal_banned_terms_redacted,action_trace_daily_rollup
daily_rest_matrix,runs/next_build/20260509/dynamic_query_k,20260509_reference,263f61d9f731,27,,,daily_rest_observation,"{""wait_minutes"":0}",,day_end,redacted_daily_window,,,,,0,0,5,0,literal_banned_terms_redacted,action_trace_daily_rollup
daily_rest_matrix,runs/next_build/20260509/dynamic_query_k,20260509_reference,263f61d9f731,28,,,daily_rest_observation,"{""wait_minutes"":0}",,day_end,redacted_daily_window,,,,,0,0,5,0,literal_banned_terms_redacted,action_trace_daily_rollup
daily_rest_matrix,runs/next_build/20260509/dynamic_query_k,20260509_reference,263f61d9f731,29,,,daily_rest_observation,"{""wait_minutes"":0}",,day_end,redacted_daily_window,,,,,0,0,5,0,literal_banned_terms_redacted,action_trace_daily_rollup
daily_rest_matrix,runs/next_build/20260509/dynamic_query_k,20260509_reference,263f61d9f731,30,,,daily_rest_observation,"{""wait_minutes"":180}",,day_end,redacted_daily_window,,,,,180,180,5,0,literal_banned_terms_redacted,action_trace_daily_rollup
daily_rest_matrix,runs/next_build/20260509/dynamic_query_k,20260509_reference,3c5844ed8465,0,,,daily_rest_observation,"{""wait_minutes"":150}",,day_end,redacted_daily_window,,,,,150,150,5,0,literal_banned_terms_redacted,action_trace_daily_rollup
daily_rest_matrix,runs/next_build/20260509/dynamic_query_k,20260509_reference,3c5844ed8465,1,,,daily_rest_observation,"{""wait_minutes"":0}",,day_end,redacted_daily_window,,,,,0,0,10,0,literal_banned_terms_redacted,action_trace_daily_rollup
daily_rest_matrix,runs/next_build/20260509/dynamic_query_k,20260509_reference,3c5844ed8465,2,,,daily_rest_observation,"{""wait_minutes"":0}",,day_end,redacted_daily_window,,,,,0,0,5,0,literal_banned_terms_redacted,action_trace_daily_rollup
daily_rest_matrix,runs/next_build/20260509/dynamic_query_k,20260509_reference,3c5844ed8465,3,,,daily_rest_observation,"{""wait_minutes"":0}",,day_end,redacted_daily_window,,,,,0,0,5,0,literal_banned_terms_redacted,action_trace_daily_rollup
daily_rest_matrix,runs/next_build/20260509/dynamic_query_k,20260509_reference,3c5844ed8465,4,,,daily_rest_observation,"{""wait_minutes"":0}",,day_end,redacted_daily_window,,,,,0,0,5,0,literal_banned_terms_redacted,action_trace_daily_rollup
daily_rest_matrix,runs/next_build/20260509/dynamic_query_k,20260509_reference,3c5844ed8465,5,,,daily_rest_observation,"{""wait_minutes"":0}",,day_end,redacted_daily_window,,,,,0,0,5,0,literal_banned_terms_redacted,action_trace_daily_rollup
daily_rest_matrix,runs/next_build/20260509/dynamic_query_k,20260509_reference,3c5844ed8465,6,,,daily_rest_observation,"{""wait_minutes"":0}",,day_end,redacted_daily_window,,,,,0,0,5,0,literal_banned_terms_redacted,action_trace_daily_rollup
daily_rest_matrix,runs/next_build/20260509/dynamic_query_k,20260509_reference,3c5844ed8465,7,,,daily_rest_observation,"{""wait_minutes"":0}",,day_end,redacted_daily_window,,,,,0,0,5,0,literal_banned_terms_redacted,action_trace_daily_rollup
daily_rest_matrix,runs/next_build/20260509/dynamic_query_k,20260509_reference,3c5844ed8465,8,,,daily_rest_observation,"{""wait_minutes"":0}",,day_end,redacted_daily_window,,,,,0,0,5,0,literal_banned_terms_redacted,action_trace_daily_rollup
daily_rest_matrix,runs/next_build/20260509/dynamic_query_k,20260509_reference,3c5844ed8465,9,,,daily_rest_observation,"{""wait_minutes"":0}",,day_end,redacted_daily_window,,,,,0,0,5,0,literal_banned_terms_redacted,action_trace_daily_rollup
daily_rest_matrix,runs/next_build/20260509/dynamic_query_k,20260509_reference,3c5844ed8465,10,,,daily_rest_observation,"{""wait_minutes"":0}",,day_end,redacted_daily_window,,,,,0,0,5,0,literal_banned_terms_redacted,action_trace_daily_rollup
daily_rest_matrix,runs/next_build/20260509/dynamic_query_k,20260509_reference,3c5844ed8465,11,,,daily_rest_observation,"{""wait_minutes"":0}",,day_end,redacted_daily_window,,,,,0,0,5,0,literal_banned_terms_redacted,action_trace_daily_rollup
daily_rest_matrix,runs/next_build/20260509/dynamic_query_k,20260509_reference,3c5844ed8465,12,,,daily_rest_observation,"{""wait_minutes"":0}",,day_end,redacted_daily_window,,,,,0,0,0,0,literal_banned_terms_redacted,action_trace_daily_rollup
daily_rest_matrix,runs/next_build/20260509/dynamic_query_k,20260509_reference,3c5844ed8465,13,,,daily_rest_observation,"{""wait_minutes"":0}",,day_end,redacted_daily_window,,,,,0,0,5,0,literal_banned_terms_redacted,action_trace_daily_rollup
daily_rest_matrix,runs/next_build/20260509/dynamic_query_k,20260509_reference,3c5844ed8465,14,,,daily_rest_observation,"{""wait_minutes"":0}",,day_end,redacted_daily_window,,,,,0,0,10,0,literal_banned_terms_redacted,action_trace_daily_rollup
daily_rest_matrix,runs/next_build/20260509/dynamic_query_k,20260509_reference,3c5844ed8465,15,,,daily_rest_observation,"{""wait_minutes"":0}",,day_end,redacted_daily_window,,,,,0,0,5,0,literal_banned_terms_redacted,action_trace_daily_rollup
daily_rest_matrix,runs/next_build/20260509/dynamic_query_k,20260509_reference,3c5844ed8465,16,,,daily_rest_observation,"{""wait_minutes"":0}",,day_end,redacted_daily_window,,,,,0,0,5,0,literal_banned_terms_redacted,action_trace_daily_rollup
daily_rest_matrix,runs/next_build/20260509/dynamic_query_k,20260509_reference,3c5844ed8465,17,,,daily_rest_observation,"{""wait_minutes"":0}",,day_end,redacted_daily_window,,,,,0,0,5,0,literal_banned_terms_redacted,action_trace_daily_rollup
daily_rest_matrix,runs/next_build/20260509/dynamic_query_k,20260509_reference,3c5844ed8465,18,,,daily_rest_observation,"{""wait_minutes"":0}",,day_end,redacted_daily_window,,,,,0,0,5,0,literal_banned_terms_redacted,action_trace_daily_rollup
daily_rest_matrix,runs/next_build/20260509/dynamic_query_k,20260509_reference,3c5844ed8465,19,,,daily_rest_observation,"{""wait_minutes"":0}",,day_end,redacted_daily_window,,,,,0,0,5,0,literal_banned_terms_redacted,action_trace_daily_rollup
daily_rest_matrix,runs/next_build/20260509/dynamic_query_k,20260509_reference,3c5844ed8465,20,,,daily_rest_observation,"{""wait_minutes"":0}",,day_end,redacted_daily_window,,,,,0,0,5,0,literal_banned_terms_redacted,action_trace_daily_rollup
daily_rest_matrix,runs/next_build/20260509/dynamic_query_k,20260509_reference,3c5844ed8465,21,,,daily_rest_observation,"{""wait_minutes"":0}",,day_end,redacted_daily_window,,,,,0,0,5,0,literal_banned_terms_redacted,action_trace_daily_rollup
daily_rest_matrix,runs/next_build/20260509/dynamic_query_k,20260509_reference,3c5844ed8465,22,,,daily_rest_observation,"{""wait_minutes"":0}",,day_end,redacted_daily_window,,,,,0,0,0,0,literal_banned_terms_redacted,action_trace_daily_rollup
daily_rest_matrix,runs/next_build/20260509/dynamic_query_k,20260509_reference,3c5844ed8465,23,,,daily_rest_observation,"{""wait_minutes"":0}",,day_end,redacted_daily_window,,,,,0,0,5,0,literal_banned_terms_redacted,action_trace_daily_rollup
daily_rest_matrix,runs/next_build/20260509/dynamic_query_k,20260509_reference,3c5844ed8465,24,,,daily_rest_observation,"{""wait_minutes"":0}",,day_end,redacted_daily_window,,,,,0,0,10,0,literal_banned_terms_redacted,action_trace_daily_rollup
daily_rest_matrix,runs/next_build/20260509/dynamic_query_k,20260509_reference,3c5844ed8465,25,,,daily_rest_observation,"{""wait_minutes"":0}",,day_end,redacted_daily_window,,,,,0,0,5,0,literal_banned_terms_redacted,action_trace_daily_rollup
daily_rest_matrix,runs/next_build/20260509/dynamic_query_k,20260509_reference,3c5844ed8465,26,,,daily_rest_observation,"{""wait_minutes"":0}",,day_end,redacted_daily_window,,,,,0,0,5,0,literal_banned_terms_redacted,action_trace_daily_rollup
daily_rest_matrix,runs/next_build/20260509/dynamic_query_k,20260509_reference,3c5844ed8465,27,,,daily_rest_observation,"{""wait_minutes"":0}",,day_end,redacted_daily_window,,,,,0,0,5,0,literal_banned_terms_redacted,action_trace_daily_rollup
daily_rest_matrix,runs/next_build/20260509/dynamic_query_k,20260509_reference,3c5844ed8465,28,,,daily_rest_observation,"{""wait_minutes"":0}",,day_end,redacted_daily_window,,,,,0,0,0,0,literal_banned_terms_redacted,action_trace_daily_rollup
daily_rest_matrix,runs/next_build/20260509/dynamic_query_k,20260509_reference,3c5844ed8465,29,,,daily_rest_observation,"{""wait_minutes"":0}",,day_end,redacted_daily_window,,,,,0,0,5,0,literal_banned_terms_redacted,action_trace_daily_rollup
daily_rest_matrix,runs/next_build/20260509/dynamic_query_k,20260509_reference,3c5844ed8465,30,,,daily_rest_observation,"{""wait_minutes"":323}",,day_end,redacted_daily_window,,,,,323,323,0,0,literal_banned_terms_redacted,action_trace_daily_rollup
daily_rest_matrix,runs/next_build/20260509/dynamic_query_k,20260509_reference,3e0e35341231,0,,,daily_rest_observation,"{""wait_minutes"":150}",,day_end,redacted_daily_window,,,,,150,150,5,0,literal_banned_terms_redacted,action_trace_daily_rollup
daily_rest_matrix,runs/next_build/20260509/dynamic_query_k,20260509_reference,3e0e35341231,1,,,daily_rest_observation,"{""wait_minutes"":0}",,day_end,redacted_daily_window,,,,,0,0,10,0,literal_banned_terms_redacted,action_trace_daily_rollup
daily_rest_matrix,runs/next_build/20260509/dynamic_query_k,20260509_reference,3e0e35341231,2,,,daily_rest_observation,"{""wait_minutes"":0}",,day_end,redacted_daily_window,,,,,0,0,5,0,literal_banned_terms_redacted,action_trace_daily_rollup
daily_rest_matrix,runs/next_build/20260509/dynamic_query_k,20260509_reference,3e0e35341231,3,,,daily_rest_observation,"{""wait_minutes"":0}",,day_end,redacted_daily_window,,,,,0,0,5,0,literal_banned_terms_redacted,action_trace_daily_rollup
daily_rest_matrix,runs/next_build/20260509/dynamic_query_k,20260509_reference,3e0e35341231,4,,,daily_rest_observation,"{""wait_minutes"":0}",,day_end,redacted_daily_window,,,,,0,0,0,0,literal_banned_terms_redacted,action_trace_daily_rollup
daily_rest_matrix,runs/next_build/20260509/dynamic_query_k,20260509_reference,3e0e35341231,5,,,daily_rest_observation,"{""wait_minutes"":0}",,day_end,redacted_daily_window,,,,,0,0,5,0,literal_banned_terms_redacted,action_trace_daily_rollup
daily_rest_matrix,runs/next_build/20260509/dynamic_query_k,20260509_reference,3e0e35341231,6,,,daily_rest_observation,"{""wait_minutes"":0}",,day_end,redacted_daily_window,,,,,0,0,5,0,literal_banned_terms_redacted,action_trace_daily_rollup
daily_rest_matrix,runs/next_build/20260509/dynamic_query_k,20260509_reference,3e0e35341231,7,,,daily_rest_observation,"{""wait_minutes"":0}",,day_end,redacted_daily_window,,,,,0,0,5,0,literal_banned_terms_redacted,action_trace_daily_rollup
daily_rest_matrix,runs/next_build/20260509/dynamic_query_k,20260509_reference,3e0e35341231,8,,,daily_rest_observation,"{""wait_minutes"":0}",,day_end,redacted_daily_window,,,,,0,0,5,0,literal_banned_terms_redacted,action_trace_daily_rollup
daily_rest_matrix,runs/next_build/20260509/dynamic_query_k,20260509_reference,3e0e35341231,9,,,daily_rest_observation,"{""wait_minutes"":0}",,day_end,redacted_daily_window,,,,,0,0,0,0,literal_banned_terms_redacted,action_trace_daily_rollup
daily_rest_matrix,runs/next_build/20260509/dynamic_query_k,20260509_reference,3e0e35341231,10,,,daily_rest_observation,"{""wait_minutes"":0}",,day_end,redacted_daily_window,,,,,0,0,5,0,literal_banned_terms_redacted,action_trace_daily_rollup
daily_rest_matrix,runs/next_build/20260509/dynamic_query_k,20260509_reference,3e0e35341231,11,,,daily_rest_observation,"{""wait_minutes"":0}",,day_end,redacted_daily_window,,,,,0,0,0,0,literal_banned_terms_redacted,action_trace_daily_rollup
daily_rest_matrix,runs/next_build/20260509/dynamic_query_k,20260509_reference,3e0e35341231,12,,,daily_rest_observation,"{""wait_minutes"":0}",,day_end,redacted_daily_window,,,,,0,0,5,0,literal_banned_terms_redacted,action_trace_daily_rollup
daily_rest_matrix,runs/next_build/20260509/dynamic_query_k,20260509_reference,3e0e35341231,13,,,daily_rest_observation,"{""wait_minutes"":0}",,day_end,redacted_daily_window,,,,,0,0,5,0,literal_banned_terms_redacted,action_trace_daily_rollup
daily_rest_matrix,runs/next_build/20260509/dynamic_query_k,20260509_reference,3e0e35341231,14,,,daily_rest_observation,"{""wait_minutes"":0}",,day_end,redacted_daily_window,,,,,0,0,5,0,literal_banned_terms_redacted,action_trace_daily_rollup
daily_rest_matrix,runs/next_build/20260509/dynamic_query_k,20260509_reference,3e0e35341231,15,,,daily_rest_observation,"{""wait_minutes"":0}",,day_end,redacted_daily_window,,,,,0,0,10,0,literal_banned_terms_redacted,action_trace_daily_rollup
daily_rest_matrix,runs/next_build/20260509/dynamic_query_k,20260509_reference,3e0e35341231,16,,,daily_rest_observation,"{""wait_minutes"":0}",,day_end,redacted_daily_window,,,,,0,0,5,0,literal_banned_terms_redacted,action_trace_daily_rollup
daily_rest_matrix,runs/next_build/20260509/dynamic_query_k,20260509_reference,3e0e35341231,17,,,daily_rest_observation,"{""wait_minutes"":0}",,day_end,redacted_daily_window,,,,,0,0,5,0,literal_banned_terms_redacted,action_trace_daily_rollup
daily_rest_matrix,runs/next_build/20260509/dynamic_query_k,20260509_reference,3e0e35341231,18,,,daily_rest_observation,"{""wait_minutes"":0}",,day_end,redacted_daily_window,,,,,0,0,5,0,literal_banned_terms_redacted,action_trace_daily_rollup
daily_rest_matrix,runs/next_build/20260509/dynamic_query_k,20260509_reference,3e0e35341231,19,,,daily_rest_observation,"{""wait_minutes"":0}",,day_end,redacted_daily_window,,,,,0,0,5,0,literal_banned_terms_redacted,action_trace_daily_rollup
daily_rest_matrix,runs/next_build/20260509/dynamic_query_k,20260509_reference,3e0e35341231,20,,,daily_rest_observation,"{""wait_minutes"":0}",,day_end,redacted_daily_window,,,,,0,0,5,0,literal_banned_terms_redacted,action_trace_daily_rollup
daily_rest_matrix,runs/next_build/20260509/dynamic_query_k,20260509_reference,3e0e35341231,21,,,daily_rest_observation,"{""wait_minutes"":0}",,day_end,redacted_daily_window,,,,,0,0,5,0,literal_banned_terms_redacted,action_trace_daily_rollup
daily_rest_matrix,runs/next_build/20260509/dynamic_query_k,20260509_reference,3e0e35341231,22,,,daily_rest_observation,"{""wait_minutes"":0}",,day_end,redacted_daily_window,,,,,0,0,5,0,literal_banned_terms_redacted,action_trace_daily_rollup
daily_rest_matrix,runs/next_build/20260509/dynamic_query_k,20260509_reference,3e0e35341231,23,,,daily_rest_observation,"{""wait_minutes"":0}",,day_end,redacted_daily_window,,,,,0,0,5,0,literal_banned_terms_redacted,action_trace_daily_rollup
daily_rest_matrix,runs/next_build/20260509/dynamic_query_k,20260509_reference,3e0e35341231,24,,,daily_rest_observation,"{""wait_minutes"":0}",,day_end,redacted_daily_window,,,,,0,0,0,0,literal_banned_terms_redacted,action_trace_daily_rollup
daily_rest_matrix,runs/next_build/20260509/dynamic_query_k,20260509_reference,3e0e35341231,25,,,daily_rest_observation,"{""wait_minutes"":0}",,day_end,redacted_daily_window,,,,,0,0,5,0,literal_banned_terms_redacted,action_trace_daily_rollup
daily_rest_matrix,runs/next_build/20260509/dynamic_query_k,20260509_reference,3e0e35341231,26,,,daily_rest_observation,"{""wait_minutes"":0}",,day_end,redacted_daily_window,,,,,0,0,10,0,literal_banned_terms_redacted,action_trace_daily_rollup
daily_rest_matrix,runs/next_build/20260509/dynamic_query_k,20260509_reference,3e0e35341231,27,,,daily_rest_observation,"{""wait_minutes"":0}",,day_end,redacted_daily_window,,,,,0,0,5,0,literal_banned_terms_redacted,action_trace_daily_rollup
daily_rest_matrix,runs/next_build/20260509/dynamic_query_k,20260509_reference,3e0e35341231,28,,,daily_rest_observation,"{""wait_minutes"":0}",,day_end,redacted_daily_window,,,,,0,0,5,0,literal_banned_terms_redacted,action_trace_daily_rollup
daily_rest_matrix,runs/next_build/20260509/dynamic_query_k,20260509_reference,3e0e35341231,29,,,daily_rest_observation,"{""wait_minutes"":0}",,day_end,redacted_daily_window,,,,,0,0,5,0,literal_banned_terms_redacted,action_trace_daily_rollup
daily_rest_matrix,runs/next_build/20260509/dynamic_query_k,20260509_reference,3e0e35341231,30,,,daily_rest_observation,"{""wait_minutes"":180}",,day_end,redacted_daily_window,,,,,180,180,5,0,literal_banned_terms_redacted,action_trace_daily_rollup
daily_rest_matrix,runs/next_build/20260509/dynamic_query_k,20260509_reference,983f9a2734ca,0,,,daily_rest_observation,"{""wait_minutes"":150}",,day_end,redacted_daily_window,,,,,150,150,5,0,literal_banned_terms_redacted,action_trace_daily_rollup
daily_rest_matrix,runs/next_build/20260509/dynamic_query_k,20260509_reference,983f9a2734ca,1,,,daily_rest_observation,"{""wait_minutes"":0}",,day_end,redacted_daily_window,,,,,0,0,10,0,literal_banned_terms_redacted,action_trace_daily_rollup
daily_rest_matrix,runs/next_build/20260509/dynamic_query_k,20260509_reference,983f9a2734ca,2,,,daily_rest_observation,"{""wait_minutes"":0}",,day_end,redacted_daily_window,,,,,0,0,5,0,literal_banned_terms_redacted,action_trace_daily_rollup
daily_rest_matrix,runs/next_build/20260509/dynamic_query_k,20260509_reference,983f9a2734ca,3,,,daily_rest_observation,"{""wait_minutes"":0}",,day_end,redacted_daily_window,,,,,0,0,5,0,literal_banned_terms_redacted,action_trace_daily_rollup
daily_rest_matrix,runs/next_build/20260509/dynamic_query_k,20260509_reference,983f9a2734ca,4,,,daily_rest_observation,"{""wait_minutes"":0}",,day_end,redacted_daily_window,,,,,0,0,5,0,literal_banned_terms_redacted,action_trace_daily_rollup
daily_rest_matrix,runs/next_build/20260509/dynamic_query_k,20260509_reference,983f9a2734ca,5,,,daily_rest_observation,"{""wait_minutes"":0}",,day_end,redacted_daily_window,,,,,0,0,5,0,literal_banned_terms_redacted,action_trace_daily_rollup
daily_rest_matrix,runs/next_build/20260509/dynamic_query_k,20260509_reference,983f9a2734ca,6,,,daily_rest_observation,"{""wait_minutes"":0}",,day_end,redacted_daily_window,,,,,0,0,5,0,literal_banned_terms_redacted,action_trace_daily_rollup
daily_rest_matrix,runs/next_build/20260509/dynamic_query_k,20260509_reference,983f9a2734ca,7,,,daily_rest_observation,"{""wait_minutes"":0}",,day_end,redacted_daily_window,,,,,0,0,5,0,literal_banned_terms_redacted,action_trace_daily_rollup
daily_rest_matrix,runs/next_build/20260509/dynamic_query_k,20260509_reference,983f9a2734ca,8,,,daily_rest_observation,"{""wait_minutes"":0}",,day_end,redacted_daily_window,,,,,0,0,5,0,literal_banned_terms_redacted,action_trace_daily_rollup
daily_rest_matrix,runs/next_build/20260509/dynamic_query_k,20260509_reference,983f9a2734ca,9,,,daily_rest_observation,"{""wait_minutes"":0}",,day_end,redacted_daily_window,,,,,0,0,5,0,literal_banned_terms_redacted,action_trace_daily_rollup
daily_rest_matrix,runs/next_build/20260509/dynamic_query_k,20260509_reference,983f9a2734ca,10,,,daily_rest_observation,"{""wait_minutes"":0}",,day_end,redacted_daily_window,,,,,0,0,5,0,literal_banned_terms_redacted,action_trace_daily_rollup
daily_rest_matrix,runs/next_build/20260509/dynamic_query_k,20260509_reference,983f9a2734ca,11,,,daily_rest_observation,"{""wait_minutes"":0}",,day_end,redacted_daily_window,,,,,0,0,5,0,literal_banned_terms_redacted,action_trace_daily_rollup
daily_rest_matrix,runs/next_build/20260509/dynamic_query_k,20260509_reference,983f9a2734ca,12,,,daily_rest_observation,"{""wait_minutes"":0}",,day_end,redacted_daily_window,,,,,0,0,0,0,literal_banned_terms_redacted,action_trace_daily_rollup
daily_rest_matrix,runs/next_build/20260509/dynamic_query_k,20260509_reference,983f9a2734ca,13,,,daily_rest_observation,"{""wait_minutes"":0}",,day_end,redacted_daily_window,,,,,0,0,5,0,literal_banned_terms_redacted,action_trace_daily_rollup
daily_rest_matrix,runs/next_build/20260509/dynamic_query_k,20260509_reference,983f9a2734ca,14,,,daily_rest_observation,"{""wait_minutes"":0}",,day_end,redacted_daily_window,,,,,0,0,10,0,literal_banned_terms_redacted,action_trace_daily_rollup
daily_rest_matrix,runs/next_build/20260509/dynamic_query_k,20260509_reference,983f9a2734ca,15,,,daily_rest_observation,"{""wait_minutes"":0}",,day_end,redacted_daily_window,,,,,0,0,5,0,literal_banned_terms_redacted,action_trace_daily_rollup
daily_rest_matrix,runs/next_build/20260509/dynamic_query_k,20260509_reference,983f9a2734ca,16,,,daily_rest_observation,"{""wait_minutes"":0}",,day_end,redacted_daily_window,,,,,0,0,5,0,literal_banned_terms_redacted,action_trace_daily_rollup
daily_rest_matrix,runs/next_build/20260509/dynamic_query_k,20260509_reference,983f9a2734ca,17,,,daily_rest_observation,"{""wait_minutes"":0}",,day_end,redacted_daily_window,,,,,0,0,5,0,literal_banned_terms_redacted,action_trace_daily_rollup
daily_rest_matrix,runs/next_build/20260509/dynamic_query_k,20260509_reference,983f9a2734ca,18,,,daily_rest_observation,"{""wait_minutes"":0}",,day_end,redacted_daily_window,,,,,0,0,5,0,literal_banned_terms_redacted,action_trace_daily_rollup
daily_rest_matrix,runs/next_build/20260509/dynamic_query_k,20260509_reference,983f9a2734ca,19,,,daily_rest_observation,"{""wait_minutes"":0}",,day_end,redacted_daily_window,,,,,0,0,5,0,literal_banned_terms_redacted,action_trace_daily_rollup
daily_rest_matrix,runs/next_build/20260509/dynamic_query_k,20260509_reference,983f9a2734ca,20,,,daily_rest_observation,"{""wait_minutes"":0}",,day_end,redacted_daily_window,,,,,0,0,5,0,literal_banned_terms_redacted,action_trace_daily_rollup
daily_rest_matrix,runs/next_build/20260509/dynamic_query_k,20260509_reference,983f9a2734ca,21,,,daily_rest_observation,"{""wait_minutes"":0}",,day_end,redacted_daily_window,,,,,0,0,5,0,literal_banned_terms_redacted,action_trace_daily_rollup
daily_rest_matrix,runs/next_build/20260509/dynamic_query_k,20260509_reference,983f9a2734ca,22,,,daily_rest_observation,"{""wait_minutes"":0}",,day_end,redacted_daily_window,,,,,0,0,0,0,literal_banned_terms_redacted,action_trace_daily_rollup
daily_rest_matrix,runs/next_build/20260509/dynamic_query_k,20260509_reference,983f9a2734ca,23,,,daily_rest_observation,"{""wait_minutes"":0}",,day_end,redacted_daily_window,,,,,0,0,5,0,literal_banned_terms_redacted,action_trace_daily_rollup
daily_rest_matrix,runs/next_build/20260509/dynamic_query_k,20260509_reference,983f9a2734ca,24,,,daily_rest_observation,"{""wait_minutes"":0}",,day_end,redacted_daily_window,,,,,0,0,10,0,literal_banned_terms_redacted,action_trace_daily_rollup
daily_rest_matrix,runs/next_build/20260509/dynamic_query_k,20260509_reference,983f9a2734ca,25,,,daily_rest_observation,"{""wait_minutes"":0}",,day_end,redacted_daily_window,,,,,0,0,5,0,literal_banned_terms_redacted,action_trace_daily_rollup
daily_rest_matrix,runs/next_build/20260509/dynamic_query_k,20260509_reference,983f9a2734ca,26,,,daily_rest_observation,"{""wait_minutes"":0}",,day_end,redacted_daily_window,,,,,0,0,5,0,literal_banned_terms_redacted,action_trace_daily_rollup
daily_rest_matrix,runs/next_build/20260509/dynamic_query_k,20260509_reference,983f9a2734ca,27,,,daily_rest_observation,"{""wait_minutes"":0}",,day_end,redacted_daily_window,,,,,0,0,5,0,literal_banned_terms_redacted,action_trace_daily_rollup
daily_rest_matrix,runs/next_build/20260509/dynamic_query_k,20260509_reference,983f9a2734ca,28,,,daily_rest_observation,"{""wait_minutes"":0}",,day_end,redacted_daily_window,,,,,0,0,0,0,literal_banned_terms_redacted,action_trace_daily_rollup
daily_rest_matrix,runs/next_build/20260509/dynamic_query_k,20260509_reference,983f9a2734ca,29,,,daily_rest_observation,"{""wait_minutes"":0}",,day_end,redacted_daily_window,,,,,0,0,5,0,literal_banned_terms_redacted,action_trace_daily_rollup
daily_rest_matrix,runs/next_build/20260509/dynamic_query_k,20260509_reference,983f9a2734ca,30,,,daily_rest_observation,"{""wait_minutes"":323}",,day_end,redacted_daily_window,,,,,323,323,0,0,literal_banned_terms_redacted,action_trace_daily_rollup
daily_rest_matrix,runs/next_build/20260509/dynamic_query_k,20260509_reference,af4b17af9fc7,0,,,daily_rest_observation,"{""wait_minutes"":150}",,day_end,redacted_daily_window,,,,,150,150,5,0,literal_banned_terms_redacted,action_trace_daily_rollup
daily_rest_matrix,runs/next_build/20260509/dynamic_query_k,20260509_reference,af4b17af9fc7,1,,,daily_rest_observation,"{""wait_minutes"":0}",,day_end,redacted_daily_window,,,,,0,0,5,0,literal_banned_terms_redacted,action_trace_daily_rollup
daily_rest_matrix,runs/next_build/20260509/dynamic_query_k,20260509_reference,af4b17af9fc7,2,,,daily_rest_observation,"{""wait_minutes"":0}",,day_end,redacted_daily_window,,,,,0,0,0,0,literal_banned_terms_redacted,action_trace_daily_rollup
daily_rest_matrix,runs/next_build/20260509/dynamic_query_k,20260509_reference,af4b17af9fc7,3,,,daily_rest_observation,"{""wait_minutes"":0}",,day_end,redacted_daily_window,,,,,0,0,5,0,literal_banned_terms_redacted,action_trace_daily_rollup
daily_rest_matrix,runs/next_build/20260509/dynamic_query_k,20260509_reference,af4b17af9fc7,4,,,daily_rest_observation,"{""wait_minutes"":0}",,day_end,redacted_daily_window,,,,,0,0,5,0,literal_banned_terms_redacted,action_trace_daily_rollup
daily_rest_matrix,runs/next_build/20260509/dynamic_query_k,20260509_reference,af4b17af9fc7,5,,,daily_rest_observation,"{""wait_minutes"":0}",,day_end,redacted_daily_window,,,,,0,0,5,0,literal_banned_terms_redacted,action_trace_daily_rollup
daily_rest_matrix,runs/next_build/20260509/dynamic_query_k,20260509_reference,af4b17af9fc7,6,,,daily_rest_observation,"{""wait_minutes"":0}",,day_end,redacted_daily_window,,,,,0,0,5,0,literal_banned_terms_redacted,action_trace_daily_rollup
daily_rest_matrix,runs/next_build/20260509/dynamic_query_k,20260509_reference,af4b17af9fc7,7,,,daily_rest_observation,"{""wait_minutes"":0}",,day_end,redacted_daily_window,,,,,0,0,5,0,literal_banned_terms_redacted,action_trace_daily_rollup
daily_rest_matrix,runs/next_build/20260509/dynamic_query_k,20260509_reference,af4b17af9fc7,8,,,daily_rest_observation,"{""wait_minutes"":0}",,day_end,redacted_daily_window,,,,,0,0,5,0,literal_banned_terms_redacted,action_trace_daily_rollup
daily_rest_matrix,runs/next_build/20260509/dynamic_query_k,20260509_reference,af4b17af9fc7,9,,,daily_rest_observation,"{""wait_minutes"":0}",,day_end,redacted_daily_window,,,,,0,0,5,0,literal_banned_terms_redacted,action_trace_daily_rollup
daily_rest_matrix,runs/next_build/20260509/dynamic_query_k,20260509_reference,af4b17af9fc7,10,,,daily_rest_observation,"{""wait_minutes"":0}",,day_end,redacted_daily_window,,,,,0,0,10,0,literal_banned_terms_redacted,action_trace_daily_rollup
daily_rest_matrix,runs/next_build/20260509/dynamic_query_k,20260509_reference,af4b17af9fc7,11,,,daily_rest_observation,"{""wait_minutes"":0}",,day_end,redacted_daily_window,,,,,0,0,5,0,literal_banned_terms_redacted,action_trace_daily_rollup
daily_rest_matrix,runs/next_build/20260509/dynamic_query_k,20260509_reference,af4b17af9fc7,12,,,daily_rest_observation,"{""wait_minutes"":0}",,day_end,redacted_daily_window,,,,,0,0,0,0,literal_banned_terms_redacted,action_trace_daily_rollup
daily_rest_matrix,runs/next_build/20260509/dynamic_query_k,20260509_reference,af4b17af9fc7,13,,,daily_rest_observation,"{""wait_minutes"":0}",,day_end,redacted_daily_window,,,,,0,0,5,0,literal_banned_terms_redacted,action_trace_daily_rollup
daily_rest_matrix,runs/next_build/20260509/dynamic_query_k,20260509_reference,af4b17af9fc7,14,,,daily_rest_observation,"{""wait_minutes"":0}",,day_end,redacted_daily_window,,,,,0,0,10,0,literal_banned_terms_redacted,action_trace_daily_rollup
daily_rest_matrix,runs/next_build/20260509/dynamic_query_k,20260509_reference,af4b17af9fc7,15,,,daily_rest_observation,"{""wait_minutes"":0}",,day_end,redacted_daily_window,,,,,0,0,5,0,literal_banned_terms_redacted,action_trace_daily_rollup
daily_rest_matrix,runs/next_build/20260509/dynamic_query_k,20260509_reference,af4b17af9fc7,16,,,daily_rest_observation,"{""wait_minutes"":0}",,day_end,redacted_daily_window,,,,,0,0,5,0,literal_banned_terms_redacted,action_trace_daily_rollup
daily_rest_matrix,runs/next_build/20260509/dynamic_query_k,20260509_reference,af4b17af9fc7,17,,,daily_rest_observation,"{""wait_minutes"":0}",,day_end,redacted_daily_window,,,,,0,0,5,0,literal_banned_terms_redacted,action_trace_daily_rollup
daily_rest_matrix,runs/next_build/20260509/dynamic_query_k,20260509_reference,af4b17af9fc7,18,,,daily_rest_observation,"{""wait_minutes"":0}",,day_end,redacted_daily_window,,,,,0,0,5,0,literal_banned_terms_redacted,action_trace_daily_rollup
daily_rest_matrix,runs/next_build/20260509/dynamic_query_k,20260509_reference,af4b17af9fc7,19,,,daily_rest_observation,"{""wait_minutes"":0}",,day_end,redacted_daily_window,,,,,0,0,5,0,literal_banned_terms_redacted,action_trace_daily_rollup
daily_rest_matrix,runs/next_build/20260509/dynamic_query_k,20260509_reference,af4b17af9fc7,20,,,daily_rest_observation,"{""wait_minutes"":0}",,day_end,redacted_daily_window,,,,,0,0,0,0,literal_banned_terms_redacted,action_trace_daily_rollup
daily_rest_matrix,runs/next_build/20260509/dynamic_query_k,20260509_reference,af4b17af9fc7,21,,,daily_rest_observation,"{""wait_minutes"":0}",,day_end,redacted_daily_window,,,,,0,0,5,0,literal_banned_terms_redacted,action_trace_daily_rollup
daily_rest_matrix,runs/next_build/20260509/dynamic_query_k,20260509_reference,af4b17af9fc7,22,,,daily_rest_observation,"{""wait_minutes"":0}",,day_end,redacted_daily_window,,,,,0,0,10,0,literal_banned_terms_redacted,action_trace_daily_rollup
daily_rest_matrix,runs/next_build/20260509/dynamic_query_k,20260509_reference,af4b17af9fc7,23,,,daily_rest_observation,"{""wait_minutes"":0}",,day_end,redacted_daily_window,,,,,0,0,5,0,literal_banned_terms_redacted,action_trace_daily_rollup
daily_rest_matrix,runs/next_build/20260509/dynamic_query_k,20260509_reference,af4b17af9fc7,24,,,daily_rest_observation,"{""wait_minutes"":0}",,day_end,redacted_daily_window,,,,,0,0,10,0,literal_banned_terms_redacted,action_trace_daily_rollup
daily_rest_matrix,runs/next_build/20260509/dynamic_query_k,20260509_reference,af4b17af9fc7,25,,,daily_rest_observation,"{""wait_minutes"":0}",,day_end,redacted_daily_window,,,,,0,0,5,0,literal_banned_terms_redacted,action_trace_daily_rollup
daily_rest_matrix,runs/next_build/20260509/dynamic_query_k,20260509_reference,af4b17af9fc7,26,,,daily_rest_observation,"{""wait_minutes"":0}",,day_end,redacted_daily_window,,,,,0,0,10,0,literal_banned_terms_redacted,action_trace_daily_rollup
daily_rest_matrix,runs/next_build/20260509/dynamic_query_k,20260509_reference,af4b17af9fc7,27,,,daily_rest_observation,"{""wait_minutes"":0}",,day_end,redacted_daily_window,,,,,0,0,5,0,literal_banned_terms_redacted,action_trace_daily_rollup
daily_rest_matrix,runs/next_build/20260509/dynamic_query_k,20260509_reference,af4b17af9fc7,28,,,daily_rest_observation,"{""wait_minutes"":0}",,day_end,redacted_daily_window,,,,,0,0,5,0,literal_banned_terms_redacted,action_trace_daily_rollup
daily_rest_matrix,runs/next_build/20260509/dynamic_query_k,20260509_reference,af4b17af9fc7,29,,,daily_rest_observation,"{""wait_minutes"":0}",,day_end,redacted_daily_window,,,,,0,0,5,0,literal_banned_terms_redacted,action_trace_daily_rollup
daily_rest_matrix,runs/next_build/20260509/dynamic_query_k,20260509_reference,af4b17af9fc7,30,,,daily_rest_observation,"{""wait_minutes"":180}",,day_end,redacted_daily_window,,,,,180,180,5,0,literal_banned_terms_redacted,action_trace_daily_rollup
daily_rest_matrix,runs/next_build/20260509/dynamic_query_k,20260509_reference,b8424551b996,0,,,daily_rest_observation,"{""wait_minutes"":150}",,day_end,redacted_daily_window,,,,,150,150,10,0,literal_banned_terms_redacted,action_trace_daily_rollup
daily_rest_matrix,runs/next_build/20260509/dynamic_query_k,20260509_reference,b8424551b996,1,,,daily_rest_observation,"{""wait_minutes"":0}",,day_end,redacted_daily_window,,,,,0,0,5,0,literal_banned_terms_redacted,action_trace_daily_rollup
daily_rest_matrix,runs/next_build/20260509/dynamic_query_k,20260509_reference,b8424551b996,2,,,daily_rest_observation,"{""wait_minutes"":0}",,day_end,redacted_daily_window,,,,,0,0,5,0,literal_banned_terms_redacted,action_trace_daily_rollup
daily_rest_matrix,runs/next_build/20260509/dynamic_query_k,20260509_reference,b8424551b996,3,,,daily_rest_observation,"{""wait_minutes"":0}",,day_end,redacted_daily_window,,,,,0,0,5,0,literal_banned_terms_redacted,action_trace_daily_rollup
daily_rest_matrix,runs/next_build/20260509/dynamic_query_k,20260509_reference,b8424551b996,4,,,daily_rest_observation,"{""wait_minutes"":0}",,day_end,redacted_daily_window,,,,,0,0,0,0,literal_banned_terms_redacted,action_trace_daily_rollup
daily_rest_matrix,runs/next_build/20260509/dynamic_query_k,20260509_reference,b8424551b996,5,,,daily_rest_observation,"{""wait_minutes"":0}",,day_end,redacted_daily_window,,,,,0,0,5,0,literal_banned_terms_redacted,action_trace_daily_rollup
daily_rest_matrix,runs/next_build/20260509/dynamic_query_k,20260509_reference,b8424551b996,6,,,daily_rest_observation,"{""wait_minutes"":0}",,day_end,redacted_daily_window,,,,,0,0,5,0,literal_banned_terms_redacted,action_trace_daily_rollup
daily_rest_matrix,runs/next_build/20260509/dynamic_query_k,20260509_reference,b8424551b996,7,,,daily_rest_observation,"{""wait_minutes"":0}",,day_end,redacted_daily_window,,,,,0,0,5,0,literal_banned_terms_redacted,action_trace_daily_rollup
daily_rest_matrix,runs/next_build/20260509/dynamic_query_k,20260509_reference,b8424551b996,8,,,daily_rest_observation,"{""wait_minutes"":0}",,day_end,redacted_daily_window,,,,,0,0,5,0,literal_banned_terms_redacted,action_trace_daily_rollup
daily_rest_matrix,runs/next_build/20260509/dynamic_query_k,20260509_reference,b8424551b996,9,,,daily_rest_observation,"{""wait_minutes"":0}",,day_end,redacted_daily_window,,,,,0,0,0,0,literal_banned_terms_redacted,action_trace_daily_rollup
daily_rest_matrix,runs/next_build/20260509/dynamic_query_k,20260509_reference,b8424551b996,10,,,daily_rest_observation,"{""wait_minutes"":0}",,day_end,redacted_daily_window,,,,,0,0,5,0,literal_banned_terms_redacted,action_trace_daily_rollup
daily_rest_matrix,runs/next_build/20260509/dynamic_query_k,20260509_reference,b8424551b996,11,,,daily_rest_observation,"{""wait_minutes"":0}",,day_end,redacted_daily_window,,,,,0,0,0,0,literal_banned_terms_redacted,action_trace_daily_rollup
daily_rest_matrix,runs/next_build/20260509/dynamic_query_k,20260509_reference,b8424551b996,12,,,daily_rest_observation,"{""wait_minutes"":0}",,day_end,redacted_daily_window,,,,,0,0,5,0,literal_banned_terms_redacted,action_trace_daily_rollup
daily_rest_matrix,runs/next_build/20260509/dynamic_query_k,20260509_reference,b8424551b996,13,,,daily_rest_observation,"{""wait_minutes"":0}",,day_end,redacted_daily_window,,,,,0,0,5,0,literal_banned_terms_redacted,action_trace_daily_rollup
daily_rest_matrix,runs/next_build/20260509/dynamic_query_k,20260509_reference,b8424551b996,14,,,daily_rest_observation,"{""wait_minutes"":0}",,day_end,redacted_daily_window,,,,,0,0,5,0,literal_banned_terms_redacted,action_trace_daily_rollup
daily_rest_matrix,runs/next_build/20260509/dynamic_query_k,20260509_reference,b8424551b996,15,,,daily_rest_observation,"{""wait_minutes"":0}",,day_end,redacted_daily_window,,,,,0,0,10,0,literal_banned_terms_redacted,action_trace_daily_rollup
daily_rest_matrix,runs/next_build/20260509/dynamic_query_k,20260509_reference,b8424551b996,16,,,daily_rest_observation,"{""wait_minutes"":0}",,day_end,redacted_daily_window,,,,,0,0,5,0,literal_banned_terms_redacted,action_trace_daily_rollup
daily_rest_matrix,runs/next_build/20260509/dynamic_query_k,20260509_reference,b8424551b996,17,,,daily_rest_observation,"{""wait_minutes"":0}",,day_end,redacted_daily_window,,,,,0,0,5,0,literal_banned_terms_redacted,action_trace_daily_rollup
daily_rest_matrix,runs/next_build/20260509/dynamic_query_k,20260509_reference,b8424551b996,18,,,daily_rest_observation,"{""wait_minutes"":0}",,day_end,redacted_daily_window,,,,,0,0,5,0,literal_banned_terms_redacted,action_trace_daily_rollup
daily_rest_matrix,runs/next_build/20260509/dynamic_query_k,20260509_reference,b8424551b996,19,,,daily_rest_observation,"{""wait_minutes"":0}",,day_end,redacted_daily_window,,,,,0,0,0,0,literal_banned_terms_redacted,action_trace_daily_rollup
daily_rest_matrix,runs/next_build/20260509/dynamic_query_k,20260509_reference,b8424551b996,20,,,daily_rest_observation,"{""wait_minutes"":0}",,day_end,redacted_daily_window,,,,,0,0,5,0,literal_banned_terms_redacted,action_trace_daily_rollup
daily_rest_matrix,runs/next_build/20260509/dynamic_query_k,20260509_reference,b8424551b996,21,,,daily_rest_observation,"{""wait_minutes"":0}",,day_end,redacted_daily_window,,,,,0,0,5,0,literal_banned_terms_redacted,action_trace_daily_rollup
daily_rest_matrix,runs/next_build/20260509/dynamic_query_k,20260509_reference,b8424551b996,22,,,daily_rest_observation,"{""wait_minutes"":0}",,day_end,redacted_daily_window,,,,,0,0,5,0,literal_banned_terms_redacted,action_trace_daily_rollup
daily_rest_matrix,runs/next_build/20260509/dynamic_query_k,20260509_reference,b8424551b996,23,,,daily_rest_observation,"{""wait_minutes"":0}",,day_end,redacted_daily_window,,,,,0,0,0,0,literal_banned_terms_redacted,action_trace_daily_rollup
daily_rest_matrix,runs/next_build/20260509/dynamic_query_k,20260509_reference,b8424551b996,24,,,daily_rest_observation,"{""wait_minutes"":0}",,day_end,redacted_daily_window,,,,,0,0,0,0,literal_banned_terms_redacted,action_trace_daily_rollup
daily_rest_matrix,runs/next_build/20260509/dynamic_query_k,20260509_reference,b8424551b996,25,,,daily_rest_observation,"{""wait_minutes"":0}",,day_end,redacted_daily_window,,,,,0,0,5,0,literal_banned_terms_redacted,action_trace_daily_rollup
daily_rest_matrix,runs/next_build/20260509/dynamic_query_k,20260509_reference,b8424551b996,26,,,daily_rest_observation,"{""wait_minutes"":0}",,day_end,redacted_daily_window,,,,,0,0,5,0,literal_banned_terms_redacted,action_trace_daily_rollup
daily_rest_matrix,runs/next_build/20260509/dynamic_query_k,20260509_reference,b8424551b996,27,,,daily_rest_observation,"{""wait_minutes"":0}",,day_end,redacted_daily_window,,,,,0,0,5,0,literal_banned_terms_redacted,action_trace_daily_rollup
daily_rest_matrix,runs/next_build/20260509/dynamic_query_k,20260509_reference,b8424551b996,28,,,daily_rest_observation,"{""wait_minutes"":0}",,day_end,redacted_daily_window,,,,,0,0,5,0,literal_banned_terms_redacted,action_trace_daily_rollup
daily_rest_matrix,runs/next_build/20260509/dynamic_query_k,20260509_reference,b8424551b996,29,,,daily_rest_observation,"{""wait_minutes"":0}",,day_end,redacted_daily_window,,,,,0,0,5,0,literal_banned_terms_redacted,action_trace_daily_rollup
daily_rest_matrix,runs/next_build/20260509/dynamic_query_k,20260509_reference,b8424551b996,30,,,daily_rest_observation,"{""wait_minutes"":363}",,day_end,redacted_daily_window,,,,,363,363,5,0,literal_banned_terms_redacted,action_trace_daily_rollup
daily_rest_matrix,runs/next_build/20260509/dynamic_query_k,20260509_reference,d1b26936cffa,0,,,daily_rest_observation,"{""wait_minutes"":150}",,day_end,redacted_daily_window,,,,,150,150,5,0,literal_banned_terms_redacted,action_trace_daily_rollup
daily_rest_matrix,runs/next_build/20260509/dynamic_query_k,20260509_reference,d1b26936cffa,1,,,daily_rest_observation,"{""wait_minutes"":0}",,day_end,redacted_daily_window,,,,,0,0,5,0,literal_banned_terms_redacted,action_trace_daily_rollup
daily_rest_matrix,runs/next_build/20260509/dynamic_query_k,20260509_reference,d1b26936cffa,2,,,daily_rest_observation,"{""wait_minutes"":0}",,day_end,redacted_daily_window,,,,,0,0,0,0,literal_banned_terms_redacted,action_trace_daily_rollup
daily_rest_matrix,runs/next_build/20260509/dynamic_query_k,20260509_reference,d1b26936cffa,3,,,daily_rest_observation,"{""wait_minutes"":0}",,day_end,redacted_daily_window,,,,,0,0,5,0,literal_banned_terms_redacted,action_trace_daily_rollup
daily_rest_matrix,runs/next_build/20260509/dynamic_query_k,20260509_reference,d1b26936cffa,4,,,daily_rest_observation,"{""wait_minutes"":0}",,day_end,redacted_daily_window,,,,,0,0,5,0,literal_banned_terms_redacted,action_trace_daily_rollup
daily_rest_matrix,runs/next_build/20260509/dynamic_query_k,20260509_reference,d1b26936cffa,5,,,daily_rest_observation,"{""wait_minutes"":0}",,day_end,redacted_daily_window,,,,,0,0,5,0,literal_banned_terms_redacted,action_trace_daily_rollup
daily_rest_matrix,runs/next_build/20260509/dynamic_query_k,20260509_reference,d1b26936cffa,6,,,daily_rest_observation,"{""wait_minutes"":0}",,day_end,redacted_daily_window,,,,,0,0,5,0,literal_banned_terms_redacted,action_trace_daily_rollup
daily_rest_matrix,runs/next_build/20260509/dynamic_query_k,20260509_reference,d1b26936cffa,7,,,daily_rest_observation,"{""wait_minutes"":0}",,day_end,redacted_daily_window,,,,,0,0,5,0,literal_banned_terms_redacted,action_trace_daily_rollup
daily_rest_matrix,runs/next_build/20260509/dynamic_query_k,20260509_reference,d1b26936cffa,8,,,daily_rest_observation,"{""wait_minutes"":0}",,day_end,redacted_daily_window,,,,,0,0,5,0,literal_banned_terms_redacted,action_trace_daily_rollup
daily_rest_matrix,runs/next_build/20260509/dynamic_query_k,20260509_reference,d1b26936cffa,9,,,daily_rest_observation,"{""wait_minutes"":0}",,day_end,redacted_daily_window,,,,,0,0,5,0,literal_banned_terms_redacted,action_trace_daily_rollup
daily_rest_matrix,runs/next_build/20260509/dynamic_query_k,20260509_reference,d1b26936cffa,10,,,daily_rest_observation,"{""wait_minutes"":0}",,day_end,redacted_daily_window,,,,,0,0,10,0,literal_banned_terms_redacted,action_trace_daily_rollup
daily_rest_matrix,runs/next_build/20260509/dynamic_query_k,20260509_reference,d1b26936cffa,11,,,daily_rest_observation,"{""wait_minutes"":0}",,day_end,redacted_daily_window,,,,,0,0,5,0,literal_banned_terms_redacted,action_trace_daily_rollup
daily_rest_matrix,runs/next_build/20260509/dynamic_query_k,20260509_reference,d1b26936cffa,12,,,daily_rest_observation,"{""wait_minutes"":0}",,day_end,redacted_daily_window,,,,,0,0,0,0,literal_banned_terms_redacted,action_trace_daily_rollup
daily_rest_matrix,runs/next_build/20260509/dynamic_query_k,20260509_reference,d1b26936cffa,13,,,daily_rest_observation,"{""wait_minutes"":0}",,day_end,redacted_daily_window,,,,,0,0,5,0,literal_banned_terms_redacted,action_trace_daily_rollup
daily_rest_matrix,runs/next_build/20260509/dynamic_query_k,20260509_reference,d1b26936cffa,14,,,daily_rest_observation,"{""wait_minutes"":0}",,day_end,redacted_daily_window,,,,,0,0,10,0,literal_banned_terms_redacted,action_trace_daily_rollup
daily_rest_matrix,runs/next_build/20260509/dynamic_query_k,20260509_reference,d1b26936cffa,15,,,daily_rest_observation,"{""wait_minutes"":0}",,day_end,redacted_daily_window,,,,,0,0,5,0,literal_banned_terms_redacted,action_trace_daily_rollup
daily_rest_matrix,runs/next_build/20260509/dynamic_query_k,20260509_reference,d1b26936cffa,16,,,daily_rest_observation,"{""wait_minutes"":0}",,day_end,redacted_daily_window,,,,,0,0,5,0,literal_banned_terms_redacted,action_trace_daily_rollup
daily_rest_matrix,runs/next_build/20260509/dynamic_query_k,20260509_reference,d1b26936cffa,17,,,daily_rest_observation,"{""wait_minutes"":0}",,day_end,redacted_daily_window,,,,,0,0,5,0,literal_banned_terms_redacted,action_trace_daily_rollup
daily_rest_matrix,runs/next_build/20260509/dynamic_query_k,20260509_reference,d1b26936cffa,18,,,daily_rest_observation,"{""wait_minutes"":0}",,day_end,redacted_daily_window,,,,,0,0,5,0,literal_banned_terms_redacted,action_trace_daily_rollup
daily_rest_matrix,runs/next_build/20260509/dynamic_query_k,20260509_reference,d1b26936cffa,19,,,daily_rest_observation,"{""wait_minutes"":0}",,day_end,redacted_daily_window,,,,,0,0,5,0,literal_banned_terms_redacted,action_trace_daily_rollup
daily_rest_matrix,runs/next_build/20260509/dynamic_query_k,20260509_reference,d1b26936cffa,20,,,daily_rest_observation,"{""wait_minutes"":0}",,day_end,redacted_daily_window,,,,,0,0,5,0,literal_banned_terms_redacted,action_trace_daily_rollup
daily_rest_matrix,runs/next_build/20260509/dynamic_query_k,20260509_reference,d1b26936cffa,21,,,daily_rest_observation,"{""wait_minutes"":0}",,day_end,redacted_daily_window,,,,,0,0,5,0,literal_banned_terms_redacted,action_trace_daily_rollup
daily_rest_matrix,runs/next_build/20260509/dynamic_query_k,20260509_reference,d1b26936cffa,22,,,daily_rest_observation,"{""wait_minutes"":0}",,day_end,redacted_daily_window,,,,,0,0,5,0,literal_banned_terms_redacted,action_trace_daily_rollup
daily_rest_matrix,runs/next_build/20260509/dynamic_query_k,20260509_reference,d1b26936cffa,23,,,daily_rest_observation,"{""wait_minutes"":0}",,day_end,redacted_daily_window,,,,,0,0,5,0,literal_banned_terms_redacted,action_trace_daily_rollup
daily_rest_matrix,runs/next_build/20260509/dynamic_query_k,20260509_reference,d1b26936cffa,24,,,daily_rest_observation,"{""wait_minutes"":0}",,day_end,redacted_daily_window,,,,,0,0,5,0,literal_banned_terms_redacted,action_trace_daily_rollup
daily_rest_matrix,runs/next_build/20260509/dynamic_query_k,20260509_reference,d1b26936cffa,25,,,daily_rest_observation,"{""wait_minutes"":0}",,day_end,redacted_daily_window,,,,,0,0,5,0,literal_banned_terms_redacted,action_trace_daily_rollup
daily_rest_matrix,runs/next_build/20260509/dynamic_query_k,20260509_reference,d1b26936cffa,26,,,daily_rest_observation,"{""wait_minutes"":0}",,day_end,redacted_daily_window,,,,,0,0,5,0,literal_banned_terms_redacted,action_trace_daily_rollup
daily_rest_matrix,runs/next_build/20260509/dynamic_query_k,20260509_reference,d1b26936cffa,27,,,daily_rest_observation,"{""wait_minutes"":0}",,day_end,redacted_daily_window,,,,,0,0,5,0,literal_banned_terms_redacted,action_trace_daily_rollup
daily_rest_matrix,runs/next_build/20260509/dynamic_query_k,20260509_reference,d1b26936cffa,28,,,daily_rest_observation,"{""wait_minutes"":0}",,day_end,redacted_daily_window,,,,,0,0,5,0,literal_banned_terms_redacted,action_trace_daily_rollup
daily_rest_matrix,runs/next_build/20260509/dynamic_query_k,20260509_reference,d1b26936cffa,29,,,daily_rest_observation,"{""wait_minutes"":0}",,day_end,redacted_daily_window,,,,,0,0,5,0,literal_banned_terms_redacted,action_trace_daily_rollup
daily_rest_matrix,runs/next_build/20260509/dynamic_query_k,20260509_reference,d1b26936cffa,30,,,daily_rest_observation,"{""wait_minutes"":47}",,day_end,redacted_daily_window,,,,,47,47,5,0,literal_banned_terms_redacted,action_trace_daily_rollup
daily_rest_matrix,runs/next_build/20260509/dynamic_query_k,20260509_reference,e7a52d984e7e,0,,,daily_rest_observation,"{""wait_minutes"":150}",,day_end,redacted_daily_window,,,,,150,150,5,0,literal_banned_terms_redacted,action_trace_daily_rollup
daily_rest_matrix,runs/next_build/20260509/dynamic_query_k,20260509_reference,e7a52d984e7e,1,,,daily_rest_observation,"{""wait_minutes"":0}",,day_end,redacted_daily_window,,,,,0,0,5,0,literal_banned_terms_redacted,action_trace_daily_rollup
daily_rest_matrix,runs/next_build/20260509/dynamic_query_k,20260509_reference,e7a52d984e7e,2,,,daily_rest_observation,"{""wait_minutes"":0}",,day_end,redacted_daily_window,,,,,0,0,0,0,literal_banned_terms_redacted,action_trace_daily_rollup
daily_rest_matrix,runs/next_build/20260509/dynamic_query_k,20260509_reference,e7a52d984e7e,3,,,daily_rest_observation,"{""wait_minutes"":0}",,day_end,redacted_daily_window,,,,,0,0,5,0,literal_banned_terms_redacted,action_trace_daily_rollup
daily_rest_matrix,runs/next_build/20260509/dynamic_query_k,20260509_reference,e7a52d984e7e,4,,,daily_rest_observation,"{""wait_minutes"":0}",,day_end,redacted_daily_window,,,,,0,0,5,0,literal_banned_terms_redacted,action_trace_daily_rollup
daily_rest_matrix,runs/next_build/20260509/dynamic_query_k,20260509_reference,e7a52d984e7e,5,,,daily_rest_observation,"{""wait_minutes"":0}",,day_end,redacted_daily_window,,,,,0,0,10,0,literal_banned_terms_redacted,action_trace_daily_rollup
daily_rest_matrix,runs/next_build/20260509/dynamic_query_k,20260509_reference,e7a52d984e7e,6,,,daily_rest_observation,"{""wait_minutes"":0}",,day_end,redacted_daily_window,,,,,0,0,10,0,literal_banned_terms_redacted,action_trace_daily_rollup
daily_rest_matrix,runs/next_build/20260509/dynamic_query_k,20260509_reference,e7a52d984e7e,7,,,daily_rest_observation,"{""wait_minutes"":0}",,day_end,redacted_daily_window,,,,,0,0,5,0,literal_banned_terms_redacted,action_trace_daily_rollup
daily_rest_matrix,runs/next_build/20260509/dynamic_query_k,20260509_reference,e7a52d984e7e,8,,,daily_rest_observation,"{""wait_minutes"":0}",,day_end,redacted_daily_window,,,,,0,0,5,0,literal_banned_terms_redacted,action_trace_daily_rollup
daily_rest_matrix,runs/next_build/20260509/dynamic_query_k,20260509_reference,e7a52d984e7e,9,,,daily_rest_observation,"{""wait_minutes"":0}",,day_end,redacted_daily_window,,,,,0,0,5,0,literal_banned_terms_redacted,action_trace_daily_rollup
daily_rest_matrix,runs/next_build/20260509/dynamic_query_k,20260509_reference,e7a52d984e7e,10,,,daily_rest_observation,"{""wait_minutes"":0}",,day_end,redacted_daily_window,,,,,0,0,5,0,literal_banned_terms_redacted,action_trace_daily_rollup
daily_rest_matrix,runs/next_build/20260509/dynamic_query_k,20260509_reference,e7a52d984e7e,11,,,daily_rest_observation,"{""wait_minutes"":0}",,day_end,redacted_daily_window,,,,,0,0,5,0,literal_banned_terms_redacted,action_trace_daily_rollup
daily_rest_matrix,runs/next_build/20260509/dynamic_query_k,20260509_reference,e7a52d984e7e,12,,,daily_rest_observation,"{""wait_minutes"":0}",,day_end,redacted_daily_window,,,,,0,0,10,0,literal_banned_terms_redacted,action_trace_daily_rollup
daily_rest_matrix,runs/next_build/20260509/dynamic_query_k,20260509_reference,e7a52d984e7e,13,,,daily_rest_observation,"{""wait_minutes"":0}",,day_end,redacted_daily_window,,,,,0,0,5,0,literal_banned_terms_redacted,action_trace_daily_rollup
daily_rest_matrix,runs/next_build/20260509/dynamic_query_k,20260509_reference,e7a52d984e7e,14,,,daily_rest_observation,"{""wait_minutes"":0}",,day_end,redacted_daily_window,,,,,0,0,5,0,literal_banned_terms_redacted,action_trace_daily_rollup
daily_rest_matrix,runs/next_build/20260509/dynamic_query_k,20260509_reference,e7a52d984e7e,15,,,daily_rest_observation,"{""wait_minutes"":0}",,day_end,redacted_daily_window,,,,,0,0,0,0,literal_banned_terms_redacted,action_trace_daily_rollup
daily_rest_matrix,runs/next_build/20260509/dynamic_query_k,20260509_reference,e7a52d984e7e,16,,,daily_rest_observation,"{""wait_minutes"":0}",,day_end,redacted_daily_window,,,,,0,0,5,0,literal_banned_terms_redacted,action_trace_daily_rollup
daily_rest_matrix,runs/next_build/20260509/dynamic_query_k,20260509_reference,e7a52d984e7e,17,,,daily_rest_observation,"{""wait_minutes"":0}",,day_end,redacted_daily_window,,,,,0,0,5,0,literal_banned_terms_redacted,action_trace_daily_rollup
daily_rest_matrix,runs/next_build/20260509/dynamic_query_k,20260509_reference,e7a52d984e7e,18,,,daily_rest_observation,"{""wait_minutes"":0}",,day_end,redacted_daily_window,,,,,0,0,0,0,literal_banned_terms_redacted,action_trace_daily_rollup
daily_rest_matrix,runs/next_build/20260509/dynamic_query_k,20260509_reference,e7a52d984e7e,19,,,daily_rest_observation,"{""wait_minutes"":0}",,day_end,redacted_daily_window,,,,,0,0,5,0,literal_banned_terms_redacted,action_trace_daily_rollup
daily_rest_matrix,runs/next_build/20260509/dynamic_query_k,20260509_reference,e7a52d984e7e,20,,,daily_rest_observation,"{""wait_minutes"":0}",,day_end,redacted_daily_window,,,,,0,0,5,0,literal_banned_terms_redacted,action_trace_daily_rollup
daily_rest_matrix,runs/next_build/20260509/dynamic_query_k,20260509_reference,e7a52d984e7e,21,,,daily_rest_observation,"{""wait_minutes"":0}",,day_end,redacted_daily_window,,,,,0,0,5,0,literal_banned_terms_redacted,action_trace_daily_rollup
daily_rest_matrix,runs/next_build/20260509/dynamic_query_k,20260509_reference,e7a52d984e7e,22,,,daily_rest_observation,"{""wait_minutes"":0}",,day_end,redacted_daily_window,,,,,0,0,10,0,literal_banned_terms_redacted,action_trace_daily_rollup
daily_rest_matrix,runs/next_build/20260509/dynamic_query_k,20260509_reference,e7a52d984e7e,23,,,daily_rest_observation,"{""wait_minutes"":0}",,day_end,redacted_daily_window,,,,,0,0,10,0,literal_banned_terms_redacted,action_trace_daily_rollup
daily_rest_matrix,runs/next_build/20260509/dynamic_query_k,20260509_reference,e7a52d984e7e,24,,,daily_rest_observation,"{""wait_minutes"":0}",,day_end,redacted_daily_window,,,,,0,0,5,0,literal_banned_terms_redacted,action_trace_daily_rollup
daily_rest_matrix,runs/next_build/20260509/dynamic_query_k,20260509_reference,e7a52d984e7e,25,,,daily_rest_observation,"{""wait_minutes"":0}",,day_end,redacted_daily_window,,,,,0,0,5,0,literal_banned_terms_redacted,action_trace_daily_rollup
daily_rest_matrix,runs/next_build/20260509/dynamic_query_k,20260509_reference,e7a52d984e7e,26,,,daily_rest_observation,"{""wait_minutes"":0}",,day_end,redacted_daily_window,,,,,0,0,5,0,literal_banned_terms_redacted,action_trace_daily_rollup
daily_rest_matrix,runs/next_build/20260509/dynamic_query_k,20260509_reference,e7a52d984e7e,27,,,daily_rest_observation,"{""wait_minutes"":0}",,day_end,redacted_daily_window,,,,,0,0,5,0,literal_banned_terms_redacted,action_trace_daily_rollup
daily_rest_matrix,runs/next_build/20260509/dynamic_query_k,20260509_reference,e7a52d984e7e,28,,,daily_rest_observation,"{""wait_minutes"":0}",,day_end,redacted_daily_window,,,,,0,0,5,0,literal_banned_terms_redacted,action_trace_daily_rollup
daily_rest_matrix,runs/next_build/20260509/dynamic_query_k,20260509_reference,e7a52d984e7e,29,,,daily_rest_observation,"{""wait_minutes"":0}",,day_end,redacted_daily_window,,,,,0,0,5,0,literal_banned_terms_redacted,action_trace_daily_rollup
daily_rest_matrix,runs/next_build/20260509/dynamic_query_k,20260509_reference,e7a52d984e7e,30,,,daily_rest_observation,"{""wait_minutes"":47}",,day_end,redacted_daily_window,,,,,47,47,5,0,literal_banned_terms_redacted,action_trace_daily_rollup
daily_rest_matrix,runs/next_build/20260509/dynamic_query_k,20260509_reference,f9abd903cb86,0,,,daily_rest_observation,"{""wait_minutes"":150}",,day_end,redacted_daily_window,,,,,150,150,5,0,literal_banned_terms_redacted,action_trace_daily_rollup
daily_rest_matrix,runs/next_build/20260509/dynamic_query_k,20260509_reference,f9abd903cb86,1,,,daily_rest_observation,"{""wait_minutes"":0}",,day_end,redacted_daily_window,,,,,0,0,10,0,literal_banned_terms_redacted,action_trace_daily_rollup
daily_rest_matrix,runs/next_build/20260509/dynamic_query_k,20260509_reference,f9abd903cb86,2,,,daily_rest_observation,"{""wait_minutes"":0}",,day_end,redacted_daily_window,,,,,0,0,5,0,literal_banned_terms_redacted,action_trace_daily_rollup
daily_rest_matrix,runs/next_build/20260509/dynamic_query_k,20260509_reference,f9abd903cb86,3,,,daily_rest_observation,"{""wait_minutes"":0}",,day_end,redacted_daily_window,,,,,0,0,5,0,literal_banned_terms_redacted,action_trace_daily_rollup
daily_rest_matrix,runs/next_build/20260509/dynamic_query_k,20260509_reference,f9abd903cb86,4,,,daily_rest_observation,"{""wait_minutes"":0}",,day_end,redacted_daily_window,,,,,0,0,0,0,literal_banned_terms_redacted,action_trace_daily_rollup
daily_rest_matrix,runs/next_build/20260509/dynamic_query_k,20260509_reference,f9abd903cb86,5,,,daily_rest_observation,"{""wait_minutes"":0}",,day_end,redacted_daily_window,,,,,0,0,5,0,literal_banned_terms_redacted,action_trace_daily_rollup
daily_rest_matrix,runs/next_build/20260509/dynamic_query_k,20260509_reference,f9abd903cb86,6,,,daily_rest_observation,"{""wait_minutes"":0}",,day_end,redacted_daily_window,,,,,0,0,5,0,literal_banned_terms_redacted,action_trace_daily_rollup
daily_rest_matrix,runs/next_build/20260509/dynamic_query_k,20260509_reference,f9abd903cb86,7,,,daily_rest_observation,"{""wait_minutes"":0}",,day_end,redacted_daily_window,,,,,0,0,5,0,literal_banned_terms_redacted,action_trace_daily_rollup
daily_rest_matrix,runs/next_build/20260509/dynamic_query_k,20260509_reference,f9abd903cb86,8,,,daily_rest_observation,"{""wait_minutes"":0}",,day_end,redacted_daily_window,,,,,0,0,5,0,literal_banned_terms_redacted,action_trace_daily_rollup
daily_rest_matrix,runs/next_build/20260509/dynamic_query_k,20260509_reference,f9abd903cb86,9,,,daily_rest_observation,"{""wait_minutes"":0}",,day_end,redacted_daily_window,,,,,0,0,0,0,literal_banned_terms_redacted,action_trace_daily_rollup
daily_rest_matrix,runs/next_build/20260509/dynamic_query_k,20260509_reference,f9abd903cb86,10,,,daily_rest_observation,"{""wait_minutes"":0}",,day_end,redacted_daily_window,,,,,0,0,5,0,literal_banned_terms_redacted,action_trace_daily_rollup
daily_rest_matrix,runs/next_build/20260509/dynamic_query_k,20260509_reference,f9abd903cb86,11,,,daily_rest_observation,"{""wait_minutes"":0}",,day_end,redacted_daily_window,,,,,0,0,0,0,literal_banned_terms_redacted,action_trace_daily_rollup
daily_rest_matrix,runs/next_build/20260509/dynamic_query_k,20260509_reference,f9abd903cb86,12,,,daily_rest_observation,"{""wait_minutes"":0}",,day_end,redacted_daily_window,,,,,0,0,5,0,literal_banned_terms_redacted,action_trace_daily_rollup
daily_rest_matrix,runs/next_build/20260509/dynamic_query_k,20260509_reference,f9abd903cb86,13,,,daily_rest_observation,"{""wait_minutes"":0}",,day_end,redacted_daily_window,,,,,0,0,5,0,literal_banned_terms_redacted,action_trace_daily_rollup
daily_rest_matrix,runs/next_build/20260509/dynamic_query_k,20260509_reference,f9abd903cb86,14,,,daily_rest_observation,"{""wait_minutes"":0}",,day_end,redacted_daily_window,,,,,0,0,5,0,literal_banned_terms_redacted,action_trace_daily_rollup
daily_rest_matrix,runs/next_build/20260509/dynamic_query_k,20260509_reference,f9abd903cb86,15,,,daily_rest_observation,"{""wait_minutes"":0}",,day_end,redacted_daily_window,,,,,0,0,10,0,literal_banned_terms_redacted,action_trace_daily_rollup
daily_rest_matrix,runs/next_build/20260509/dynamic_query_k,20260509_reference,f9abd903cb86,16,,,daily_rest_observation,"{""wait_minutes"":0}",,day_end,redacted_daily_window,,,,,0,0,5,0,literal_banned_terms_redacted,action_trace_daily_rollup
daily_rest_matrix,runs/next_build/20260509/dynamic_query_k,20260509_reference,f9abd903cb86,17,,,daily_rest_observation,"{""wait_minutes"":0}",,day_end,redacted_daily_window,,,,,0,0,5,0,literal_banned_terms_redacted,action_trace_daily_rollup
daily_rest_matrix,runs/next_build/20260509/dynamic_query_k,20260509_reference,f9abd903cb86,18,,,daily_rest_observation,"{""wait_minutes"":0}",,day_end,redacted_daily_window,,,,,0,0,5,0,literal_banned_terms_redacted,action_trace_daily_rollup
daily_rest_matrix,runs/next_build/20260509/dynamic_query_k,20260509_reference,f9abd903cb86,19,,,daily_rest_observation,"{""wait_minutes"":0}",,day_end,redacted_daily_window,,,,,0,0,5,0,literal_banned_terms_redacted,action_trace_daily_rollup
daily_rest_matrix,runs/next_build/20260509/dynamic_query_k,20260509_reference,f9abd903cb86,20,,,daily_rest_observation,"{""wait_minutes"":0}",,day_end,redacted_daily_window,,,,,0,0,5,0,literal_banned_terms_redacted,action_trace_daily_rollup
daily_rest_matrix,runs/next_build/20260509/dynamic_query_k,20260509_reference,f9abd903cb86,21,,,daily_rest_observation,"{""wait_minutes"":0}",,day_end,redacted_daily_window,,,,,0,0,5,0,literal_banned_terms_redacted,action_trace_daily_rollup
daily_rest_matrix,runs/next_build/20260509/dynamic_query_k,20260509_reference,f9abd903cb86,22,,,daily_rest_observation,"{""wait_minutes"":0}",,day_end,redacted_daily_window,,,,,0,0,5,0,literal_banned_terms_redacted,action_trace_daily_rollup
daily_rest_matrix,runs/next_build/20260509/dynamic_query_k,20260509_reference,f9abd903cb86,23,,,daily_rest_observation,"{""wait_minutes"":0}",,day_end,redacted_daily_window,,,,,0,0,5,0,literal_banned_terms_redacted,action_trace_daily_rollup
daily_rest_matrix,runs/next_build/20260509/dynamic_query_k,20260509_reference,f9abd903cb86,24,,,daily_rest_observation,"{""wait_minutes"":0}",,day_end,redacted_daily_window,,,,,0,0,5,0,literal_banned_terms_redacted,action_trace_daily_rollup
daily_rest_matrix,runs/next_build/20260509/dynamic_query_k,20260509_reference,f9abd903cb86,25,,,daily_rest_observation,"{""wait_minutes"":0}",,day_end,redacted_daily_window,,,,,0,0,5,0,literal_banned_terms_redacted,action_trace_daily_rollup
daily_rest_matrix,runs/next_build/20260509/dynamic_query_k,20260509_reference,f9abd903cb86,26,,,daily_rest_observation,"{""wait_minutes"":0}",,day_end,redacted_daily_window,,,,,0,0,5,0,literal_banned_terms_redacted,action_trace_daily_rollup
daily_rest_matrix,runs/next_build/20260509/dynamic_query_k,20260509_reference,f9abd903cb86,27,,,daily_rest_observation,"{""wait_minutes"":0}",,day_end,redacted_daily_window,,,,,0,0,5,0,literal_banned_terms_redacted,action_trace_daily_rollup
daily_rest_matrix,runs/next_build/20260509/dynamic_query_k,20260509_reference,f9abd903cb86,28,,,daily_rest_observation,"{""wait_minutes"":0}",,day_end,redacted_daily_window,,,,,0,0,5,0,literal_banned_terms_redacted,action_trace_daily_rollup
daily_rest_matrix,runs/next_build/20260509/dynamic_query_k,20260509_reference,f9abd903cb86,29,,,daily_rest_observation,"{""wait_minutes"":0}",,day_end,redacted_daily_window,,,,,0,0,5,0,literal_banned_terms_redacted,action_trace_daily_rollup
daily_rest_matrix,runs/next_build/20260509/dynamic_query_k,20260509_reference,f9abd903cb86,30,,,daily_rest_observation,"{""wait_minutes"":180}",,day_end,redacted_daily_window,,,,,180,180,5,0,literal_banned_terms_redacted,action_trace_daily_rollup
preference_rule,runs/next_build/20260509/dynamic_query_reposition,20260509_reference,e7a52d984e7e,,0,d450f614d37b,violation_count,"{""violations"":30}",3000.0,generic_month_or_rule_deadline,redacted_generic_window,100.0,3000.0,3000.0,1,,,,,literal_banned_terms_redacted,official_checker_rule_row
preference_rule,runs/next_build/20260509/dynamic_query_reposition,20260509_reference,e7a52d984e7e,,1,779a1598a9e7,violation_count,"{""violations"":5}",2500.0,generic_month_or_rule_deadline,redacted_generic_window,500.0,2500.0,2500.0,1,,,,,literal_banned_terms_redacted,official_checker_rule_row
preference_rule,runs/next_build/20260509/dynamic_query_reposition,20260509_reference,e7a52d984e7e,,2,c88a1aacc118,violation_count,"{""violations"":90}",2000.0,generic_month_or_rule_deadline,redacted_generic_window,22.22,2000.0,2000.0,1,,,,,literal_banned_terms_redacted,official_checker_rule_row
preference_rule,runs/next_build/20260509/dynamic_query_reposition,20260509_reference,3e0e35341231,,0,53b96469b87f,generic,{},6000.0,generic_month_or_rule_deadline,redacted_generic_window,6000.0,6000.0,6000.0,0,,,,,literal_banned_terms_redacted,official_checker_rule_row
preference_rule,runs/next_build/20260509/dynamic_query_reposition,20260509_reference,3e0e35341231,,1,0ba9c67c66cd,violation_count,"{""violations"":1}",350.0,generic_month_or_rule_deadline,redacted_generic_window,350.0,350.0,350.0,1,,,,,literal_banned_terms_redacted,official_checker_rule_row
preference_rule,runs/next_build/20260509/dynamic_query_reposition,20260509_reference,3e0e35341231,,2,fe5a9d3d41eb,violation_count,"{""violations"":30}",6000.0,generic_month_or_rule_deadline,redacted_generic_window,200.0,6000.0,6000.0,1,,,,,literal_banned_terms_redacted,official_checker_rule_row
preference_rule,runs/next_build/20260509/dynamic_query_reposition,20260509_reference,983f9a2734ca,,0,12113d34b4fe,generic,{},2000.0,generic_month_or_rule_deadline,redacted_generic_window,2000.0,2000.0,2000.0,0,,,,,literal_banned_terms_redacted,official_checker_rule_row
preference_rule,runs/next_build/20260509/dynamic_query_reposition,20260509_reference,983f9a2734ca,,1,ec2171bbf49e,violation_count,"{""violations"":2}",2000.0,generic_month_or_rule_deadline,redacted_generic_window,1000.0,2000.0,2000.0,1,,,,,literal_banned_terms_redacted,official_checker_rule_row
preference_rule,runs/next_build/20260509/dynamic_query_reposition,20260509_reference,983f9a2734ca,,2,b27939e51a00,violation_count,"{""violations"":30}",6000.0,generic_month_or_rule_deadline,redacted_generic_window,200.0,6000.0,6000.0,1,,,,,literal_banned_terms_redacted,official_checker_rule_row
preference_rule,runs/next_build/20260509/dynamic_query_reposition,20260509_reference,af4b17af9fc7,,0,2b340222c3d7,violation_count,"{""violations"":0}",0.0,generic_month_or_rule_deadline,redacted_generic_window,0.0,0.0,0.0,0,,,,,literal_banned_terms_redacted,official_checker_rule_row
preference_rule,runs/next_build/20260509/dynamic_query_reposition,20260509_reference,af4b17af9fc7,,1,b7b67284cc53,generic,{},1800.0,generic_month_or_rule_deadline,redacted_generic_window,1800.0,1800.0,1800.0,0,,,,,literal_banned_terms_redacted,official_checker_rule_row
preference_rule,runs/next_build/20260509/dynamic_query_reposition,20260509_reference,af4b17af9fc7,,2,a1d25288f564,violation_count,"{""violations"":33}",3000.0,generic_month_or_rule_deadline,redacted_generic_window,90.91,3000.0,3000.0,1,,,,,literal_banned_terms_redacted,official_checker_rule_row
preference_rule,runs/next_build/20260509/dynamic_query_reposition,20260509_reference,3c5844ed8465,,0,7f95e12ff6bf,violation_count,"{""violations"":33}",3300.0,generic_month_or_rule_deadline,redacted_generic_window,100.0,3300.0,3300.0,1,,,,,literal_banned_terms_redacted,official_checker_rule_row
preference_rule,runs/next_build/20260509/dynamic_query_reposition,20260509_reference,3c5844ed8465,,1,c83bbbf9325d,violation_count,"{""violations"":1}",100.0,generic_month_or_rule_deadline,redacted_generic_window,100.0,100.0,100.0,1,,,,,literal_banned_terms_redacted,official_checker_rule_row
preference_rule,runs/next_build/20260509/dynamic_query_reposition,20260509_reference,3c5844ed8465,,2,81e2ae9afa9c,violation_count,"{""violations"":30}",6000.0,generic_month_or_rule_deadline,redacted_generic_window,200.0,6000.0,6000.0,1,,,,,literal_banned_terms_redacted,official_checker_rule_row
preference_rule,runs/next_build/20260509/dynamic_query_reposition,20260509_reference,b8424551b996,,0,d57940e9aba5,violation_count,"{""violations"":30}",6000.0,generic_month_or_rule_deadline,redacted_generic_window,200.0,6000.0,6000.0,1,,,,,literal_banned_terms_redacted,official_checker_rule_row
preference_rule,runs/next_build/20260509/dynamic_query_reposition,20260509_reference,b8424551b996,,1,ff7e241299de,violation_count,"{""violations"":0}",0.0,generic_month_or_rule_deadline,redacted_generic_window,0.0,0.0,0.0,0,,,,,literal_banned_terms_redacted,official_checker_rule_row
preference_rule,runs/next_build/20260509/dynamic_query_reposition,20260509_reference,b8424551b996,,2,17ca4b67a52d,violation_count,"{""violations"":18}",3000.0,generic_month_or_rule_deadline,redacted_generic_window,166.67,3000.0,3000.0,1,,,,,literal_banned_terms_redacted,official_checker_rule_row
preference_rule,runs/next_build/20260509/dynamic_query_reposition,20260509_reference,b8424551b996,,3,e9a6b9640481,full_rest_day,"{""off_days"":0}",3000.0,generic_month_or_rule_deadline,redacted_generic_window,3000.0,3000.0,3000.0,1,,,,,literal_banned_terms_redacted,official_checker_rule_row
preference_rule,runs/next_build/20260509/dynamic_query_reposition,20260509_reference,0bcc30e5393c,,0,769e208fed14,violation_count,"{""violations"":30}",15000.0,generic_month_or_rule_deadline,redacted_generic_window,500.0,15000.0,15000.0,1,,,,,literal_banned_terms_redacted,official_checker_rule_row
preference_rule,runs/next_build/20260509/dynamic_query_reposition,20260509_reference,0bcc30e5393c,,1,44b9698e1ed8,violation_count,"{""violations"":5}",1400.0,generic_month_or_rule_deadline,redacted_generic_window,280.0,1400.0,1400.0,1,,,,,literal_banned_terms_redacted,official_checker_rule_row
preference_rule,runs/next_build/20260509/dynamic_query_reposition,20260509_reference,0bcc30e5393c,,2,af038c7fe7e1,violation_count,"{""violations"":9}",1800.0,generic_month_or_rule_deadline,redacted_generic_window,200.0,1800.0,1800.0,1,,,,,literal_banned_terms_redacted,official_checker_rule_row
preference_rule,runs/next_build/20260509/dynamic_query_reposition,20260509_reference,0bcc30e5393c,,3,626f9eaace2c,generic,{},800.0,generic_month_or_rule_deadline,redacted_generic_window,800.0,800.0,800.0,0,,,,,literal_banned_terms_redacted,official_checker_rule_row
preference_rule,runs/next_build/20260509/dynamic_query_reposition,20260509_reference,d1b26936cffa,,0,8ff546b60f7f,full_rest_day,"{""off_days"":0}",1500.0,generic_month_or_rule_deadline,redacted_generic_window,1500.0,1500.0,1500.0,1,,,,,literal_banned_terms_redacted,official_checker_rule_row
preference_rule,runs/next_build/20260509/dynamic_query_reposition,20260509_reference,d1b26936cffa,,1,e79137d53b95,violation_count,"{""violations"":21}",8400.0,generic_month_or_rule_deadline,redacted_generic_window,400.0,8400.0,8400.0,1,,,,,literal_banned_terms_redacted,official_checker_rule_row
preference_rule,runs/next_build/20260509/dynamic_query_reposition,20260509_reference,d1b26936cffa,,2,37acabfcfff4,violation_count,"{""violations"":13}",2000.0,generic_month_or_rule_deadline,redacted_generic_window,153.85,2000.0,2000.0,1,,,,,literal_banned_terms_redacted,official_checker_rule_row
preference_rule,runs/next_build/20260509/dynamic_query_reposition,20260509_reference,d1b26936cffa,,3,512b6d847293,violation_count,"{""violations"":4}",400.0,generic_month_or_rule_deadline,redacted_generic_window,100.0,400.0,400.0,1,,,,,literal_banned_terms_redacted,official_checker_rule_row
preference_rule,runs/next_build/20260509/dynamic_query_reposition,20260509_reference,f9abd903cb86,,0,f2fbfe6873f0,date_specific,"{""satisfied"":false}",10000.0,generic_month_or_rule_deadline,redacted_generic_window,10000.0,10000.0,10000.0,1,,,,,literal_banned_terms_redacted,official_checker_rule_row
preference_rule,runs/next_build/20260509/dynamic_query_reposition,20260509_reference,f9abd903cb86,,1,466b01807713,violation_count,"{""violations"":30}",27000.0,generic_month_or_rule_deadline,redacted_generic_window,900.0,27000.0,27000.0,1,,,,,literal_banned_terms_redacted,official_checker_rule_row
preference_rule,runs/next_build/20260509/dynamic_query_reposition,20260509_reference,f9abd903cb86,,2,e1d623020e32,violation_count,"{""violations"":3}",1050.0,generic_month_or_rule_deadline,redacted_generic_window,350.0,1050.0,1050.0,1,,,,,literal_banned_terms_redacted,official_checker_rule_row
preference_rule,runs/next_build/20260509/dynamic_query_reposition,20260509_reference,263f61d9f731,,0,3da567b3a682,generic,{},30600.0,generic_month_or_rule_deadline,redacted_generic_window,30600.0,30600.0,30600.0,0,,,,,literal_banned_terms_redacted,official_checker_rule_row
preference_rule,runs/next_build/20260509/dynamic_query_reposition,20260509_reference,263f61d9f731,,1,eeef06133871,generic,{},3000.0,generic_month_or_rule_deadline,redacted_generic_window,3000.0,3000.0,3000.0,0,,,,,literal_banned_terms_redacted,official_checker_rule_row
preference_rule,runs/next_build/20260509/dynamic_query_reposition,20260509_reference,263f61d9f731,,2,fe506ffb3572,violation_count,"{""violations"":30}",6000.0,generic_month_or_rule_deadline,redacted_generic_window,200.0,6000.0,6000.0,1,,,,,literal_banned_terms_redacted,official_checker_rule_row
preference_rule,runs/next_build/20260509/dynamic_query_reposition,20260509_reference,263f61d9f731,,3,f37d4e6f83fa,violation_count,"{""violations"":0}",0.0,generic_month_or_rule_deadline,redacted_generic_window,0.0,0.0,0.0,0,,,,,literal_banned_terms_redacted,official_checker_rule_row
daily_rest_matrix,runs/next_build/20260509/dynamic_query_reposition,20260509_reference,0bcc30e5393c,0,,,daily_rest_observation,"{""wait_minutes"":150}",,day_end,redacted_daily_window,,,,,150,150,5,0,literal_banned_terms_redacted,action_trace_daily_rollup
daily_rest_matrix,runs/next_build/20260509/dynamic_query_reposition,20260509_reference,0bcc30e5393c,1,,,daily_rest_observation,"{""wait_minutes"":0}",,day_end,redacted_daily_window,,,,,0,0,10,0,literal_banned_terms_redacted,action_trace_daily_rollup
daily_rest_matrix,runs/next_build/20260509/dynamic_query_reposition,20260509_reference,0bcc30e5393c,2,,,daily_rest_observation,"{""wait_minutes"":0}",,day_end,redacted_daily_window,,,,,0,0,5,0,literal_banned_terms_redacted,action_trace_daily_rollup
daily_rest_matrix,runs/next_build/20260509/dynamic_query_reposition,20260509_reference,0bcc30e5393c,3,,,daily_rest_observation,"{""wait_minutes"":0}",,day_end,redacted_daily_window,,,,,0,0,5,0,literal_banned_terms_redacted,action_trace_daily_rollup
daily_rest_matrix,runs/next_build/20260509/dynamic_query_reposition,20260509_reference,0bcc30e5393c,4,,,daily_rest_observation,"{""wait_minutes"":0}",,day_end,redacted_daily_window,,,,,0,0,5,0,literal_banned_terms_redacted,action_trace_daily_rollup
daily_rest_matrix,runs/next_build/20260509/dynamic_query_reposition,20260509_reference,0bcc30e5393c,5,,,daily_rest_observation,"{""wait_minutes"":0}",,day_end,redacted_daily_window,,,,,0,0,5,0,literal_banned_terms_redacted,action_trace_daily_rollup
daily_rest_matrix,runs/next_build/20260509/dynamic_query_reposition,20260509_reference,0bcc30e5393c,6,,,daily_rest_observation,"{""wait_minutes"":0}",,day_end,redacted_daily_window,,,,,0,0,5,0,literal_banned_terms_redacted,action_trace_daily_rollup
daily_rest_matrix,runs/next_build/20260509/dynamic_query_reposition,20260509_reference,0bcc30e5393c,7,,,daily_rest_observation,"{""wait_minutes"":0}",,day_end,redacted_daily_window,,,,,0,0,5,0,literal_banned_terms_redacted,action_trace_daily_rollup
daily_rest_matrix,runs/next_build/20260509/dynamic_query_reposition,20260509_reference,0bcc30e5393c,8,,,daily_rest_observation,"{""wait_minutes"":0}",,day_end,redacted_daily_window,,,,,0,0,5,0,literal_banned_terms_redacted,action_trace_daily_rollup
daily_rest_matrix,runs/next_build/20260509/dynamic_query_reposition,20260509_reference,0bcc30e5393c,9,,,daily_rest_observation,"{""wait_minutes"":0}",,day_end,redacted_daily_window,,,,,0,0,5,0,literal_banned_terms_redacted,action_trace_daily_rollup
daily_rest_matrix,runs/next_build/20260509/dynamic_query_reposition,20260509_reference,0bcc30e5393c,10,,,daily_rest_observation,"{""wait_minutes"":0}",,day_end,redacted_daily_window,,,,,0,0,5,0,literal_banned_terms_redacted,action_trace_daily_rollup
daily_rest_matrix,runs/next_build/20260509/dynamic_query_reposition,20260509_reference,0bcc30e5393c,11,,,daily_rest_observation,"{""wait_minutes"":0}",,day_end,redacted_daily_window,,,,,0,0,5,0,literal_banned_terms_redacted,action_trace_daily_rollup
daily_rest_matrix,runs/next_build/20260509/dynamic_query_reposition,20260509_reference,0bcc30e5393c,12,,,daily_rest_observation,"{""wait_minutes"":0}",,day_end,redacted_daily_window,,,,,0,0,0,0,literal_banned_terms_redacted,action_trace_daily_rollup
daily_rest_matrix,runs/next_build/20260509/dynamic_query_reposition,20260509_reference,0bcc30e5393c,13,,,daily_rest_observation,"{""wait_minutes"":0}",,day_end,redacted_daily_window,,,,,0,0,5,0,literal_banned_terms_redacted,action_trace_daily_rollup
daily_rest_matrix,runs/next_build/20260509/dynamic_query_reposition,20260509_reference,0bcc30e5393c,14,,,daily_rest_observation,"{""wait_minutes"":0}",,day_end,redacted_daily_window,,,,,0,0,10,0,literal_banned_terms_redacted,action_trace_daily_rollup
daily_rest_matrix,runs/next_build/20260509/dynamic_query_reposition,20260509_reference,0bcc30e5393c,15,,,daily_rest_observation,"{""wait_minutes"":0}",,day_end,redacted_daily_window,,,,,0,0,5,0,literal_banned_terms_redacted,action_trace_daily_rollup
daily_rest_matrix,runs/next_build/20260509/dynamic_query_reposition,20260509_reference,0bcc30e5393c,16,,,daily_rest_observation,"{""wait_minutes"":0}",,day_end,redacted_daily_window,,,,,0,0,5,0,literal_banned_terms_redacted,action_trace_daily_rollup
daily_rest_matrix,runs/next_build/20260509/dynamic_query_reposition,20260509_reference,0bcc30e5393c,17,,,daily_rest_observation,"{""wait_minutes"":0}",,day_end,redacted_daily_window,,,,,0,0,5,0,literal_banned_terms_redacted,action_trace_daily_rollup
daily_rest_matrix,runs/next_build/20260509/dynamic_query_reposition,20260509_reference,0bcc30e5393c,18,,,daily_rest_observation,"{""wait_minutes"":0}",,day_end,redacted_daily_window,,,,,0,0,5,0,literal_banned_terms_redacted,action_trace_daily_rollup
daily_rest_matrix,runs/next_build/20260509/dynamic_query_reposition,20260509_reference,0bcc30e5393c,19,,,daily_rest_observation,"{""wait_minutes"":0}",,day_end,redacted_daily_window,,,,,0,0,5,0,literal_banned_terms_redacted,action_trace_daily_rollup
daily_rest_matrix,runs/next_build/20260509/dynamic_query_reposition,20260509_reference,0bcc30e5393c,20,,,daily_rest_observation,"{""wait_minutes"":0}",,day_end,redacted_daily_window,,,,,0,0,5,0,literal_banned_terms_redacted,action_trace_daily_rollup
daily_rest_matrix,runs/next_build/20260509/dynamic_query_reposition,20260509_reference,0bcc30e5393c,21,,,daily_rest_observation,"{""wait_minutes"":0}",,day_end,redacted_daily_window,,,,,0,0,5,0,literal_banned_terms_redacted,action_trace_daily_rollup
daily_rest_matrix,runs/next_build/20260509/dynamic_query_reposition,20260509_reference,0bcc30e5393c,22,,,daily_rest_observation,"{""wait_minutes"":0}",,day_end,redacted_daily_window,,,,,0,0,5,0,literal_banned_terms_redacted,action_trace_daily_rollup
daily_rest_matrix,runs/next_build/20260509/dynamic_query_reposition,20260509_reference,0bcc30e5393c,23,,,daily_rest_observation,"{""wait_minutes"":0}",,day_end,redacted_daily_window,,,,,0,0,5,0,literal_banned_terms_redacted,action_trace_daily_rollup
daily_rest_matrix,runs/next_build/20260509/dynamic_query_reposition,20260509_reference,0bcc30e5393c,24,,,daily_rest_observation,"{""wait_minutes"":0}",,day_end,redacted_daily_window,,,,,0,0,10,0,literal_banned_terms_redacted,action_trace_daily_rollup
daily_rest_matrix,runs/next_build/20260509/dynamic_query_reposition,20260509_reference,0bcc30e5393c,25,,,daily_rest_observation,"{""wait_minutes"":0}",,day_end,redacted_daily_window,,,,,0,0,5,0,literal_banned_terms_redacted,action_trace_daily_rollup
daily_rest_matrix,runs/next_build/20260509/dynamic_query_reposition,20260509_reference,0bcc30e5393c,26,,,daily_rest_observation,"{""wait_minutes"":0}",,day_end,redacted_daily_window,,,,,0,0,5,0,literal_banned_terms_redacted,action_trace_daily_rollup
daily_rest_matrix,runs/next_build/20260509/dynamic_query_reposition,20260509_reference,0bcc30e5393c,27,,,daily_rest_observation,"{""wait_minutes"":0}",,day_end,redacted_daily_window,,,,,0,0,5,0,literal_banned_terms_redacted,action_trace_daily_rollup
daily_rest_matrix,runs/next_build/20260509/dynamic_query_reposition,20260509_reference,0bcc30e5393c,28,,,daily_rest_observation,"{""wait_minutes"":0}",,day_end,redacted_daily_window,,,,,0,0,5,0,literal_banned_terms_redacted,action_trace_daily_rollup
daily_rest_matrix,runs/next_build/20260509/dynamic_query_reposition,20260509_reference,0bcc30e5393c,29,,,daily_rest_observation,"{""wait_minutes"":0}",,day_end,redacted_daily_window,,,,,0,0,5,0,literal_banned_terms_redacted,action_trace_daily_rollup
daily_rest_matrix,runs/next_build/20260509/dynamic_query_reposition,20260509_reference,0bcc30e5393c,30,,,daily_rest_observation,"{""wait_minutes"":47}",,day_end,redacted_daily_window,,,,,47,47,5,0,literal_banned_terms_redacted,action_trace_daily_rollup
daily_rest_matrix,runs/next_build/20260509/dynamic_query_reposition,20260509_reference,263f61d9f731,0,,,daily_rest_observation,"{""wait_minutes"":150}",,day_end,redacted_daily_window,,,,,150,150,5,0,literal_banned_terms_redacted,action_trace_daily_rollup
daily_rest_matrix,runs/next_build/20260509/dynamic_query_reposition,20260509_reference,263f61d9f731,1,,,daily_rest_observation,"{""wait_minutes"":0}",,day_end,redacted_daily_window,,,,,0,0,10,0,literal_banned_terms_redacted,action_trace_daily_rollup
daily_rest_matrix,runs/next_build/20260509/dynamic_query_reposition,20260509_reference,263f61d9f731,2,,,daily_rest_observation,"{""wait_minutes"":0}",,day_end,redacted_daily_window,,,,,0,0,5,0,literal_banned_terms_redacted,action_trace_daily_rollup
daily_rest_matrix,runs/next_build/20260509/dynamic_query_reposition,20260509_reference,263f61d9f731,3,,,daily_rest_observation,"{""wait_minutes"":0}",,day_end,redacted_daily_window,,,,,0,0,5,0,literal_banned_terms_redacted,action_trace_daily_rollup
daily_rest_matrix,runs/next_build/20260509/dynamic_query_reposition,20260509_reference,263f61d9f731,4,,,daily_rest_observation,"{""wait_minutes"":0}",,day_end,redacted_daily_window,,,,,0,0,0,0,literal_banned_terms_redacted,action_trace_daily_rollup
daily_rest_matrix,runs/next_build/20260509/dynamic_query_reposition,20260509_reference,263f61d9f731,5,,,daily_rest_observation,"{""wait_minutes"":0}",,day_end,redacted_daily_window,,,,,0,0,5,0,literal_banned_terms_redacted,action_trace_daily_rollup
daily_rest_matrix,runs/next_build/20260509/dynamic_query_reposition,20260509_reference,263f61d9f731,6,,,daily_rest_observation,"{""wait_minutes"":0}",,day_end,redacted_daily_window,,,,,0,0,5,0,literal_banned_terms_redacted,action_trace_daily_rollup
daily_rest_matrix,runs/next_build/20260509/dynamic_query_reposition,20260509_reference,263f61d9f731,7,,,daily_rest_observation,"{""wait_minutes"":0}",,day_end,redacted_daily_window,,,,,0,0,5,0,literal_banned_terms_redacted,action_trace_daily_rollup
daily_rest_matrix,runs/next_build/20260509/dynamic_query_reposition,20260509_reference,263f61d9f731,8,,,daily_rest_observation,"{""wait_minutes"":0}",,day_end,redacted_daily_window,,,,,0,0,5,0,literal_banned_terms_redacted,action_trace_daily_rollup
daily_rest_matrix,runs/next_build/20260509/dynamic_query_reposition,20260509_reference,263f61d9f731,9,,,daily_rest_observation,"{""wait_minutes"":0}",,day_end,redacted_daily_window,,,,,0,0,0,0,literal_banned_terms_redacted,action_trace_daily_rollup
daily_rest_matrix,runs/next_build/20260509/dynamic_query_reposition,20260509_reference,263f61d9f731,10,,,daily_rest_observation,"{""wait_minutes"":0}",,day_end,redacted_daily_window,,,,,0,0,5,0,literal_banned_terms_redacted,action_trace_daily_rollup
daily_rest_matrix,runs/next_build/20260509/dynamic_query_reposition,20260509_reference,263f61d9f731,11,,,daily_rest_observation,"{""wait_minutes"":0}",,day_end,redacted_daily_window,,,,,0,0,0,0,literal_banned_terms_redacted,action_trace_daily_rollup
daily_rest_matrix,runs/next_build/20260509/dynamic_query_reposition,20260509_reference,263f61d9f731,12,,,daily_rest_observation,"{""wait_minutes"":0}",,day_end,redacted_daily_window,,,,,0,0,5,0,literal_banned_terms_redacted,action_trace_daily_rollup
daily_rest_matrix,runs/next_build/20260509/dynamic_query_reposition,20260509_reference,263f61d9f731,13,,,daily_rest_observation,"{""wait_minutes"":0}",,day_end,redacted_daily_window,,,,,0,0,5,0,literal_banned_terms_redacted,action_trace_daily_rollup
daily_rest_matrix,runs/next_build/20260509/dynamic_query_reposition,20260509_reference,263f61d9f731,14,,,daily_rest_observation,"{""wait_minutes"":0}",,day_end,redacted_daily_window,,,,,0,0,5,0,literal_banned_terms_redacted,action_trace_daily_rollup
daily_rest_matrix,runs/next_build/20260509/dynamic_query_reposition,20260509_reference,263f61d9f731,15,,,daily_rest_observation,"{""wait_minutes"":0}",,day_end,redacted_daily_window,,,,,0,0,10,0,literal_banned_terms_redacted,action_trace_daily_rollup
daily_rest_matrix,runs/next_build/20260509/dynamic_query_reposition,20260509_reference,263f61d9f731,16,,,daily_rest_observation,"{""wait_minutes"":0}",,day_end,redacted_daily_window,,,,,0,0,5,0,literal_banned_terms_redacted,action_trace_daily_rollup
daily_rest_matrix,runs/next_build/20260509/dynamic_query_reposition,20260509_reference,263f61d9f731,17,,,daily_rest_observation,"{""wait_minutes"":0}",,day_end,redacted_daily_window,,,,,0,0,5,0,literal_banned_terms_redacted,action_trace_daily_rollup
daily_rest_matrix,runs/next_build/20260509/dynamic_query_reposition,20260509_reference,263f61d9f731,18,,,daily_rest_observation,"{""wait_minutes"":0}",,day_end,redacted_daily_window,,,,,0,0,5,0,literal_banned_terms_redacted,action_trace_daily_rollup
daily_rest_matrix,runs/next_build/20260509/dynamic_query_reposition,20260509_reference,263f61d9f731,19,,,daily_rest_observation,"{""wait_minutes"":0}",,day_end,redacted_daily_window,,,,,0,0,5,0,literal_banned_terms_redacted,action_trace_daily_rollup
daily_rest_matrix,runs/next_build/20260509/dynamic_query_reposition,20260509_reference,263f61d9f731,20,,,daily_rest_observation,"{""wait_minutes"":0}",,day_end,redacted_daily_window,,,,,0,0,5,0,literal_banned_terms_redacted,action_trace_daily_rollup
daily_rest_matrix,runs/next_build/20260509/dynamic_query_reposition,20260509_reference,263f61d9f731,21,,,daily_rest_observation,"{""wait_minutes"":0}",,day_end,redacted_daily_window,,,,,0,0,5,0,literal_banned_terms_redacted,action_trace_daily_rollup
daily_rest_matrix,runs/next_build/20260509/dynamic_query_reposition,20260509_reference,263f61d9f731,22,,,daily_rest_observation,"{""wait_minutes"":0}",,day_end,redacted_daily_window,,,,,0,0,5,0,literal_banned_terms_redacted,action_trace_daily_rollup
daily_rest_matrix,runs/next_build/20260509/dynamic_query_reposition,20260509_reference,263f61d9f731,23,,,daily_rest_observation,"{""wait_minutes"":0}",,day_end,redacted_daily_window,,,,,0,0,5,0,literal_banned_terms_redacted,action_trace_daily_rollup
daily_rest_matrix,runs/next_build/20260509/dynamic_query_reposition,20260509_reference,263f61d9f731,24,,,daily_rest_observation,"{""wait_minutes"":0}",,day_end,redacted_daily_window,,,,,0,0,0,0,literal_banned_terms_redacted,action_trace_daily_rollup
daily_rest_matrix,runs/next_build/20260509/dynamic_query_reposition,20260509_reference,263f61d9f731,25,,,daily_rest_observation,"{""wait_minutes"":0}",,day_end,redacted_daily_window,,,,,0,0,5,0,literal_banned_terms_redacted,action_trace_daily_rollup
daily_rest_matrix,runs/next_build/20260509/dynamic_query_reposition,20260509_reference,263f61d9f731,26,,,daily_rest_observation,"{""wait_minutes"":0}",,day_end,redacted_daily_window,,,,,0,0,10,0,literal_banned_terms_redacted,action_trace_daily_rollup
daily_rest_matrix,runs/next_build/20260509/dynamic_query_reposition,20260509_reference,263f61d9f731,27,,,daily_rest_observation,"{""wait_minutes"":0}",,day_end,redacted_daily_window,,,,,0,0,5,0,literal_banned_terms_redacted,action_trace_daily_rollup
daily_rest_matrix,runs/next_build/20260509/dynamic_query_reposition,20260509_reference,263f61d9f731,28,,,daily_rest_observation,"{""wait_minutes"":0}",,day_end,redacted_daily_window,,,,,0,0,5,0,literal_banned_terms_redacted,action_trace_daily_rollup
daily_rest_matrix,runs/next_build/20260509/dynamic_query_reposition,20260509_reference,263f61d9f731,29,,,daily_rest_observation,"{""wait_minutes"":0}",,day_end,redacted_daily_window,,,,,0,0,5,0,literal_banned_terms_redacted,action_trace_daily_rollup
daily_rest_matrix,runs/next_build/20260509/dynamic_query_reposition,20260509_reference,263f61d9f731,30,,,daily_rest_observation,"{""wait_minutes"":180}",,day_end,redacted_daily_window,,,,,180,180,5,0,literal_banned_terms_redacted,action_trace_daily_rollup
daily_rest_matrix,runs/next_build/20260509/dynamic_query_reposition,20260509_reference,3c5844ed8465,0,,,daily_rest_observation,"{""wait_minutes"":150}",,day_end,redacted_daily_window,,,,,150,150,5,0,literal_banned_terms_redacted,action_trace_daily_rollup
daily_rest_matrix,runs/next_build/20260509/dynamic_query_reposition,20260509_reference,3c5844ed8465,1,,,daily_rest_observation,"{""wait_minutes"":0}",,day_end,redacted_daily_window,,,,,0,0,10,0,literal_banned_terms_redacted,action_trace_daily_rollup
daily_rest_matrix,runs/next_build/20260509/dynamic_query_reposition,20260509_reference,3c5844ed8465,2,,,daily_rest_observation,"{""wait_minutes"":0}",,day_end,redacted_daily_window,,,,,0,0,5,0,literal_banned_terms_redacted,action_trace_daily_rollup
daily_rest_matrix,runs/next_build/20260509/dynamic_query_reposition,20260509_reference,3c5844ed8465,3,,,daily_rest_observation,"{""wait_minutes"":0}",,day_end,redacted_daily_window,,,,,0,0,5,0,literal_banned_terms_redacted,action_trace_daily_rollup
daily_rest_matrix,runs/next_build/20260509/dynamic_query_reposition,20260509_reference,3c5844ed8465,4,,,daily_rest_observation,"{""wait_minutes"":0}",,day_end,redacted_daily_window,,,,,0,0,5,0,literal_banned_terms_redacted,action_trace_daily_rollup
daily_rest_matrix,runs/next_build/20260509/dynamic_query_reposition,20260509_reference,3c5844ed8465,5,,,daily_rest_observation,"{""wait_minutes"":0}",,day_end,redacted_daily_window,,,,,0,0,5,0,literal_banned_terms_redacted,action_trace_daily_rollup
daily_rest_matrix,runs/next_build/20260509/dynamic_query_reposition,20260509_reference,3c5844ed8465,6,,,daily_rest_observation,"{""wait_minutes"":0}",,day_end,redacted_daily_window,,,,,0,0,5,0,literal_banned_terms_redacted,action_trace_daily_rollup
daily_rest_matrix,runs/next_build/20260509/dynamic_query_reposition,20260509_reference,3c5844ed8465,7,,,daily_rest_observation,"{""wait_minutes"":0}",,day_end,redacted_daily_window,,,,,0,0,5,0,literal_banned_terms_redacted,action_trace_daily_rollup
daily_rest_matrix,runs/next_build/20260509/dynamic_query_reposition,20260509_reference,3c5844ed8465,8,,,daily_rest_observation,"{""wait_minutes"":0}",,day_end,redacted_daily_window,,,,,0,0,5,0,literal_banned_terms_redacted,action_trace_daily_rollup
daily_rest_matrix,runs/next_build/20260509/dynamic_query_reposition,20260509_reference,3c5844ed8465,9,,,daily_rest_observation,"{""wait_minutes"":0}",,day_end,redacted_daily_window,,,,,0,0,5,0,literal_banned_terms_redacted,action_trace_daily_rollup
daily_rest_matrix,runs/next_build/20260509/dynamic_query_reposition,20260509_reference,3c5844ed8465,10,,,daily_rest_observation,"{""wait_minutes"":0}",,day_end,redacted_daily_window,,,,,0,0,5,0,literal_banned_terms_redacted,action_trace_daily_rollup
daily_rest_matrix,runs/next_build/20260509/dynamic_query_reposition,20260509_reference,3c5844ed8465,11,,,daily_rest_observation,"{""wait_minutes"":0}",,day_end,redacted_daily_window,,,,,0,0,5,0,literal_banned_terms_redacted,action_trace_daily_rollup
daily_rest_matrix,runs/next_build/20260509/dynamic_query_reposition,20260509_reference,3c5844ed8465,12,,,daily_rest_observation,"{""wait_minutes"":0}",,day_end,redacted_daily_window,,,,,0,0,0,0,literal_banned_terms_redacted,action_trace_daily_rollup
daily_rest_matrix,runs/next_build/20260509/dynamic_query_reposition,20260509_reference,3c5844ed8465,13,,,daily_rest_observation,"{""wait_minutes"":0}",,day_end,redacted_daily_window,,,,,0,0,5,0,literal_banned_terms_redacted,action_trace_daily_rollup
daily_rest_matrix,runs/next_build/20260509/dynamic_query_reposition,20260509_reference,3c5844ed8465,14,,,daily_rest_observation,"{""wait_minutes"":0}",,day_end,redacted_daily_window,,,,,0,0,10,0,literal_banned_terms_redacted,action_trace_daily_rollup
daily_rest_matrix,runs/next_build/20260509/dynamic_query_reposition,20260509_reference,3c5844ed8465,15,,,daily_rest_observation,"{""wait_minutes"":0}",,day_end,redacted_daily_window,,,,,0,0,5,0,literal_banned_terms_redacted,action_trace_daily_rollup
daily_rest_matrix,runs/next_build/20260509/dynamic_query_reposition,20260509_reference,3c5844ed8465,16,,,daily_rest_observation,"{""wait_minutes"":0}",,day_end,redacted_daily_window,,,,,0,0,5,0,literal_banned_terms_redacted,action_trace_daily_rollup
daily_rest_matrix,runs/next_build/20260509/dynamic_query_reposition,20260509_reference,3c5844ed8465,17,,,daily_rest_observation,"{""wait_minutes"":0}",,day_end,redacted_daily_window,,,,,0,0,5,0,literal_banned_terms_redacted,action_trace_daily_rollup
daily_rest_matrix,runs/next_build/20260509/dynamic_query_reposition,20260509_reference,3c5844ed8465,18,,,daily_rest_observation,"{""wait_minutes"":0}",,day_end,redacted_daily_window,,,,,0,0,5,0,literal_banned_terms_redacted,action_trace_daily_rollup
daily_rest_matrix,runs/next_build/20260509/dynamic_query_reposition,20260509_reference,3c5844ed8465,19,,,daily_rest_observation,"{""wait_minutes"":0}",,day_end,redacted_daily_window,,,,,0,0,5,0,literal_banned_terms_redacted,action_trace_daily_rollup
daily_rest_matrix,runs/next_build/20260509/dynamic_query_reposition,20260509_reference,3c5844ed8465,20,,,daily_rest_observation,"{""wait_minutes"":0}",,day_end,redacted_daily_window,,,,,0,0,5,0,literal_banned_terms_redacted,action_trace_daily_rollup
daily_rest_matrix,runs/next_build/20260509/dynamic_query_reposition,20260509_reference,3c5844ed8465,21,,,daily_rest_observation,"{""wait_minutes"":0}",,day_end,redacted_daily_window,,,,,0,0,5,0,literal_banned_terms_redacted,action_trace_daily_rollup
daily_rest_matrix,runs/next_build/20260509/dynamic_query_reposition,20260509_reference,3c5844ed8465,22,,,daily_rest_observation,"{""wait_minutes"":0}",,day_end,redacted_daily_window,,,,,0,0,0,0,literal_banned_terms_redacted,action_trace_daily_rollup
daily_rest_matrix,runs/next_build/20260509/dynamic_query_reposition,20260509_reference,3c5844ed8465,23,,,daily_rest_observation,"{""wait_minutes"":0}",,day_end,redacted_daily_window,,,,,0,0,5,0,literal_banned_terms_redacted,action_trace_daily_rollup
daily_rest_matrix,runs/next_build/20260509/dynamic_query_reposition,20260509_reference,3c5844ed8465,24,,,daily_rest_observation,"{""wait_minutes"":0}",,day_end,redacted_daily_window,,,,,0,0,10,0,literal_banned_terms_redacted,action_trace_daily_rollup
daily_rest_matrix,runs/next_build/20260509/dynamic_query_reposition,20260509_reference,3c5844ed8465,25,,,daily_rest_observation,"{""wait_minutes"":0}",,day_end,redacted_daily_window,,,,,0,0,5,0,literal_banned_terms_redacted,action_trace_daily_rollup
daily_rest_matrix,runs/next_build/20260509/dynamic_query_reposition,20260509_reference,3c5844ed8465,26,,,daily_rest_observation,"{""wait_minutes"":0}",,day_end,redacted_daily_window,,,,,0,0,5,0,literal_banned_terms_redacted,action_trace_daily_rollup
daily_rest_matrix,runs/next_build/20260509/dynamic_query_reposition,20260509_reference,3c5844ed8465,27,,,daily_rest_observation,"{""wait_minutes"":0}",,day_end,redacted_daily_window,,,,,0,0,5,0,literal_banned_terms_redacted,action_trace_daily_rollup
daily_rest_matrix,runs/next_build/20260509/dynamic_query_reposition,20260509_reference,3c5844ed8465,28,,,daily_rest_observation,"{""wait_minutes"":0}",,day_end,redacted_daily_window,,,,,0,0,0,0,literal_banned_terms_redacted,action_trace_daily_rollup
daily_rest_matrix,runs/next_build/20260509/dynamic_query_reposition,20260509_reference,3c5844ed8465,29,,,daily_rest_observation,"{""wait_minutes"":0}",,day_end,redacted_daily_window,,,,,0,0,5,0,literal_banned_terms_redacted,action_trace_daily_rollup
daily_rest_matrix,runs/next_build/20260509/dynamic_query_reposition,20260509_reference,3c5844ed8465,30,,,daily_rest_observation,"{""wait_minutes"":323}",,day_end,redacted_daily_window,,,,,323,323,0,0,literal_banned_terms_redacted,action_trace_daily_rollup
daily_rest_matrix,runs/next_build/20260509/dynamic_query_reposition,20260509_reference,3e0e35341231,0,,,daily_rest_observation,"{""wait_minutes"":150}",,day_end,redacted_daily_window,,,,,150,150,5,0,literal_banned_terms_redacted,action_trace_daily_rollup
daily_rest_matrix,runs/next_build/20260509/dynamic_query_reposition,20260509_reference,3e0e35341231,1,,,daily_rest_observation,"{""wait_minutes"":0}",,day_end,redacted_daily_window,,,,,0,0,10,0,literal_banned_terms_redacted,action_trace_daily_rollup
daily_rest_matrix,runs/next_build/20260509/dynamic_query_reposition,20260509_reference,3e0e35341231,2,,,daily_rest_observation,"{""wait_minutes"":0}",,day_end,redacted_daily_window,,,,,0,0,5,0,literal_banned_terms_redacted,action_trace_daily_rollup
daily_rest_matrix,runs/next_build/20260509/dynamic_query_reposition,20260509_reference,3e0e35341231,3,,,daily_rest_observation,"{""wait_minutes"":0}",,day_end,redacted_daily_window,,,,,0,0,5,0,literal_banned_terms_redacted,action_trace_daily_rollup
daily_rest_matrix,runs/next_build/20260509/dynamic_query_reposition,20260509_reference,3e0e35341231,4,,,daily_rest_observation,"{""wait_minutes"":0}",,day_end,redacted_daily_window,,,,,0,0,0,0,literal_banned_terms_redacted,action_trace_daily_rollup
daily_rest_matrix,runs/next_build/20260509/dynamic_query_reposition,20260509_reference,3e0e35341231,5,,,daily_rest_observation,"{""wait_minutes"":0}",,day_end,redacted_daily_window,,,,,0,0,5,0,literal_banned_terms_redacted,action_trace_daily_rollup
daily_rest_matrix,runs/next_build/20260509/dynamic_query_reposition,20260509_reference,3e0e35341231,6,,,daily_rest_observation,"{""wait_minutes"":0}",,day_end,redacted_daily_window,,,,,0,0,5,0,literal_banned_terms_redacted,action_trace_daily_rollup
daily_rest_matrix,runs/next_build/20260509/dynamic_query_reposition,20260509_reference,3e0e35341231,7,,,daily_rest_observation,"{""wait_minutes"":0}",,day_end,redacted_daily_window,,,,,0,0,5,0,literal_banned_terms_redacted,action_trace_daily_rollup
daily_rest_matrix,runs/next_build/20260509/dynamic_query_reposition,20260509_reference,3e0e35341231,8,,,daily_rest_observation,"{""wait_minutes"":0}",,day_end,redacted_daily_window,,,,,0,0,5,0,literal_banned_terms_redacted,action_trace_daily_rollup
daily_rest_matrix,runs/next_build/20260509/dynamic_query_reposition,20260509_reference,3e0e35341231,9,,,daily_rest_observation,"{""wait_minutes"":0}",,day_end,redacted_daily_window,,,,,0,0,0,0,literal_banned_terms_redacted,action_trace_daily_rollup
daily_rest_matrix,runs/next_build/20260509/dynamic_query_reposition,20260509_reference,3e0e35341231,10,,,daily_rest_observation,"{""wait_minutes"":0}",,day_end,redacted_daily_window,,,,,0,0,5,0,literal_banned_terms_redacted,action_trace_daily_rollup
daily_rest_matrix,runs/next_build/20260509/dynamic_query_reposition,20260509_reference,3e0e35341231,11,,,daily_rest_observation,"{""wait_minutes"":0}",,day_end,redacted_daily_window,,,,,0,0,0,0,literal_banned_terms_redacted,action_trace_daily_rollup
daily_rest_matrix,runs/next_build/20260509/dynamic_query_reposition,20260509_reference,3e0e35341231,12,,,daily_rest_observation,"{""wait_minutes"":0}",,day_end,redacted_daily_window,,,,,0,0,5,0,literal_banned_terms_redacted,action_trace_daily_rollup
daily_rest_matrix,runs/next_build/20260509/dynamic_query_reposition,20260509_reference,3e0e35341231,13,,,daily_rest_observation,"{""wait_minutes"":0}",,day_end,redacted_daily_window,,,,,0,0,5,0,literal_banned_terms_redacted,action_trace_daily_rollup
daily_rest_matrix,runs/next_build/20260509/dynamic_query_reposition,20260509_reference,3e0e35341231,14,,,daily_rest_observation,"{""wait_minutes"":0}",,day_end,redacted_daily_window,,,,,0,0,5,0,literal_banned_terms_redacted,action_trace_daily_rollup
daily_rest_matrix,runs/next_build/20260509/dynamic_query_reposition,20260509_reference,3e0e35341231,15,,,daily_rest_observation,"{""wait_minutes"":0}",,day_end,redacted_daily_window,,,,,0,0,10,0,literal_banned_terms_redacted,action_trace_daily_rollup
daily_rest_matrix,runs/next_build/20260509/dynamic_query_reposition,20260509_reference,3e0e35341231,16,,,daily_rest_observation,"{""wait_minutes"":0}",,day_end,redacted_daily_window,,,,,0,0,5,0,literal_banned_terms_redacted,action_trace_daily_rollup
daily_rest_matrix,runs/next_build/20260509/dynamic_query_reposition,20260509_reference,3e0e35341231,17,,,daily_rest_observation,"{""wait_minutes"":0}",,day_end,redacted_daily_window,,,,,0,0,5,0,literal_banned_terms_redacted,action_trace_daily_rollup
daily_rest_matrix,runs/next_build/20260509/dynamic_query_reposition,20260509_reference,3e0e35341231,18,,,daily_rest_observation,"{""wait_minutes"":0}",,day_end,redacted_daily_window,,,,,0,0,5,0,literal_banned_terms_redacted,action_trace_daily_rollup
daily_rest_matrix,runs/next_build/20260509/dynamic_query_reposition,20260509_reference,3e0e35341231,19,,,daily_rest_observation,"{""wait_minutes"":0}",,day_end,redacted_daily_window,,,,,0,0,5,0,literal_banned_terms_redacted,action_trace_daily_rollup
daily_rest_matrix,runs/next_build/20260509/dynamic_query_reposition,20260509_reference,3e0e35341231,20,,,daily_rest_observation,"{""wait_minutes"":0}",,day_end,redacted_daily_window,,,,,0,0,5,0,literal_banned_terms_redacted,action_trace_daily_rollup
daily_rest_matrix,runs/next_build/20260509/dynamic_query_reposition,20260509_reference,3e0e35341231,21,,,daily_rest_observation,"{""wait_minutes"":0}",,day_end,redacted_daily_window,,,,,0,0,5,0,literal_banned_terms_redacted,action_trace_daily_rollup
daily_rest_matrix,runs/next_build/20260509/dynamic_query_reposition,20260509_reference,3e0e35341231,22,,,daily_rest_observation,"{""wait_minutes"":0}",,day_end,redacted_daily_window,,,,,0,0,5,0,literal_banned_terms_redacted,action_trace_daily_rollup
daily_rest_matrix,runs/next_build/20260509/dynamic_query_reposition,20260509_reference,3e0e35341231,23,,,daily_rest_observation,"{""wait_minutes"":0}",,day_end,redacted_daily_window,,,,,0,0,5,0,literal_banned_terms_redacted,action_trace_daily_rollup
daily_rest_matrix,runs/next_build/20260509/dynamic_query_reposition,20260509_reference,3e0e35341231,24,,,daily_rest_observation,"{""wait_minutes"":0}",,day_end,redacted_daily_window,,,,,0,0,0,0,literal_banned_terms_redacted,action_trace_daily_rollup
daily_rest_matrix,runs/next_build/20260509/dynamic_query_reposition,20260509_reference,3e0e35341231,25,,,daily_rest_observation,"{""wait_minutes"":0}",,day_end,redacted_daily_window,,,,,0,0,5,0,literal_banned_terms_redacted,action_trace_daily_rollup
daily_rest_matrix,runs/next_build/20260509/dynamic_query_reposition,20260509_reference,3e0e35341231,26,,,daily_rest_observation,"{""wait_minutes"":0}",,day_end,redacted_daily_window,,,,,0,0,10,0,literal_banned_terms_redacted,action_trace_daily_rollup
daily_rest_matrix,runs/next_build/20260509/dynamic_query_reposition,20260509_reference,3e0e35341231,27,,,daily_rest_observation,"{""wait_minutes"":0}",,day_end,redacted_daily_window,,,,,0,0,5,0,literal_banned_terms_redacted,action_trace_daily_rollup
daily_rest_matrix,runs/next_build/20260509/dynamic_query_reposition,20260509_reference,3e0e35341231,28,,,daily_rest_observation,"{""wait_minutes"":0}",,day_end,redacted_daily_window,,,,,0,0,5,0,literal_banned_terms_redacted,action_trace_daily_rollup
daily_rest_matrix,runs/next_build/20260509/dynamic_query_reposition,20260509_reference,3e0e35341231,29,,,daily_rest_observation,"{""wait_minutes"":0}",,day_end,redacted_daily_window,,,,,0,0,5,0,literal_banned_terms_redacted,action_trace_daily_rollup
daily_rest_matrix,runs/next_build/20260509/dynamic_query_reposition,20260509_reference,3e0e35341231,30,,,daily_rest_observation,"{""wait_minutes"":180}",,day_end,redacted_daily_window,,,,,180,180,5,0,literal_banned_terms_redacted,action_trace_daily_rollup
daily_rest_matrix,runs/next_build/20260509/dynamic_query_reposition,20260509_reference,983f9a2734ca,0,,,daily_rest_observation,"{""wait_minutes"":150}",,day_end,redacted_daily_window,,,,,150,150,5,0,literal_banned_terms_redacted,action_trace_daily_rollup
daily_rest_matrix,runs/next_build/20260509/dynamic_query_reposition,20260509_reference,983f9a2734ca,1,,,daily_rest_observation,"{""wait_minutes"":0}",,day_end,redacted_daily_window,,,,,0,0,10,0,literal_banned_terms_redacted,action_trace_daily_rollup
daily_rest_matrix,runs/next_build/20260509/dynamic_query_reposition,20260509_reference,983f9a2734ca,2,,,daily_rest_observation,"{""wait_minutes"":0}",,day_end,redacted_daily_window,,,,,0,0,5,0,literal_banned_terms_redacted,action_trace_daily_rollup
daily_rest_matrix,runs/next_build/20260509/dynamic_query_reposition,20260509_reference,983f9a2734ca,3,,,daily_rest_observation,"{""wait_minutes"":0}",,day_end,redacted_daily_window,,,,,0,0,5,0,literal_banned_terms_redacted,action_trace_daily_rollup
daily_rest_matrix,runs/next_build/20260509/dynamic_query_reposition,20260509_reference,983f9a2734ca,4,,,daily_rest_observation,"{""wait_minutes"":0}",,day_end,redacted_daily_window,,,,,0,0,5,0,literal_banned_terms_redacted,action_trace_daily_rollup
daily_rest_matrix,runs/next_build/20260509/dynamic_query_reposition,20260509_reference,983f9a2734ca,5,,,daily_rest_observation,"{""wait_minutes"":0}",,day_end,redacted_daily_window,,,,,0,0,5,0,literal_banned_terms_redacted,action_trace_daily_rollup
daily_rest_matrix,runs/next_build/20260509/dynamic_query_reposition,20260509_reference,983f9a2734ca,6,,,daily_rest_observation,"{""wait_minutes"":0}",,day_end,redacted_daily_window,,,,,0,0,5,0,literal_banned_terms_redacted,action_trace_daily_rollup
daily_rest_matrix,runs/next_build/20260509/dynamic_query_reposition,20260509_reference,983f9a2734ca,7,,,daily_rest_observation,"{""wait_minutes"":0}",,day_end,redacted_daily_window,,,,,0,0,5,0,literal_banned_terms_redacted,action_trace_daily_rollup
daily_rest_matrix,runs/next_build/20260509/dynamic_query_reposition,20260509_reference,983f9a2734ca,8,,,daily_rest_observation,"{""wait_minutes"":0}",,day_end,redacted_daily_window,,,,,0,0,5,0,literal_banned_terms_redacted,action_trace_daily_rollup
daily_rest_matrix,runs/next_build/20260509/dynamic_query_reposition,20260509_reference,983f9a2734ca,9,,,daily_rest_observation,"{""wait_minutes"":0}",,day_end,redacted_daily_window,,,,,0,0,5,0,literal_banned_terms_redacted,action_trace_daily_rollup
daily_rest_matrix,runs/next_build/20260509/dynamic_query_reposition,20260509_reference,983f9a2734ca,10,,,daily_rest_observation,"{""wait_minutes"":0}",,day_end,redacted_daily_window,,,,,0,0,5,0,literal_banned_terms_redacted,action_trace_daily_rollup
daily_rest_matrix,runs/next_build/20260509/dynamic_query_reposition,20260509_reference,983f9a2734ca,11,,,daily_rest_observation,"{""wait_minutes"":0}",,day_end,redacted_daily_window,,,,,0,0,5,0,literal_banned_terms_redacted,action_trace_daily_rollup
daily_rest_matrix,runs/next_build/20260509/dynamic_query_reposition,20260509_reference,983f9a2734ca,12,,,daily_rest_observation,"{""wait_minutes"":0}",,day_end,redacted_daily_window,,,,,0,0,0,0,literal_banned_terms_redacted,action_trace_daily_rollup
daily_rest_matrix,runs/next_build/20260509/dynamic_query_reposition,20260509_reference,983f9a2734ca,13,,,daily_rest_observation,"{""wait_minutes"":0}",,day_end,redacted_daily_window,,,,,0,0,5,0,literal_banned_terms_redacted,action_trace_daily_rollup
daily_rest_matrix,runs/next_build/20260509/dynamic_query_reposition,20260509_reference,983f9a2734ca,14,,,daily_rest_observation,"{""wait_minutes"":0}",,day_end,redacted_daily_window,,,,,0,0,10,0,literal_banned_terms_redacted,action_trace_daily_rollup
daily_rest_matrix,runs/next_build/20260509/dynamic_query_reposition,20260509_reference,983f9a2734ca,15,,,daily_rest_observation,"{""wait_minutes"":0}",,day_end,redacted_daily_window,,,,,0,0,5,0,literal_banned_terms_redacted,action_trace_daily_rollup
daily_rest_matrix,runs/next_build/20260509/dynamic_query_reposition,20260509_reference,983f9a2734ca,16,,,daily_rest_observation,"{""wait_minutes"":0}",,day_end,redacted_daily_window,,,,,0,0,5,0,literal_banned_terms_redacted,action_trace_daily_rollup
daily_rest_matrix,runs/next_build/20260509/dynamic_query_reposition,20260509_reference,983f9a2734ca,17,,,daily_rest_observation,"{""wait_minutes"":0}",,day_end,redacted_daily_window,,,,,0,0,5,0,literal_banned_terms_redacted,action_trace_daily_rollup
daily_rest_matrix,runs/next_build/20260509/dynamic_query_reposition,20260509_reference,983f9a2734ca,18,,,daily_rest_observation,"{""wait_minutes"":0}",,day_end,redacted_daily_window,,,,,0,0,5,0,literal_banned_terms_redacted,action_trace_daily_rollup
daily_rest_matrix,runs/next_build/20260509/dynamic_query_reposition,20260509_reference,983f9a2734ca,19,,,daily_rest_observation,"{""wait_minutes"":0}",,day_end,redacted_daily_window,,,,,0,0,5,0,literal_banned_terms_redacted,action_trace_daily_rollup
daily_rest_matrix,runs/next_build/20260509/dynamic_query_reposition,20260509_reference,983f9a2734ca,20,,,daily_rest_observation,"{""wait_minutes"":0}",,day_end,redacted_daily_window,,,,,0,0,5,0,literal_banned_terms_redacted,action_trace_daily_rollup
daily_rest_matrix,runs/next_build/20260509/dynamic_query_reposition,20260509_reference,983f9a2734ca,21,,,daily_rest_observation,"{""wait_minutes"":0}",,day_end,redacted_daily_window,,,,,0,0,5,0,literal_banned_terms_redacted,action_trace_daily_rollup
daily_rest_matrix,runs/next_build/20260509/dynamic_query_reposition,20260509_reference,983f9a2734ca,22,,,daily_rest_observation,"{""wait_minutes"":0}",,day_end,redacted_daily_window,,,,,0,0,0,0,literal_banned_terms_redacted,action_trace_daily_rollup
daily_rest_matrix,runs/next_build/20260509/dynamic_query_reposition,20260509_reference,983f9a2734ca,23,,,daily_rest_observation,"{""wait_minutes"":0}",,day_end,redacted_daily_window,,,,,0,0,5,0,literal_banned_terms_redacted,action_trace_daily_rollup
daily_rest_matrix,runs/next_build/20260509/dynamic_query_reposition,20260509_reference,983f9a2734ca,24,,,daily_rest_observation,"{""wait_minutes"":0}",,day_end,redacted_daily_window,,,,,0,0,10,0,literal_banned_terms_redacted,action_trace_daily_rollup
daily_rest_matrix,runs/next_build/20260509/dynamic_query_reposition,20260509_reference,983f9a2734ca,25,,,daily_rest_observation,"{""wait_minutes"":0}",,day_end,redacted_daily_window,,,,,0,0,5,0,literal_banned_terms_redacted,action_trace_daily_rollup
daily_rest_matrix,runs/next_build/20260509/dynamic_query_reposition,20260509_reference,983f9a2734ca,26,,,daily_rest_observation,"{""wait_minutes"":0}",,day_end,redacted_daily_window,,,,,0,0,5,0,literal_banned_terms_redacted,action_trace_daily_rollup
daily_rest_matrix,runs/next_build/20260509/dynamic_query_reposition,20260509_reference,983f9a2734ca,27,,,daily_rest_observation,"{""wait_minutes"":0}",,day_end,redacted_daily_window,,,,,0,0,5,0,literal_banned_terms_redacted,action_trace_daily_rollup
daily_rest_matrix,runs/next_build/20260509/dynamic_query_reposition,20260509_reference,983f9a2734ca,28,,,daily_rest_observation,"{""wait_minutes"":0}",,day_end,redacted_daily_window,,,,,0,0,0,0,literal_banned_terms_redacted,action_trace_daily_rollup
daily_rest_matrix,runs/next_build/20260509/dynamic_query_reposition,20260509_reference,983f9a2734ca,29,,,daily_rest_observation,"{""wait_minutes"":0}",,day_end,redacted_daily_window,,,,,0,0,5,0,literal_banned_terms_redacted,action_trace_daily_rollup
daily_rest_matrix,runs/next_build/20260509/dynamic_query_reposition,20260509_reference,983f9a2734ca,30,,,daily_rest_observation,"{""wait_minutes"":323}",,day_end,redacted_daily_window,,,,,323,323,0,0,literal_banned_terms_redacted,action_trace_daily_rollup
daily_rest_matrix,runs/next_build/20260509/dynamic_query_reposition,20260509_reference,af4b17af9fc7,0,,,daily_rest_observation,"{""wait_minutes"":150}",,day_end,redacted_daily_window,,,,,150,150,5,0,literal_banned_terms_redacted,action_trace_daily_rollup
daily_rest_matrix,runs/next_build/20260509/dynamic_query_reposition,20260509_reference,af4b17af9fc7,1,,,daily_rest_observation,"{""wait_minutes"":0}",,day_end,redacted_daily_window,,,,,0,0,5,0,literal_banned_terms_redacted,action_trace_daily_rollup
daily_rest_matrix,runs/next_build/20260509/dynamic_query_reposition,20260509_reference,af4b17af9fc7,2,,,daily_rest_observation,"{""wait_minutes"":0}",,day_end,redacted_daily_window,,,,,0,0,0,0,literal_banned_terms_redacted,action_trace_daily_rollup
daily_rest_matrix,runs/next_build/20260509/dynamic_query_reposition,20260509_reference,af4b17af9fc7,3,,,daily_rest_observation,"{""wait_minutes"":0}",,day_end,redacted_daily_window,,,,,0,0,5,0,literal_banned_terms_redacted,action_trace_daily_rollup
daily_rest_matrix,runs/next_build/20260509/dynamic_query_reposition,20260509_reference,af4b17af9fc7,4,,,daily_rest_observation,"{""wait_minutes"":0}",,day_end,redacted_daily_window,,,,,0,0,5,0,literal_banned_terms_redacted,action_trace_daily_rollup
daily_rest_matrix,runs/next_build/20260509/dynamic_query_reposition,20260509_reference,af4b17af9fc7,5,,,daily_rest_observation,"{""wait_minutes"":0}",,day_end,redacted_daily_window,,,,,0,0,5,0,literal_banned_terms_redacted,action_trace_daily_rollup
daily_rest_matrix,runs/next_build/20260509/dynamic_query_reposition,20260509_reference,af4b17af9fc7,6,,,daily_rest_observation,"{""wait_minutes"":0}",,day_end,redacted_daily_window,,,,,0,0,5,0,literal_banned_terms_redacted,action_trace_daily_rollup
daily_rest_matrix,runs/next_build/20260509/dynamic_query_reposition,20260509_reference,af4b17af9fc7,7,,,daily_rest_observation,"{""wait_minutes"":0}",,day_end,redacted_daily_window,,,,,0,0,5,0,literal_banned_terms_redacted,action_trace_daily_rollup
daily_rest_matrix,runs/next_build/20260509/dynamic_query_reposition,20260509_reference,af4b17af9fc7,8,,,daily_rest_observation,"{""wait_minutes"":0}",,day_end,redacted_daily_window,,,,,0,0,5,0,literal_banned_terms_redacted,action_trace_daily_rollup
daily_rest_matrix,runs/next_build/20260509/dynamic_query_reposition,20260509_reference,af4b17af9fc7,9,,,daily_rest_observation,"{""wait_minutes"":0}",,day_end,redacted_daily_window,,,,,0,0,5,0,literal_banned_terms_redacted,action_trace_daily_rollup
daily_rest_matrix,runs/next_build/20260509/dynamic_query_reposition,20260509_reference,af4b17af9fc7,10,,,daily_rest_observation,"{""wait_minutes"":0}",,day_end,redacted_daily_window,,,,,0,0,10,0,literal_banned_terms_redacted,action_trace_daily_rollup
daily_rest_matrix,runs/next_build/20260509/dynamic_query_reposition,20260509_reference,af4b17af9fc7,11,,,daily_rest_observation,"{""wait_minutes"":0}",,day_end,redacted_daily_window,,,,,0,0,5,0,literal_banned_terms_redacted,action_trace_daily_rollup
daily_rest_matrix,runs/next_build/20260509/dynamic_query_reposition,20260509_reference,af4b17af9fc7,12,,,daily_rest_observation,"{""wait_minutes"":0}",,day_end,redacted_daily_window,,,,,0,0,0,0,literal_banned_terms_redacted,action_trace_daily_rollup
daily_rest_matrix,runs/next_build/20260509/dynamic_query_reposition,20260509_reference,af4b17af9fc7,13,,,daily_rest_observation,"{""wait_minutes"":0}",,day_end,redacted_daily_window,,,,,0,0,5,0,literal_banned_terms_redacted,action_trace_daily_rollup
daily_rest_matrix,runs/next_build/20260509/dynamic_query_reposition,20260509_reference,af4b17af9fc7,14,,,daily_rest_observation,"{""wait_minutes"":0}",,day_end,redacted_daily_window,,,,,0,0,10,0,literal_banned_terms_redacted,action_trace_daily_rollup
daily_rest_matrix,runs/next_build/20260509/dynamic_query_reposition,20260509_reference,af4b17af9fc7,15,,,daily_rest_observation,"{""wait_minutes"":0}",,day_end,redacted_daily_window,,,,,0,0,5,0,literal_banned_terms_redacted,action_trace_daily_rollup
daily_rest_matrix,runs/next_build/20260509/dynamic_query_reposition,20260509_reference,af4b17af9fc7,16,,,daily_rest_observation,"{""wait_minutes"":0}",,day_end,redacted_daily_window,,,,,0,0,5,0,literal_banned_terms_redacted,action_trace_daily_rollup
daily_rest_matrix,runs/next_build/20260509/dynamic_query_reposition,20260509_reference,af4b17af9fc7,17,,,daily_rest_observation,"{""wait_minutes"":0}",,day_end,redacted_daily_window,,,,,0,0,5,0,literal_banned_terms_redacted,action_trace_daily_rollup
daily_rest_matrix,runs/next_build/20260509/dynamic_query_reposition,20260509_reference,af4b17af9fc7,18,,,daily_rest_observation,"{""wait_minutes"":0}",,day_end,redacted_daily_window,,,,,0,0,5,0,literal_banned_terms_redacted,action_trace_daily_rollup
daily_rest_matrix,runs/next_build/20260509/dynamic_query_reposition,20260509_reference,af4b17af9fc7,19,,,daily_rest_observation,"{""wait_minutes"":0}",,day_end,redacted_daily_window,,,,,0,0,5,0,literal_banned_terms_redacted,action_trace_daily_rollup
daily_rest_matrix,runs/next_build/20260509/dynamic_query_reposition,20260509_reference,af4b17af9fc7,20,,,daily_rest_observation,"{""wait_minutes"":0}",,day_end,redacted_daily_window,,,,,0,0,0,0,literal_banned_terms_redacted,action_trace_daily_rollup
daily_rest_matrix,runs/next_build/20260509/dynamic_query_reposition,20260509_reference,af4b17af9fc7,21,,,daily_rest_observation,"{""wait_minutes"":0}",,day_end,redacted_daily_window,,,,,0,0,5,0,literal_banned_terms_redacted,action_trace_daily_rollup
daily_rest_matrix,runs/next_build/20260509/dynamic_query_reposition,20260509_reference,af4b17af9fc7,22,,,daily_rest_observation,"{""wait_minutes"":0}",,day_end,redacted_daily_window,,,,,0,0,10,0,literal_banned_terms_redacted,action_trace_daily_rollup
daily_rest_matrix,runs/next_build/20260509/dynamic_query_reposition,20260509_reference,af4b17af9fc7,23,,,daily_rest_observation,"{""wait_minutes"":0}",,day_end,redacted_daily_window,,,,,0,0,5,0,literal_banned_terms_redacted,action_trace_daily_rollup
daily_rest_matrix,runs/next_build/20260509/dynamic_query_reposition,20260509_reference,af4b17af9fc7,24,,,daily_rest_observation,"{""wait_minutes"":0}",,day_end,redacted_daily_window,,,,,0,0,10,0,literal_banned_terms_redacted,action_trace_daily_rollup
daily_rest_matrix,runs/next_build/20260509/dynamic_query_reposition,20260509_reference,af4b17af9fc7,25,,,daily_rest_observation,"{""wait_minutes"":0}",,day_end,redacted_daily_window,,,,,0,0,5,0,literal_banned_terms_redacted,action_trace_daily_rollup
daily_rest_matrix,runs/next_build/20260509/dynamic_query_reposition,20260509_reference,af4b17af9fc7,26,,,daily_rest_observation,"{""wait_minutes"":0}",,day_end,redacted_daily_window,,,,,0,0,10,0,literal_banned_terms_redacted,action_trace_daily_rollup
daily_rest_matrix,runs/next_build/20260509/dynamic_query_reposition,20260509_reference,af4b17af9fc7,27,,,daily_rest_observation,"{""wait_minutes"":0}",,day_end,redacted_daily_window,,,,,0,0,5,0,literal_banned_terms_redacted,action_trace_daily_rollup
daily_rest_matrix,runs/next_build/20260509/dynamic_query_reposition,20260509_reference,af4b17af9fc7,28,,,daily_rest_observation,"{""wait_minutes"":0}",,day_end,redacted_daily_window,,,,,0,0,5,0,literal_banned_terms_redacted,action_trace_daily_rollup
daily_rest_matrix,runs/next_build/20260509/dynamic_query_reposition,20260509_reference,af4b17af9fc7,29,,,daily_rest_observation,"{""wait_minutes"":0}",,day_end,redacted_daily_window,,,,,0,0,5,0,literal_banned_terms_redacted,action_trace_daily_rollup
daily_rest_matrix,runs/next_build/20260509/dynamic_query_reposition,20260509_reference,af4b17af9fc7,30,,,daily_rest_observation,"{""wait_minutes"":180}",,day_end,redacted_daily_window,,,,,180,180,5,0,literal_banned_terms_redacted,action_trace_daily_rollup
daily_rest_matrix,runs/next_build/20260509/dynamic_query_reposition,20260509_reference,b8424551b996,0,,,daily_rest_observation,"{""wait_minutes"":150}",,day_end,redacted_daily_window,,,,,150,150,10,0,literal_banned_terms_redacted,action_trace_daily_rollup
daily_rest_matrix,runs/next_build/20260509/dynamic_query_reposition,20260509_reference,b8424551b996,1,,,daily_rest_observation,"{""wait_minutes"":0}",,day_end,redacted_daily_window,,,,,0,0,5,0,literal_banned_terms_redacted,action_trace_daily_rollup
daily_rest_matrix,runs/next_build/20260509/dynamic_query_reposition,20260509_reference,b8424551b996,2,,,daily_rest_observation,"{""wait_minutes"":0}",,day_end,redacted_daily_window,,,,,0,0,5,0,literal_banned_terms_redacted,action_trace_daily_rollup
daily_rest_matrix,runs/next_build/20260509/dynamic_query_reposition,20260509_reference,b8424551b996,3,,,daily_rest_observation,"{""wait_minutes"":0}",,day_end,redacted_daily_window,,,,,0,0,5,0,literal_banned_terms_redacted,action_trace_daily_rollup
daily_rest_matrix,runs/next_build/20260509/dynamic_query_reposition,20260509_reference,b8424551b996,4,,,daily_rest_observation,"{""wait_minutes"":0}",,day_end,redacted_daily_window,,,,,0,0,0,0,literal_banned_terms_redacted,action_trace_daily_rollup
daily_rest_matrix,runs/next_build/20260509/dynamic_query_reposition,20260509_reference,b8424551b996,5,,,daily_rest_observation,"{""wait_minutes"":0}",,day_end,redacted_daily_window,,,,,0,0,5,0,literal_banned_terms_redacted,action_trace_daily_rollup
daily_rest_matrix,runs/next_build/20260509/dynamic_query_reposition,20260509_reference,b8424551b996,6,,,daily_rest_observation,"{""wait_minutes"":0}",,day_end,redacted_daily_window,,,,,0,0,5,0,literal_banned_terms_redacted,action_trace_daily_rollup
daily_rest_matrix,runs/next_build/20260509/dynamic_query_reposition,20260509_reference,b8424551b996,7,,,daily_rest_observation,"{""wait_minutes"":0}",,day_end,redacted_daily_window,,,,,0,0,5,0,literal_banned_terms_redacted,action_trace_daily_rollup
daily_rest_matrix,runs/next_build/20260509/dynamic_query_reposition,20260509_reference,b8424551b996,8,,,daily_rest_observation,"{""wait_minutes"":0}",,day_end,redacted_daily_window,,,,,0,0,5,0,literal_banned_terms_redacted,action_trace_daily_rollup
daily_rest_matrix,runs/next_build/20260509/dynamic_query_reposition,20260509_reference,b8424551b996,9,,,daily_rest_observation,"{""wait_minutes"":0}",,day_end,redacted_daily_window,,,,,0,0,0,0,literal_banned_terms_redacted,action_trace_daily_rollup
daily_rest_matrix,runs/next_build/20260509/dynamic_query_reposition,20260509_reference,b8424551b996,10,,,daily_rest_observation,"{""wait_minutes"":0}",,day_end,redacted_daily_window,,,,,0,0,5,0,literal_banned_terms_redacted,action_trace_daily_rollup
daily_rest_matrix,runs/next_build/20260509/dynamic_query_reposition,20260509_reference,b8424551b996,11,,,daily_rest_observation,"{""wait_minutes"":0}",,day_end,redacted_daily_window,,,,,0,0,0,0,literal_banned_terms_redacted,action_trace_daily_rollup
daily_rest_matrix,runs/next_build/20260509/dynamic_query_reposition,20260509_reference,b8424551b996,12,,,daily_rest_observation,"{""wait_minutes"":0}",,day_end,redacted_daily_window,,,,,0,0,5,0,literal_banned_terms_redacted,action_trace_daily_rollup
daily_rest_matrix,runs/next_build/20260509/dynamic_query_reposition,20260509_reference,b8424551b996,13,,,daily_rest_observation,"{""wait_minutes"":0}",,day_end,redacted_daily_window,,,,,0,0,5,0,literal_banned_terms_redacted,action_trace_daily_rollup
daily_rest_matrix,runs/next_build/20260509/dynamic_query_reposition,20260509_reference,b8424551b996,14,,,daily_rest_observation,"{""wait_minutes"":0}",,day_end,redacted_daily_window,,,,,0,0,5,0,literal_banned_terms_redacted,action_trace_daily_rollup
daily_rest_matrix,runs/next_build/20260509/dynamic_query_reposition,20260509_reference,b8424551b996,15,,,daily_rest_observation,"{""wait_minutes"":0}",,day_end,redacted_daily_window,,,,,0,0,10,0,literal_banned_terms_redacted,action_trace_daily_rollup
daily_rest_matrix,runs/next_build/20260509/dynamic_query_reposition,20260509_reference,b8424551b996,16,,,daily_rest_observation,"{""wait_minutes"":0}",,day_end,redacted_daily_window,,,,,0,0,5,0,literal_banned_terms_redacted,action_trace_daily_rollup
daily_rest_matrix,runs/next_build/20260509/dynamic_query_reposition,20260509_reference,b8424551b996,17,,,daily_rest_observation,"{""wait_minutes"":0}",,day_end,redacted_daily_window,,,,,0,0,5,0,literal_banned_terms_redacted,action_trace_daily_rollup
daily_rest_matrix,runs/next_build/20260509/dynamic_query_reposition,20260509_reference,b8424551b996,18,,,daily_rest_observation,"{""wait_minutes"":0}",,day_end,redacted_daily_window,,,,,0,0,5,0,literal_banned_terms_redacted,action_trace_daily_rollup
daily_rest_matrix,runs/next_build/20260509/dynamic_query_reposition,20260509_reference,b8424551b996,19,,,daily_rest_observation,"{""wait_minutes"":0}",,day_end,redacted_daily_window,,,,,0,0,0,0,literal_banned_terms_redacted,action_trace_daily_rollup
daily_rest_matrix,runs/next_build/20260509/dynamic_query_reposition,20260509_reference,b8424551b996,20,,,daily_rest_observation,"{""wait_minutes"":0}",,day_end,redacted_daily_window,,,,,0,0,5,0,literal_banned_terms_redacted,action_trace_daily_rollup
daily_rest_matrix,runs/next_build/20260509/dynamic_query_reposition,20260509_reference,b8424551b996,21,,,daily_rest_observation,"{""wait_minutes"":0}",,day_end,redacted_daily_window,,,,,0,0,5,0,literal_banned_terms_redacted,action_trace_daily_rollup
daily_rest_matrix,runs/next_build/20260509/dynamic_query_reposition,20260509_reference,b8424551b996,22,,,daily_rest_observation,"{""wait_minutes"":0}",,day_end,redacted_daily_window,,,,,0,0,5,0,literal_banned_terms_redacted,action_trace_daily_rollup
daily_rest_matrix,runs/next_build/20260509/dynamic_query_reposition,20260509_reference,b8424551b996,23,,,daily_rest_observation,"{""wait_minutes"":0}",,day_end,redacted_daily_window,,,,,0,0,0,0,literal_banned_terms_redacted,action_trace_daily_rollup
daily_rest_matrix,runs/next_build/20260509/dynamic_query_reposition,20260509_reference,b8424551b996,24,,,daily_rest_observation,"{""wait_minutes"":0}",,day_end,redacted_daily_window,,,,,0,0,0,0,literal_banned_terms_redacted,action_trace_daily_rollup
daily_rest_matrix,runs/next_build/20260509/dynamic_query_reposition,20260509_reference,b8424551b996,25,,,daily_rest_observation,"{""wait_minutes"":0}",,day_end,redacted_daily_window,,,,,0,0,5,0,literal_banned_terms_redacted,action_trace_daily_rollup
daily_rest_matrix,runs/next_build/20260509/dynamic_query_reposition,20260509_reference,b8424551b996,26,,,daily_rest_observation,"{""wait_minutes"":0}",,day_end,redacted_daily_window,,,,,0,0,5,0,literal_banned_terms_redacted,action_trace_daily_rollup
daily_rest_matrix,runs/next_build/20260509/dynamic_query_reposition,20260509_reference,b8424551b996,27,,,daily_rest_observation,"{""wait_minutes"":0}",,day_end,redacted_daily_window,,,,,0,0,5,0,literal_banned_terms_redacted,action_trace_daily_rollup
daily_rest_matrix,runs/next_build/20260509/dynamic_query_reposition,20260509_reference,b8424551b996,28,,,daily_rest_observation,"{""wait_minutes"":0}",,day_end,redacted_daily_window,,,,,0,0,5,0,literal_banned_terms_redacted,action_trace_daily_rollup
daily_rest_matrix,runs/next_build/20260509/dynamic_query_reposition,20260509_reference,b8424551b996,29,,,daily_rest_observation,"{""wait_minutes"":0}",,day_end,redacted_daily_window,,,,,0,0,5,0,literal_banned_terms_redacted,action_trace_daily_rollup
daily_rest_matrix,runs/next_build/20260509/dynamic_query_reposition,20260509_reference,b8424551b996,30,,,daily_rest_observation,"{""wait_minutes"":363}",,day_end,redacted_daily_window,,,,,363,363,5,0,literal_banned_terms_redacted,action_trace_daily_rollup
daily_rest_matrix,runs/next_build/20260509/dynamic_query_reposition,20260509_reference,d1b26936cffa,0,,,daily_rest_observation,"{""wait_minutes"":150}",,day_end,redacted_daily_window,,,,,150,150,5,0,literal_banned_terms_redacted,action_trace_daily_rollup
daily_rest_matrix,runs/next_build/20260509/dynamic_query_reposition,20260509_reference,d1b26936cffa,1,,,daily_rest_observation,"{""wait_minutes"":0}",,day_end,redacted_daily_window,,,,,0,0,5,0,literal_banned_terms_redacted,action_trace_daily_rollup
daily_rest_matrix,runs/next_build/20260509/dynamic_query_reposition,20260509_reference,d1b26936cffa,2,,,daily_rest_observation,"{""wait_minutes"":0}",,day_end,redacted_daily_window,,,,,0,0,0,0,literal_banned_terms_redacted,action_trace_daily_rollup
daily_rest_matrix,runs/next_build/20260509/dynamic_query_reposition,20260509_reference,d1b26936cffa,3,,,daily_rest_observation,"{""wait_minutes"":0}",,day_end,redacted_daily_window,,,,,0,0,5,0,literal_banned_terms_redacted,action_trace_daily_rollup
daily_rest_matrix,runs/next_build/20260509/dynamic_query_reposition,20260509_reference,d1b26936cffa,4,,,daily_rest_observation,"{""wait_minutes"":0}",,day_end,redacted_daily_window,,,,,0,0,5,0,literal_banned_terms_redacted,action_trace_daily_rollup
daily_rest_matrix,runs/next_build/20260509/dynamic_query_reposition,20260509_reference,d1b26936cffa,5,,,daily_rest_observation,"{""wait_minutes"":0}",,day_end,redacted_daily_window,,,,,0,0,5,0,literal_banned_terms_redacted,action_trace_daily_rollup
daily_rest_matrix,runs/next_build/20260509/dynamic_query_reposition,20260509_reference,d1b26936cffa,6,,,daily_rest_observation,"{""wait_minutes"":0}",,day_end,redacted_daily_window,,,,,0,0,5,0,literal_banned_terms_redacted,action_trace_daily_rollup
daily_rest_matrix,runs/next_build/20260509/dynamic_query_reposition,20260509_reference,d1b26936cffa,7,,,daily_rest_observation,"{""wait_minutes"":0}",,day_end,redacted_daily_window,,,,,0,0,5,0,literal_banned_terms_redacted,action_trace_daily_rollup
daily_rest_matrix,runs/next_build/20260509/dynamic_query_reposition,20260509_reference,d1b26936cffa,8,,,daily_rest_observation,"{""wait_minutes"":0}",,day_end,redacted_daily_window,,,,,0,0,5,0,literal_banned_terms_redacted,action_trace_daily_rollup
daily_rest_matrix,runs/next_build/20260509/dynamic_query_reposition,20260509_reference,d1b26936cffa,9,,,daily_rest_observation,"{""wait_minutes"":0}",,day_end,redacted_daily_window,,,,,0,0,5,0,literal_banned_terms_redacted,action_trace_daily_rollup
daily_rest_matrix,runs/next_build/20260509/dynamic_query_reposition,20260509_reference,d1b26936cffa,10,,,daily_rest_observation,"{""wait_minutes"":0}",,day_end,redacted_daily_window,,,,,0,0,10,0,literal_banned_terms_redacted,action_trace_daily_rollup
daily_rest_matrix,runs/next_build/20260509/dynamic_query_reposition,20260509_reference,d1b26936cffa,11,,,daily_rest_observation,"{""wait_minutes"":0}",,day_end,redacted_daily_window,,,,,0,0,5,0,literal_banned_terms_redacted,action_trace_daily_rollup
daily_rest_matrix,runs/next_build/20260509/dynamic_query_reposition,20260509_reference,d1b26936cffa,12,,,daily_rest_observation,"{""wait_minutes"":0}",,day_end,redacted_daily_window,,,,,0,0,0,0,literal_banned_terms_redacted,action_trace_daily_rollup
daily_rest_matrix,runs/next_build/20260509/dynamic_query_reposition,20260509_reference,d1b26936cffa,13,,,daily_rest_observation,"{""wait_minutes"":0}",,day_end,redacted_daily_window,,,,,0,0,5,0,literal_banned_terms_redacted,action_trace_daily_rollup
daily_rest_matrix,runs/next_build/20260509/dynamic_query_reposition,20260509_reference,d1b26936cffa,14,,,daily_rest_observation,"{""wait_minutes"":0}",,day_end,redacted_daily_window,,,,,0,0,10,0,literal_banned_terms_redacted,action_trace_daily_rollup
daily_rest_matrix,runs/next_build/20260509/dynamic_query_reposition,20260509_reference,d1b26936cffa,15,,,daily_rest_observation,"{""wait_minutes"":0}",,day_end,redacted_daily_window,,,,,0,0,5,0,literal_banned_terms_redacted,action_trace_daily_rollup
daily_rest_matrix,runs/next_build/20260509/dynamic_query_reposition,20260509_reference,d1b26936cffa,16,,,daily_rest_observation,"{""wait_minutes"":0}",,day_end,redacted_daily_window,,,,,0,0,5,0,literal_banned_terms_redacted,action_trace_daily_rollup
daily_rest_matrix,runs/next_build/20260509/dynamic_query_reposition,20260509_reference,d1b26936cffa,17,,,daily_rest_observation,"{""wait_minutes"":0}",,day_end,redacted_daily_window,,,,,0,0,5,0,literal_banned_terms_redacted,action_trace_daily_rollup
daily_rest_matrix,runs/next_build/20260509/dynamic_query_reposition,20260509_reference,d1b26936cffa,18,,,daily_rest_observation,"{""wait_minutes"":0}",,day_end,redacted_daily_window,,,,,0,0,5,0,literal_banned_terms_redacted,action_trace_daily_rollup
daily_rest_matrix,runs/next_build/20260509/dynamic_query_reposition,20260509_reference,d1b26936cffa,19,,,daily_rest_observation,"{""wait_minutes"":0}",,day_end,redacted_daily_window,,,,,0,0,5,0,literal_banned_terms_redacted,action_trace_daily_rollup
daily_rest_matrix,runs/next_build/20260509/dynamic_query_reposition,20260509_reference,d1b26936cffa,20,,,daily_rest_observation,"{""wait_minutes"":0}",,day_end,redacted_daily_window,,,,,0,0,5,0,literal_banned_terms_redacted,action_trace_daily_rollup
daily_rest_matrix,runs/next_build/20260509/dynamic_query_reposition,20260509_reference,d1b26936cffa,21,,,daily_rest_observation,"{""wait_minutes"":0}",,day_end,redacted_daily_window,,,,,0,0,5,0,literal_banned_terms_redacted,action_trace_daily_rollup
daily_rest_matrix,runs/next_build/20260509/dynamic_query_reposition,20260509_reference,d1b26936cffa,22,,,daily_rest_observation,"{""wait_minutes"":0}",,day_end,redacted_daily_window,,,,,0,0,5,0,literal_banned_terms_redacted,action_trace_daily_rollup
daily_rest_matrix,runs/next_build/20260509/dynamic_query_reposition,20260509_reference,d1b26936cffa,23,,,daily_rest_observation,"{""wait_minutes"":0}",,day_end,redacted_daily_window,,,,,0,0,5,0,literal_banned_terms_redacted,action_trace_daily_rollup
daily_rest_matrix,runs/next_build/20260509/dynamic_query_reposition,20260509_reference,d1b26936cffa,24,,,daily_rest_observation,"{""wait_minutes"":0}",,day_end,redacted_daily_window,,,,,0,0,5,0,literal_banned_terms_redacted,action_trace_daily_rollup
daily_rest_matrix,runs/next_build/20260509/dynamic_query_reposition,20260509_reference,d1b26936cffa,25,,,daily_rest_observation,"{""wait_minutes"":0}",,day_end,redacted_daily_window,,,,,0,0,5,0,literal_banned_terms_redacted,action_trace_daily_rollup
daily_rest_matrix,runs/next_build/20260509/dynamic_query_reposition,20260509_reference,d1b26936cffa,26,,,daily_rest_observation,"{""wait_minutes"":0}",,day_end,redacted_daily_window,,,,,0,0,5,0,literal_banned_terms_redacted,action_trace_daily_rollup
daily_rest_matrix,runs/next_build/20260509/dynamic_query_reposition,20260509_reference,d1b26936cffa,27,,,daily_rest_observation,"{""wait_minutes"":0}",,day_end,redacted_daily_window,,,,,0,0,5,0,literal_banned_terms_redacted,action_trace_daily_rollup
daily_rest_matrix,runs/next_build/20260509/dynamic_query_reposition,20260509_reference,d1b26936cffa,28,,,daily_rest_observation,"{""wait_minutes"":0}",,day_end,redacted_daily_window,,,,,0,0,5,0,literal_banned_terms_redacted,action_trace_daily_rollup
daily_rest_matrix,runs/next_build/20260509/dynamic_query_reposition,20260509_reference,d1b26936cffa,29,,,daily_rest_observation,"{""wait_minutes"":0}",,day_end,redacted_daily_window,,,,,0,0,5,0,literal_banned_terms_redacted,action_trace_daily_rollup
daily_rest_matrix,runs/next_build/20260509/dynamic_query_reposition,20260509_reference,d1b26936cffa,30,,,daily_rest_observation,"{""wait_minutes"":47}",,day_end,redacted_daily_window,,,,,47,47,5,0,literal_banned_terms_redacted,action_trace_daily_rollup
daily_rest_matrix,runs/next_build/20260509/dynamic_query_reposition,20260509_reference,e7a52d984e7e,0,,,daily_rest_observation,"{""wait_minutes"":150}",,day_end,redacted_daily_window,,,,,150,150,5,0,literal_banned_terms_redacted,action_trace_daily_rollup
daily_rest_matrix,runs/next_build/20260509/dynamic_query_reposition,20260509_reference,e7a52d984e7e,1,,,daily_rest_observation,"{""wait_minutes"":0}",,day_end,redacted_daily_window,,,,,0,0,5,0,literal_banned_terms_redacted,action_trace_daily_rollup
daily_rest_matrix,runs/next_build/20260509/dynamic_query_reposition,20260509_reference,e7a52d984e7e,2,,,daily_rest_observation,"{""wait_minutes"":0}",,day_end,redacted_daily_window,,,,,0,0,0,0,literal_banned_terms_redacted,action_trace_daily_rollup
daily_rest_matrix,runs/next_build/20260509/dynamic_query_reposition,20260509_reference,e7a52d984e7e,3,,,daily_rest_observation,"{""wait_minutes"":0}",,day_end,redacted_daily_window,,,,,0,0,5,0,literal_banned_terms_redacted,action_trace_daily_rollup
daily_rest_matrix,runs/next_build/20260509/dynamic_query_reposition,20260509_reference,e7a52d984e7e,4,,,daily_rest_observation,"{""wait_minutes"":0}",,day_end,redacted_daily_window,,,,,0,0,5,0,literal_banned_terms_redacted,action_trace_daily_rollup
daily_rest_matrix,runs/next_build/20260509/dynamic_query_reposition,20260509_reference,e7a52d984e7e,5,,,daily_rest_observation,"{""wait_minutes"":0}",,day_end,redacted_daily_window,,,,,0,0,10,0,literal_banned_terms_redacted,action_trace_daily_rollup
daily_rest_matrix,runs/next_build/20260509/dynamic_query_reposition,20260509_reference,e7a52d984e7e,6,,,daily_rest_observation,"{""wait_minutes"":0}",,day_end,redacted_daily_window,,,,,0,0,10,0,literal_banned_terms_redacted,action_trace_daily_rollup
daily_rest_matrix,runs/next_build/20260509/dynamic_query_reposition,20260509_reference,e7a52d984e7e,7,,,daily_rest_observation,"{""wait_minutes"":0}",,day_end,redacted_daily_window,,,,,0,0,5,0,literal_banned_terms_redacted,action_trace_daily_rollup
daily_rest_matrix,runs/next_build/20260509/dynamic_query_reposition,20260509_reference,e7a52d984e7e,8,,,daily_rest_observation,"{""wait_minutes"":0}",,day_end,redacted_daily_window,,,,,0,0,5,0,literal_banned_terms_redacted,action_trace_daily_rollup
daily_rest_matrix,runs/next_build/20260509/dynamic_query_reposition,20260509_reference,e7a52d984e7e,9,,,daily_rest_observation,"{""wait_minutes"":0}",,day_end,redacted_daily_window,,,,,0,0,5,0,literal_banned_terms_redacted,action_trace_daily_rollup
daily_rest_matrix,runs/next_build/20260509/dynamic_query_reposition,20260509_reference,e7a52d984e7e,10,,,daily_rest_observation,"{""wait_minutes"":0}",,day_end,redacted_daily_window,,,,,0,0,5,0,literal_banned_terms_redacted,action_trace_daily_rollup
daily_rest_matrix,runs/next_build/20260509/dynamic_query_reposition,20260509_reference,e7a52d984e7e,11,,,daily_rest_observation,"{""wait_minutes"":0}",,day_end,redacted_daily_window,,,,,0,0,5,0,literal_banned_terms_redacted,action_trace_daily_rollup
daily_rest_matrix,runs/next_build/20260509/dynamic_query_reposition,20260509_reference,e7a52d984e7e,12,,,daily_rest_observation,"{""wait_minutes"":0}",,day_end,redacted_daily_window,,,,,0,0,10,0,literal_banned_terms_redacted,action_trace_daily_rollup
daily_rest_matrix,runs/next_build/20260509/dynamic_query_reposition,20260509_reference,e7a52d984e7e,13,,,daily_rest_observation,"{""wait_minutes"":0}",,day_end,redacted_daily_window,,,,,0,0,5,0,literal_banned_terms_redacted,action_trace_daily_rollup
daily_rest_matrix,runs/next_build/20260509/dynamic_query_reposition,20260509_reference,e7a52d984e7e,14,,,daily_rest_observation,"{""wait_minutes"":0}",,day_end,redacted_daily_window,,,,,0,0,5,0,literal_banned_terms_redacted,action_trace_daily_rollup
daily_rest_matrix,runs/next_build/20260509/dynamic_query_reposition,20260509_reference,e7a52d984e7e,15,,,daily_rest_observation,"{""wait_minutes"":0}",,day_end,redacted_daily_window,,,,,0,0,0,0,literal_banned_terms_redacted,action_trace_daily_rollup
daily_rest_matrix,runs/next_build/20260509/dynamic_query_reposition,20260509_reference,e7a52d984e7e,16,,,daily_rest_observation,"{""wait_minutes"":0}",,day_end,redacted_daily_window,,,,,0,0,5,0,literal_banned_terms_redacted,action_trace_daily_rollup
daily_rest_matrix,runs/next_build/20260509/dynamic_query_reposition,20260509_reference,e7a52d984e7e,17,,,daily_rest_observation,"{""wait_minutes"":0}",,day_end,redacted_daily_window,,,,,0,0,5,0,literal_banned_terms_redacted,action_trace_daily_rollup
daily_rest_matrix,runs/next_build/20260509/dynamic_query_reposition,20260509_reference,e7a52d984e7e,18,,,daily_rest_observation,"{""wait_minutes"":0}",,day_end,redacted_daily_window,,,,,0,0,0,0,literal_banned_terms_redacted,action_trace_daily_rollup
daily_rest_matrix,runs/next_build/20260509/dynamic_query_reposition,20260509_reference,e7a52d984e7e,19,,,daily_rest_observation,"{""wait_minutes"":0}",,day_end,redacted_daily_window,,,,,0,0,5,0,literal_banned_terms_redacted,action_trace_daily_rollup
daily_rest_matrix,runs/next_build/20260509/dynamic_query_reposition,20260509_reference,e7a52d984e7e,20,,,daily_rest_observation,"{""wait_minutes"":0}",,day_end,redacted_daily_window,,,,,0,0,5,0,literal_banned_terms_redacted,action_trace_daily_rollup
daily_rest_matrix,runs/next_build/20260509/dynamic_query_reposition,20260509_reference,e7a52d984e7e,21,,,daily_rest_observation,"{""wait_minutes"":0}",,day_end,redacted_daily_window,,,,,0,0,5,0,literal_banned_terms_redacted,action_trace_daily_rollup
daily_rest_matrix,runs/next_build/20260509/dynamic_query_reposition,20260509_reference,e7a52d984e7e,22,,,daily_rest_observation,"{""wait_minutes"":0}",,day_end,redacted_daily_window,,,,,0,0,10,0,literal_banned_terms_redacted,action_trace_daily_rollup
daily_rest_matrix,runs/next_build/20260509/dynamic_query_reposition,20260509_reference,e7a52d984e7e,23,,,daily_rest_observation,"{""wait_minutes"":0}",,day_end,redacted_daily_window,,,,,0,0,10,0,literal_banned_terms_redacted,action_trace_daily_rollup
daily_rest_matrix,runs/next_build/20260509/dynamic_query_reposition,20260509_reference,e7a52d984e7e,24,,,daily_rest_observation,"{""wait_minutes"":0}",,day_end,redacted_daily_window,,,,,0,0,5,0,literal_banned_terms_redacted,action_trace_daily_rollup
daily_rest_matrix,runs/next_build/20260509/dynamic_query_reposition,20260509_reference,e7a52d984e7e,25,,,daily_rest_observation,"{""wait_minutes"":0}",,day_end,redacted_daily_window,,,,,0,0,5,0,literal_banned_terms_redacted,action_trace_daily_rollup
daily_rest_matrix,runs/next_build/20260509/dynamic_query_reposition,20260509_reference,e7a52d984e7e,26,,,daily_rest_observation,"{""wait_minutes"":0}",,day_end,redacted_daily_window,,,,,0,0,5,0,literal_banned_terms_redacted,action_trace_daily_rollup
daily_rest_matrix,runs/next_build/20260509/dynamic_query_reposition,20260509_reference,e7a52d984e7e,27,,,daily_rest_observation,"{""wait_minutes"":0}",,day_end,redacted_daily_window,,,,,0,0,5,0,literal_banned_terms_redacted,action_trace_daily_rollup
daily_rest_matrix,runs/next_build/20260509/dynamic_query_reposition,20260509_reference,e7a52d984e7e,28,,,daily_rest_observation,"{""wait_minutes"":0}",,day_end,redacted_daily_window,,,,,0,0,5,0,literal_banned_terms_redacted,action_trace_daily_rollup
daily_rest_matrix,runs/next_build/20260509/dynamic_query_reposition,20260509_reference,e7a52d984e7e,29,,,daily_rest_observation,"{""wait_minutes"":0}",,day_end,redacted_daily_window,,,,,0,0,5,0,literal_banned_terms_redacted,action_trace_daily_rollup
daily_rest_matrix,runs/next_build/20260509/dynamic_query_reposition,20260509_reference,e7a52d984e7e,30,,,daily_rest_observation,"{""wait_minutes"":47}",,day_end,redacted_daily_window,,,,,47,47,5,0,literal_banned_terms_redacted,action_trace_daily_rollup
daily_rest_matrix,runs/next_build/20260509/dynamic_query_reposition,20260509_reference,f9abd903cb86,0,,,daily_rest_observation,"{""wait_minutes"":150}",,day_end,redacted_daily_window,,,,,150,150,5,0,literal_banned_terms_redacted,action_trace_daily_rollup
daily_rest_matrix,runs/next_build/20260509/dynamic_query_reposition,20260509_reference,f9abd903cb86,1,,,daily_rest_observation,"{""wait_minutes"":0}",,day_end,redacted_daily_window,,,,,0,0,10,0,literal_banned_terms_redacted,action_trace_daily_rollup
daily_rest_matrix,runs/next_build/20260509/dynamic_query_reposition,20260509_reference,f9abd903cb86,2,,,daily_rest_observation,"{""wait_minutes"":0}",,day_end,redacted_daily_window,,,,,0,0,5,0,literal_banned_terms_redacted,action_trace_daily_rollup
daily_rest_matrix,runs/next_build/20260509/dynamic_query_reposition,20260509_reference,f9abd903cb86,3,,,daily_rest_observation,"{""wait_minutes"":0}",,day_end,redacted_daily_window,,,,,0,0,5,0,literal_banned_terms_redacted,action_trace_daily_rollup
daily_rest_matrix,runs/next_build/20260509/dynamic_query_reposition,20260509_reference,f9abd903cb86,4,,,daily_rest_observation,"{""wait_minutes"":0}",,day_end,redacted_daily_window,,,,,0,0,0,0,literal_banned_terms_redacted,action_trace_daily_rollup
daily_rest_matrix,runs/next_build/20260509/dynamic_query_reposition,20260509_reference,f9abd903cb86,5,,,daily_rest_observation,"{""wait_minutes"":0}",,day_end,redacted_daily_window,,,,,0,0,5,0,literal_banned_terms_redacted,action_trace_daily_rollup
daily_rest_matrix,runs/next_build/20260509/dynamic_query_reposition,20260509_reference,f9abd903cb86,6,,,daily_rest_observation,"{""wait_minutes"":0}",,day_end,redacted_daily_window,,,,,0,0,5,0,literal_banned_terms_redacted,action_trace_daily_rollup
daily_rest_matrix,runs/next_build/20260509/dynamic_query_reposition,20260509_reference,f9abd903cb86,7,,,daily_rest_observation,"{""wait_minutes"":0}",,day_end,redacted_daily_window,,,,,0,0,5,0,literal_banned_terms_redacted,action_trace_daily_rollup
daily_rest_matrix,runs/next_build/20260509/dynamic_query_reposition,20260509_reference,f9abd903cb86,8,,,daily_rest_observation,"{""wait_minutes"":0}",,day_end,redacted_daily_window,,,,,0,0,5,0,literal_banned_terms_redacted,action_trace_daily_rollup
daily_rest_matrix,runs/next_build/20260509/dynamic_query_reposition,20260509_reference,f9abd903cb86,9,,,daily_rest_observation,"{""wait_minutes"":0}",,day_end,redacted_daily_window,,,,,0,0,0,0,literal_banned_terms_redacted,action_trace_daily_rollup
daily_rest_matrix,runs/next_build/20260509/dynamic_query_reposition,20260509_reference,f9abd903cb86,10,,,daily_rest_observation,"{""wait_minutes"":0}",,day_end,redacted_daily_window,,,,,0,0,5,0,literal_banned_terms_redacted,action_trace_daily_rollup
daily_rest_matrix,runs/next_build/20260509/dynamic_query_reposition,20260509_reference,f9abd903cb86,11,,,daily_rest_observation,"{""wait_minutes"":0}",,day_end,redacted_daily_window,,,,,0,0,0,0,literal_banned_terms_redacted,action_trace_daily_rollup
daily_rest_matrix,runs/next_build/20260509/dynamic_query_reposition,20260509_reference,f9abd903cb86,12,,,daily_rest_observation,"{""wait_minutes"":0}",,day_end,redacted_daily_window,,,,,0,0,5,0,literal_banned_terms_redacted,action_trace_daily_rollup
daily_rest_matrix,runs/next_build/20260509/dynamic_query_reposition,20260509_reference,f9abd903cb86,13,,,daily_rest_observation,"{""wait_minutes"":0}",,day_end,redacted_daily_window,,,,,0,0,5,0,literal_banned_terms_redacted,action_trace_daily_rollup
daily_rest_matrix,runs/next_build/20260509/dynamic_query_reposition,20260509_reference,f9abd903cb86,14,,,daily_rest_observation,"{""wait_minutes"":0}",,day_end,redacted_daily_window,,,,,0,0,5,0,literal_banned_terms_redacted,action_trace_daily_rollup
daily_rest_matrix,runs/next_build/20260509/dynamic_query_reposition,20260509_reference,f9abd903cb86,15,,,daily_rest_observation,"{""wait_minutes"":0}",,day_end,redacted_daily_window,,,,,0,0,10,0,literal_banned_terms_redacted,action_trace_daily_rollup
daily_rest_matrix,runs/next_build/20260509/dynamic_query_reposition,20260509_reference,f9abd903cb86,16,,,daily_rest_observation,"{""wait_minutes"":0}",,day_end,redacted_daily_window,,,,,0,0,5,0,literal_banned_terms_redacted,action_trace_daily_rollup
daily_rest_matrix,runs/next_build/20260509/dynamic_query_reposition,20260509_reference,f9abd903cb86,17,,,daily_rest_observation,"{""wait_minutes"":0}",,day_end,redacted_daily_window,,,,,0,0,5,0,literal_banned_terms_redacted,action_trace_daily_rollup
daily_rest_matrix,runs/next_build/20260509/dynamic_query_reposition,20260509_reference,f9abd903cb86,18,,,daily_rest_observation,"{""wait_minutes"":0}",,day_end,redacted_daily_window,,,,,0,0,5,0,literal_banned_terms_redacted,action_trace_daily_rollup
daily_rest_matrix,runs/next_build/20260509/dynamic_query_reposition,20260509_reference,f9abd903cb86,19,,,daily_rest_observation,"{""wait_minutes"":0}",,day_end,redacted_daily_window,,,,,0,0,5,0,literal_banned_terms_redacted,action_trace_daily_rollup
daily_rest_matrix,runs/next_build/20260509/dynamic_query_reposition,20260509_reference,f9abd903cb86,20,,,daily_rest_observation,"{""wait_minutes"":0}",,day_end,redacted_daily_window,,,,,0,0,5,0,literal_banned_terms_redacted,action_trace_daily_rollup
daily_rest_matrix,runs/next_build/20260509/dynamic_query_reposition,20260509_reference,f9abd903cb86,21,,,daily_rest_observation,"{""wait_minutes"":0}",,day_end,redacted_daily_window,,,,,0,0,5,0,literal_banned_terms_redacted,action_trace_daily_rollup
daily_rest_matrix,runs/next_build/20260509/dynamic_query_reposition,20260509_reference,f9abd903cb86,22,,,daily_rest_observation,"{""wait_minutes"":0}",,day_end,redacted_daily_window,,,,,0,0,5,0,literal_banned_terms_redacted,action_trace_daily_rollup
daily_rest_matrix,runs/next_build/20260509/dynamic_query_reposition,20260509_reference,f9abd903cb86,23,,,daily_rest_observation,"{""wait_minutes"":0}",,day_end,redacted_daily_window,,,,,0,0,5,0,literal_banned_terms_redacted,action_trace_daily_rollup
daily_rest_matrix,runs/next_build/20260509/dynamic_query_reposition,20260509_reference,f9abd903cb86,24,,,daily_rest_observation,"{""wait_minutes"":0}",,day_end,redacted_daily_window,,,,,0,0,5,0,literal_banned_terms_redacted,action_trace_daily_rollup
daily_rest_matrix,runs/next_build/20260509/dynamic_query_reposition,20260509_reference,f9abd903cb86,25,,,daily_rest_observation,"{""wait_minutes"":0}",,day_end,redacted_daily_window,,,,,0,0,5,0,literal_banned_terms_redacted,action_trace_daily_rollup
daily_rest_matrix,runs/next_build/20260509/dynamic_query_reposition,20260509_reference,f9abd903cb86,26,,,daily_rest_observation,"{""wait_minutes"":0}",,day_end,redacted_daily_window,,,,,0,0,5,0,literal_banned_terms_redacted,action_trace_daily_rollup
daily_rest_matrix,runs/next_build/20260509/dynamic_query_reposition,20260509_reference,f9abd903cb86,27,,,daily_rest_observation,"{""wait_minutes"":0}",,day_end,redacted_daily_window,,,,,0,0,5,0,literal_banned_terms_redacted,action_trace_daily_rollup
daily_rest_matrix,runs/next_build/20260509/dynamic_query_reposition,20260509_reference,f9abd903cb86,28,,,daily_rest_observation,"{""wait_minutes"":0}",,day_end,redacted_daily_window,,,,,0,0,5,0,literal_banned_terms_redacted,action_trace_daily_rollup
daily_rest_matrix,runs/next_build/20260509/dynamic_query_reposition,20260509_reference,f9abd903cb86,29,,,daily_rest_observation,"{""wait_minutes"":0}",,day_end,redacted_daily_window,,,,,0,0,5,0,literal_banned_terms_redacted,action_trace_daily_rollup
daily_rest_matrix,runs/next_build/20260509/dynamic_query_reposition,20260509_reference,f9abd903cb86,30,,,daily_rest_observation,"{""wait_minutes"":180}",,day_end,redacted_daily_window,,,,,180,180,5,0,literal_banned_terms_redacted,action_trace_daily_rollup
preference_rule,runs/next_build/20260509/marginal_pref_only,20260509_reference,e7a52d984e7e,,0,d450f614d37b,violation_count,"{""violations"":30}",3000.0,generic_month_or_rule_deadline,redacted_generic_window,100.0,3000.0,3000.0,1,,,,,literal_banned_terms_redacted,official_checker_rule_row
preference_rule,runs/next_build/20260509/marginal_pref_only,20260509_reference,e7a52d984e7e,,1,779a1598a9e7,violation_count,"{""violations"":7}",3500.0,generic_month_or_rule_deadline,redacted_generic_window,500.0,3500.0,3500.0,1,,,,,literal_banned_terms_redacted,official_checker_rule_row
preference_rule,runs/next_build/20260509/marginal_pref_only,20260509_reference,e7a52d984e7e,,2,c88a1aacc118,violation_count,"{""violations"":83}",2000.0,generic_month_or_rule_deadline,redacted_generic_window,24.1,2000.0,2000.0,1,,,,,literal_banned_terms_redacted,official_checker_rule_row
preference_rule,runs/next_build/20260509/marginal_pref_only,20260509_reference,3e0e35341231,,0,53b96469b87f,generic,{},6000.0,generic_month_or_rule_deadline,redacted_generic_window,6000.0,6000.0,6000.0,0,,,,,literal_banned_terms_redacted,official_checker_rule_row
preference_rule,runs/next_build/20260509/marginal_pref_only,20260509_reference,3e0e35341231,,1,0ba9c67c66cd,violation_count,"{""violations"":1}",350.0,generic_month_or_rule_deadline,redacted_generic_window,350.0,350.0,350.0,1,,,,,literal_banned_terms_redacted,official_checker_rule_row
preference_rule,runs/next_build/20260509/marginal_pref_only,20260509_reference,3e0e35341231,,2,fe5a9d3d41eb,violation_count,"{""violations"":30}",6000.0,generic_month_or_rule_deadline,redacted_generic_window,200.0,6000.0,6000.0,1,,,,,literal_banned_terms_redacted,official_checker_rule_row
preference_rule,runs/next_build/20260509/marginal_pref_only,20260509_reference,983f9a2734ca,,0,12113d34b4fe,generic,{},2000.0,generic_month_or_rule_deadline,redacted_generic_window,2000.0,2000.0,2000.0,0,,,,,literal_banned_terms_redacted,official_checker_rule_row
preference_rule,runs/next_build/20260509/marginal_pref_only,20260509_reference,983f9a2734ca,,1,ec2171bbf49e,violation_count,"{""violations"":4}",4000.0,generic_month_or_rule_deadline,redacted_generic_window,1000.0,4000.0,4000.0,1,,,,,literal_banned_terms_redacted,official_checker_rule_row
preference_rule,runs/next_build/20260509/marginal_pref_only,20260509_reference,983f9a2734ca,,2,b27939e51a00,violation_count,"{""violations"":30}",6000.0,generic_month_or_rule_deadline,redacted_generic_window,200.0,6000.0,6000.0,1,,,,,literal_banned_terms_redacted,official_checker_rule_row
preference_rule,runs/next_build/20260509/marginal_pref_only,20260509_reference,af4b17af9fc7,,0,2b340222c3d7,violation_count,"{""violations"":1}",200.0,generic_month_or_rule_deadline,redacted_generic_window,200.0,200.0,200.0,1,,,,,literal_banned_terms_redacted,official_checker_rule_row
preference_rule,runs/next_build/20260509/marginal_pref_only,20260509_reference,af4b17af9fc7,,1,b7b67284cc53,generic,{},400.0,generic_month_or_rule_deadline,redacted_generic_window,400.0,400.0,400.0,0,,,,,literal_banned_terms_redacted,official_checker_rule_row
preference_rule,runs/next_build/20260509/marginal_pref_only,20260509_reference,af4b17af9fc7,,2,a1d25288f564,violation_count,"{""violations"":35}",3000.0,generic_month_or_rule_deadline,redacted_generic_window,85.71,3000.0,3000.0,1,,,,,literal_banned_terms_redacted,official_checker_rule_row
preference_rule,runs/next_build/20260509/marginal_pref_only,20260509_reference,3c5844ed8465,,0,7f95e12ff6bf,violation_count,"{""violations"":35}",3500.0,generic_month_or_rule_deadline,redacted_generic_window,100.0,3500.0,3500.0,1,,,,,literal_banned_terms_redacted,official_checker_rule_row
preference_rule,runs/next_build/20260509/marginal_pref_only,20260509_reference,3c5844ed8465,,1,c83bbbf9325d,violation_count,"{""violations"":1}",100.0,generic_month_or_rule_deadline,redacted_generic_window,100.0,100.0,100.0,1,,,,,literal_banned_terms_redacted,official_checker_rule_row
preference_rule,runs/next_build/20260509/marginal_pref_only,20260509_reference,3c5844ed8465,,2,81e2ae9afa9c,violation_count,"{""violations"":30}",6000.0,generic_month_or_rule_deadline,redacted_generic_window,200.0,6000.0,6000.0,1,,,,,literal_banned_terms_redacted,official_checker_rule_row
preference_rule,runs/next_build/20260509/marginal_pref_only,20260509_reference,b8424551b996,,0,d57940e9aba5,violation_count,"{""violations"":30}",6000.0,generic_month_or_rule_deadline,redacted_generic_window,200.0,6000.0,6000.0,1,,,,,literal_banned_terms_redacted,official_checker_rule_row
preference_rule,runs/next_build/20260509/marginal_pref_only,20260509_reference,b8424551b996,,1,ff7e241299de,violation_count,"{""violations"":1}",400.0,generic_month_or_rule_deadline,redacted_generic_window,400.0,400.0,400.0,1,,,,,literal_banned_terms_redacted,official_checker_rule_row
preference_rule,runs/next_build/20260509/marginal_pref_only,20260509_reference,b8424551b996,,2,17ca4b67a52d,violation_count,"{""violations"":18}",3000.0,generic_month_or_rule_deadline,redacted_generic_window,166.67,3000.0,3000.0,1,,,,,literal_banned_terms_redacted,official_checker_rule_row
preference_rule,runs/next_build/20260509/marginal_pref_only,20260509_reference,b8424551b996,,3,e9a6b9640481,full_rest_day,"{""off_days"":0}",3000.0,generic_month_or_rule_deadline,redacted_generic_window,3000.0,3000.0,3000.0,1,,,,,literal_banned_terms_redacted,official_checker_rule_row
preference_rule,runs/next_build/20260509/marginal_pref_only,20260509_reference,0bcc30e5393c,,0,769e208fed14,violation_count,"{""violations"":30}",15000.0,generic_month_or_rule_deadline,redacted_generic_window,500.0,15000.0,15000.0,1,,,,,literal_banned_terms_redacted,official_checker_rule_row
preference_rule,runs/next_build/20260509/marginal_pref_only,20260509_reference,0bcc30e5393c,,1,44b9698e1ed8,violation_count,"{""violations"":6}",1680.0,generic_month_or_rule_deadline,redacted_generic_window,280.0,1680.0,1680.0,1,,,,,literal_banned_terms_redacted,official_checker_rule_row
preference_rule,runs/next_build/20260509/marginal_pref_only,20260509_reference,0bcc30e5393c,,2,af038c7fe7e1,violation_count,"{""violations"":13}",2400.0,generic_month_or_rule_deadline,redacted_generic_window,184.62,2400.0,2400.0,1,,,,,literal_banned_terms_redacted,official_checker_rule_row
preference_rule,runs/next_build/20260509/marginal_pref_only,20260509_reference,0bcc30e5393c,,3,626f9eaace2c,generic,{},800.0,generic_month_or_rule_deadline,redacted_generic_window,800.0,800.0,800.0,0,,,,,literal_banned_terms_redacted,official_checker_rule_row
preference_rule,runs/next_build/20260509/marginal_pref_only,20260509_reference,d1b26936cffa,,0,8ff546b60f7f,full_rest_day,"{""off_days"":0}",1500.0,generic_month_or_rule_deadline,redacted_generic_window,1500.0,1500.0,1500.0,1,,,,,literal_banned_terms_redacted,official_checker_rule_row
preference_rule,runs/next_build/20260509/marginal_pref_only,20260509_reference,d1b26936cffa,,1,e79137d53b95,violation_count,"{""violations"":21}",8400.0,generic_month_or_rule_deadline,redacted_generic_window,400.0,8400.0,8400.0,1,,,,,literal_banned_terms_redacted,official_checker_rule_row
preference_rule,runs/next_build/20260509/marginal_pref_only,20260509_reference,d1b26936cffa,,2,37acabfcfff4,violation_count,"{""violations"":10}",2000.0,generic_month_or_rule_deadline,redacted_generic_window,200.0,2000.0,2000.0,1,,,,,literal_banned_terms_redacted,official_checker_rule_row
preference_rule,runs/next_build/20260509/marginal_pref_only,20260509_reference,d1b26936cffa,,3,512b6d847293,violation_count,"{""violations"":15}",1500.0,generic_month_or_rule_deadline,redacted_generic_window,100.0,1500.0,1500.0,1,,,,,literal_banned_terms_redacted,official_checker_rule_row
preference_rule,runs/next_build/20260509/marginal_pref_only,20260509_reference,f9abd903cb86,,0,f2fbfe6873f0,date_specific,"{""satisfied"":false}",10000.0,generic_month_or_rule_deadline,redacted_generic_window,10000.0,10000.0,10000.0,1,,,,,literal_banned_terms_redacted,official_checker_rule_row
preference_rule,runs/next_build/20260509/marginal_pref_only,20260509_reference,f9abd903cb86,,1,466b01807713,violation_count,"{""violations"":30}",27000.0,generic_month_or_rule_deadline,redacted_generic_window,900.0,27000.0,27000.0,1,,,,,literal_banned_terms_redacted,official_checker_rule_row
preference_rule,runs/next_build/20260509/marginal_pref_only,20260509_reference,f9abd903cb86,,2,e1d623020e32,violation_count,"{""violations"":6}",2100.0,generic_month_or_rule_deadline,redacted_generic_window,350.0,2100.0,2100.0,1,,,,,literal_banned_terms_redacted,official_checker_rule_row
preference_rule,runs/next_build/20260509/marginal_pref_only,20260509_reference,263f61d9f731,,0,3da567b3a682,generic,{},30600.0,generic_month_or_rule_deadline,redacted_generic_window,30600.0,30600.0,30600.0,0,,,,,literal_banned_terms_redacted,official_checker_rule_row
preference_rule,runs/next_build/20260509/marginal_pref_only,20260509_reference,263f61d9f731,,1,eeef06133871,generic,{},3000.0,generic_month_or_rule_deadline,redacted_generic_window,3000.0,3000.0,3000.0,0,,,,,literal_banned_terms_redacted,official_checker_rule_row
preference_rule,runs/next_build/20260509/marginal_pref_only,20260509_reference,263f61d9f731,,2,fe506ffb3572,violation_count,"{""violations"":30}",6000.0,generic_month_or_rule_deadline,redacted_generic_window,200.0,6000.0,6000.0,1,,,,,literal_banned_terms_redacted,official_checker_rule_row
preference_rule,runs/next_build/20260509/marginal_pref_only,20260509_reference,263f61d9f731,,3,f37d4e6f83fa,violation_count,"{""violations"":2}",480.0,generic_month_or_rule_deadline,redacted_generic_window,240.0,480.0,480.0,1,,,,,literal_banned_terms_redacted,official_checker_rule_row
daily_rest_matrix,runs/next_build/20260509/marginal_pref_only,20260509_reference,0bcc30e5393c,0,,,daily_rest_observation,"{""wait_minutes"":150}",,day_end,redacted_daily_window,,,,,150,150,6,0,literal_banned_terms_redacted,action_trace_daily_rollup
daily_rest_matrix,runs/next_build/20260509/marginal_pref_only,20260509_reference,0bcc30e5393c,1,,,daily_rest_observation,"{""wait_minutes"":0}",,day_end,redacted_daily_window,,,,,0,0,10,0,literal_banned_terms_redacted,action_trace_daily_rollup
daily_rest_matrix,runs/next_build/20260509/marginal_pref_only,20260509_reference,0bcc30e5393c,2,,,daily_rest_observation,"{""wait_minutes"":0}",,day_end,redacted_daily_window,,,,,0,0,10,0,literal_banned_terms_redacted,action_trace_daily_rollup
daily_rest_matrix,runs/next_build/20260509/marginal_pref_only,20260509_reference,0bcc30e5393c,3,,,daily_rest_observation,"{""wait_minutes"":0}",,day_end,redacted_daily_window,,,,,0,0,0,0,literal_banned_terms_redacted,action_trace_daily_rollup
daily_rest_matrix,runs/next_build/20260509/marginal_pref_only,20260509_reference,0bcc30e5393c,4,,,daily_rest_observation,"{""wait_minutes"":0}",,day_end,redacted_daily_window,,,,,0,0,10,0,literal_banned_terms_redacted,action_trace_daily_rollup
daily_rest_matrix,runs/next_build/20260509/marginal_pref_only,20260509_reference,0bcc30e5393c,5,,,daily_rest_observation,"{""wait_minutes"":0}",,day_end,redacted_daily_window,,,,,0,0,10,0,literal_banned_terms_redacted,action_trace_daily_rollup
daily_rest_matrix,runs/next_build/20260509/marginal_pref_only,20260509_reference,0bcc30e5393c,6,,,daily_rest_observation,"{""wait_minutes"":0}",,day_end,redacted_daily_window,,,,,0,0,10,0,literal_banned_terms_redacted,action_trace_daily_rollup
daily_rest_matrix,runs/next_build/20260509/marginal_pref_only,20260509_reference,0bcc30e5393c,7,,,daily_rest_observation,"{""wait_minutes"":0}",,day_end,redacted_daily_window,,,,,0,0,10,0,literal_banned_terms_redacted,action_trace_daily_rollup
daily_rest_matrix,runs/next_build/20260509/marginal_pref_only,20260509_reference,0bcc30e5393c,8,,,daily_rest_observation,"{""wait_minutes"":0}",,day_end,redacted_daily_window,,,,,0,0,20,0,literal_banned_terms_redacted,action_trace_daily_rollup
daily_rest_matrix,runs/next_build/20260509/marginal_pref_only,20260509_reference,0bcc30e5393c,9,,,daily_rest_observation,"{""wait_minutes"":0}",,day_end,redacted_daily_window,,,,,0,0,10,0,literal_banned_terms_redacted,action_trace_daily_rollup
daily_rest_matrix,runs/next_build/20260509/marginal_pref_only,20260509_reference,0bcc30e5393c,10,,,daily_rest_observation,"{""wait_minutes"":0}",,day_end,redacted_daily_window,,,,,0,0,0,0,literal_banned_terms_redacted,action_trace_daily_rollup
daily_rest_matrix,runs/next_build/20260509/marginal_pref_only,20260509_reference,0bcc30e5393c,11,,,daily_rest_observation,"{""wait_minutes"":0}",,day_end,redacted_daily_window,,,,,0,0,10,0,literal_banned_terms_redacted,action_trace_daily_rollup
daily_rest_matrix,runs/next_build/20260509/marginal_pref_only,20260509_reference,0bcc30e5393c,12,,,daily_rest_observation,"{""wait_minutes"":0}",,day_end,redacted_daily_window,,,,,0,0,10,0,literal_banned_terms_redacted,action_trace_daily_rollup
daily_rest_matrix,runs/next_build/20260509/marginal_pref_only,20260509_reference,0bcc30e5393c,13,,,daily_rest_observation,"{""wait_minutes"":0}",,day_end,redacted_daily_window,,,,,0,0,10,0,literal_banned_terms_redacted,action_trace_daily_rollup
daily_rest_matrix,runs/next_build/20260509/marginal_pref_only,20260509_reference,0bcc30e5393c,14,,,daily_rest_observation,"{""wait_minutes"":0}",,day_end,redacted_daily_window,,,,,0,0,0,0,literal_banned_terms_redacted,action_trace_daily_rollup
daily_rest_matrix,runs/next_build/20260509/marginal_pref_only,20260509_reference,0bcc30e5393c,15,,,daily_rest_observation,"{""wait_minutes"":0}",,day_end,redacted_daily_window,,,,,0,0,10,0,literal_banned_terms_redacted,action_trace_daily_rollup
daily_rest_matrix,runs/next_build/20260509/marginal_pref_only,20260509_reference,0bcc30e5393c,16,,,daily_rest_observation,"{""wait_minutes"":0}",,day_end,redacted_daily_window,,,,,0,0,10,0,literal_banned_terms_redacted,action_trace_daily_rollup
daily_rest_matrix,runs/next_build/20260509/marginal_pref_only,20260509_reference,0bcc30e5393c,17,,,daily_rest_observation,"{""wait_minutes"":0}",,day_end,redacted_daily_window,,,,,0,0,10,0,literal_banned_terms_redacted,action_trace_daily_rollup
daily_rest_matrix,runs/next_build/20260509/marginal_pref_only,20260509_reference,0bcc30e5393c,18,,,daily_rest_observation,"{""wait_minutes"":0}",,day_end,redacted_daily_window,,,,,0,0,10,0,literal_banned_terms_redacted,action_trace_daily_rollup
daily_rest_matrix,runs/next_build/20260509/marginal_pref_only,20260509_reference,0bcc30e5393c,19,,,daily_rest_observation,"{""wait_minutes"":0}",,day_end,redacted_daily_window,,,,,0,0,10,0,literal_banned_terms_redacted,action_trace_daily_rollup
daily_rest_matrix,runs/next_build/20260509/marginal_pref_only,20260509_reference,0bcc30e5393c,20,,,daily_rest_observation,"{""wait_minutes"":0}",,day_end,redacted_daily_window,,,,,0,0,20,0,literal_banned_terms_redacted,action_trace_daily_rollup
daily_rest_matrix,runs/next_build/20260509/marginal_pref_only,20260509_reference,0bcc30e5393c,21,,,daily_rest_observation,"{""wait_minutes"":0}",,day_end,redacted_daily_window,,,,,0,0,0,0,literal_banned_terms_redacted,action_trace_daily_rollup
daily_rest_matrix,runs/next_build/20260509/marginal_pref_only,20260509_reference,0bcc30e5393c,22,,,daily_rest_observation,"{""wait_minutes"":0}",,day_end,redacted_daily_window,,,,,0,0,10,0,literal_banned_terms_redacted,action_trace_daily_rollup
daily_rest_matrix,runs/next_build/20260509/marginal_pref_only,20260509_reference,0bcc30e5393c,23,,,daily_rest_observation,"{""wait_minutes"":0}",,day_end,redacted_daily_window,,,,,0,0,10,0,literal_banned_terms_redacted,action_trace_daily_rollup
daily_rest_matrix,runs/next_build/20260509/marginal_pref_only,20260509_reference,0bcc30e5393c,24,,,daily_rest_observation,"{""wait_minutes"":0}",,day_end,redacted_daily_window,,,,,0,0,0,0,literal_banned_terms_redacted,action_trace_daily_rollup
daily_rest_matrix,runs/next_build/20260509/marginal_pref_only,20260509_reference,0bcc30e5393c,25,,,daily_rest_observation,"{""wait_minutes"":0}",,day_end,redacted_daily_window,,,,,0,0,20,0,literal_banned_terms_redacted,action_trace_daily_rollup
daily_rest_matrix,runs/next_build/20260509/marginal_pref_only,20260509_reference,0bcc30e5393c,26,,,daily_rest_observation,"{""wait_minutes"":0}",,day_end,redacted_daily_window,,,,,0,0,10,0,literal_banned_terms_redacted,action_trace_daily_rollup
daily_rest_matrix,runs/next_build/20260509/marginal_pref_only,20260509_reference,0bcc30e5393c,27,,,daily_rest_observation,"{""wait_minutes"":0}",,day_end,redacted_daily_window,,,,,0,0,10,0,literal_banned_terms_redacted,action_trace_daily_rollup
daily_rest_matrix,runs/next_build/20260509/marginal_pref_only,20260509_reference,0bcc30e5393c,28,,,daily_rest_observation,"{""wait_minutes"":0}",,day_end,redacted_daily_window,,,,,0,0,10,0,literal_banned_terms_redacted,action_trace_daily_rollup
daily_rest_matrix,runs/next_build/20260509/marginal_pref_only,20260509_reference,0bcc30e5393c,29,,,daily_rest_observation,"{""wait_minutes"":0}",,day_end,redacted_daily_window,,,,,0,0,0,0,literal_banned_terms_redacted,action_trace_daily_rollup
daily_rest_matrix,runs/next_build/20260509/marginal_pref_only,20260509_reference,0bcc30e5393c,30,,,daily_rest_observation,"{""wait_minutes"":29}",,day_end,redacted_daily_window,,,,,29,29,0,0,literal_banned_terms_redacted,action_trace_daily_rollup
daily_rest_matrix,runs/next_build/20260509/marginal_pref_only,20260509_reference,263f61d9f731,0,,,daily_rest_observation,"{""wait_minutes"":150}",,day_end,redacted_daily_window,,,,,150,150,6,0,literal_banned_terms_redacted,action_trace_daily_rollup
daily_rest_matrix,runs/next_build/20260509/marginal_pref_only,20260509_reference,263f61d9f731,1,,,daily_rest_observation,"{""wait_minutes"":0}",,day_end,redacted_daily_window,,,,,0,0,20,0,literal_banned_terms_redacted,action_trace_daily_rollup
daily_rest_matrix,runs/next_build/20260509/marginal_pref_only,20260509_reference,263f61d9f731,2,,,daily_rest_observation,"{""wait_minutes"":0}",,day_end,redacted_daily_window,,,,,0,0,10,0,literal_banned_terms_redacted,action_trace_daily_rollup
daily_rest_matrix,runs/next_build/20260509/marginal_pref_only,20260509_reference,263f61d9f731,3,,,daily_rest_observation,"{""wait_minutes"":0}",,day_end,redacted_daily_window,,,,,0,0,10,0,literal_banned_terms_redacted,action_trace_daily_rollup
daily_rest_matrix,runs/next_build/20260509/marginal_pref_only,20260509_reference,263f61d9f731,4,,,daily_rest_observation,"{""wait_minutes"":0}",,day_end,redacted_daily_window,,,,,0,0,10,0,literal_banned_terms_redacted,action_trace_daily_rollup
daily_rest_matrix,runs/next_build/20260509/marginal_pref_only,20260509_reference,263f61d9f731,5,,,daily_rest_observation,"{""wait_minutes"":0}",,day_end,redacted_daily_window,,,,,0,0,20,0,literal_banned_terms_redacted,action_trace_daily_rollup
daily_rest_matrix,runs/next_build/20260509/marginal_pref_only,20260509_reference,263f61d9f731,6,,,daily_rest_observation,"{""wait_minutes"":0}",,day_end,redacted_daily_window,,,,,0,0,10,0,literal_banned_terms_redacted,action_trace_daily_rollup
daily_rest_matrix,runs/next_build/20260509/marginal_pref_only,20260509_reference,263f61d9f731,7,,,daily_rest_observation,"{""wait_minutes"":0}",,day_end,redacted_daily_window,,,,,0,0,0,0,literal_banned_terms_redacted,action_trace_daily_rollup
daily_rest_matrix,runs/next_build/20260509/marginal_pref_only,20260509_reference,263f61d9f731,8,,,daily_rest_observation,"{""wait_minutes"":0}",,day_end,redacted_daily_window,,,,,0,0,10,0,literal_banned_terms_redacted,action_trace_daily_rollup
daily_rest_matrix,runs/next_build/20260509/marginal_pref_only,20260509_reference,263f61d9f731,9,,,daily_rest_observation,"{""wait_minutes"":0}",,day_end,redacted_daily_window,,,,,0,0,10,0,literal_banned_terms_redacted,action_trace_daily_rollup
daily_rest_matrix,runs/next_build/20260509/marginal_pref_only,20260509_reference,263f61d9f731,10,,,daily_rest_observation,"{""wait_minutes"":0}",,day_end,redacted_daily_window,,,,,0,0,0,0,literal_banned_terms_redacted,action_trace_daily_rollup
daily_rest_matrix,runs/next_build/20260509/marginal_pref_only,20260509_reference,263f61d9f731,11,,,daily_rest_observation,"{""wait_minutes"":0}",,day_end,redacted_daily_window,,,,,0,0,10,0,literal_banned_terms_redacted,action_trace_daily_rollup
daily_rest_matrix,runs/next_build/20260509/marginal_pref_only,20260509_reference,263f61d9f731,12,,,daily_rest_observation,"{""wait_minutes"":0}",,day_end,redacted_daily_window,,,,,0,0,10,0,literal_banned_terms_redacted,action_trace_daily_rollup
daily_rest_matrix,runs/next_build/20260509/marginal_pref_only,20260509_reference,263f61d9f731,13,,,daily_rest_observation,"{""wait_minutes"":0}",,day_end,redacted_daily_window,,,,,0,0,10,0,literal_banned_terms_redacted,action_trace_daily_rollup
daily_rest_matrix,runs/next_build/20260509/marginal_pref_only,20260509_reference,263f61d9f731,14,,,daily_rest_observation,"{""wait_minutes"":0}",,day_end,redacted_daily_window,,,,,0,0,0,0,literal_banned_terms_redacted,action_trace_daily_rollup
daily_rest_matrix,runs/next_build/20260509/marginal_pref_only,20260509_reference,263f61d9f731,15,,,daily_rest_observation,"{""wait_minutes"":0}",,day_end,redacted_daily_window,,,,,0,0,10,0,literal_banned_terms_redacted,action_trace_daily_rollup
daily_rest_matrix,runs/next_build/20260509/marginal_pref_only,20260509_reference,263f61d9f731,16,,,daily_rest_observation,"{""wait_minutes"":0}",,day_end,redacted_daily_window,,,,,0,0,10,0,literal_banned_terms_redacted,action_trace_daily_rollup
daily_rest_matrix,runs/next_build/20260509/marginal_pref_only,20260509_reference,263f61d9f731,17,,,daily_rest_observation,"{""wait_minutes"":0}",,day_end,redacted_daily_window,,,,,0,0,10,0,literal_banned_terms_redacted,action_trace_daily_rollup
daily_rest_matrix,runs/next_build/20260509/marginal_pref_only,20260509_reference,263f61d9f731,18,,,daily_rest_observation,"{""wait_minutes"":0}",,day_end,redacted_daily_window,,,,,0,0,10,0,literal_banned_terms_redacted,action_trace_daily_rollup
daily_rest_matrix,runs/next_build/20260509/marginal_pref_only,20260509_reference,263f61d9f731,19,,,daily_rest_observation,"{""wait_minutes"":0}",,day_end,redacted_daily_window,,,,,0,0,10,0,literal_banned_terms_redacted,action_trace_daily_rollup
daily_rest_matrix,runs/next_build/20260509/marginal_pref_only,20260509_reference,263f61d9f731,20,,,daily_rest_observation,"{""wait_minutes"":0}",,day_end,redacted_daily_window,,,,,0,0,20,0,literal_banned_terms_redacted,action_trace_daily_rollup
daily_rest_matrix,runs/next_build/20260509/marginal_pref_only,20260509_reference,263f61d9f731,21,,,daily_rest_observation,"{""wait_minutes"":0}",,day_end,redacted_daily_window,,,,,0,0,0,0,literal_banned_terms_redacted,action_trace_daily_rollup
daily_rest_matrix,runs/next_build/20260509/marginal_pref_only,20260509_reference,263f61d9f731,22,,,daily_rest_observation,"{""wait_minutes"":0}",,day_end,redacted_daily_window,,,,,0,0,10,0,literal_banned_terms_redacted,action_trace_daily_rollup
daily_rest_matrix,runs/next_build/20260509/marginal_pref_only,20260509_reference,263f61d9f731,23,,,daily_rest_observation,"{""wait_minutes"":0}",,day_end,redacted_daily_window,,,,,0,0,10,0,literal_banned_terms_redacted,action_trace_daily_rollup
daily_rest_matrix,runs/next_build/20260509/marginal_pref_only,20260509_reference,263f61d9f731,24,,,daily_rest_observation,"{""wait_minutes"":0}",,day_end,redacted_daily_window,,,,,0,0,0,0,literal_banned_terms_redacted,action_trace_daily_rollup
daily_rest_matrix,runs/next_build/20260509/marginal_pref_only,20260509_reference,263f61d9f731,25,,,daily_rest_observation,"{""wait_minutes"":0}",,day_end,redacted_daily_window,,,,,0,0,20,0,literal_banned_terms_redacted,action_trace_daily_rollup
daily_rest_matrix,runs/next_build/20260509/marginal_pref_only,20260509_reference,263f61d9f731,26,,,daily_rest_observation,"{""wait_minutes"":0}",,day_end,redacted_daily_window,,,,,0,0,10,0,literal_banned_terms_redacted,action_trace_daily_rollup
daily_rest_matrix,runs/next_build/20260509/marginal_pref_only,20260509_reference,263f61d9f731,27,,,daily_rest_observation,"{""wait_minutes"":0}",,day_end,redacted_daily_window,,,,,0,0,10,0,literal_banned_terms_redacted,action_trace_daily_rollup
daily_rest_matrix,runs/next_build/20260509/marginal_pref_only,20260509_reference,263f61d9f731,28,,,daily_rest_observation,"{""wait_minutes"":0}",,day_end,redacted_daily_window,,,,,0,0,10,0,literal_banned_terms_redacted,action_trace_daily_rollup
daily_rest_matrix,runs/next_build/20260509/marginal_pref_only,20260509_reference,263f61d9f731,29,,,daily_rest_observation,"{""wait_minutes"":0}",,day_end,redacted_daily_window,,,,,0,0,0,0,literal_banned_terms_redacted,action_trace_daily_rollup
daily_rest_matrix,runs/next_build/20260509/marginal_pref_only,20260509_reference,263f61d9f731,30,,,daily_rest_observation,"{""wait_minutes"":29}",,day_end,redacted_daily_window,,,,,29,29,0,0,literal_banned_terms_redacted,action_trace_daily_rollup
daily_rest_matrix,runs/next_build/20260509/marginal_pref_only,20260509_reference,3c5844ed8465,0,,,daily_rest_observation,"{""wait_minutes"":150}",,day_end,redacted_daily_window,,,,,150,150,6,0,literal_banned_terms_redacted,action_trace_daily_rollup
daily_rest_matrix,runs/next_build/20260509/marginal_pref_only,20260509_reference,3c5844ed8465,1,,,daily_rest_observation,"{""wait_minutes"":0}",,day_end,redacted_daily_window,,,,,0,0,10,0,literal_banned_terms_redacted,action_trace_daily_rollup
daily_rest_matrix,runs/next_build/20260509/marginal_pref_only,20260509_reference,3c5844ed8465,2,,,daily_rest_observation,"{""wait_minutes"":0}",,day_end,redacted_daily_window,,,,,0,0,10,0,literal_banned_terms_redacted,action_trace_daily_rollup
daily_rest_matrix,runs/next_build/20260509/marginal_pref_only,20260509_reference,3c5844ed8465,3,,,daily_rest_observation,"{""wait_minutes"":0}",,day_end,redacted_daily_window,,,,,0,0,0,0,literal_banned_terms_redacted,action_trace_daily_rollup
daily_rest_matrix,runs/next_build/20260509/marginal_pref_only,20260509_reference,3c5844ed8465,4,,,daily_rest_observation,"{""wait_minutes"":0}",,day_end,redacted_daily_window,,,,,0,0,10,0,literal_banned_terms_redacted,action_trace_daily_rollup
daily_rest_matrix,runs/next_build/20260509/marginal_pref_only,20260509_reference,3c5844ed8465,5,,,daily_rest_observation,"{""wait_minutes"":0}",,day_end,redacted_daily_window,,,,,0,0,10,0,literal_banned_terms_redacted,action_trace_daily_rollup
daily_rest_matrix,runs/next_build/20260509/marginal_pref_only,20260509_reference,3c5844ed8465,6,,,daily_rest_observation,"{""wait_minutes"":0}",,day_end,redacted_daily_window,,,,,0,0,10,0,literal_banned_terms_redacted,action_trace_daily_rollup
daily_rest_matrix,runs/next_build/20260509/marginal_pref_only,20260509_reference,3c5844ed8465,7,,,daily_rest_observation,"{""wait_minutes"":0}",,day_end,redacted_daily_window,,,,,0,0,10,0,literal_banned_terms_redacted,action_trace_daily_rollup
daily_rest_matrix,runs/next_build/20260509/marginal_pref_only,20260509_reference,3c5844ed8465,8,,,daily_rest_observation,"{""wait_minutes"":0}",,day_end,redacted_daily_window,,,,,0,0,20,0,literal_banned_terms_redacted,action_trace_daily_rollup
daily_rest_matrix,runs/next_build/20260509/marginal_pref_only,20260509_reference,3c5844ed8465,9,,,daily_rest_observation,"{""wait_minutes"":0}",,day_end,redacted_daily_window,,,,,0,0,10,0,literal_banned_terms_redacted,action_trace_daily_rollup
daily_rest_matrix,runs/next_build/20260509/marginal_pref_only,20260509_reference,3c5844ed8465,10,,,daily_rest_observation,"{""wait_minutes"":0}",,day_end,redacted_daily_window,,,,,0,0,0,0,literal_banned_terms_redacted,action_trace_daily_rollup
daily_rest_matrix,runs/next_build/20260509/marginal_pref_only,20260509_reference,3c5844ed8465,11,,,daily_rest_observation,"{""wait_minutes"":0}",,day_end,redacted_daily_window,,,,,0,0,10,0,literal_banned_terms_redacted,action_trace_daily_rollup
daily_rest_matrix,runs/next_build/20260509/marginal_pref_only,20260509_reference,3c5844ed8465,12,,,daily_rest_observation,"{""wait_minutes"":0}",,day_end,redacted_daily_window,,,,,0,0,10,0,literal_banned_terms_redacted,action_trace_daily_rollup
daily_rest_matrix,runs/next_build/20260509/marginal_pref_only,20260509_reference,3c5844ed8465,13,,,daily_rest_observation,"{""wait_minutes"":0}",,day_end,redacted_daily_window,,,,,0,0,10,0,literal_banned_terms_redacted,action_trace_daily_rollup
daily_rest_matrix,runs/next_build/20260509/marginal_pref_only,20260509_reference,3c5844ed8465,14,,,daily_rest_observation,"{""wait_minutes"":0}",,day_end,redacted_daily_window,,,,,0,0,0,0,literal_banned_terms_redacted,action_trace_daily_rollup
daily_rest_matrix,runs/next_build/20260509/marginal_pref_only,20260509_reference,3c5844ed8465,15,,,daily_rest_observation,"{""wait_minutes"":0}",,day_end,redacted_daily_window,,,,,0,0,10,0,literal_banned_terms_redacted,action_trace_daily_rollup
daily_rest_matrix,runs/next_build/20260509/marginal_pref_only,20260509_reference,3c5844ed8465,16,,,daily_rest_observation,"{""wait_minutes"":0}",,day_end,redacted_daily_window,,,,,0,0,10,0,literal_banned_terms_redacted,action_trace_daily_rollup
daily_rest_matrix,runs/next_build/20260509/marginal_pref_only,20260509_reference,3c5844ed8465,17,,,daily_rest_observation,"{""wait_minutes"":0}",,day_end,redacted_daily_window,,,,,0,0,10,0,literal_banned_terms_redacted,action_trace_daily_rollup
daily_rest_matrix,runs/next_build/20260509/marginal_pref_only,20260509_reference,3c5844ed8465,18,,,daily_rest_observation,"{""wait_minutes"":0}",,day_end,redacted_daily_window,,,,,0,0,10,0,literal_banned_terms_redacted,action_trace_daily_rollup
daily_rest_matrix,runs/next_build/20260509/marginal_pref_only,20260509_reference,3c5844ed8465,19,,,daily_rest_observation,"{""wait_minutes"":0}",,day_end,redacted_daily_window,,,,,0,0,10,0,literal_banned_terms_redacted,action_trace_daily_rollup
daily_rest_matrix,runs/next_build/20260509/marginal_pref_only,20260509_reference,3c5844ed8465,20,,,daily_rest_observation,"{""wait_minutes"":0}",,day_end,redacted_daily_window,,,,,0,0,20,0,literal_banned_terms_redacted,action_trace_daily_rollup
daily_rest_matrix,runs/next_build/20260509/marginal_pref_only,20260509_reference,3c5844ed8465,21,,,daily_rest_observation,"{""wait_minutes"":0}",,day_end,redacted_daily_window,,,,,0,0,0,0,literal_banned_terms_redacted,action_trace_daily_rollup
daily_rest_matrix,runs/next_build/20260509/marginal_pref_only,20260509_reference,3c5844ed8465,22,,,daily_rest_observation,"{""wait_minutes"":0}",,day_end,redacted_daily_window,,,,,0,0,10,0,literal_banned_terms_redacted,action_trace_daily_rollup
daily_rest_matrix,runs/next_build/20260509/marginal_pref_only,20260509_reference,3c5844ed8465,23,,,daily_rest_observation,"{""wait_minutes"":0}",,day_end,redacted_daily_window,,,,,0,0,10,0,literal_banned_terms_redacted,action_trace_daily_rollup
daily_rest_matrix,runs/next_build/20260509/marginal_pref_only,20260509_reference,3c5844ed8465,24,,,daily_rest_observation,"{""wait_minutes"":0}",,day_end,redacted_daily_window,,,,,0,0,0,0,literal_banned_terms_redacted,action_trace_daily_rollup
daily_rest_matrix,runs/next_build/20260509/marginal_pref_only,20260509_reference,3c5844ed8465,25,,,daily_rest_observation,"{""wait_minutes"":0}",,day_end,redacted_daily_window,,,,,0,0,20,0,literal_banned_terms_redacted,action_trace_daily_rollup
daily_rest_matrix,runs/next_build/20260509/marginal_pref_only,20260509_reference,3c5844ed8465,26,,,daily_rest_observation,"{""wait_minutes"":0}",,day_end,redacted_daily_window,,,,,0,0,10,0,literal_banned_terms_redacted,action_trace_daily_rollup
daily_rest_matrix,runs/next_build/20260509/marginal_pref_only,20260509_reference,3c5844ed8465,27,,,daily_rest_observation,"{""wait_minutes"":0}",,day_end,redacted_daily_window,,,,,0,0,10,0,literal_banned_terms_redacted,action_trace_daily_rollup
daily_rest_matrix,runs/next_build/20260509/marginal_pref_only,20260509_reference,3c5844ed8465,28,,,daily_rest_observation,"{""wait_minutes"":0}",,day_end,redacted_daily_window,,,,,0,0,10,0,literal_banned_terms_redacted,action_trace_daily_rollup
daily_rest_matrix,runs/next_build/20260509/marginal_pref_only,20260509_reference,3c5844ed8465,29,,,daily_rest_observation,"{""wait_minutes"":0}",,day_end,redacted_daily_window,,,,,0,0,0,0,literal_banned_terms_redacted,action_trace_daily_rollup
daily_rest_matrix,runs/next_build/20260509/marginal_pref_only,20260509_reference,3c5844ed8465,30,,,daily_rest_observation,"{""wait_minutes"":29}",,day_end,redacted_daily_window,,,,,29,29,0,0,literal_banned_terms_redacted,action_trace_daily_rollup
daily_rest_matrix,runs/next_build/20260509/marginal_pref_only,20260509_reference,3e0e35341231,0,,,daily_rest_observation,"{""wait_minutes"":150}",,day_end,redacted_daily_window,,,,,150,150,6,0,literal_banned_terms_redacted,action_trace_daily_rollup
daily_rest_matrix,runs/next_build/20260509/marginal_pref_only,20260509_reference,3e0e35341231,1,,,daily_rest_observation,"{""wait_minutes"":0}",,day_end,redacted_daily_window,,,,,0,0,20,0,literal_banned_terms_redacted,action_trace_daily_rollup
daily_rest_matrix,runs/next_build/20260509/marginal_pref_only,20260509_reference,3e0e35341231,2,,,daily_rest_observation,"{""wait_minutes"":0}",,day_end,redacted_daily_window,,,,,0,0,10,0,literal_banned_terms_redacted,action_trace_daily_rollup
daily_rest_matrix,runs/next_build/20260509/marginal_pref_only,20260509_reference,3e0e35341231,3,,,daily_rest_observation,"{""wait_minutes"":0}",,day_end,redacted_daily_window,,,,,0,0,10,0,literal_banned_terms_redacted,action_trace_daily_rollup
daily_rest_matrix,runs/next_build/20260509/marginal_pref_only,20260509_reference,3e0e35341231,4,,,daily_rest_observation,"{""wait_minutes"":0}",,day_end,redacted_daily_window,,,,,0,0,10,0,literal_banned_terms_redacted,action_trace_daily_rollup
daily_rest_matrix,runs/next_build/20260509/marginal_pref_only,20260509_reference,3e0e35341231,5,,,daily_rest_observation,"{""wait_minutes"":0}",,day_end,redacted_daily_window,,,,,0,0,20,0,literal_banned_terms_redacted,action_trace_daily_rollup
daily_rest_matrix,runs/next_build/20260509/marginal_pref_only,20260509_reference,3e0e35341231,6,,,daily_rest_observation,"{""wait_minutes"":0}",,day_end,redacted_daily_window,,,,,0,0,10,0,literal_banned_terms_redacted,action_trace_daily_rollup
daily_rest_matrix,runs/next_build/20260509/marginal_pref_only,20260509_reference,3e0e35341231,7,,,daily_rest_observation,"{""wait_minutes"":0}",,day_end,redacted_daily_window,,,,,0,0,0,0,literal_banned_terms_redacted,action_trace_daily_rollup
daily_rest_matrix,runs/next_build/20260509/marginal_pref_only,20260509_reference,3e0e35341231,8,,,daily_rest_observation,"{""wait_minutes"":0}",,day_end,redacted_daily_window,,,,,0,0,10,0,literal_banned_terms_redacted,action_trace_daily_rollup
daily_rest_matrix,runs/next_build/20260509/marginal_pref_only,20260509_reference,3e0e35341231,9,,,daily_rest_observation,"{""wait_minutes"":0}",,day_end,redacted_daily_window,,,,,0,0,10,0,literal_banned_terms_redacted,action_trace_daily_rollup
daily_rest_matrix,runs/next_build/20260509/marginal_pref_only,20260509_reference,3e0e35341231,10,,,daily_rest_observation,"{""wait_minutes"":0}",,day_end,redacted_daily_window,,,,,0,0,0,0,literal_banned_terms_redacted,action_trace_daily_rollup
daily_rest_matrix,runs/next_build/20260509/marginal_pref_only,20260509_reference,3e0e35341231,11,,,daily_rest_observation,"{""wait_minutes"":0}",,day_end,redacted_daily_window,,,,,0,0,10,0,literal_banned_terms_redacted,action_trace_daily_rollup
daily_rest_matrix,runs/next_build/20260509/marginal_pref_only,20260509_reference,3e0e35341231,12,,,daily_rest_observation,"{""wait_minutes"":0}",,day_end,redacted_daily_window,,,,,0,0,10,0,literal_banned_terms_redacted,action_trace_daily_rollup
daily_rest_matrix,runs/next_build/20260509/marginal_pref_only,20260509_reference,3e0e35341231,13,,,daily_rest_observation,"{""wait_minutes"":0}",,day_end,redacted_daily_window,,,,,0,0,10,0,literal_banned_terms_redacted,action_trace_daily_rollup
daily_rest_matrix,runs/next_build/20260509/marginal_pref_only,20260509_reference,3e0e35341231,14,,,daily_rest_observation,"{""wait_minutes"":0}",,day_end,redacted_daily_window,,,,,0,0,0,0,literal_banned_terms_redacted,action_trace_daily_rollup
daily_rest_matrix,runs/next_build/20260509/marginal_pref_only,20260509_reference,3e0e35341231,15,,,daily_rest_observation,"{""wait_minutes"":0}",,day_end,redacted_daily_window,,,,,0,0,10,0,literal_banned_terms_redacted,action_trace_daily_rollup
daily_rest_matrix,runs/next_build/20260509/marginal_pref_only,20260509_reference,3e0e35341231,16,,,daily_rest_observation,"{""wait_minutes"":0}",,day_end,redacted_daily_window,,,,,0,0,10,0,literal_banned_terms_redacted,action_trace_daily_rollup
daily_rest_matrix,runs/next_build/20260509/marginal_pref_only,20260509_reference,3e0e35341231,17,,,daily_rest_observation,"{""wait_minutes"":0}",,day_end,redacted_daily_window,,,,,0,0,10,0,literal_banned_terms_redacted,action_trace_daily_rollup
daily_rest_matrix,runs/next_build/20260509/marginal_pref_only,20260509_reference,3e0e35341231,18,,,daily_rest_observation,"{""wait_minutes"":0}",,day_end,redacted_daily_window,,,,,0,0,10,0,literal_banned_terms_redacted,action_trace_daily_rollup
daily_rest_matrix,runs/next_build/20260509/marginal_pref_only,20260509_reference,3e0e35341231,19,,,daily_rest_observation,"{""wait_minutes"":0}",,day_end,redacted_daily_window,,,,,0,0,10,0,literal_banned_terms_redacted,action_trace_daily_rollup
daily_rest_matrix,runs/next_build/20260509/marginal_pref_only,20260509_reference,3e0e35341231,20,,,daily_rest_observation,"{""wait_minutes"":0}",,day_end,redacted_daily_window,,,,,0,0,20,0,literal_banned_terms_redacted,action_trace_daily_rollup
daily_rest_matrix,runs/next_build/20260509/marginal_pref_only,20260509_reference,3e0e35341231,21,,,daily_rest_observation,"{""wait_minutes"":0}",,day_end,redacted_daily_window,,,,,0,0,0,0,literal_banned_terms_redacted,action_trace_daily_rollup
daily_rest_matrix,runs/next_build/20260509/marginal_pref_only,20260509_reference,3e0e35341231,22,,,daily_rest_observation,"{""wait_minutes"":0}",,day_end,redacted_daily_window,,,,,0,0,10,0,literal_banned_terms_redacted,action_trace_daily_rollup
daily_rest_matrix,runs/next_build/20260509/marginal_pref_only,20260509_reference,3e0e35341231,23,,,daily_rest_observation,"{""wait_minutes"":0}",,day_end,redacted_daily_window,,,,,0,0,10,0,literal_banned_terms_redacted,action_trace_daily_rollup
daily_rest_matrix,runs/next_build/20260509/marginal_pref_only,20260509_reference,3e0e35341231,24,,,daily_rest_observation,"{""wait_minutes"":0}",,day_end,redacted_daily_window,,,,,0,0,0,0,literal_banned_terms_redacted,action_trace_daily_rollup
daily_rest_matrix,runs/next_build/20260509/marginal_pref_only,20260509_reference,3e0e35341231,25,,,daily_rest_observation,"{""wait_minutes"":0}",,day_end,redacted_daily_window,,,,,0,0,20,0,literal_banned_terms_redacted,action_trace_daily_rollup
daily_rest_matrix,runs/next_build/20260509/marginal_pref_only,20260509_reference,3e0e35341231,26,,,daily_rest_observation,"{""wait_minutes"":0}",,day_end,redacted_daily_window,,,,,0,0,10,0,literal_banned_terms_redacted,action_trace_daily_rollup
daily_rest_matrix,runs/next_build/20260509/marginal_pref_only,20260509_reference,3e0e35341231,27,,,daily_rest_observation,"{""wait_minutes"":0}",,day_end,redacted_daily_window,,,,,0,0,10,0,literal_banned_terms_redacted,action_trace_daily_rollup
daily_rest_matrix,runs/next_build/20260509/marginal_pref_only,20260509_reference,3e0e35341231,28,,,daily_rest_observation,"{""wait_minutes"":0}",,day_end,redacted_daily_window,,,,,0,0,10,0,literal_banned_terms_redacted,action_trace_daily_rollup
daily_rest_matrix,runs/next_build/20260509/marginal_pref_only,20260509_reference,3e0e35341231,29,,,daily_rest_observation,"{""wait_minutes"":0}",,day_end,redacted_daily_window,,,,,0,0,0,0,literal_banned_terms_redacted,action_trace_daily_rollup
daily_rest_matrix,runs/next_build/20260509/marginal_pref_only,20260509_reference,3e0e35341231,30,,,daily_rest_observation,"{""wait_minutes"":29}",,day_end,redacted_daily_window,,,,,29,29,0,0,literal_banned_terms_redacted,action_trace_daily_rollup
daily_rest_matrix,runs/next_build/20260509/marginal_pref_only,20260509_reference,983f9a2734ca,0,,,daily_rest_observation,"{""wait_minutes"":150}",,day_end,redacted_daily_window,,,,,150,150,6,0,literal_banned_terms_redacted,action_trace_daily_rollup
daily_rest_matrix,runs/next_build/20260509/marginal_pref_only,20260509_reference,983f9a2734ca,1,,,daily_rest_observation,"{""wait_minutes"":0}",,day_end,redacted_daily_window,,,,,0,0,10,0,literal_banned_terms_redacted,action_trace_daily_rollup
daily_rest_matrix,runs/next_build/20260509/marginal_pref_only,20260509_reference,983f9a2734ca,2,,,daily_rest_observation,"{""wait_minutes"":0}",,day_end,redacted_daily_window,,,,,0,0,10,0,literal_banned_terms_redacted,action_trace_daily_rollup
daily_rest_matrix,runs/next_build/20260509/marginal_pref_only,20260509_reference,983f9a2734ca,3,,,daily_rest_observation,"{""wait_minutes"":0}",,day_end,redacted_daily_window,,,,,0,0,0,0,literal_banned_terms_redacted,action_trace_daily_rollup
daily_rest_matrix,runs/next_build/20260509/marginal_pref_only,20260509_reference,983f9a2734ca,4,,,daily_rest_observation,"{""wait_minutes"":0}",,day_end,redacted_daily_window,,,,,0,0,10,0,literal_banned_terms_redacted,action_trace_daily_rollup
daily_rest_matrix,runs/next_build/20260509/marginal_pref_only,20260509_reference,983f9a2734ca,5,,,daily_rest_observation,"{""wait_minutes"":0}",,day_end,redacted_daily_window,,,,,0,0,10,0,literal_banned_terms_redacted,action_trace_daily_rollup
daily_rest_matrix,runs/next_build/20260509/marginal_pref_only,20260509_reference,983f9a2734ca,6,,,daily_rest_observation,"{""wait_minutes"":0}",,day_end,redacted_daily_window,,,,,0,0,10,0,literal_banned_terms_redacted,action_trace_daily_rollup
daily_rest_matrix,runs/next_build/20260509/marginal_pref_only,20260509_reference,983f9a2734ca,7,,,daily_rest_observation,"{""wait_minutes"":0}",,day_end,redacted_daily_window,,,,,0,0,10,0,literal_banned_terms_redacted,action_trace_daily_rollup
daily_rest_matrix,runs/next_build/20260509/marginal_pref_only,20260509_reference,983f9a2734ca,8,,,daily_rest_observation,"{""wait_minutes"":0}",,day_end,redacted_daily_window,,,,,0,0,20,0,literal_banned_terms_redacted,action_trace_daily_rollup
daily_rest_matrix,runs/next_build/20260509/marginal_pref_only,20260509_reference,983f9a2734ca,9,,,daily_rest_observation,"{""wait_minutes"":0}",,day_end,redacted_daily_window,,,,,0,0,10,0,literal_banned_terms_redacted,action_trace_daily_rollup
daily_rest_matrix,runs/next_build/20260509/marginal_pref_only,20260509_reference,983f9a2734ca,10,,,daily_rest_observation,"{""wait_minutes"":0}",,day_end,redacted_daily_window,,,,,0,0,0,0,literal_banned_terms_redacted,action_trace_daily_rollup
daily_rest_matrix,runs/next_build/20260509/marginal_pref_only,20260509_reference,983f9a2734ca,11,,,daily_rest_observation,"{""wait_minutes"":0}",,day_end,redacted_daily_window,,,,,0,0,10,0,literal_banned_terms_redacted,action_trace_daily_rollup
daily_rest_matrix,runs/next_build/20260509/marginal_pref_only,20260509_reference,983f9a2734ca,12,,,daily_rest_observation,"{""wait_minutes"":0}",,day_end,redacted_daily_window,,,,,0,0,10,0,literal_banned_terms_redacted,action_trace_daily_rollup
daily_rest_matrix,runs/next_build/20260509/marginal_pref_only,20260509_reference,983f9a2734ca,13,,,daily_rest_observation,"{""wait_minutes"":0}",,day_end,redacted_daily_window,,,,,0,0,10,0,literal_banned_terms_redacted,action_trace_daily_rollup
daily_rest_matrix,runs/next_build/20260509/marginal_pref_only,20260509_reference,983f9a2734ca,14,,,daily_rest_observation,"{""wait_minutes"":0}",,day_end,redacted_daily_window,,,,,0,0,0,0,literal_banned_terms_redacted,action_trace_daily_rollup
daily_rest_matrix,runs/next_build/20260509/marginal_pref_only,20260509_reference,983f9a2734ca,15,,,daily_rest_observation,"{""wait_minutes"":0}",,day_end,redacted_daily_window,,,,,0,0,10,0,literal_banned_terms_redacted,action_trace_daily_rollup
daily_rest_matrix,runs/next_build/20260509/marginal_pref_only,20260509_reference,983f9a2734ca,16,,,daily_rest_observation,"{""wait_minutes"":0}",,day_end,redacted_daily_window,,,,,0,0,10,0,literal_banned_terms_redacted,action_trace_daily_rollup
daily_rest_matrix,runs/next_build/20260509/marginal_pref_only,20260509_reference,983f9a2734ca,17,,,daily_rest_observation,"{""wait_minutes"":0}",,day_end,redacted_daily_window,,,,,0,0,10,0,literal_banned_terms_redacted,action_trace_daily_rollup
daily_rest_matrix,runs/next_build/20260509/marginal_pref_only,20260509_reference,983f9a2734ca,18,,,daily_rest_observation,"{""wait_minutes"":0}",,day_end,redacted_daily_window,,,,,0,0,10,0,literal_banned_terms_redacted,action_trace_daily_rollup
daily_rest_matrix,runs/next_build/20260509/marginal_pref_only,20260509_reference,983f9a2734ca,19,,,daily_rest_observation,"{""wait_minutes"":0}",,day_end,redacted_daily_window,,,,,0,0,10,0,literal_banned_terms_redacted,action_trace_daily_rollup
daily_rest_matrix,runs/next_build/20260509/marginal_pref_only,20260509_reference,983f9a2734ca,20,,,daily_rest_observation,"{""wait_minutes"":0}",,day_end,redacted_daily_window,,,,,0,0,20,0,literal_banned_terms_redacted,action_trace_daily_rollup
daily_rest_matrix,runs/next_build/20260509/marginal_pref_only,20260509_reference,983f9a2734ca,21,,,daily_rest_observation,"{""wait_minutes"":0}",,day_end,redacted_daily_window,,,,,0,0,0,0,literal_banned_terms_redacted,action_trace_daily_rollup
daily_rest_matrix,runs/next_build/20260509/marginal_pref_only,20260509_reference,983f9a2734ca,22,,,daily_rest_observation,"{""wait_minutes"":0}",,day_end,redacted_daily_window,,,,,0,0,10,0,literal_banned_terms_redacted,action_trace_daily_rollup
daily_rest_matrix,runs/next_build/20260509/marginal_pref_only,20260509_reference,983f9a2734ca,23,,,daily_rest_observation,"{""wait_minutes"":0}",,day_end,redacted_daily_window,,,,,0,0,10,0,literal_banned_terms_redacted,action_trace_daily_rollup
daily_rest_matrix,runs/next_build/20260509/marginal_pref_only,20260509_reference,983f9a2734ca,24,,,daily_rest_observation,"{""wait_minutes"":0}",,day_end,redacted_daily_window,,,,,0,0,0,0,literal_banned_terms_redacted,action_trace_daily_rollup
daily_rest_matrix,runs/next_build/20260509/marginal_pref_only,20260509_reference,983f9a2734ca,25,,,daily_rest_observation,"{""wait_minutes"":0}",,day_end,redacted_daily_window,,,,,0,0,20,0,literal_banned_terms_redacted,action_trace_daily_rollup
daily_rest_matrix,runs/next_build/20260509/marginal_pref_only,20260509_reference,983f9a2734ca,26,,,daily_rest_observation,"{""wait_minutes"":0}",,day_end,redacted_daily_window,,,,,0,0,10,0,literal_banned_terms_redacted,action_trace_daily_rollup
daily_rest_matrix,runs/next_build/20260509/marginal_pref_only,20260509_reference,983f9a2734ca,27,,,daily_rest_observation,"{""wait_minutes"":0}",,day_end,redacted_daily_window,,,,,0,0,10,0,literal_banned_terms_redacted,action_trace_daily_rollup
daily_rest_matrix,runs/next_build/20260509/marginal_pref_only,20260509_reference,983f9a2734ca,28,,,daily_rest_observation,"{""wait_minutes"":0}",,day_end,redacted_daily_window,,,,,0,0,10,0,literal_banned_terms_redacted,action_trace_daily_rollup
daily_rest_matrix,runs/next_build/20260509/marginal_pref_only,20260509_reference,983f9a2734ca,29,,,daily_rest_observation,"{""wait_minutes"":0}",,day_end,redacted_daily_window,,,,,0,0,0,0,literal_banned_terms_redacted,action_trace_daily_rollup
daily_rest_matrix,runs/next_build/20260509/marginal_pref_only,20260509_reference,983f9a2734ca,30,,,daily_rest_observation,"{""wait_minutes"":29}",,day_end,redacted_daily_window,,,,,29,29,0,0,literal_banned_terms_redacted,action_trace_daily_rollup
daily_rest_matrix,runs/next_build/20260509/marginal_pref_only,20260509_reference,af4b17af9fc7,0,,,daily_rest_observation,"{""wait_minutes"":150}",,day_end,redacted_daily_window,,,,,150,150,6,0,literal_banned_terms_redacted,action_trace_daily_rollup
daily_rest_matrix,runs/next_build/20260509/marginal_pref_only,20260509_reference,af4b17af9fc7,1,,,daily_rest_observation,"{""wait_minutes"":0}",,day_end,redacted_daily_window,,,,,0,0,10,0,literal_banned_terms_redacted,action_trace_daily_rollup
daily_rest_matrix,runs/next_build/20260509/marginal_pref_only,20260509_reference,af4b17af9fc7,2,,,daily_rest_observation,"{""wait_minutes"":0}",,day_end,redacted_daily_window,,,,,0,0,0,0,literal_banned_terms_redacted,action_trace_daily_rollup
daily_rest_matrix,runs/next_build/20260509/marginal_pref_only,20260509_reference,af4b17af9fc7,3,,,daily_rest_observation,"{""wait_minutes"":0}",,day_end,redacted_daily_window,,,,,0,0,10,0,literal_banned_terms_redacted,action_trace_daily_rollup
daily_rest_matrix,runs/next_build/20260509/marginal_pref_only,20260509_reference,af4b17af9fc7,4,,,daily_rest_observation,"{""wait_minutes"":0}",,day_end,redacted_daily_window,,,,,0,0,10,0,literal_banned_terms_redacted,action_trace_daily_rollup
daily_rest_matrix,runs/next_build/20260509/marginal_pref_only,20260509_reference,af4b17af9fc7,5,,,daily_rest_observation,"{""wait_minutes"":0}",,day_end,redacted_daily_window,,,,,0,0,10,0,literal_banned_terms_redacted,action_trace_daily_rollup
daily_rest_matrix,runs/next_build/20260509/marginal_pref_only,20260509_reference,af4b17af9fc7,6,,,daily_rest_observation,"{""wait_minutes"":0}",,day_end,redacted_daily_window,,,,,0,0,10,0,literal_banned_terms_redacted,action_trace_daily_rollup
daily_rest_matrix,runs/next_build/20260509/marginal_pref_only,20260509_reference,af4b17af9fc7,7,,,daily_rest_observation,"{""wait_minutes"":0}",,day_end,redacted_daily_window,,,,,0,0,10,0,literal_banned_terms_redacted,action_trace_daily_rollup
daily_rest_matrix,runs/next_build/20260509/marginal_pref_only,20260509_reference,af4b17af9fc7,8,,,daily_rest_observation,"{""wait_minutes"":0}",,day_end,redacted_daily_window,,,,,0,0,10,0,literal_banned_terms_redacted,action_trace_daily_rollup
daily_rest_matrix,runs/next_build/20260509/marginal_pref_only,20260509_reference,af4b17af9fc7,9,,,daily_rest_observation,"{""wait_minutes"":0}",,day_end,redacted_daily_window,,,,,0,0,0,0,literal_banned_terms_redacted,action_trace_daily_rollup
daily_rest_matrix,runs/next_build/20260509/marginal_pref_only,20260509_reference,af4b17af9fc7,10,,,daily_rest_observation,"{""wait_minutes"":0}",,day_end,redacted_daily_window,,,,,0,0,0,0,literal_banned_terms_redacted,action_trace_daily_rollup
daily_rest_matrix,runs/next_build/20260509/marginal_pref_only,20260509_reference,af4b17af9fc7,11,,,daily_rest_observation,"{""wait_minutes"":0}",,day_end,redacted_daily_window,,,,,0,0,10,0,literal_banned_terms_redacted,action_trace_daily_rollup
daily_rest_matrix,runs/next_build/20260509/marginal_pref_only,20260509_reference,af4b17af9fc7,12,,,daily_rest_observation,"{""wait_minutes"":0}",,day_end,redacted_daily_window,,,,,0,0,0,0,literal_banned_terms_redacted,action_trace_daily_rollup
daily_rest_matrix,runs/next_build/20260509/marginal_pref_only,20260509_reference,af4b17af9fc7,13,,,daily_rest_observation,"{""wait_minutes"":0}",,day_end,redacted_daily_window,,,,,0,0,10,0,literal_banned_terms_redacted,action_trace_daily_rollup
daily_rest_matrix,runs/next_build/20260509/marginal_pref_only,20260509_reference,af4b17af9fc7,14,,,daily_rest_observation,"{""wait_minutes"":0}",,day_end,redacted_daily_window,,,,,0,0,10,0,literal_banned_terms_redacted,action_trace_daily_rollup
daily_rest_matrix,runs/next_build/20260509/marginal_pref_only,20260509_reference,af4b17af9fc7,15,,,daily_rest_observation,"{""wait_minutes"":0}",,day_end,redacted_daily_window,,,,,0,0,20,0,literal_banned_terms_redacted,action_trace_daily_rollup
daily_rest_matrix,runs/next_build/20260509/marginal_pref_only,20260509_reference,af4b17af9fc7,16,,,daily_rest_observation,"{""wait_minutes"":0}",,day_end,redacted_daily_window,,,,,0,0,10,0,literal_banned_terms_redacted,action_trace_daily_rollup
daily_rest_matrix,runs/next_build/20260509/marginal_pref_only,20260509_reference,af4b17af9fc7,17,,,daily_rest_observation,"{""wait_minutes"":0}",,day_end,redacted_daily_window,,,,,0,0,10,0,literal_banned_terms_redacted,action_trace_daily_rollup
daily_rest_matrix,runs/next_build/20260509/marginal_pref_only,20260509_reference,af4b17af9fc7,18,,,daily_rest_observation,"{""wait_minutes"":0}",,day_end,redacted_daily_window,,,,,0,0,0,0,literal_banned_terms_redacted,action_trace_daily_rollup
daily_rest_matrix,runs/next_build/20260509/marginal_pref_only,20260509_reference,af4b17af9fc7,19,,,daily_rest_observation,"{""wait_minutes"":0}",,day_end,redacted_daily_window,,,,,0,0,10,0,literal_banned_terms_redacted,action_trace_daily_rollup
daily_rest_matrix,runs/next_build/20260509/marginal_pref_only,20260509_reference,af4b17af9fc7,20,,,daily_rest_observation,"{""wait_minutes"":0}",,day_end,redacted_daily_window,,,,,0,0,10,0,literal_banned_terms_redacted,action_trace_daily_rollup
daily_rest_matrix,runs/next_build/20260509/marginal_pref_only,20260509_reference,af4b17af9fc7,21,,,daily_rest_observation,"{""wait_minutes"":0}",,day_end,redacted_daily_window,,,,,0,0,0,0,literal_banned_terms_redacted,action_trace_daily_rollup
daily_rest_matrix,runs/next_build/20260509/marginal_pref_only,20260509_reference,af4b17af9fc7,22,,,daily_rest_observation,"{""wait_minutes"":0}",,day_end,redacted_daily_window,,,,,0,0,0,0,literal_banned_terms_redacted,action_trace_daily_rollup
daily_rest_matrix,runs/next_build/20260509/marginal_pref_only,20260509_reference,af4b17af9fc7,23,,,daily_rest_observation,"{""wait_minutes"":0}",,day_end,redacted_daily_window,,,,,0,0,10,0,literal_banned_terms_redacted,action_trace_daily_rollup
daily_rest_matrix,runs/next_build/20260509/marginal_pref_only,20260509_reference,af4b17af9fc7,24,,,daily_rest_observation,"{""wait_minutes"":0}",,day_end,redacted_daily_window,,,,,0,0,0,0,literal_banned_terms_redacted,action_trace_daily_rollup
daily_rest_matrix,runs/next_build/20260509/marginal_pref_only,20260509_reference,af4b17af9fc7,25,,,daily_rest_observation,"{""wait_minutes"":0}",,day_end,redacted_daily_window,,,,,0,0,10,0,literal_banned_terms_redacted,action_trace_daily_rollup
daily_rest_matrix,runs/next_build/20260509/marginal_pref_only,20260509_reference,af4b17af9fc7,26,,,daily_rest_observation,"{""wait_minutes"":0}",,day_end,redacted_daily_window,,,,,0,0,10,0,literal_banned_terms_redacted,action_trace_daily_rollup
daily_rest_matrix,runs/next_build/20260509/marginal_pref_only,20260509_reference,af4b17af9fc7,27,,,daily_rest_observation,"{""wait_minutes"":0}",,day_end,redacted_daily_window,,,,,0,0,10,0,literal_banned_terms_redacted,action_trace_daily_rollup
daily_rest_matrix,runs/next_build/20260509/marginal_pref_only,20260509_reference,af4b17af9fc7,28,,,daily_rest_observation,"{""wait_minutes"":0}",,day_end,redacted_daily_window,,,,,0,0,20,0,literal_banned_terms_redacted,action_trace_daily_rollup
daily_rest_matrix,runs/next_build/20260509/marginal_pref_only,20260509_reference,af4b17af9fc7,29,,,daily_rest_observation,"{""wait_minutes"":0}",,day_end,redacted_daily_window,,,,,0,0,0,0,literal_banned_terms_redacted,action_trace_daily_rollup
daily_rest_matrix,runs/next_build/20260509/marginal_pref_only,20260509_reference,af4b17af9fc7,30,,,daily_rest_observation,"{""wait_minutes"":189}",,day_end,redacted_daily_window,,,,,189,189,10,0,literal_banned_terms_redacted,action_trace_daily_rollup
daily_rest_matrix,runs/next_build/20260509/marginal_pref_only,20260509_reference,b8424551b996,0,,,daily_rest_observation,"{""wait_minutes"":150}",,day_end,redacted_daily_window,,,,,150,150,6,0,literal_banned_terms_redacted,action_trace_daily_rollup
daily_rest_matrix,runs/next_build/20260509/marginal_pref_only,20260509_reference,b8424551b996,1,,,daily_rest_observation,"{""wait_minutes"":0}",,day_end,redacted_daily_window,,,,,0,0,20,0,literal_banned_terms_redacted,action_trace_daily_rollup
daily_rest_matrix,runs/next_build/20260509/marginal_pref_only,20260509_reference,b8424551b996,2,,,daily_rest_observation,"{""wait_minutes"":0}",,day_end,redacted_daily_window,,,,,0,0,10,0,literal_banned_terms_redacted,action_trace_daily_rollup
daily_rest_matrix,runs/next_build/20260509/marginal_pref_only,20260509_reference,b8424551b996,3,,,daily_rest_observation,"{""wait_minutes"":0}",,day_end,redacted_daily_window,,,,,0,0,10,0,literal_banned_terms_redacted,action_trace_daily_rollup
daily_rest_matrix,runs/next_build/20260509/marginal_pref_only,20260509_reference,b8424551b996,4,,,daily_rest_observation,"{""wait_minutes"":0}",,day_end,redacted_daily_window,,,,,0,0,10,0,literal_banned_terms_redacted,action_trace_daily_rollup
daily_rest_matrix,runs/next_build/20260509/marginal_pref_only,20260509_reference,b8424551b996,5,,,daily_rest_observation,"{""wait_minutes"":0}",,day_end,redacted_daily_window,,,,,0,0,20,0,literal_banned_terms_redacted,action_trace_daily_rollup
daily_rest_matrix,runs/next_build/20260509/marginal_pref_only,20260509_reference,b8424551b996,6,,,daily_rest_observation,"{""wait_minutes"":0}",,day_end,redacted_daily_window,,,,,0,0,10,0,literal_banned_terms_redacted,action_trace_daily_rollup
daily_rest_matrix,runs/next_build/20260509/marginal_pref_only,20260509_reference,b8424551b996,7,,,daily_rest_observation,"{""wait_minutes"":0}",,day_end,redacted_daily_window,,,,,0,0,0,0,literal_banned_terms_redacted,action_trace_daily_rollup
daily_rest_matrix,runs/next_build/20260509/marginal_pref_only,20260509_reference,b8424551b996,8,,,daily_rest_observation,"{""wait_minutes"":0}",,day_end,redacted_daily_window,,,,,0,0,10,0,literal_banned_terms_redacted,action_trace_daily_rollup
daily_rest_matrix,runs/next_build/20260509/marginal_pref_only,20260509_reference,b8424551b996,9,,,daily_rest_observation,"{""wait_minutes"":0}",,day_end,redacted_daily_window,,,,,0,0,10,0,literal_banned_terms_redacted,action_trace_daily_rollup
daily_rest_matrix,runs/next_build/20260509/marginal_pref_only,20260509_reference,b8424551b996,10,,,daily_rest_observation,"{""wait_minutes"":0}",,day_end,redacted_daily_window,,,,,0,0,0,0,literal_banned_terms_redacted,action_trace_daily_rollup
daily_rest_matrix,runs/next_build/20260509/marginal_pref_only,20260509_reference,b8424551b996,11,,,daily_rest_observation,"{""wait_minutes"":0}",,day_end,redacted_daily_window,,,,,0,0,10,0,literal_banned_terms_redacted,action_trace_daily_rollup
daily_rest_matrix,runs/next_build/20260509/marginal_pref_only,20260509_reference,b8424551b996,12,,,daily_rest_observation,"{""wait_minutes"":0}",,day_end,redacted_daily_window,,,,,0,0,10,0,literal_banned_terms_redacted,action_trace_daily_rollup
daily_rest_matrix,runs/next_build/20260509/marginal_pref_only,20260509_reference,b8424551b996,13,,,daily_rest_observation,"{""wait_minutes"":0}",,day_end,redacted_daily_window,,,,,0,0,10,0,literal_banned_terms_redacted,action_trace_daily_rollup
daily_rest_matrix,runs/next_build/20260509/marginal_pref_only,20260509_reference,b8424551b996,14,,,daily_rest_observation,"{""wait_minutes"":0}",,day_end,redacted_daily_window,,,,,0,0,0,0,literal_banned_terms_redacted,action_trace_daily_rollup
daily_rest_matrix,runs/next_build/20260509/marginal_pref_only,20260509_reference,b8424551b996,15,,,daily_rest_observation,"{""wait_minutes"":0}",,day_end,redacted_daily_window,,,,,0,0,10,0,literal_banned_terms_redacted,action_trace_daily_rollup
daily_rest_matrix,runs/next_build/20260509/marginal_pref_only,20260509_reference,b8424551b996,16,,,daily_rest_observation,"{""wait_minutes"":0}",,day_end,redacted_daily_window,,,,,0,0,10,0,literal_banned_terms_redacted,action_trace_daily_rollup
daily_rest_matrix,runs/next_build/20260509/marginal_pref_only,20260509_reference,b8424551b996,17,,,daily_rest_observation,"{""wait_minutes"":0}",,day_end,redacted_daily_window,,,,,0,0,10,0,literal_banned_terms_redacted,action_trace_daily_rollup
daily_rest_matrix,runs/next_build/20260509/marginal_pref_only,20260509_reference,b8424551b996,18,,,daily_rest_observation,"{""wait_minutes"":0}",,day_end,redacted_daily_window,,,,,0,0,10,0,literal_banned_terms_redacted,action_trace_daily_rollup
daily_rest_matrix,runs/next_build/20260509/marginal_pref_only,20260509_reference,b8424551b996,19,,,daily_rest_observation,"{""wait_minutes"":0}",,day_end,redacted_daily_window,,,,,0,0,10,0,literal_banned_terms_redacted,action_trace_daily_rollup
daily_rest_matrix,runs/next_build/20260509/marginal_pref_only,20260509_reference,b8424551b996,20,,,daily_rest_observation,"{""wait_minutes"":0}",,day_end,redacted_daily_window,,,,,0,0,20,0,literal_banned_terms_redacted,action_trace_daily_rollup
daily_rest_matrix,runs/next_build/20260509/marginal_pref_only,20260509_reference,b8424551b996,21,,,daily_rest_observation,"{""wait_minutes"":0}",,day_end,redacted_daily_window,,,,,0,0,0,0,literal_banned_terms_redacted,action_trace_daily_rollup
daily_rest_matrix,runs/next_build/20260509/marginal_pref_only,20260509_reference,b8424551b996,22,,,daily_rest_observation,"{""wait_minutes"":0}",,day_end,redacted_daily_window,,,,,0,0,10,0,literal_banned_terms_redacted,action_trace_daily_rollup
daily_rest_matrix,runs/next_build/20260509/marginal_pref_only,20260509_reference,b8424551b996,23,,,daily_rest_observation,"{""wait_minutes"":0}",,day_end,redacted_daily_window,,,,,0,0,10,0,literal_banned_terms_redacted,action_trace_daily_rollup
daily_rest_matrix,runs/next_build/20260509/marginal_pref_only,20260509_reference,b8424551b996,24,,,daily_rest_observation,"{""wait_minutes"":0}",,day_end,redacted_daily_window,,,,,0,0,0,0,literal_banned_terms_redacted,action_trace_daily_rollup
daily_rest_matrix,runs/next_build/20260509/marginal_pref_only,20260509_reference,b8424551b996,25,,,daily_rest_observation,"{""wait_minutes"":0}",,day_end,redacted_daily_window,,,,,0,0,20,0,literal_banned_terms_redacted,action_trace_daily_rollup
daily_rest_matrix,runs/next_build/20260509/marginal_pref_only,20260509_reference,b8424551b996,26,,,daily_rest_observation,"{""wait_minutes"":0}",,day_end,redacted_daily_window,,,,,0,0,10,0,literal_banned_terms_redacted,action_trace_daily_rollup
daily_rest_matrix,runs/next_build/20260509/marginal_pref_only,20260509_reference,b8424551b996,27,,,daily_rest_observation,"{""wait_minutes"":0}",,day_end,redacted_daily_window,,,,,0,0,10,0,literal_banned_terms_redacted,action_trace_daily_rollup
daily_rest_matrix,runs/next_build/20260509/marginal_pref_only,20260509_reference,b8424551b996,28,,,daily_rest_observation,"{""wait_minutes"":0}",,day_end,redacted_daily_window,,,,,0,0,10,0,literal_banned_terms_redacted,action_trace_daily_rollup
daily_rest_matrix,runs/next_build/20260509/marginal_pref_only,20260509_reference,b8424551b996,29,,,daily_rest_observation,"{""wait_minutes"":0}",,day_end,redacted_daily_window,,,,,0,0,0,0,literal_banned_terms_redacted,action_trace_daily_rollup
daily_rest_matrix,runs/next_build/20260509/marginal_pref_only,20260509_reference,b8424551b996,30,,,daily_rest_observation,"{""wait_minutes"":29}",,day_end,redacted_daily_window,,,,,29,29,0,0,literal_banned_terms_redacted,action_trace_daily_rollup
daily_rest_matrix,runs/next_build/20260509/marginal_pref_only,20260509_reference,d1b26936cffa,0,,,daily_rest_observation,"{""wait_minutes"":150}",,day_end,redacted_daily_window,,,,,150,150,6,0,literal_banned_terms_redacted,action_trace_daily_rollup
daily_rest_matrix,runs/next_build/20260509/marginal_pref_only,20260509_reference,d1b26936cffa,1,,,daily_rest_observation,"{""wait_minutes"":0}",,day_end,redacted_daily_window,,,,,0,0,10,0,literal_banned_terms_redacted,action_trace_daily_rollup
daily_rest_matrix,runs/next_build/20260509/marginal_pref_only,20260509_reference,d1b26936cffa,2,,,daily_rest_observation,"{""wait_minutes"":0}",,day_end,redacted_daily_window,,,,,0,0,0,0,literal_banned_terms_redacted,action_trace_daily_rollup
daily_rest_matrix,runs/next_build/20260509/marginal_pref_only,20260509_reference,d1b26936cffa,3,,,daily_rest_observation,"{""wait_minutes"":0}",,day_end,redacted_daily_window,,,,,0,0,10,0,literal_banned_terms_redacted,action_trace_daily_rollup
daily_rest_matrix,runs/next_build/20260509/marginal_pref_only,20260509_reference,d1b26936cffa,4,,,daily_rest_observation,"{""wait_minutes"":0}",,day_end,redacted_daily_window,,,,,0,0,10,0,literal_banned_terms_redacted,action_trace_daily_rollup
daily_rest_matrix,runs/next_build/20260509/marginal_pref_only,20260509_reference,d1b26936cffa,5,,,daily_rest_observation,"{""wait_minutes"":0}",,day_end,redacted_daily_window,,,,,0,0,10,0,literal_banned_terms_redacted,action_trace_daily_rollup
daily_rest_matrix,runs/next_build/20260509/marginal_pref_only,20260509_reference,d1b26936cffa,6,,,daily_rest_observation,"{""wait_minutes"":0}",,day_end,redacted_daily_window,,,,,0,0,10,0,literal_banned_terms_redacted,action_trace_daily_rollup
daily_rest_matrix,runs/next_build/20260509/marginal_pref_only,20260509_reference,d1b26936cffa,7,,,daily_rest_observation,"{""wait_minutes"":0}",,day_end,redacted_daily_window,,,,,0,0,10,0,literal_banned_terms_redacted,action_trace_daily_rollup
daily_rest_matrix,runs/next_build/20260509/marginal_pref_only,20260509_reference,d1b26936cffa,8,,,daily_rest_observation,"{""wait_minutes"":0}",,day_end,redacted_daily_window,,,,,0,0,10,0,literal_banned_terms_redacted,action_trace_daily_rollup
daily_rest_matrix,runs/next_build/20260509/marginal_pref_only,20260509_reference,d1b26936cffa,9,,,daily_rest_observation,"{""wait_minutes"":0}",,day_end,redacted_daily_window,,,,,0,0,0,0,literal_banned_terms_redacted,action_trace_daily_rollup
daily_rest_matrix,runs/next_build/20260509/marginal_pref_only,20260509_reference,d1b26936cffa,10,,,daily_rest_observation,"{""wait_minutes"":0}",,day_end,redacted_daily_window,,,,,0,0,0,0,literal_banned_terms_redacted,action_trace_daily_rollup
daily_rest_matrix,runs/next_build/20260509/marginal_pref_only,20260509_reference,d1b26936cffa,11,,,daily_rest_observation,"{""wait_minutes"":0}",,day_end,redacted_daily_window,,,,,0,0,10,0,literal_banned_terms_redacted,action_trace_daily_rollup
daily_rest_matrix,runs/next_build/20260509/marginal_pref_only,20260509_reference,d1b26936cffa,12,,,daily_rest_observation,"{""wait_minutes"":0}",,day_end,redacted_daily_window,,,,,0,0,0,0,literal_banned_terms_redacted,action_trace_daily_rollup
daily_rest_matrix,runs/next_build/20260509/marginal_pref_only,20260509_reference,d1b26936cffa,13,,,daily_rest_observation,"{""wait_minutes"":0}",,day_end,redacted_daily_window,,,,,0,0,10,0,literal_banned_terms_redacted,action_trace_daily_rollup
daily_rest_matrix,runs/next_build/20260509/marginal_pref_only,20260509_reference,d1b26936cffa,14,,,daily_rest_observation,"{""wait_minutes"":0}",,day_end,redacted_daily_window,,,,,0,0,10,0,literal_banned_terms_redacted,action_trace_daily_rollup
daily_rest_matrix,runs/next_build/20260509/marginal_pref_only,20260509_reference,d1b26936cffa,15,,,daily_rest_observation,"{""wait_minutes"":0}",,day_end,redacted_daily_window,,,,,0,0,20,0,literal_banned_terms_redacted,action_trace_daily_rollup
daily_rest_matrix,runs/next_build/20260509/marginal_pref_only,20260509_reference,d1b26936cffa,16,,,daily_rest_observation,"{""wait_minutes"":0}",,day_end,redacted_daily_window,,,,,0,0,10,0,literal_banned_terms_redacted,action_trace_daily_rollup
daily_rest_matrix,runs/next_build/20260509/marginal_pref_only,20260509_reference,d1b26936cffa,17,,,daily_rest_observation,"{""wait_minutes"":0}",,day_end,redacted_daily_window,,,,,0,0,10,0,literal_banned_terms_redacted,action_trace_daily_rollup
daily_rest_matrix,runs/next_build/20260509/marginal_pref_only,20260509_reference,d1b26936cffa,18,,,daily_rest_observation,"{""wait_minutes"":0}",,day_end,redacted_daily_window,,,,,0,0,0,0,literal_banned_terms_redacted,action_trace_daily_rollup
daily_rest_matrix,runs/next_build/20260509/marginal_pref_only,20260509_reference,d1b26936cffa,19,,,daily_rest_observation,"{""wait_minutes"":0}",,day_end,redacted_daily_window,,,,,0,0,10,0,literal_banned_terms_redacted,action_trace_daily_rollup
daily_rest_matrix,runs/next_build/20260509/marginal_pref_only,20260509_reference,d1b26936cffa,20,,,daily_rest_observation,"{""wait_minutes"":0}",,day_end,redacted_daily_window,,,,,0,0,10,0,literal_banned_terms_redacted,action_trace_daily_rollup
daily_rest_matrix,runs/next_build/20260509/marginal_pref_only,20260509_reference,d1b26936cffa,21,,,daily_rest_observation,"{""wait_minutes"":0}",,day_end,redacted_daily_window,,,,,0,0,0,0,literal_banned_terms_redacted,action_trace_daily_rollup
daily_rest_matrix,runs/next_build/20260509/marginal_pref_only,20260509_reference,d1b26936cffa,22,,,daily_rest_observation,"{""wait_minutes"":0}",,day_end,redacted_daily_window,,,,,0,0,0,0,literal_banned_terms_redacted,action_trace_daily_rollup
daily_rest_matrix,runs/next_build/20260509/marginal_pref_only,20260509_reference,d1b26936cffa,23,,,daily_rest_observation,"{""wait_minutes"":0}",,day_end,redacted_daily_window,,,,,0,0,10,0,literal_banned_terms_redacted,action_trace_daily_rollup
daily_rest_matrix,runs/next_build/20260509/marginal_pref_only,20260509_reference,d1b26936cffa,24,,,daily_rest_observation,"{""wait_minutes"":0}",,day_end,redacted_daily_window,,,,,0,0,0,0,literal_banned_terms_redacted,action_trace_daily_rollup
daily_rest_matrix,runs/next_build/20260509/marginal_pref_only,20260509_reference,d1b26936cffa,25,,,daily_rest_observation,"{""wait_minutes"":0}",,day_end,redacted_daily_window,,,,,0,0,10,0,literal_banned_terms_redacted,action_trace_daily_rollup
daily_rest_matrix,runs/next_build/20260509/marginal_pref_only,20260509_reference,d1b26936cffa,26,,,daily_rest_observation,"{""wait_minutes"":0}",,day_end,redacted_daily_window,,,,,0,0,10,0,literal_banned_terms_redacted,action_trace_daily_rollup
daily_rest_matrix,runs/next_build/20260509/marginal_pref_only,20260509_reference,d1b26936cffa,27,,,daily_rest_observation,"{""wait_minutes"":0}",,day_end,redacted_daily_window,,,,,0,0,10,0,literal_banned_terms_redacted,action_trace_daily_rollup
daily_rest_matrix,runs/next_build/20260509/marginal_pref_only,20260509_reference,d1b26936cffa,28,,,daily_rest_observation,"{""wait_minutes"":0}",,day_end,redacted_daily_window,,,,,0,0,20,0,literal_banned_terms_redacted,action_trace_daily_rollup
daily_rest_matrix,runs/next_build/20260509/marginal_pref_only,20260509_reference,d1b26936cffa,29,,,daily_rest_observation,"{""wait_minutes"":0}",,day_end,redacted_daily_window,,,,,0,0,0,0,literal_banned_terms_redacted,action_trace_daily_rollup
daily_rest_matrix,runs/next_build/20260509/marginal_pref_only,20260509_reference,d1b26936cffa,30,,,daily_rest_observation,"{""wait_minutes"":189}",,day_end,redacted_daily_window,,,,,189,189,10,0,literal_banned_terms_redacted,action_trace_daily_rollup
daily_rest_matrix,runs/next_build/20260509/marginal_pref_only,20260509_reference,e7a52d984e7e,0,,,daily_rest_observation,"{""wait_minutes"":150}",,day_end,redacted_daily_window,,,,,150,150,6,0,literal_banned_terms_redacted,action_trace_daily_rollup
daily_rest_matrix,runs/next_build/20260509/marginal_pref_only,20260509_reference,e7a52d984e7e,1,,,daily_rest_observation,"{""wait_minutes"":0}",,day_end,redacted_daily_window,,,,,0,0,10,0,literal_banned_terms_redacted,action_trace_daily_rollup
daily_rest_matrix,runs/next_build/20260509/marginal_pref_only,20260509_reference,e7a52d984e7e,2,,,daily_rest_observation,"{""wait_minutes"":0}",,day_end,redacted_daily_window,,,,,0,0,10,0,literal_banned_terms_redacted,action_trace_daily_rollup
daily_rest_matrix,runs/next_build/20260509/marginal_pref_only,20260509_reference,e7a52d984e7e,3,,,daily_rest_observation,"{""wait_minutes"":0}",,day_end,redacted_daily_window,,,,,0,0,10,0,literal_banned_terms_redacted,action_trace_daily_rollup
daily_rest_matrix,runs/next_build/20260509/marginal_pref_only,20260509_reference,e7a52d984e7e,4,,,daily_rest_observation,"{""wait_minutes"":0}",,day_end,redacted_daily_window,,,,,0,0,10,0,literal_banned_terms_redacted,action_trace_daily_rollup
daily_rest_matrix,runs/next_build/20260509/marginal_pref_only,20260509_reference,e7a52d984e7e,5,,,daily_rest_observation,"{""wait_minutes"":0}",,day_end,redacted_daily_window,,,,,0,0,10,0,literal_banned_terms_redacted,action_trace_daily_rollup
daily_rest_matrix,runs/next_build/20260509/marginal_pref_only,20260509_reference,e7a52d984e7e,6,,,daily_rest_observation,"{""wait_minutes"":0}",,day_end,redacted_daily_window,,,,,0,0,10,0,literal_banned_terms_redacted,action_trace_daily_rollup
daily_rest_matrix,runs/next_build/20260509/marginal_pref_only,20260509_reference,e7a52d984e7e,7,,,daily_rest_observation,"{""wait_minutes"":0}",,day_end,redacted_daily_window,,,,,0,0,10,0,literal_banned_terms_redacted,action_trace_daily_rollup
daily_rest_matrix,runs/next_build/20260509/marginal_pref_only,20260509_reference,e7a52d984e7e,8,,,daily_rest_observation,"{""wait_minutes"":0}",,day_end,redacted_daily_window,,,,,0,0,10,0,literal_banned_terms_redacted,action_trace_daily_rollup
daily_rest_matrix,runs/next_build/20260509/marginal_pref_only,20260509_reference,e7a52d984e7e,9,,,daily_rest_observation,"{""wait_minutes"":0}",,day_end,redacted_daily_window,,,,,0,0,10,0,literal_banned_terms_redacted,action_trace_daily_rollup
daily_rest_matrix,runs/next_build/20260509/marginal_pref_only,20260509_reference,e7a52d984e7e,10,,,daily_rest_observation,"{""wait_minutes"":0}",,day_end,redacted_daily_window,,,,,0,0,10,0,literal_banned_terms_redacted,action_trace_daily_rollup
daily_rest_matrix,runs/next_build/20260509/marginal_pref_only,20260509_reference,e7a52d984e7e,11,,,daily_rest_observation,"{""wait_minutes"":0}",,day_end,redacted_daily_window,,,,,0,0,10,0,literal_banned_terms_redacted,action_trace_daily_rollup
daily_rest_matrix,runs/next_build/20260509/marginal_pref_only,20260509_reference,e7a52d984e7e,12,,,daily_rest_observation,"{""wait_minutes"":0}",,day_end,redacted_daily_window,,,,,0,0,10,0,literal_banned_terms_redacted,action_trace_daily_rollup
daily_rest_matrix,runs/next_build/20260509/marginal_pref_only,20260509_reference,e7a52d984e7e,13,,,daily_rest_observation,"{""wait_minutes"":0}",,day_end,redacted_daily_window,,,,,0,0,20,0,literal_banned_terms_redacted,action_trace_daily_rollup
daily_rest_matrix,runs/next_build/20260509/marginal_pref_only,20260509_reference,e7a52d984e7e,14,,,daily_rest_observation,"{""wait_minutes"":0}",,day_end,redacted_daily_window,,,,,0,0,0,0,literal_banned_terms_redacted,action_trace_daily_rollup
daily_rest_matrix,runs/next_build/20260509/marginal_pref_only,20260509_reference,e7a52d984e7e,15,,,daily_rest_observation,"{""wait_minutes"":0}",,day_end,redacted_daily_window,,,,,0,0,10,0,literal_banned_terms_redacted,action_trace_daily_rollup
daily_rest_matrix,runs/next_build/20260509/marginal_pref_only,20260509_reference,e7a52d984e7e,16,,,daily_rest_observation,"{""wait_minutes"":0}",,day_end,redacted_daily_window,,,,,0,0,0,0,literal_banned_terms_redacted,action_trace_daily_rollup
daily_rest_matrix,runs/next_build/20260509/marginal_pref_only,20260509_reference,e7a52d984e7e,17,,,daily_rest_observation,"{""wait_minutes"":0}",,day_end,redacted_daily_window,,,,,0,0,10,0,literal_banned_terms_redacted,action_trace_daily_rollup
daily_rest_matrix,runs/next_build/20260509/marginal_pref_only,20260509_reference,e7a52d984e7e,18,,,daily_rest_observation,"{""wait_minutes"":0}",,day_end,redacted_daily_window,,,,,0,0,10,0,literal_banned_terms_redacted,action_trace_daily_rollup
daily_rest_matrix,runs/next_build/20260509/marginal_pref_only,20260509_reference,e7a52d984e7e,19,,,daily_rest_observation,"{""wait_minutes"":0}",,day_end,redacted_daily_window,,,,,0,0,10,0,literal_banned_terms_redacted,action_trace_daily_rollup
daily_rest_matrix,runs/next_build/20260509/marginal_pref_only,20260509_reference,e7a52d984e7e,20,,,daily_rest_observation,"{""wait_minutes"":0}",,day_end,redacted_daily_window,,,,,0,0,10,0,literal_banned_terms_redacted,action_trace_daily_rollup
daily_rest_matrix,runs/next_build/20260509/marginal_pref_only,20260509_reference,e7a52d984e7e,21,,,daily_rest_observation,"{""wait_minutes"":0}",,day_end,redacted_daily_window,,,,,0,0,10,0,literal_banned_terms_redacted,action_trace_daily_rollup
daily_rest_matrix,runs/next_build/20260509/marginal_pref_only,20260509_reference,e7a52d984e7e,22,,,daily_rest_observation,"{""wait_minutes"":0}",,day_end,redacted_daily_window,,,,,0,0,10,0,literal_banned_terms_redacted,action_trace_daily_rollup
daily_rest_matrix,runs/next_build/20260509/marginal_pref_only,20260509_reference,e7a52d984e7e,23,,,daily_rest_observation,"{""wait_minutes"":0}",,day_end,redacted_daily_window,,,,,0,0,20,0,literal_banned_terms_redacted,action_trace_daily_rollup
daily_rest_matrix,runs/next_build/20260509/marginal_pref_only,20260509_reference,e7a52d984e7e,24,,,daily_rest_observation,"{""wait_minutes"":0}",,day_end,redacted_daily_window,,,,,0,0,20,0,literal_banned_terms_redacted,action_trace_daily_rollup
daily_rest_matrix,runs/next_build/20260509/marginal_pref_only,20260509_reference,e7a52d984e7e,25,,,daily_rest_observation,"{""wait_minutes"":0}",,day_end,redacted_daily_window,,,,,0,0,20,0,literal_banned_terms_redacted,action_trace_daily_rollup
daily_rest_matrix,runs/next_build/20260509/marginal_pref_only,20260509_reference,e7a52d984e7e,26,,,daily_rest_observation,"{""wait_minutes"":0}",,day_end,redacted_daily_window,,,,,0,0,10,0,literal_banned_terms_redacted,action_trace_daily_rollup
daily_rest_matrix,runs/next_build/20260509/marginal_pref_only,20260509_reference,e7a52d984e7e,27,,,daily_rest_observation,"{""wait_minutes"":0}",,day_end,redacted_daily_window,,,,,0,0,10,0,literal_banned_terms_redacted,action_trace_daily_rollup
daily_rest_matrix,runs/next_build/20260509/marginal_pref_only,20260509_reference,e7a52d984e7e,28,,,daily_rest_observation,"{""wait_minutes"":0}",,day_end,redacted_daily_window,,,,,0,0,10,0,literal_banned_terms_redacted,action_trace_daily_rollup
daily_rest_matrix,runs/next_build/20260509/marginal_pref_only,20260509_reference,e7a52d984e7e,29,,,daily_rest_observation,"{""wait_minutes"":0}",,day_end,redacted_daily_window,,,,,0,0,0,0,literal_banned_terms_redacted,action_trace_daily_rollup
daily_rest_matrix,runs/next_build/20260509/marginal_pref_only,20260509_reference,e7a52d984e7e,30,,,daily_rest_observation,"{""wait_minutes"":29}",,day_end,redacted_daily_window,,,,,29,29,0,0,literal_banned_terms_redacted,action_trace_daily_rollup
daily_rest_matrix,runs/next_build/20260509/marginal_pref_only,20260509_reference,f9abd903cb86,0,,,daily_rest_observation,"{""wait_minutes"":150}",,day_end,redacted_daily_window,,,,,150,150,6,0,literal_banned_terms_redacted,action_trace_daily_rollup
daily_rest_matrix,runs/next_build/20260509/marginal_pref_only,20260509_reference,f9abd903cb86,1,,,daily_rest_observation,"{""wait_minutes"":0}",,day_end,redacted_daily_window,,,,,0,0,20,0,literal_banned_terms_redacted,action_trace_daily_rollup
daily_rest_matrix,runs/next_build/20260509/marginal_pref_only,20260509_reference,f9abd903cb86,2,,,daily_rest_observation,"{""wait_minutes"":0}",,day_end,redacted_daily_window,,,,,0,0,10,0,literal_banned_terms_redacted,action_trace_daily_rollup
daily_rest_matrix,runs/next_build/20260509/marginal_pref_only,20260509_reference,f9abd903cb86,3,,,daily_rest_observation,"{""wait_minutes"":0}",,day_end,redacted_daily_window,,,,,0,0,10,0,literal_banned_terms_redacted,action_trace_daily_rollup
daily_rest_matrix,runs/next_build/20260509/marginal_pref_only,20260509_reference,f9abd903cb86,4,,,daily_rest_observation,"{""wait_minutes"":0}",,day_end,redacted_daily_window,,,,,0,0,10,0,literal_banned_terms_redacted,action_trace_daily_rollup
daily_rest_matrix,runs/next_build/20260509/marginal_pref_only,20260509_reference,f9abd903cb86,5,,,daily_rest_observation,"{""wait_minutes"":0}",,day_end,redacted_daily_window,,,,,0,0,20,0,literal_banned_terms_redacted,action_trace_daily_rollup
daily_rest_matrix,runs/next_build/20260509/marginal_pref_only,20260509_reference,f9abd903cb86,6,,,daily_rest_observation,"{""wait_minutes"":0}",,day_end,redacted_daily_window,,,,,0,0,10,0,literal_banned_terms_redacted,action_trace_daily_rollup
daily_rest_matrix,runs/next_build/20260509/marginal_pref_only,20260509_reference,f9abd903cb86,7,,,daily_rest_observation,"{""wait_minutes"":0}",,day_end,redacted_daily_window,,,,,0,0,0,0,literal_banned_terms_redacted,action_trace_daily_rollup
daily_rest_matrix,runs/next_build/20260509/marginal_pref_only,20260509_reference,f9abd903cb86,8,,,daily_rest_observation,"{""wait_minutes"":0}",,day_end,redacted_daily_window,,,,,0,0,10,0,literal_banned_terms_redacted,action_trace_daily_rollup
daily_rest_matrix,runs/next_build/20260509/marginal_pref_only,20260509_reference,f9abd903cb86,9,,,daily_rest_observation,"{""wait_minutes"":0}",,day_end,redacted_daily_window,,,,,0,0,10,0,literal_banned_terms_redacted,action_trace_daily_rollup
daily_rest_matrix,runs/next_build/20260509/marginal_pref_only,20260509_reference,f9abd903cb86,10,,,daily_rest_observation,"{""wait_minutes"":0}",,day_end,redacted_daily_window,,,,,0,0,0,0,literal_banned_terms_redacted,action_trace_daily_rollup
daily_rest_matrix,runs/next_build/20260509/marginal_pref_only,20260509_reference,f9abd903cb86,11,,,daily_rest_observation,"{""wait_minutes"":0}",,day_end,redacted_daily_window,,,,,0,0,10,0,literal_banned_terms_redacted,action_trace_daily_rollup
daily_rest_matrix,runs/next_build/20260509/marginal_pref_only,20260509_reference,f9abd903cb86,12,,,daily_rest_observation,"{""wait_minutes"":0}",,day_end,redacted_daily_window,,,,,0,0,10,0,literal_banned_terms_redacted,action_trace_daily_rollup
daily_rest_matrix,runs/next_build/20260509/marginal_pref_only,20260509_reference,f9abd903cb86,13,,,daily_rest_observation,"{""wait_minutes"":0}",,day_end,redacted_daily_window,,,,,0,0,10,0,literal_banned_terms_redacted,action_trace_daily_rollup
daily_rest_matrix,runs/next_build/20260509/marginal_pref_only,20260509_reference,f9abd903cb86,14,,,daily_rest_observation,"{""wait_minutes"":0}",,day_end,redacted_daily_window,,,,,0,0,0,0,literal_banned_terms_redacted,action_trace_daily_rollup
daily_rest_matrix,runs/next_build/20260509/marginal_pref_only,20260509_reference,f9abd903cb86,15,,,daily_rest_observation,"{""wait_minutes"":0}",,day_end,redacted_daily_window,,,,,0,0,10,0,literal_banned_terms_redacted,action_trace_daily_rollup
daily_rest_matrix,runs/next_build/20260509/marginal_pref_only,20260509_reference,f9abd903cb86,16,,,daily_rest_observation,"{""wait_minutes"":0}",,day_end,redacted_daily_window,,,,,0,0,10,0,literal_banned_terms_redacted,action_trace_daily_rollup
daily_rest_matrix,runs/next_build/20260509/marginal_pref_only,20260509_reference,f9abd903cb86,17,,,daily_rest_observation,"{""wait_minutes"":0}",,day_end,redacted_daily_window,,,,,0,0,10,0,literal_banned_terms_redacted,action_trace_daily_rollup
daily_rest_matrix,runs/next_build/20260509/marginal_pref_only,20260509_reference,f9abd903cb86,18,,,daily_rest_observation,"{""wait_minutes"":0}",,day_end,redacted_daily_window,,,,,0,0,10,0,literal_banned_terms_redacted,action_trace_daily_rollup
daily_rest_matrix,runs/next_build/20260509/marginal_pref_only,20260509_reference,f9abd903cb86,19,,,daily_rest_observation,"{""wait_minutes"":0}",,day_end,redacted_daily_window,,,,,0,0,10,0,literal_banned_terms_redacted,action_trace_daily_rollup
daily_rest_matrix,runs/next_build/20260509/marginal_pref_only,20260509_reference,f9abd903cb86,20,,,daily_rest_observation,"{""wait_minutes"":0}",,day_end,redacted_daily_window,,,,,0,0,20,0,literal_banned_terms_redacted,action_trace_daily_rollup
daily_rest_matrix,runs/next_build/20260509/marginal_pref_only,20260509_reference,f9abd903cb86,21,,,daily_rest_observation,"{""wait_minutes"":0}",,day_end,redacted_daily_window,,,,,0,0,0,0,literal_banned_terms_redacted,action_trace_daily_rollup
daily_rest_matrix,runs/next_build/20260509/marginal_pref_only,20260509_reference,f9abd903cb86,22,,,daily_rest_observation,"{""wait_minutes"":0}",,day_end,redacted_daily_window,,,,,0,0,10,0,literal_banned_terms_redacted,action_trace_daily_rollup
daily_rest_matrix,runs/next_build/20260509/marginal_pref_only,20260509_reference,f9abd903cb86,23,,,daily_rest_observation,"{""wait_minutes"":0}",,day_end,redacted_daily_window,,,,,0,0,10,0,literal_banned_terms_redacted,action_trace_daily_rollup
daily_rest_matrix,runs/next_build/20260509/marginal_pref_only,20260509_reference,f9abd903cb86,24,,,daily_rest_observation,"{""wait_minutes"":0}",,day_end,redacted_daily_window,,,,,0,0,0,0,literal_banned_terms_redacted,action_trace_daily_rollup
daily_rest_matrix,runs/next_build/20260509/marginal_pref_only,20260509_reference,f9abd903cb86,25,,,daily_rest_observation,"{""wait_minutes"":0}",,day_end,redacted_daily_window,,,,,0,0,20,0,literal_banned_terms_redacted,action_trace_daily_rollup
daily_rest_matrix,runs/next_build/20260509/marginal_pref_only,20260509_reference,f9abd903cb86,26,,,daily_rest_observation,"{""wait_minutes"":0}",,day_end,redacted_daily_window,,,,,0,0,10,0,literal_banned_terms_redacted,action_trace_daily_rollup
daily_rest_matrix,runs/next_build/20260509/marginal_pref_only,20260509_reference,f9abd903cb86,27,,,daily_rest_observation,"{""wait_minutes"":0}",,day_end,redacted_daily_window,,,,,0,0,10,0,literal_banned_terms_redacted,action_trace_daily_rollup
daily_rest_matrix,runs/next_build/20260509/marginal_pref_only,20260509_reference,f9abd903cb86,28,,,daily_rest_observation,"{""wait_minutes"":0}",,day_end,redacted_daily_window,,,,,0,0,10,0,literal_banned_terms_redacted,action_trace_daily_rollup
daily_rest_matrix,runs/next_build/20260509/marginal_pref_only,20260509_reference,f9abd903cb86,29,,,daily_rest_observation,"{""wait_minutes"":0}",,day_end,redacted_daily_window,,,,,0,0,0,0,literal_banned_terms_redacted,action_trace_daily_rollup
daily_rest_matrix,runs/next_build/20260509/marginal_pref_only,20260509_reference,f9abd903cb86,30,,,daily_rest_observation,"{""wait_minutes"":29}",,day_end,redacted_daily_window,,,,,29,29,0,0,literal_banned_terms_redacted,action_trace_daily_rollup
preference_rule,runs/next_build/20260509/money_greedy_no_pref,20260509_reference,e7a52d984e7e,,0,d450f614d37b,violation_count,"{""violations"":30}",3000.0,generic_month_or_rule_deadline,redacted_generic_window,100.0,3000.0,3000.0,1,,,,,literal_banned_terms_redacted,official_checker_rule_row
preference_rule,runs/next_build/20260509/money_greedy_no_pref,20260509_reference,e7a52d984e7e,,1,779a1598a9e7,violation_count,"{""violations"":10}",5000.0,generic_month_or_rule_deadline,redacted_generic_window,500.0,5000.0,5000.0,1,,,,,literal_banned_terms_redacted,official_checker_rule_row
preference_rule,runs/next_build/20260509/money_greedy_no_pref,20260509_reference,e7a52d984e7e,,2,c88a1aacc118,violation_count,"{""violations"":74}",2000.0,generic_month_or_rule_deadline,redacted_generic_window,27.03,2000.0,2000.0,1,,,,,literal_banned_terms_redacted,official_checker_rule_row
preference_rule,runs/next_build/20260509/money_greedy_no_pref,20260509_reference,3e0e35341231,,0,53b96469b87f,generic,{},6000.0,generic_month_or_rule_deadline,redacted_generic_window,6000.0,6000.0,6000.0,0,,,,,literal_banned_terms_redacted,official_checker_rule_row
preference_rule,runs/next_build/20260509/money_greedy_no_pref,20260509_reference,3e0e35341231,,1,0ba9c67c66cd,violation_count,"{""violations"":1}",350.0,generic_month_or_rule_deadline,redacted_generic_window,350.0,350.0,350.0,1,,,,,literal_banned_terms_redacted,official_checker_rule_row
preference_rule,runs/next_build/20260509/money_greedy_no_pref,20260509_reference,3e0e35341231,,2,fe5a9d3d41eb,violation_count,"{""violations"":30}",6000.0,generic_month_or_rule_deadline,redacted_generic_window,200.0,6000.0,6000.0,1,,,,,literal_banned_terms_redacted,official_checker_rule_row
preference_rule,runs/next_build/20260509/money_greedy_no_pref,20260509_reference,983f9a2734ca,,0,12113d34b4fe,generic,{},2000.0,generic_month_or_rule_deadline,redacted_generic_window,2000.0,2000.0,2000.0,0,,,,,literal_banned_terms_redacted,official_checker_rule_row
preference_rule,runs/next_build/20260509/money_greedy_no_pref,20260509_reference,983f9a2734ca,,1,ec2171bbf49e,violation_count,"{""violations"":2}",2000.0,generic_month_or_rule_deadline,redacted_generic_window,1000.0,2000.0,2000.0,1,,,,,literal_banned_terms_redacted,official_checker_rule_row
preference_rule,runs/next_build/20260509/money_greedy_no_pref,20260509_reference,983f9a2734ca,,2,b27939e51a00,violation_count,"{""violations"":30}",6000.0,generic_month_or_rule_deadline,redacted_generic_window,200.0,6000.0,6000.0,1,,,,,literal_banned_terms_redacted,official_checker_rule_row
preference_rule,runs/next_build/20260509/money_greedy_no_pref,20260509_reference,af4b17af9fc7,,0,2b340222c3d7,violation_count,"{""violations"":0}",0.0,generic_month_or_rule_deadline,redacted_generic_window,0.0,0.0,0.0,0,,,,,literal_banned_terms_redacted,official_checker_rule_row
preference_rule,runs/next_build/20260509/money_greedy_no_pref,20260509_reference,af4b17af9fc7,,1,b7b67284cc53,generic,{},200.0,generic_month_or_rule_deadline,redacted_generic_window,200.0,200.0,200.0,0,,,,,literal_banned_terms_redacted,official_checker_rule_row
preference_rule,runs/next_build/20260509/money_greedy_no_pref,20260509_reference,af4b17af9fc7,,2,a1d25288f564,violation_count,"{""violations"":30}",3000.0,generic_month_or_rule_deadline,redacted_generic_window,100.0,3000.0,3000.0,1,,,,,literal_banned_terms_redacted,official_checker_rule_row
preference_rule,runs/next_build/20260509/money_greedy_no_pref,20260509_reference,3c5844ed8465,,0,7f95e12ff6bf,violation_count,"{""violations"":46}",4600.0,generic_month_or_rule_deadline,redacted_generic_window,100.0,4600.0,4600.0,1,,,,,literal_banned_terms_redacted,official_checker_rule_row
preference_rule,runs/next_build/20260509/money_greedy_no_pref,20260509_reference,3c5844ed8465,,1,c83bbbf9325d,violation_count,"{""violations"":2}",200.0,generic_month_or_rule_deadline,redacted_generic_window,100.0,200.0,200.0,1,,,,,literal_banned_terms_redacted,official_checker_rule_row
preference_rule,runs/next_build/20260509/money_greedy_no_pref,20260509_reference,3c5844ed8465,,2,81e2ae9afa9c,violation_count,"{""violations"":30}",6000.0,generic_month_or_rule_deadline,redacted_generic_window,200.0,6000.0,6000.0,1,,,,,literal_banned_terms_redacted,official_checker_rule_row
preference_rule,runs/next_build/20260509/money_greedy_no_pref,20260509_reference,b8424551b996,,0,d57940e9aba5,violation_count,"{""violations"":30}",6000.0,generic_month_or_rule_deadline,redacted_generic_window,200.0,6000.0,6000.0,1,,,,,literal_banned_terms_redacted,official_checker_rule_row
preference_rule,runs/next_build/20260509/money_greedy_no_pref,20260509_reference,b8424551b996,,1,ff7e241299de,violation_count,"{""violations"":1}",400.0,generic_month_or_rule_deadline,redacted_generic_window,400.0,400.0,400.0,1,,,,,literal_banned_terms_redacted,official_checker_rule_row
preference_rule,runs/next_build/20260509/money_greedy_no_pref,20260509_reference,b8424551b996,,2,17ca4b67a52d,violation_count,"{""violations"":23}",3000.0,generic_month_or_rule_deadline,redacted_generic_window,130.43,3000.0,3000.0,1,,,,,literal_banned_terms_redacted,official_checker_rule_row
preference_rule,runs/next_build/20260509/money_greedy_no_pref,20260509_reference,b8424551b996,,3,e9a6b9640481,full_rest_day,"{""off_days"":0}",3000.0,generic_month_or_rule_deadline,redacted_generic_window,3000.0,3000.0,3000.0,1,,,,,literal_banned_terms_redacted,official_checker_rule_row
preference_rule,runs/next_build/20260509/money_greedy_no_pref,20260509_reference,0bcc30e5393c,,0,769e208fed14,violation_count,"{""violations"":30}",15000.0,generic_month_or_rule_deadline,redacted_generic_window,500.0,15000.0,15000.0,1,,,,,literal_banned_terms_redacted,official_checker_rule_row
preference_rule,runs/next_build/20260509/money_greedy_no_pref,20260509_reference,0bcc30e5393c,,1,44b9698e1ed8,violation_count,"{""violations"":4}",1120.0,generic_month_or_rule_deadline,redacted_generic_window,280.0,1120.0,1120.0,1,,,,,literal_banned_terms_redacted,official_checker_rule_row
preference_rule,runs/next_build/20260509/money_greedy_no_pref,20260509_reference,0bcc30e5393c,,2,af038c7fe7e1,violation_count,"{""violations"":13}",2400.0,generic_month_or_rule_deadline,redacted_generic_window,184.62,2400.0,2400.0,1,,,,,literal_banned_terms_redacted,official_checker_rule_row
preference_rule,runs/next_build/20260509/money_greedy_no_pref,20260509_reference,0bcc30e5393c,,3,626f9eaace2c,generic,{},800.0,generic_month_or_rule_deadline,redacted_generic_window,800.0,800.0,800.0,0,,,,,literal_banned_terms_redacted,official_checker_rule_row
preference_rule,runs/next_build/20260509/money_greedy_no_pref,20260509_reference,d1b26936cffa,,0,8ff546b60f7f,full_rest_day,"{""off_days"":0}",1500.0,generic_month_or_rule_deadline,redacted_generic_window,1500.0,1500.0,1500.0,1,,,,,literal_banned_terms_redacted,official_checker_rule_row
preference_rule,runs/next_build/20260509/money_greedy_no_pref,20260509_reference,d1b26936cffa,,1,e79137d53b95,violation_count,"{""violations"":21}",8400.0,generic_month_or_rule_deadline,redacted_generic_window,400.0,8400.0,8400.0,1,,,,,literal_banned_terms_redacted,official_checker_rule_row
preference_rule,runs/next_build/20260509/money_greedy_no_pref,20260509_reference,d1b26936cffa,,2,37acabfcfff4,violation_count,"{""violations"":7}",1400.0,generic_month_or_rule_deadline,redacted_generic_window,200.0,1400.0,1400.0,1,,,,,literal_banned_terms_redacted,official_checker_rule_row
preference_rule,runs/next_build/20260509/money_greedy_no_pref,20260509_reference,d1b26936cffa,,3,512b6d847293,violation_count,"{""violations"":13}",1300.0,generic_month_or_rule_deadline,redacted_generic_window,100.0,1300.0,1300.0,1,,,,,literal_banned_terms_redacted,official_checker_rule_row
preference_rule,runs/next_build/20260509/money_greedy_no_pref,20260509_reference,f9abd903cb86,,0,f2fbfe6873f0,date_specific,"{""satisfied"":false}",10000.0,generic_month_or_rule_deadline,redacted_generic_window,10000.0,10000.0,10000.0,1,,,,,literal_banned_terms_redacted,official_checker_rule_row
preference_rule,runs/next_build/20260509/money_greedy_no_pref,20260509_reference,f9abd903cb86,,1,466b01807713,violation_count,"{""violations"":30}",27000.0,generic_month_or_rule_deadline,redacted_generic_window,900.0,27000.0,27000.0,1,,,,,literal_banned_terms_redacted,official_checker_rule_row
preference_rule,runs/next_build/20260509/money_greedy_no_pref,20260509_reference,f9abd903cb86,,2,e1d623020e32,violation_count,"{""violations"":2}",700.0,generic_month_or_rule_deadline,redacted_generic_window,350.0,700.0,700.0,1,,,,,literal_banned_terms_redacted,official_checker_rule_row
preference_rule,runs/next_build/20260509/money_greedy_no_pref,20260509_reference,263f61d9f731,,0,3da567b3a682,generic,{},30600.0,generic_month_or_rule_deadline,redacted_generic_window,30600.0,30600.0,30600.0,0,,,,,literal_banned_terms_redacted,official_checker_rule_row
preference_rule,runs/next_build/20260509/money_greedy_no_pref,20260509_reference,263f61d9f731,,1,eeef06133871,generic,{},3000.0,generic_month_or_rule_deadline,redacted_generic_window,3000.0,3000.0,3000.0,0,,,,,literal_banned_terms_redacted,official_checker_rule_row
preference_rule,runs/next_build/20260509/money_greedy_no_pref,20260509_reference,263f61d9f731,,2,fe506ffb3572,violation_count,"{""violations"":30}",6000.0,generic_month_or_rule_deadline,redacted_generic_window,200.0,6000.0,6000.0,1,,,,,literal_banned_terms_redacted,official_checker_rule_row
preference_rule,runs/next_build/20260509/money_greedy_no_pref,20260509_reference,263f61d9f731,,3,f37d4e6f83fa,violation_count,"{""violations"":1}",240.0,generic_month_or_rule_deadline,redacted_generic_window,240.0,240.0,240.0,1,,,,,literal_banned_terms_redacted,official_checker_rule_row
daily_rest_matrix,runs/next_build/20260509/money_greedy_no_pref,20260509_reference,0bcc30e5393c,0,,,daily_rest_observation,"{""wait_minutes"":150}",,day_end,redacted_daily_window,,,,,150,150,6,0,literal_banned_terms_redacted,action_trace_daily_rollup
daily_rest_matrix,runs/next_build/20260509/money_greedy_no_pref,20260509_reference,0bcc30e5393c,1,,,daily_rest_observation,"{""wait_minutes"":0}",,day_end,redacted_daily_window,,,,,0,0,20,0,literal_banned_terms_redacted,action_trace_daily_rollup
daily_rest_matrix,runs/next_build/20260509/money_greedy_no_pref,20260509_reference,0bcc30e5393c,2,,,daily_rest_observation,"{""wait_minutes"":0}",,day_end,redacted_daily_window,,,,,0,0,10,0,literal_banned_terms_redacted,action_trace_daily_rollup
daily_rest_matrix,runs/next_build/20260509/money_greedy_no_pref,20260509_reference,0bcc30e5393c,3,,,daily_rest_observation,"{""wait_minutes"":0}",,day_end,redacted_daily_window,,,,,0,0,10,0,literal_banned_terms_redacted,action_trace_daily_rollup
daily_rest_matrix,runs/next_build/20260509/money_greedy_no_pref,20260509_reference,0bcc30e5393c,4,,,daily_rest_observation,"{""wait_minutes"":0}",,day_end,redacted_daily_window,,,,,0,0,10,0,literal_banned_terms_redacted,action_trace_daily_rollup
daily_rest_matrix,runs/next_build/20260509/money_greedy_no_pref,20260509_reference,0bcc30e5393c,5,,,daily_rest_observation,"{""wait_minutes"":0}",,day_end,redacted_daily_window,,,,,0,0,10,0,literal_banned_terms_redacted,action_trace_daily_rollup
daily_rest_matrix,runs/next_build/20260509/money_greedy_no_pref,20260509_reference,0bcc30e5393c,6,,,daily_rest_observation,"{""wait_minutes"":0}",,day_end,redacted_daily_window,,,,,0,0,10,0,literal_banned_terms_redacted,action_trace_daily_rollup
daily_rest_matrix,runs/next_build/20260509/money_greedy_no_pref,20260509_reference,0bcc30e5393c,7,,,daily_rest_observation,"{""wait_minutes"":0}",,day_end,redacted_daily_window,,,,,0,0,10,0,literal_banned_terms_redacted,action_trace_daily_rollup
daily_rest_matrix,runs/next_build/20260509/money_greedy_no_pref,20260509_reference,0bcc30e5393c,8,,,daily_rest_observation,"{""wait_minutes"":0}",,day_end,redacted_daily_window,,,,,0,0,0,0,literal_banned_terms_redacted,action_trace_daily_rollup
daily_rest_matrix,runs/next_build/20260509/money_greedy_no_pref,20260509_reference,0bcc30e5393c,9,,,daily_rest_observation,"{""wait_minutes"":0}",,day_end,redacted_daily_window,,,,,0,0,10,0,literal_banned_terms_redacted,action_trace_daily_rollup
daily_rest_matrix,runs/next_build/20260509/money_greedy_no_pref,20260509_reference,0bcc30e5393c,10,,,daily_rest_observation,"{""wait_minutes"":0}",,day_end,redacted_daily_window,,,,,0,0,10,0,literal_banned_terms_redacted,action_trace_daily_rollup
daily_rest_matrix,runs/next_build/20260509/money_greedy_no_pref,20260509_reference,0bcc30e5393c,11,,,daily_rest_observation,"{""wait_minutes"":0}",,day_end,redacted_daily_window,,,,,0,0,10,0,literal_banned_terms_redacted,action_trace_daily_rollup
daily_rest_matrix,runs/next_build/20260509/money_greedy_no_pref,20260509_reference,0bcc30e5393c,12,,,daily_rest_observation,"{""wait_minutes"":0}",,day_end,redacted_daily_window,,,,,0,0,10,0,literal_banned_terms_redacted,action_trace_daily_rollup
daily_rest_matrix,runs/next_build/20260509/money_greedy_no_pref,20260509_reference,0bcc30e5393c,13,,,daily_rest_observation,"{""wait_minutes"":0}",,day_end,redacted_daily_window,,,,,0,0,10,0,literal_banned_terms_redacted,action_trace_daily_rollup
daily_rest_matrix,runs/next_build/20260509/money_greedy_no_pref,20260509_reference,0bcc30e5393c,14,,,daily_rest_observation,"{""wait_minutes"":0}",,day_end,redacted_daily_window,,,,,0,0,10,0,literal_banned_terms_redacted,action_trace_daily_rollup
daily_rest_matrix,runs/next_build/20260509/money_greedy_no_pref,20260509_reference,0bcc30e5393c,15,,,daily_rest_observation,"{""wait_minutes"":0}",,day_end,redacted_daily_window,,,,,0,0,10,0,literal_banned_terms_redacted,action_trace_daily_rollup
daily_rest_matrix,runs/next_build/20260509/money_greedy_no_pref,20260509_reference,0bcc30e5393c,16,,,daily_rest_observation,"{""wait_minutes"":0}",,day_end,redacted_daily_window,,,,,0,0,10,0,literal_banned_terms_redacted,action_trace_daily_rollup
daily_rest_matrix,runs/next_build/20260509/money_greedy_no_pref,20260509_reference,0bcc30e5393c,17,,,daily_rest_observation,"{""wait_minutes"":0}",,day_end,redacted_daily_window,,,,,0,0,20,0,literal_banned_terms_redacted,action_trace_daily_rollup
daily_rest_matrix,runs/next_build/20260509/money_greedy_no_pref,20260509_reference,0bcc30e5393c,18,,,daily_rest_observation,"{""wait_minutes"":0}",,day_end,redacted_daily_window,,,,,0,0,0,0,literal_banned_terms_redacted,action_trace_daily_rollup
daily_rest_matrix,runs/next_build/20260509/money_greedy_no_pref,20260509_reference,0bcc30e5393c,19,,,daily_rest_observation,"{""wait_minutes"":0}",,day_end,redacted_daily_window,,,,,0,0,10,0,literal_banned_terms_redacted,action_trace_daily_rollup
daily_rest_matrix,runs/next_build/20260509/money_greedy_no_pref,20260509_reference,0bcc30e5393c,20,,,daily_rest_observation,"{""wait_minutes"":0}",,day_end,redacted_daily_window,,,,,0,0,10,0,literal_banned_terms_redacted,action_trace_daily_rollup
daily_rest_matrix,runs/next_build/20260509/money_greedy_no_pref,20260509_reference,0bcc30e5393c,21,,,daily_rest_observation,"{""wait_minutes"":0}",,day_end,redacted_daily_window,,,,,0,0,0,0,literal_banned_terms_redacted,action_trace_daily_rollup
daily_rest_matrix,runs/next_build/20260509/money_greedy_no_pref,20260509_reference,0bcc30e5393c,22,,,daily_rest_observation,"{""wait_minutes"":0}",,day_end,redacted_daily_window,,,,,0,0,0,0,literal_banned_terms_redacted,action_trace_daily_rollup
daily_rest_matrix,runs/next_build/20260509/money_greedy_no_pref,20260509_reference,0bcc30e5393c,23,,,daily_rest_observation,"{""wait_minutes"":0}",,day_end,redacted_daily_window,,,,,0,0,10,0,literal_banned_terms_redacted,action_trace_daily_rollup
daily_rest_matrix,runs/next_build/20260509/money_greedy_no_pref,20260509_reference,0bcc30e5393c,24,,,daily_rest_observation,"{""wait_minutes"":0}",,day_end,redacted_daily_window,,,,,0,0,10,0,literal_banned_terms_redacted,action_trace_daily_rollup
daily_rest_matrix,runs/next_build/20260509/money_greedy_no_pref,20260509_reference,0bcc30e5393c,25,,,daily_rest_observation,"{""wait_minutes"":0}",,day_end,redacted_daily_window,,,,,0,0,10,0,literal_banned_terms_redacted,action_trace_daily_rollup
daily_rest_matrix,runs/next_build/20260509/money_greedy_no_pref,20260509_reference,0bcc30e5393c,26,,,daily_rest_observation,"{""wait_minutes"":0}",,day_end,redacted_daily_window,,,,,0,0,10,0,literal_banned_terms_redacted,action_trace_daily_rollup
daily_rest_matrix,runs/next_build/20260509/money_greedy_no_pref,20260509_reference,0bcc30e5393c,27,,,daily_rest_observation,"{""wait_minutes"":0}",,day_end,redacted_daily_window,,,,,0,0,10,0,literal_banned_terms_redacted,action_trace_daily_rollup
daily_rest_matrix,runs/next_build/20260509/money_greedy_no_pref,20260509_reference,0bcc30e5393c,28,,,daily_rest_observation,"{""wait_minutes"":0}",,day_end,redacted_daily_window,,,,,0,0,10,0,literal_banned_terms_redacted,action_trace_daily_rollup
daily_rest_matrix,runs/next_build/20260509/money_greedy_no_pref,20260509_reference,0bcc30e5393c,29,,,daily_rest_observation,"{""wait_minutes"":0}",,day_end,redacted_daily_window,,,,,0,0,10,0,literal_banned_terms_redacted,action_trace_daily_rollup
daily_rest_matrix,runs/next_build/20260509/money_greedy_no_pref,20260509_reference,0bcc30e5393c,30,,,daily_rest_observation,"{""wait_minutes"":193}",,day_end,redacted_daily_window,,,,,193,193,10,0,literal_banned_terms_redacted,action_trace_daily_rollup
daily_rest_matrix,runs/next_build/20260509/money_greedy_no_pref,20260509_reference,263f61d9f731,0,,,daily_rest_observation,"{""wait_minutes"":150}",,day_end,redacted_daily_window,,,,,150,150,6,0,literal_banned_terms_redacted,action_trace_daily_rollup
daily_rest_matrix,runs/next_build/20260509/money_greedy_no_pref,20260509_reference,263f61d9f731,1,,,daily_rest_observation,"{""wait_minutes"":0}",,day_end,redacted_daily_window,,,,,0,0,10,0,literal_banned_terms_redacted,action_trace_daily_rollup
daily_rest_matrix,runs/next_build/20260509/money_greedy_no_pref,20260509_reference,263f61d9f731,2,,,daily_rest_observation,"{""wait_minutes"":0}",,day_end,redacted_daily_window,,,,,0,0,0,0,literal_banned_terms_redacted,action_trace_daily_rollup
daily_rest_matrix,runs/next_build/20260509/money_greedy_no_pref,20260509_reference,263f61d9f731,3,,,daily_rest_observation,"{""wait_minutes"":0}",,day_end,redacted_daily_window,,,,,0,0,10,0,literal_banned_terms_redacted,action_trace_daily_rollup
daily_rest_matrix,runs/next_build/20260509/money_greedy_no_pref,20260509_reference,263f61d9f731,4,,,daily_rest_observation,"{""wait_minutes"":0}",,day_end,redacted_daily_window,,,,,0,0,10,0,literal_banned_terms_redacted,action_trace_daily_rollup
daily_rest_matrix,runs/next_build/20260509/money_greedy_no_pref,20260509_reference,263f61d9f731,5,,,daily_rest_observation,"{""wait_minutes"":0}",,day_end,redacted_daily_window,,,,,0,0,10,0,literal_banned_terms_redacted,action_trace_daily_rollup
daily_rest_matrix,runs/next_build/20260509/money_greedy_no_pref,20260509_reference,263f61d9f731,6,,,daily_rest_observation,"{""wait_minutes"":0}",,day_end,redacted_daily_window,,,,,0,0,0,0,literal_banned_terms_redacted,action_trace_daily_rollup
daily_rest_matrix,runs/next_build/20260509/money_greedy_no_pref,20260509_reference,263f61d9f731,7,,,daily_rest_observation,"{""wait_minutes"":0}",,day_end,redacted_daily_window,,,,,0,0,0,0,literal_banned_terms_redacted,action_trace_daily_rollup
daily_rest_matrix,runs/next_build/20260509/money_greedy_no_pref,20260509_reference,263f61d9f731,8,,,daily_rest_observation,"{""wait_minutes"":0}",,day_end,redacted_daily_window,,,,,0,0,10,0,literal_banned_terms_redacted,action_trace_daily_rollup
daily_rest_matrix,runs/next_build/20260509/money_greedy_no_pref,20260509_reference,263f61d9f731,9,,,daily_rest_observation,"{""wait_minutes"":0}",,day_end,redacted_daily_window,,,,,0,0,10,0,literal_banned_terms_redacted,action_trace_daily_rollup
daily_rest_matrix,runs/next_build/20260509/money_greedy_no_pref,20260509_reference,263f61d9f731,10,,,daily_rest_observation,"{""wait_minutes"":0}",,day_end,redacted_daily_window,,,,,0,0,10,0,literal_banned_terms_redacted,action_trace_daily_rollup
daily_rest_matrix,runs/next_build/20260509/money_greedy_no_pref,20260509_reference,263f61d9f731,11,,,daily_rest_observation,"{""wait_minutes"":0}",,day_end,redacted_daily_window,,,,,0,0,10,0,literal_banned_terms_redacted,action_trace_daily_rollup
daily_rest_matrix,runs/next_build/20260509/money_greedy_no_pref,20260509_reference,263f61d9f731,12,,,daily_rest_observation,"{""wait_minutes"":0}",,day_end,redacted_daily_window,,,,,0,0,10,0,literal_banned_terms_redacted,action_trace_daily_rollup
daily_rest_matrix,runs/next_build/20260509/money_greedy_no_pref,20260509_reference,263f61d9f731,13,,,daily_rest_observation,"{""wait_minutes"":0}",,day_end,redacted_daily_window,,,,,0,0,10,0,literal_banned_terms_redacted,action_trace_daily_rollup
daily_rest_matrix,runs/next_build/20260509/money_greedy_no_pref,20260509_reference,263f61d9f731,14,,,daily_rest_observation,"{""wait_minutes"":0}",,day_end,redacted_daily_window,,,,,0,0,10,0,literal_banned_terms_redacted,action_trace_daily_rollup
daily_rest_matrix,runs/next_build/20260509/money_greedy_no_pref,20260509_reference,263f61d9f731,15,,,daily_rest_observation,"{""wait_minutes"":0}",,day_end,redacted_daily_window,,,,,0,0,10,0,literal_banned_terms_redacted,action_trace_daily_rollup
daily_rest_matrix,runs/next_build/20260509/money_greedy_no_pref,20260509_reference,263f61d9f731,16,,,daily_rest_observation,"{""wait_minutes"":0}",,day_end,redacted_daily_window,,,,,0,0,10,0,literal_banned_terms_redacted,action_trace_daily_rollup
daily_rest_matrix,runs/next_build/20260509/money_greedy_no_pref,20260509_reference,263f61d9f731,17,,,daily_rest_observation,"{""wait_minutes"":0}",,day_end,redacted_daily_window,,,,,0,0,0,0,literal_banned_terms_redacted,action_trace_daily_rollup
daily_rest_matrix,runs/next_build/20260509/money_greedy_no_pref,20260509_reference,263f61d9f731,18,,,daily_rest_observation,"{""wait_minutes"":0}",,day_end,redacted_daily_window,,,,,0,0,0,0,literal_banned_terms_redacted,action_trace_daily_rollup
daily_rest_matrix,runs/next_build/20260509/money_greedy_no_pref,20260509_reference,263f61d9f731,19,,,daily_rest_observation,"{""wait_minutes"":0}",,day_end,redacted_daily_window,,,,,0,0,10,0,literal_banned_terms_redacted,action_trace_daily_rollup
daily_rest_matrix,runs/next_build/20260509/money_greedy_no_pref,20260509_reference,263f61d9f731,20,,,daily_rest_observation,"{""wait_minutes"":0}",,day_end,redacted_daily_window,,,,,0,0,10,0,literal_banned_terms_redacted,action_trace_daily_rollup
daily_rest_matrix,runs/next_build/20260509/money_greedy_no_pref,20260509_reference,263f61d9f731,21,,,daily_rest_observation,"{""wait_minutes"":0}",,day_end,redacted_daily_window,,,,,0,0,10,0,literal_banned_terms_redacted,action_trace_daily_rollup
daily_rest_matrix,runs/next_build/20260509/money_greedy_no_pref,20260509_reference,263f61d9f731,22,,,daily_rest_observation,"{""wait_minutes"":0}",,day_end,redacted_daily_window,,,,,0,0,0,0,literal_banned_terms_redacted,action_trace_daily_rollup
daily_rest_matrix,runs/next_build/20260509/money_greedy_no_pref,20260509_reference,263f61d9f731,23,,,daily_rest_observation,"{""wait_minutes"":0}",,day_end,redacted_daily_window,,,,,0,0,10,0,literal_banned_terms_redacted,action_trace_daily_rollup
daily_rest_matrix,runs/next_build/20260509/money_greedy_no_pref,20260509_reference,263f61d9f731,24,,,daily_rest_observation,"{""wait_minutes"":0}",,day_end,redacted_daily_window,,,,,0,0,10,0,literal_banned_terms_redacted,action_trace_daily_rollup
daily_rest_matrix,runs/next_build/20260509/money_greedy_no_pref,20260509_reference,263f61d9f731,25,,,daily_rest_observation,"{""wait_minutes"":0}",,day_end,redacted_daily_window,,,,,0,0,10,0,literal_banned_terms_redacted,action_trace_daily_rollup
daily_rest_matrix,runs/next_build/20260509/money_greedy_no_pref,20260509_reference,263f61d9f731,26,,,daily_rest_observation,"{""wait_minutes"":0}",,day_end,redacted_daily_window,,,,,0,0,10,0,literal_banned_terms_redacted,action_trace_daily_rollup
daily_rest_matrix,runs/next_build/20260509/money_greedy_no_pref,20260509_reference,263f61d9f731,27,,,daily_rest_observation,"{""wait_minutes"":0}",,day_end,redacted_daily_window,,,,,0,0,0,0,literal_banned_terms_redacted,action_trace_daily_rollup
daily_rest_matrix,runs/next_build/20260509/money_greedy_no_pref,20260509_reference,263f61d9f731,28,,,daily_rest_observation,"{""wait_minutes"":0}",,day_end,redacted_daily_window,,,,,0,0,10,0,literal_banned_terms_redacted,action_trace_daily_rollup
daily_rest_matrix,runs/next_build/20260509/money_greedy_no_pref,20260509_reference,263f61d9f731,29,,,daily_rest_observation,"{""wait_minutes"":0}",,day_end,redacted_daily_window,,,,,0,0,0,0,literal_banned_terms_redacted,action_trace_daily_rollup
daily_rest_matrix,runs/next_build/20260509/money_greedy_no_pref,20260509_reference,263f61d9f731,30,,,daily_rest_observation,"{""wait_minutes"":180}",,day_end,redacted_daily_window,,,,,180,180,10,0,literal_banned_terms_redacted,action_trace_daily_rollup
daily_rest_matrix,runs/next_build/20260509/money_greedy_no_pref,20260509_reference,3c5844ed8465,0,,,daily_rest_observation,"{""wait_minutes"":150}",,day_end,redacted_daily_window,,,,,150,150,6,0,literal_banned_terms_redacted,action_trace_daily_rollup
daily_rest_matrix,runs/next_build/20260509/money_greedy_no_pref,20260509_reference,3c5844ed8465,1,,,daily_rest_observation,"{""wait_minutes"":0}",,day_end,redacted_daily_window,,,,,0,0,20,0,literal_banned_terms_redacted,action_trace_daily_rollup
daily_rest_matrix,runs/next_build/20260509/money_greedy_no_pref,20260509_reference,3c5844ed8465,2,,,daily_rest_observation,"{""wait_minutes"":0}",,day_end,redacted_daily_window,,,,,0,0,10,0,literal_banned_terms_redacted,action_trace_daily_rollup
daily_rest_matrix,runs/next_build/20260509/money_greedy_no_pref,20260509_reference,3c5844ed8465,3,,,daily_rest_observation,"{""wait_minutes"":0}",,day_end,redacted_daily_window,,,,,0,0,10,0,literal_banned_terms_redacted,action_trace_daily_rollup
daily_rest_matrix,runs/next_build/20260509/money_greedy_no_pref,20260509_reference,3c5844ed8465,4,,,daily_rest_observation,"{""wait_minutes"":0}",,day_end,redacted_daily_window,,,,,0,0,10,0,literal_banned_terms_redacted,action_trace_daily_rollup
daily_rest_matrix,runs/next_build/20260509/money_greedy_no_pref,20260509_reference,3c5844ed8465,5,,,daily_rest_observation,"{""wait_minutes"":0}",,day_end,redacted_daily_window,,,,,0,0,10,0,literal_banned_terms_redacted,action_trace_daily_rollup
daily_rest_matrix,runs/next_build/20260509/money_greedy_no_pref,20260509_reference,3c5844ed8465,6,,,daily_rest_observation,"{""wait_minutes"":0}",,day_end,redacted_daily_window,,,,,0,0,10,0,literal_banned_terms_redacted,action_trace_daily_rollup
daily_rest_matrix,runs/next_build/20260509/money_greedy_no_pref,20260509_reference,3c5844ed8465,7,,,daily_rest_observation,"{""wait_minutes"":0}",,day_end,redacted_daily_window,,,,,0,0,10,0,literal_banned_terms_redacted,action_trace_daily_rollup
daily_rest_matrix,runs/next_build/20260509/money_greedy_no_pref,20260509_reference,3c5844ed8465,8,,,daily_rest_observation,"{""wait_minutes"":0}",,day_end,redacted_daily_window,,,,,0,0,0,0,literal_banned_terms_redacted,action_trace_daily_rollup
daily_rest_matrix,runs/next_build/20260509/money_greedy_no_pref,20260509_reference,3c5844ed8465,9,,,daily_rest_observation,"{""wait_minutes"":0}",,day_end,redacted_daily_window,,,,,0,0,10,0,literal_banned_terms_redacted,action_trace_daily_rollup
daily_rest_matrix,runs/next_build/20260509/money_greedy_no_pref,20260509_reference,3c5844ed8465,10,,,daily_rest_observation,"{""wait_minutes"":0}",,day_end,redacted_daily_window,,,,,0,0,10,0,literal_banned_terms_redacted,action_trace_daily_rollup
daily_rest_matrix,runs/next_build/20260509/money_greedy_no_pref,20260509_reference,3c5844ed8465,11,,,daily_rest_observation,"{""wait_minutes"":0}",,day_end,redacted_daily_window,,,,,0,0,10,0,literal_banned_terms_redacted,action_trace_daily_rollup
daily_rest_matrix,runs/next_build/20260509/money_greedy_no_pref,20260509_reference,3c5844ed8465,12,,,daily_rest_observation,"{""wait_minutes"":0}",,day_end,redacted_daily_window,,,,,0,0,10,0,literal_banned_terms_redacted,action_trace_daily_rollup
daily_rest_matrix,runs/next_build/20260509/money_greedy_no_pref,20260509_reference,3c5844ed8465,13,,,daily_rest_observation,"{""wait_minutes"":0}",,day_end,redacted_daily_window,,,,,0,0,10,0,literal_banned_terms_redacted,action_trace_daily_rollup
daily_rest_matrix,runs/next_build/20260509/money_greedy_no_pref,20260509_reference,3c5844ed8465,14,,,daily_rest_observation,"{""wait_minutes"":0}",,day_end,redacted_daily_window,,,,,0,0,10,0,literal_banned_terms_redacted,action_trace_daily_rollup
daily_rest_matrix,runs/next_build/20260509/money_greedy_no_pref,20260509_reference,3c5844ed8465,15,,,daily_rest_observation,"{""wait_minutes"":0}",,day_end,redacted_daily_window,,,,,0,0,10,0,literal_banned_terms_redacted,action_trace_daily_rollup
daily_rest_matrix,runs/next_build/20260509/money_greedy_no_pref,20260509_reference,3c5844ed8465,16,,,daily_rest_observation,"{""wait_minutes"":0}",,day_end,redacted_daily_window,,,,,0,0,10,0,literal_banned_terms_redacted,action_trace_daily_rollup
daily_rest_matrix,runs/next_build/20260509/money_greedy_no_pref,20260509_reference,3c5844ed8465,17,,,daily_rest_observation,"{""wait_minutes"":0}",,day_end,redacted_daily_window,,,,,0,0,20,0,literal_banned_terms_redacted,action_trace_daily_rollup
daily_rest_matrix,runs/next_build/20260509/money_greedy_no_pref,20260509_reference,3c5844ed8465,18,,,daily_rest_observation,"{""wait_minutes"":0}",,day_end,redacted_daily_window,,,,,0,0,0,0,literal_banned_terms_redacted,action_trace_daily_rollup
daily_rest_matrix,runs/next_build/20260509/money_greedy_no_pref,20260509_reference,3c5844ed8465,19,,,daily_rest_observation,"{""wait_minutes"":0}",,day_end,redacted_daily_window,,,,,0,0,10,0,literal_banned_terms_redacted,action_trace_daily_rollup
daily_rest_matrix,runs/next_build/20260509/money_greedy_no_pref,20260509_reference,3c5844ed8465,20,,,daily_rest_observation,"{""wait_minutes"":0}",,day_end,redacted_daily_window,,,,,0,0,10,0,literal_banned_terms_redacted,action_trace_daily_rollup
daily_rest_matrix,runs/next_build/20260509/money_greedy_no_pref,20260509_reference,3c5844ed8465,21,,,daily_rest_observation,"{""wait_minutes"":0}",,day_end,redacted_daily_window,,,,,0,0,0,0,literal_banned_terms_redacted,action_trace_daily_rollup
daily_rest_matrix,runs/next_build/20260509/money_greedy_no_pref,20260509_reference,3c5844ed8465,22,,,daily_rest_observation,"{""wait_minutes"":0}",,day_end,redacted_daily_window,,,,,0,0,0,0,literal_banned_terms_redacted,action_trace_daily_rollup
daily_rest_matrix,runs/next_build/20260509/money_greedy_no_pref,20260509_reference,3c5844ed8465,23,,,daily_rest_observation,"{""wait_minutes"":0}",,day_end,redacted_daily_window,,,,,0,0,10,0,literal_banned_terms_redacted,action_trace_daily_rollup
daily_rest_matrix,runs/next_build/20260509/money_greedy_no_pref,20260509_reference,3c5844ed8465,24,,,daily_rest_observation,"{""wait_minutes"":0}",,day_end,redacted_daily_window,,,,,0,0,10,0,literal_banned_terms_redacted,action_trace_daily_rollup
daily_rest_matrix,runs/next_build/20260509/money_greedy_no_pref,20260509_reference,3c5844ed8465,25,,,daily_rest_observation,"{""wait_minutes"":0}",,day_end,redacted_daily_window,,,,,0,0,10,0,literal_banned_terms_redacted,action_trace_daily_rollup
daily_rest_matrix,runs/next_build/20260509/money_greedy_no_pref,20260509_reference,3c5844ed8465,26,,,daily_rest_observation,"{""wait_minutes"":0}",,day_end,redacted_daily_window,,,,,0,0,10,0,literal_banned_terms_redacted,action_trace_daily_rollup
daily_rest_matrix,runs/next_build/20260509/money_greedy_no_pref,20260509_reference,3c5844ed8465,27,,,daily_rest_observation,"{""wait_minutes"":0}",,day_end,redacted_daily_window,,,,,0,0,10,0,literal_banned_terms_redacted,action_trace_daily_rollup
daily_rest_matrix,runs/next_build/20260509/money_greedy_no_pref,20260509_reference,3c5844ed8465,28,,,daily_rest_observation,"{""wait_minutes"":0}",,day_end,redacted_daily_window,,,,,0,0,10,0,literal_banned_terms_redacted,action_trace_daily_rollup
daily_rest_matrix,runs/next_build/20260509/money_greedy_no_pref,20260509_reference,3c5844ed8465,29,,,daily_rest_observation,"{""wait_minutes"":0}",,day_end,redacted_daily_window,,,,,0,0,10,0,literal_banned_terms_redacted,action_trace_daily_rollup
daily_rest_matrix,runs/next_build/20260509/money_greedy_no_pref,20260509_reference,3c5844ed8465,30,,,daily_rest_observation,"{""wait_minutes"":193}",,day_end,redacted_daily_window,,,,,193,193,10,0,literal_banned_terms_redacted,action_trace_daily_rollup
daily_rest_matrix,runs/next_build/20260509/money_greedy_no_pref,20260509_reference,3e0e35341231,0,,,daily_rest_observation,"{""wait_minutes"":150}",,day_end,redacted_daily_window,,,,,150,150,6,0,literal_banned_terms_redacted,action_trace_daily_rollup
daily_rest_matrix,runs/next_build/20260509/money_greedy_no_pref,20260509_reference,3e0e35341231,1,,,daily_rest_observation,"{""wait_minutes"":0}",,day_end,redacted_daily_window,,,,,0,0,10,0,literal_banned_terms_redacted,action_trace_daily_rollup
daily_rest_matrix,runs/next_build/20260509/money_greedy_no_pref,20260509_reference,3e0e35341231,2,,,daily_rest_observation,"{""wait_minutes"":0}",,day_end,redacted_daily_window,,,,,0,0,0,0,literal_banned_terms_redacted,action_trace_daily_rollup
daily_rest_matrix,runs/next_build/20260509/money_greedy_no_pref,20260509_reference,3e0e35341231,3,,,daily_rest_observation,"{""wait_minutes"":0}",,day_end,redacted_daily_window,,,,,0,0,10,0,literal_banned_terms_redacted,action_trace_daily_rollup
daily_rest_matrix,runs/next_build/20260509/money_greedy_no_pref,20260509_reference,3e0e35341231,4,,,daily_rest_observation,"{""wait_minutes"":0}",,day_end,redacted_daily_window,,,,,0,0,10,0,literal_banned_terms_redacted,action_trace_daily_rollup
daily_rest_matrix,runs/next_build/20260509/money_greedy_no_pref,20260509_reference,3e0e35341231,5,,,daily_rest_observation,"{""wait_minutes"":0}",,day_end,redacted_daily_window,,,,,0,0,10,0,literal_banned_terms_redacted,action_trace_daily_rollup
daily_rest_matrix,runs/next_build/20260509/money_greedy_no_pref,20260509_reference,3e0e35341231,6,,,daily_rest_observation,"{""wait_minutes"":0}",,day_end,redacted_daily_window,,,,,0,0,0,0,literal_banned_terms_redacted,action_trace_daily_rollup
daily_rest_matrix,runs/next_build/20260509/money_greedy_no_pref,20260509_reference,3e0e35341231,7,,,daily_rest_observation,"{""wait_minutes"":0}",,day_end,redacted_daily_window,,,,,0,0,0,0,literal_banned_terms_redacted,action_trace_daily_rollup
daily_rest_matrix,runs/next_build/20260509/money_greedy_no_pref,20260509_reference,3e0e35341231,8,,,daily_rest_observation,"{""wait_minutes"":0}",,day_end,redacted_daily_window,,,,,0,0,10,0,literal_banned_terms_redacted,action_trace_daily_rollup
daily_rest_matrix,runs/next_build/20260509/money_greedy_no_pref,20260509_reference,3e0e35341231,9,,,daily_rest_observation,"{""wait_minutes"":0}",,day_end,redacted_daily_window,,,,,0,0,10,0,literal_banned_terms_redacted,action_trace_daily_rollup
daily_rest_matrix,runs/next_build/20260509/money_greedy_no_pref,20260509_reference,3e0e35341231,10,,,daily_rest_observation,"{""wait_minutes"":0}",,day_end,redacted_daily_window,,,,,0,0,10,0,literal_banned_terms_redacted,action_trace_daily_rollup
daily_rest_matrix,runs/next_build/20260509/money_greedy_no_pref,20260509_reference,3e0e35341231,11,,,daily_rest_observation,"{""wait_minutes"":0}",,day_end,redacted_daily_window,,,,,0,0,10,0,literal_banned_terms_redacted,action_trace_daily_rollup
daily_rest_matrix,runs/next_build/20260509/money_greedy_no_pref,20260509_reference,3e0e35341231,12,,,daily_rest_observation,"{""wait_minutes"":0}",,day_end,redacted_daily_window,,,,,0,0,10,0,literal_banned_terms_redacted,action_trace_daily_rollup
daily_rest_matrix,runs/next_build/20260509/money_greedy_no_pref,20260509_reference,3e0e35341231,13,,,daily_rest_observation,"{""wait_minutes"":0}",,day_end,redacted_daily_window,,,,,0,0,10,0,literal_banned_terms_redacted,action_trace_daily_rollup
daily_rest_matrix,runs/next_build/20260509/money_greedy_no_pref,20260509_reference,3e0e35341231,14,,,daily_rest_observation,"{""wait_minutes"":0}",,day_end,redacted_daily_window,,,,,0,0,10,0,literal_banned_terms_redacted,action_trace_daily_rollup
daily_rest_matrix,runs/next_build/20260509/money_greedy_no_pref,20260509_reference,3e0e35341231,15,,,daily_rest_observation,"{""wait_minutes"":0}",,day_end,redacted_daily_window,,,,,0,0,10,0,literal_banned_terms_redacted,action_trace_daily_rollup
daily_rest_matrix,runs/next_build/20260509/money_greedy_no_pref,20260509_reference,3e0e35341231,16,,,daily_rest_observation,"{""wait_minutes"":0}",,day_end,redacted_daily_window,,,,,0,0,10,0,literal_banned_terms_redacted,action_trace_daily_rollup
daily_rest_matrix,runs/next_build/20260509/money_greedy_no_pref,20260509_reference,3e0e35341231,17,,,daily_rest_observation,"{""wait_minutes"":0}",,day_end,redacted_daily_window,,,,,0,0,0,0,literal_banned_terms_redacted,action_trace_daily_rollup
daily_rest_matrix,runs/next_build/20260509/money_greedy_no_pref,20260509_reference,3e0e35341231,18,,,daily_rest_observation,"{""wait_minutes"":0}",,day_end,redacted_daily_window,,,,,0,0,0,0,literal_banned_terms_redacted,action_trace_daily_rollup
daily_rest_matrix,runs/next_build/20260509/money_greedy_no_pref,20260509_reference,3e0e35341231,19,,,daily_rest_observation,"{""wait_minutes"":0}",,day_end,redacted_daily_window,,,,,0,0,10,0,literal_banned_terms_redacted,action_trace_daily_rollup
daily_rest_matrix,runs/next_build/20260509/money_greedy_no_pref,20260509_reference,3e0e35341231,20,,,daily_rest_observation,"{""wait_minutes"":0}",,day_end,redacted_daily_window,,,,,0,0,10,0,literal_banned_terms_redacted,action_trace_daily_rollup
daily_rest_matrix,runs/next_build/20260509/money_greedy_no_pref,20260509_reference,3e0e35341231,21,,,daily_rest_observation,"{""wait_minutes"":0}",,day_end,redacted_daily_window,,,,,0,0,10,0,literal_banned_terms_redacted,action_trace_daily_rollup
daily_rest_matrix,runs/next_build/20260509/money_greedy_no_pref,20260509_reference,3e0e35341231,22,,,daily_rest_observation,"{""wait_minutes"":0}",,day_end,redacted_daily_window,,,,,0,0,0,0,literal_banned_terms_redacted,action_trace_daily_rollup
daily_rest_matrix,runs/next_build/20260509/money_greedy_no_pref,20260509_reference,3e0e35341231,23,,,daily_rest_observation,"{""wait_minutes"":0}",,day_end,redacted_daily_window,,,,,0,0,10,0,literal_banned_terms_redacted,action_trace_daily_rollup
daily_rest_matrix,runs/next_build/20260509/money_greedy_no_pref,20260509_reference,3e0e35341231,24,,,daily_rest_observation,"{""wait_minutes"":0}",,day_end,redacted_daily_window,,,,,0,0,10,0,literal_banned_terms_redacted,action_trace_daily_rollup
daily_rest_matrix,runs/next_build/20260509/money_greedy_no_pref,20260509_reference,3e0e35341231,25,,,daily_rest_observation,"{""wait_minutes"":0}",,day_end,redacted_daily_window,,,,,0,0,10,0,literal_banned_terms_redacted,action_trace_daily_rollup
daily_rest_matrix,runs/next_build/20260509/money_greedy_no_pref,20260509_reference,3e0e35341231,26,,,daily_rest_observation,"{""wait_minutes"":0}",,day_end,redacted_daily_window,,,,,0,0,10,0,literal_banned_terms_redacted,action_trace_daily_rollup
daily_rest_matrix,runs/next_build/20260509/money_greedy_no_pref,20260509_reference,3e0e35341231,27,,,daily_rest_observation,"{""wait_minutes"":0}",,day_end,redacted_daily_window,,,,,0,0,0,0,literal_banned_terms_redacted,action_trace_daily_rollup
daily_rest_matrix,runs/next_build/20260509/money_greedy_no_pref,20260509_reference,3e0e35341231,28,,,daily_rest_observation,"{""wait_minutes"":0}",,day_end,redacted_daily_window,,,,,0,0,10,0,literal_banned_terms_redacted,action_trace_daily_rollup
daily_rest_matrix,runs/next_build/20260509/money_greedy_no_pref,20260509_reference,3e0e35341231,29,,,daily_rest_observation,"{""wait_minutes"":0}",,day_end,redacted_daily_window,,,,,0,0,0,0,literal_banned_terms_redacted,action_trace_daily_rollup
daily_rest_matrix,runs/next_build/20260509/money_greedy_no_pref,20260509_reference,3e0e35341231,30,,,daily_rest_observation,"{""wait_minutes"":180}",,day_end,redacted_daily_window,,,,,180,180,10,0,literal_banned_terms_redacted,action_trace_daily_rollup
daily_rest_matrix,runs/next_build/20260509/money_greedy_no_pref,20260509_reference,983f9a2734ca,0,,,daily_rest_observation,"{""wait_minutes"":150}",,day_end,redacted_daily_window,,,,,150,150,6,0,literal_banned_terms_redacted,action_trace_daily_rollup
daily_rest_matrix,runs/next_build/20260509/money_greedy_no_pref,20260509_reference,983f9a2734ca,1,,,daily_rest_observation,"{""wait_minutes"":0}",,day_end,redacted_daily_window,,,,,0,0,20,0,literal_banned_terms_redacted,action_trace_daily_rollup
daily_rest_matrix,runs/next_build/20260509/money_greedy_no_pref,20260509_reference,983f9a2734ca,2,,,daily_rest_observation,"{""wait_minutes"":0}",,day_end,redacted_daily_window,,,,,0,0,10,0,literal_banned_terms_redacted,action_trace_daily_rollup
daily_rest_matrix,runs/next_build/20260509/money_greedy_no_pref,20260509_reference,983f9a2734ca,3,,,daily_rest_observation,"{""wait_minutes"":0}",,day_end,redacted_daily_window,,,,,0,0,10,0,literal_banned_terms_redacted,action_trace_daily_rollup
daily_rest_matrix,runs/next_build/20260509/money_greedy_no_pref,20260509_reference,983f9a2734ca,4,,,daily_rest_observation,"{""wait_minutes"":0}",,day_end,redacted_daily_window,,,,,0,0,10,0,literal_banned_terms_redacted,action_trace_daily_rollup
daily_rest_matrix,runs/next_build/20260509/money_greedy_no_pref,20260509_reference,983f9a2734ca,5,,,daily_rest_observation,"{""wait_minutes"":0}",,day_end,redacted_daily_window,,,,,0,0,10,0,literal_banned_terms_redacted,action_trace_daily_rollup
daily_rest_matrix,runs/next_build/20260509/money_greedy_no_pref,20260509_reference,983f9a2734ca,6,,,daily_rest_observation,"{""wait_minutes"":0}",,day_end,redacted_daily_window,,,,,0,0,10,0,literal_banned_terms_redacted,action_trace_daily_rollup
daily_rest_matrix,runs/next_build/20260509/money_greedy_no_pref,20260509_reference,983f9a2734ca,7,,,daily_rest_observation,"{""wait_minutes"":0}",,day_end,redacted_daily_window,,,,,0,0,10,0,literal_banned_terms_redacted,action_trace_daily_rollup
daily_rest_matrix,runs/next_build/20260509/money_greedy_no_pref,20260509_reference,983f9a2734ca,8,,,daily_rest_observation,"{""wait_minutes"":0}",,day_end,redacted_daily_window,,,,,0,0,0,0,literal_banned_terms_redacted,action_trace_daily_rollup
daily_rest_matrix,runs/next_build/20260509/money_greedy_no_pref,20260509_reference,983f9a2734ca,9,,,daily_rest_observation,"{""wait_minutes"":0}",,day_end,redacted_daily_window,,,,,0,0,10,0,literal_banned_terms_redacted,action_trace_daily_rollup
daily_rest_matrix,runs/next_build/20260509/money_greedy_no_pref,20260509_reference,983f9a2734ca,10,,,daily_rest_observation,"{""wait_minutes"":0}",,day_end,redacted_daily_window,,,,,0,0,10,0,literal_banned_terms_redacted,action_trace_daily_rollup
daily_rest_matrix,runs/next_build/20260509/money_greedy_no_pref,20260509_reference,983f9a2734ca,11,,,daily_rest_observation,"{""wait_minutes"":0}",,day_end,redacted_daily_window,,,,,0,0,10,0,literal_banned_terms_redacted,action_trace_daily_rollup
daily_rest_matrix,runs/next_build/20260509/money_greedy_no_pref,20260509_reference,983f9a2734ca,12,,,daily_rest_observation,"{""wait_minutes"":0}",,day_end,redacted_daily_window,,,,,0,0,10,0,literal_banned_terms_redacted,action_trace_daily_rollup
daily_rest_matrix,runs/next_build/20260509/money_greedy_no_pref,20260509_reference,983f9a2734ca,13,,,daily_rest_observation,"{""wait_minutes"":0}",,day_end,redacted_daily_window,,,,,0,0,10,0,literal_banned_terms_redacted,action_trace_daily_rollup
daily_rest_matrix,runs/next_build/20260509/money_greedy_no_pref,20260509_reference,983f9a2734ca,14,,,daily_rest_observation,"{""wait_minutes"":0}",,day_end,redacted_daily_window,,,,,0,0,10,0,literal_banned_terms_redacted,action_trace_daily_rollup
daily_rest_matrix,runs/next_build/20260509/money_greedy_no_pref,20260509_reference,983f9a2734ca,15,,,daily_rest_observation,"{""wait_minutes"":0}",,day_end,redacted_daily_window,,,,,0,0,10,0,literal_banned_terms_redacted,action_trace_daily_rollup
daily_rest_matrix,runs/next_build/20260509/money_greedy_no_pref,20260509_reference,983f9a2734ca,16,,,daily_rest_observation,"{""wait_minutes"":0}",,day_end,redacted_daily_window,,,,,0,0,10,0,literal_banned_terms_redacted,action_trace_daily_rollup
daily_rest_matrix,runs/next_build/20260509/money_greedy_no_pref,20260509_reference,983f9a2734ca,17,,,daily_rest_observation,"{""wait_minutes"":0}",,day_end,redacted_daily_window,,,,,0,0,20,0,literal_banned_terms_redacted,action_trace_daily_rollup
daily_rest_matrix,runs/next_build/20260509/money_greedy_no_pref,20260509_reference,983f9a2734ca,18,,,daily_rest_observation,"{""wait_minutes"":0}",,day_end,redacted_daily_window,,,,,0,0,0,0,literal_banned_terms_redacted,action_trace_daily_rollup
daily_rest_matrix,runs/next_build/20260509/money_greedy_no_pref,20260509_reference,983f9a2734ca,19,,,daily_rest_observation,"{""wait_minutes"":0}",,day_end,redacted_daily_window,,,,,0,0,10,0,literal_banned_terms_redacted,action_trace_daily_rollup
daily_rest_matrix,runs/next_build/20260509/money_greedy_no_pref,20260509_reference,983f9a2734ca,20,,,daily_rest_observation,"{""wait_minutes"":0}",,day_end,redacted_daily_window,,,,,0,0,10,0,literal_banned_terms_redacted,action_trace_daily_rollup
daily_rest_matrix,runs/next_build/20260509/money_greedy_no_pref,20260509_reference,983f9a2734ca,21,,,daily_rest_observation,"{""wait_minutes"":0}",,day_end,redacted_daily_window,,,,,0,0,0,0,literal_banned_terms_redacted,action_trace_daily_rollup
daily_rest_matrix,runs/next_build/20260509/money_greedy_no_pref,20260509_reference,983f9a2734ca,22,,,daily_rest_observation,"{""wait_minutes"":0}",,day_end,redacted_daily_window,,,,,0,0,0,0,literal_banned_terms_redacted,action_trace_daily_rollup
daily_rest_matrix,runs/next_build/20260509/money_greedy_no_pref,20260509_reference,983f9a2734ca,23,,,daily_rest_observation,"{""wait_minutes"":0}",,day_end,redacted_daily_window,,,,,0,0,10,0,literal_banned_terms_redacted,action_trace_daily_rollup
daily_rest_matrix,runs/next_build/20260509/money_greedy_no_pref,20260509_reference,983f9a2734ca,24,,,daily_rest_observation,"{""wait_minutes"":0}",,day_end,redacted_daily_window,,,,,0,0,10,0,literal_banned_terms_redacted,action_trace_daily_rollup
daily_rest_matrix,runs/next_build/20260509/money_greedy_no_pref,20260509_reference,983f9a2734ca,25,,,daily_rest_observation,"{""wait_minutes"":0}",,day_end,redacted_daily_window,,,,,0,0,10,0,literal_banned_terms_redacted,action_trace_daily_rollup
daily_rest_matrix,runs/next_build/20260509/money_greedy_no_pref,20260509_reference,983f9a2734ca,26,,,daily_rest_observation,"{""wait_minutes"":0}",,day_end,redacted_daily_window,,,,,0,0,10,0,literal_banned_terms_redacted,action_trace_daily_rollup
daily_rest_matrix,runs/next_build/20260509/money_greedy_no_pref,20260509_reference,983f9a2734ca,27,,,daily_rest_observation,"{""wait_minutes"":0}",,day_end,redacted_daily_window,,,,,0,0,10,0,literal_banned_terms_redacted,action_trace_daily_rollup
daily_rest_matrix,runs/next_build/20260509/money_greedy_no_pref,20260509_reference,983f9a2734ca,28,,,daily_rest_observation,"{""wait_minutes"":0}",,day_end,redacted_daily_window,,,,,0,0,10,0,literal_banned_terms_redacted,action_trace_daily_rollup
daily_rest_matrix,runs/next_build/20260509/money_greedy_no_pref,20260509_reference,983f9a2734ca,29,,,daily_rest_observation,"{""wait_minutes"":0}",,day_end,redacted_daily_window,,,,,0,0,10,0,literal_banned_terms_redacted,action_trace_daily_rollup
daily_rest_matrix,runs/next_build/20260509/money_greedy_no_pref,20260509_reference,983f9a2734ca,30,,,daily_rest_observation,"{""wait_minutes"":193}",,day_end,redacted_daily_window,,,,,193,193,10,0,literal_banned_terms_redacted,action_trace_daily_rollup
daily_rest_matrix,runs/next_build/20260509/money_greedy_no_pref,20260509_reference,af4b17af9fc7,0,,,daily_rest_observation,"{""wait_minutes"":150}",,day_end,redacted_daily_window,,,,,150,150,6,0,literal_banned_terms_redacted,action_trace_daily_rollup
daily_rest_matrix,runs/next_build/20260509/money_greedy_no_pref,20260509_reference,af4b17af9fc7,1,,,daily_rest_observation,"{""wait_minutes"":0}",,day_end,redacted_daily_window,,,,,0,0,10,0,literal_banned_terms_redacted,action_trace_daily_rollup
daily_rest_matrix,runs/next_build/20260509/money_greedy_no_pref,20260509_reference,af4b17af9fc7,2,,,daily_rest_observation,"{""wait_minutes"":0}",,day_end,redacted_daily_window,,,,,0,0,20,0,literal_banned_terms_redacted,action_trace_daily_rollup
daily_rest_matrix,runs/next_build/20260509/money_greedy_no_pref,20260509_reference,af4b17af9fc7,3,,,daily_rest_observation,"{""wait_minutes"":0}",,day_end,redacted_daily_window,,,,,0,0,10,0,literal_banned_terms_redacted,action_trace_daily_rollup
daily_rest_matrix,runs/next_build/20260509/money_greedy_no_pref,20260509_reference,af4b17af9fc7,4,,,daily_rest_observation,"{""wait_minutes"":0}",,day_end,redacted_daily_window,,,,,0,0,10,0,literal_banned_terms_redacted,action_trace_daily_rollup
daily_rest_matrix,runs/next_build/20260509/money_greedy_no_pref,20260509_reference,af4b17af9fc7,5,,,daily_rest_observation,"{""wait_minutes"":0}",,day_end,redacted_daily_window,,,,,0,0,0,0,literal_banned_terms_redacted,action_trace_daily_rollup
daily_rest_matrix,runs/next_build/20260509/money_greedy_no_pref,20260509_reference,af4b17af9fc7,6,,,daily_rest_observation,"{""wait_minutes"":0}",,day_end,redacted_daily_window,,,,,0,0,10,0,literal_banned_terms_redacted,action_trace_daily_rollup
daily_rest_matrix,runs/next_build/20260509/money_greedy_no_pref,20260509_reference,af4b17af9fc7,7,,,daily_rest_observation,"{""wait_minutes"":0}",,day_end,redacted_daily_window,,,,,0,0,10,0,literal_banned_terms_redacted,action_trace_daily_rollup
daily_rest_matrix,runs/next_build/20260509/money_greedy_no_pref,20260509_reference,af4b17af9fc7,8,,,daily_rest_observation,"{""wait_minutes"":0}",,day_end,redacted_daily_window,,,,,0,0,10,0,literal_banned_terms_redacted,action_trace_daily_rollup
daily_rest_matrix,runs/next_build/20260509/money_greedy_no_pref,20260509_reference,af4b17af9fc7,9,,,daily_rest_observation,"{""wait_minutes"":0}",,day_end,redacted_daily_window,,,,,0,0,10,0,literal_banned_terms_redacted,action_trace_daily_rollup
daily_rest_matrix,runs/next_build/20260509/money_greedy_no_pref,20260509_reference,af4b17af9fc7,10,,,daily_rest_observation,"{""wait_minutes"":0}",,day_end,redacted_daily_window,,,,,0,0,10,0,literal_banned_terms_redacted,action_trace_daily_rollup
daily_rest_matrix,runs/next_build/20260509/money_greedy_no_pref,20260509_reference,af4b17af9fc7,11,,,daily_rest_observation,"{""wait_minutes"":0}",,day_end,redacted_daily_window,,,,,0,0,10,0,literal_banned_terms_redacted,action_trace_daily_rollup
daily_rest_matrix,runs/next_build/20260509/money_greedy_no_pref,20260509_reference,af4b17af9fc7,12,,,daily_rest_observation,"{""wait_minutes"":0}",,day_end,redacted_daily_window,,,,,0,0,10,0,literal_banned_terms_redacted,action_trace_daily_rollup
daily_rest_matrix,runs/next_build/20260509/money_greedy_no_pref,20260509_reference,af4b17af9fc7,13,,,daily_rest_observation,"{""wait_minutes"":0}",,day_end,redacted_daily_window,,,,,0,0,10,0,literal_banned_terms_redacted,action_trace_daily_rollup
daily_rest_matrix,runs/next_build/20260509/money_greedy_no_pref,20260509_reference,af4b17af9fc7,14,,,daily_rest_observation,"{""wait_minutes"":0}",,day_end,redacted_daily_window,,,,,0,0,10,0,literal_banned_terms_redacted,action_trace_daily_rollup
daily_rest_matrix,runs/next_build/20260509/money_greedy_no_pref,20260509_reference,af4b17af9fc7,15,,,daily_rest_observation,"{""wait_minutes"":0}",,day_end,redacted_daily_window,,,,,0,0,10,0,literal_banned_terms_redacted,action_trace_daily_rollup
daily_rest_matrix,runs/next_build/20260509/money_greedy_no_pref,20260509_reference,af4b17af9fc7,16,,,daily_rest_observation,"{""wait_minutes"":0}",,day_end,redacted_daily_window,,,,,0,0,10,0,literal_banned_terms_redacted,action_trace_daily_rollup
daily_rest_matrix,runs/next_build/20260509/money_greedy_no_pref,20260509_reference,af4b17af9fc7,17,,,daily_rest_observation,"{""wait_minutes"":0}",,day_end,redacted_daily_window,,,,,0,0,20,0,literal_banned_terms_redacted,action_trace_daily_rollup
daily_rest_matrix,runs/next_build/20260509/money_greedy_no_pref,20260509_reference,af4b17af9fc7,18,,,daily_rest_observation,"{""wait_minutes"":0}",,day_end,redacted_daily_window,,,,,0,0,0,0,literal_banned_terms_redacted,action_trace_daily_rollup
daily_rest_matrix,runs/next_build/20260509/money_greedy_no_pref,20260509_reference,af4b17af9fc7,19,,,daily_rest_observation,"{""wait_minutes"":0}",,day_end,redacted_daily_window,,,,,0,0,10,0,literal_banned_terms_redacted,action_trace_daily_rollup
daily_rest_matrix,runs/next_build/20260509/money_greedy_no_pref,20260509_reference,af4b17af9fc7,20,,,daily_rest_observation,"{""wait_minutes"":0}",,day_end,redacted_daily_window,,,,,0,0,10,0,literal_banned_terms_redacted,action_trace_daily_rollup
daily_rest_matrix,runs/next_build/20260509/money_greedy_no_pref,20260509_reference,af4b17af9fc7,21,,,daily_rest_observation,"{""wait_minutes"":0}",,day_end,redacted_daily_window,,,,,0,0,0,0,literal_banned_terms_redacted,action_trace_daily_rollup
daily_rest_matrix,runs/next_build/20260509/money_greedy_no_pref,20260509_reference,af4b17af9fc7,22,,,daily_rest_observation,"{""wait_minutes"":0}",,day_end,redacted_daily_window,,,,,0,0,0,0,literal_banned_terms_redacted,action_trace_daily_rollup
daily_rest_matrix,runs/next_build/20260509/money_greedy_no_pref,20260509_reference,af4b17af9fc7,23,,,daily_rest_observation,"{""wait_minutes"":0}",,day_end,redacted_daily_window,,,,,0,0,10,0,literal_banned_terms_redacted,action_trace_daily_rollup
daily_rest_matrix,runs/next_build/20260509/money_greedy_no_pref,20260509_reference,af4b17af9fc7,24,,,daily_rest_observation,"{""wait_minutes"":0}",,day_end,redacted_daily_window,,,,,0,0,10,0,literal_banned_terms_redacted,action_trace_daily_rollup
daily_rest_matrix,runs/next_build/20260509/money_greedy_no_pref,20260509_reference,af4b17af9fc7,25,,,daily_rest_observation,"{""wait_minutes"":0}",,day_end,redacted_daily_window,,,,,0,0,10,0,literal_banned_terms_redacted,action_trace_daily_rollup
daily_rest_matrix,runs/next_build/20260509/money_greedy_no_pref,20260509_reference,af4b17af9fc7,26,,,daily_rest_observation,"{""wait_minutes"":0}",,day_end,redacted_daily_window,,,,,0,0,10,0,literal_banned_terms_redacted,action_trace_daily_rollup
daily_rest_matrix,runs/next_build/20260509/money_greedy_no_pref,20260509_reference,af4b17af9fc7,27,,,daily_rest_observation,"{""wait_minutes"":0}",,day_end,redacted_daily_window,,,,,0,0,10,0,literal_banned_terms_redacted,action_trace_daily_rollup
daily_rest_matrix,runs/next_build/20260509/money_greedy_no_pref,20260509_reference,af4b17af9fc7,28,,,daily_rest_observation,"{""wait_minutes"":0}",,day_end,redacted_daily_window,,,,,0,0,10,0,literal_banned_terms_redacted,action_trace_daily_rollup
daily_rest_matrix,runs/next_build/20260509/money_greedy_no_pref,20260509_reference,af4b17af9fc7,29,,,daily_rest_observation,"{""wait_minutes"":0}",,day_end,redacted_daily_window,,,,,0,0,10,0,literal_banned_terms_redacted,action_trace_daily_rollup
daily_rest_matrix,runs/next_build/20260509/money_greedy_no_pref,20260509_reference,af4b17af9fc7,30,,,daily_rest_observation,"{""wait_minutes"":193}",,day_end,redacted_daily_window,,,,,193,193,10,0,literal_banned_terms_redacted,action_trace_daily_rollup
daily_rest_matrix,runs/next_build/20260509/money_greedy_no_pref,20260509_reference,b8424551b996,0,,,daily_rest_observation,"{""wait_minutes"":150}",,day_end,redacted_daily_window,,,,,150,150,6,0,literal_banned_terms_redacted,action_trace_daily_rollup
daily_rest_matrix,runs/next_build/20260509/money_greedy_no_pref,20260509_reference,b8424551b996,1,,,daily_rest_observation,"{""wait_minutes"":0}",,day_end,redacted_daily_window,,,,,0,0,10,0,literal_banned_terms_redacted,action_trace_daily_rollup
daily_rest_matrix,runs/next_build/20260509/money_greedy_no_pref,20260509_reference,b8424551b996,2,,,daily_rest_observation,"{""wait_minutes"":0}",,day_end,redacted_daily_window,,,,,0,0,0,0,literal_banned_terms_redacted,action_trace_daily_rollup
daily_rest_matrix,runs/next_build/20260509/money_greedy_no_pref,20260509_reference,b8424551b996,3,,,daily_rest_observation,"{""wait_minutes"":0}",,day_end,redacted_daily_window,,,,,0,0,10,0,literal_banned_terms_redacted,action_trace_daily_rollup
daily_rest_matrix,runs/next_build/20260509/money_greedy_no_pref,20260509_reference,b8424551b996,4,,,daily_rest_observation,"{""wait_minutes"":0}",,day_end,redacted_daily_window,,,,,0,0,10,0,literal_banned_terms_redacted,action_trace_daily_rollup
daily_rest_matrix,runs/next_build/20260509/money_greedy_no_pref,20260509_reference,b8424551b996,5,,,daily_rest_observation,"{""wait_minutes"":0}",,day_end,redacted_daily_window,,,,,0,0,10,0,literal_banned_terms_redacted,action_trace_daily_rollup
daily_rest_matrix,runs/next_build/20260509/money_greedy_no_pref,20260509_reference,b8424551b996,6,,,daily_rest_observation,"{""wait_minutes"":0}",,day_end,redacted_daily_window,,,,,0,0,0,0,literal_banned_terms_redacted,action_trace_daily_rollup
daily_rest_matrix,runs/next_build/20260509/money_greedy_no_pref,20260509_reference,b8424551b996,7,,,daily_rest_observation,"{""wait_minutes"":0}",,day_end,redacted_daily_window,,,,,0,0,0,0,literal_banned_terms_redacted,action_trace_daily_rollup
daily_rest_matrix,runs/next_build/20260509/money_greedy_no_pref,20260509_reference,b8424551b996,8,,,daily_rest_observation,"{""wait_minutes"":0}",,day_end,redacted_daily_window,,,,,0,0,10,0,literal_banned_terms_redacted,action_trace_daily_rollup
daily_rest_matrix,runs/next_build/20260509/money_greedy_no_pref,20260509_reference,b8424551b996,9,,,daily_rest_observation,"{""wait_minutes"":0}",,day_end,redacted_daily_window,,,,,0,0,10,0,literal_banned_terms_redacted,action_trace_daily_rollup
daily_rest_matrix,runs/next_build/20260509/money_greedy_no_pref,20260509_reference,b8424551b996,10,,,daily_rest_observation,"{""wait_minutes"":0}",,day_end,redacted_daily_window,,,,,0,0,10,0,literal_banned_terms_redacted,action_trace_daily_rollup
daily_rest_matrix,runs/next_build/20260509/money_greedy_no_pref,20260509_reference,b8424551b996,11,,,daily_rest_observation,"{""wait_minutes"":0}",,day_end,redacted_daily_window,,,,,0,0,10,0,literal_banned_terms_redacted,action_trace_daily_rollup
daily_rest_matrix,runs/next_build/20260509/money_greedy_no_pref,20260509_reference,b8424551b996,12,,,daily_rest_observation,"{""wait_minutes"":0}",,day_end,redacted_daily_window,,,,,0,0,10,0,literal_banned_terms_redacted,action_trace_daily_rollup
daily_rest_matrix,runs/next_build/20260509/money_greedy_no_pref,20260509_reference,b8424551b996,13,,,daily_rest_observation,"{""wait_minutes"":0}",,day_end,redacted_daily_window,,,,,0,0,10,0,literal_banned_terms_redacted,action_trace_daily_rollup
daily_rest_matrix,runs/next_build/20260509/money_greedy_no_pref,20260509_reference,b8424551b996,14,,,daily_rest_observation,"{""wait_minutes"":0}",,day_end,redacted_daily_window,,,,,0,0,10,0,literal_banned_terms_redacted,action_trace_daily_rollup
daily_rest_matrix,runs/next_build/20260509/money_greedy_no_pref,20260509_reference,b8424551b996,15,,,daily_rest_observation,"{""wait_minutes"":0}",,day_end,redacted_daily_window,,,,,0,0,10,0,literal_banned_terms_redacted,action_trace_daily_rollup
daily_rest_matrix,runs/next_build/20260509/money_greedy_no_pref,20260509_reference,b8424551b996,16,,,daily_rest_observation,"{""wait_minutes"":0}",,day_end,redacted_daily_window,,,,,0,0,10,0,literal_banned_terms_redacted,action_trace_daily_rollup
daily_rest_matrix,runs/next_build/20260509/money_greedy_no_pref,20260509_reference,b8424551b996,17,,,daily_rest_observation,"{""wait_minutes"":0}",,day_end,redacted_daily_window,,,,,0,0,0,0,literal_banned_terms_redacted,action_trace_daily_rollup
daily_rest_matrix,runs/next_build/20260509/money_greedy_no_pref,20260509_reference,b8424551b996,18,,,daily_rest_observation,"{""wait_minutes"":0}",,day_end,redacted_daily_window,,,,,0,0,0,0,literal_banned_terms_redacted,action_trace_daily_rollup
daily_rest_matrix,runs/next_build/20260509/money_greedy_no_pref,20260509_reference,b8424551b996,19,,,daily_rest_observation,"{""wait_minutes"":0}",,day_end,redacted_daily_window,,,,,0,0,10,0,literal_banned_terms_redacted,action_trace_daily_rollup
daily_rest_matrix,runs/next_build/20260509/money_greedy_no_pref,20260509_reference,b8424551b996,20,,,daily_rest_observation,"{""wait_minutes"":0}",,day_end,redacted_daily_window,,,,,0,0,10,0,literal_banned_terms_redacted,action_trace_daily_rollup
daily_rest_matrix,runs/next_build/20260509/money_greedy_no_pref,20260509_reference,b8424551b996,21,,,daily_rest_observation,"{""wait_minutes"":0}",,day_end,redacted_daily_window,,,,,0,0,10,0,literal_banned_terms_redacted,action_trace_daily_rollup
daily_rest_matrix,runs/next_build/20260509/money_greedy_no_pref,20260509_reference,b8424551b996,22,,,daily_rest_observation,"{""wait_minutes"":0}",,day_end,redacted_daily_window,,,,,0,0,0,0,literal_banned_terms_redacted,action_trace_daily_rollup
daily_rest_matrix,runs/next_build/20260509/money_greedy_no_pref,20260509_reference,b8424551b996,23,,,daily_rest_observation,"{""wait_minutes"":0}",,day_end,redacted_daily_window,,,,,0,0,10,0,literal_banned_terms_redacted,action_trace_daily_rollup
daily_rest_matrix,runs/next_build/20260509/money_greedy_no_pref,20260509_reference,b8424551b996,24,,,daily_rest_observation,"{""wait_minutes"":0}",,day_end,redacted_daily_window,,,,,0,0,10,0,literal_banned_terms_redacted,action_trace_daily_rollup
daily_rest_matrix,runs/next_build/20260509/money_greedy_no_pref,20260509_reference,b8424551b996,25,,,daily_rest_observation,"{""wait_minutes"":0}",,day_end,redacted_daily_window,,,,,0,0,10,0,literal_banned_terms_redacted,action_trace_daily_rollup
daily_rest_matrix,runs/next_build/20260509/money_greedy_no_pref,20260509_reference,b8424551b996,26,,,daily_rest_observation,"{""wait_minutes"":0}",,day_end,redacted_daily_window,,,,,0,0,10,0,literal_banned_terms_redacted,action_trace_daily_rollup
daily_rest_matrix,runs/next_build/20260509/money_greedy_no_pref,20260509_reference,b8424551b996,27,,,daily_rest_observation,"{""wait_minutes"":0}",,day_end,redacted_daily_window,,,,,0,0,0,0,literal_banned_terms_redacted,action_trace_daily_rollup
daily_rest_matrix,runs/next_build/20260509/money_greedy_no_pref,20260509_reference,b8424551b996,28,,,daily_rest_observation,"{""wait_minutes"":0}",,day_end,redacted_daily_window,,,,,0,0,10,0,literal_banned_terms_redacted,action_trace_daily_rollup
daily_rest_matrix,runs/next_build/20260509/money_greedy_no_pref,20260509_reference,b8424551b996,29,,,daily_rest_observation,"{""wait_minutes"":0}",,day_end,redacted_daily_window,,,,,0,0,0,0,literal_banned_terms_redacted,action_trace_daily_rollup
daily_rest_matrix,runs/next_build/20260509/money_greedy_no_pref,20260509_reference,b8424551b996,30,,,daily_rest_observation,"{""wait_minutes"":180}",,day_end,redacted_daily_window,,,,,180,180,10,0,literal_banned_terms_redacted,action_trace_daily_rollup
daily_rest_matrix,runs/next_build/20260509/money_greedy_no_pref,20260509_reference,d1b26936cffa,0,,,daily_rest_observation,"{""wait_minutes"":150}",,day_end,redacted_daily_window,,,,,150,150,6,0,literal_banned_terms_redacted,action_trace_daily_rollup
daily_rest_matrix,runs/next_build/20260509/money_greedy_no_pref,20260509_reference,d1b26936cffa,1,,,daily_rest_observation,"{""wait_minutes"":0}",,day_end,redacted_daily_window,,,,,0,0,10,0,literal_banned_terms_redacted,action_trace_daily_rollup
daily_rest_matrix,runs/next_build/20260509/money_greedy_no_pref,20260509_reference,d1b26936cffa,2,,,daily_rest_observation,"{""wait_minutes"":0}",,day_end,redacted_daily_window,,,,,0,0,20,0,literal_banned_terms_redacted,action_trace_daily_rollup
daily_rest_matrix,runs/next_build/20260509/money_greedy_no_pref,20260509_reference,d1b26936cffa,3,,,daily_rest_observation,"{""wait_minutes"":0}",,day_end,redacted_daily_window,,,,,0,0,10,0,literal_banned_terms_redacted,action_trace_daily_rollup
daily_rest_matrix,runs/next_build/20260509/money_greedy_no_pref,20260509_reference,d1b26936cffa,4,,,daily_rest_observation,"{""wait_minutes"":0}",,day_end,redacted_daily_window,,,,,0,0,10,0,literal_banned_terms_redacted,action_trace_daily_rollup
daily_rest_matrix,runs/next_build/20260509/money_greedy_no_pref,20260509_reference,d1b26936cffa,5,,,daily_rest_observation,"{""wait_minutes"":0}",,day_end,redacted_daily_window,,,,,0,0,0,0,literal_banned_terms_redacted,action_trace_daily_rollup
daily_rest_matrix,runs/next_build/20260509/money_greedy_no_pref,20260509_reference,d1b26936cffa,6,,,daily_rest_observation,"{""wait_minutes"":0}",,day_end,redacted_daily_window,,,,,0,0,10,0,literal_banned_terms_redacted,action_trace_daily_rollup
daily_rest_matrix,runs/next_build/20260509/money_greedy_no_pref,20260509_reference,d1b26936cffa,7,,,daily_rest_observation,"{""wait_minutes"":0}",,day_end,redacted_daily_window,,,,,0,0,10,0,literal_banned_terms_redacted,action_trace_daily_rollup
daily_rest_matrix,runs/next_build/20260509/money_greedy_no_pref,20260509_reference,d1b26936cffa,8,,,daily_rest_observation,"{""wait_minutes"":0}",,day_end,redacted_daily_window,,,,,0,0,10,0,literal_banned_terms_redacted,action_trace_daily_rollup
daily_rest_matrix,runs/next_build/20260509/money_greedy_no_pref,20260509_reference,d1b26936cffa,9,,,daily_rest_observation,"{""wait_minutes"":0}",,day_end,redacted_daily_window,,,,,0,0,10,0,literal_banned_terms_redacted,action_trace_daily_rollup
daily_rest_matrix,runs/next_build/20260509/money_greedy_no_pref,20260509_reference,d1b26936cffa,10,,,daily_rest_observation,"{""wait_minutes"":0}",,day_end,redacted_daily_window,,,,,0,0,10,0,literal_banned_terms_redacted,action_trace_daily_rollup
daily_rest_matrix,runs/next_build/20260509/money_greedy_no_pref,20260509_reference,d1b26936cffa,11,,,daily_rest_observation,"{""wait_minutes"":0}",,day_end,redacted_daily_window,,,,,0,0,10,0,literal_banned_terms_redacted,action_trace_daily_rollup
daily_rest_matrix,runs/next_build/20260509/money_greedy_no_pref,20260509_reference,d1b26936cffa,12,,,daily_rest_observation,"{""wait_minutes"":0}",,day_end,redacted_daily_window,,,,,0,0,10,0,literal_banned_terms_redacted,action_trace_daily_rollup
daily_rest_matrix,runs/next_build/20260509/money_greedy_no_pref,20260509_reference,d1b26936cffa,13,,,daily_rest_observation,"{""wait_minutes"":0}",,day_end,redacted_daily_window,,,,,0,0,10,0,literal_banned_terms_redacted,action_trace_daily_rollup
daily_rest_matrix,runs/next_build/20260509/money_greedy_no_pref,20260509_reference,d1b26936cffa,14,,,daily_rest_observation,"{""wait_minutes"":0}",,day_end,redacted_daily_window,,,,,0,0,10,0,literal_banned_terms_redacted,action_trace_daily_rollup
daily_rest_matrix,runs/next_build/20260509/money_greedy_no_pref,20260509_reference,d1b26936cffa,15,,,daily_rest_observation,"{""wait_minutes"":0}",,day_end,redacted_daily_window,,,,,0,0,10,0,literal_banned_terms_redacted,action_trace_daily_rollup
daily_rest_matrix,runs/next_build/20260509/money_greedy_no_pref,20260509_reference,d1b26936cffa,16,,,daily_rest_observation,"{""wait_minutes"":0}",,day_end,redacted_daily_window,,,,,0,0,10,0,literal_banned_terms_redacted,action_trace_daily_rollup
daily_rest_matrix,runs/next_build/20260509/money_greedy_no_pref,20260509_reference,d1b26936cffa,17,,,daily_rest_observation,"{""wait_minutes"":0}",,day_end,redacted_daily_window,,,,,0,0,20,0,literal_banned_terms_redacted,action_trace_daily_rollup
daily_rest_matrix,runs/next_build/20260509/money_greedy_no_pref,20260509_reference,d1b26936cffa,18,,,daily_rest_observation,"{""wait_minutes"":0}",,day_end,redacted_daily_window,,,,,0,0,0,0,literal_banned_terms_redacted,action_trace_daily_rollup
daily_rest_matrix,runs/next_build/20260509/money_greedy_no_pref,20260509_reference,d1b26936cffa,19,,,daily_rest_observation,"{""wait_minutes"":0}",,day_end,redacted_daily_window,,,,,0,0,10,0,literal_banned_terms_redacted,action_trace_daily_rollup
daily_rest_matrix,runs/next_build/20260509/money_greedy_no_pref,20260509_reference,d1b26936cffa,20,,,daily_rest_observation,"{""wait_minutes"":0}",,day_end,redacted_daily_window,,,,,0,0,10,0,literal_banned_terms_redacted,action_trace_daily_rollup
daily_rest_matrix,runs/next_build/20260509/money_greedy_no_pref,20260509_reference,d1b26936cffa,21,,,daily_rest_observation,"{""wait_minutes"":0}",,day_end,redacted_daily_window,,,,,0,0,0,0,literal_banned_terms_redacted,action_trace_daily_rollup
daily_rest_matrix,runs/next_build/20260509/money_greedy_no_pref,20260509_reference,d1b26936cffa,22,,,daily_rest_observation,"{""wait_minutes"":0}",,day_end,redacted_daily_window,,,,,0,0,0,0,literal_banned_terms_redacted,action_trace_daily_rollup
daily_rest_matrix,runs/next_build/20260509/money_greedy_no_pref,20260509_reference,d1b26936cffa,23,,,daily_rest_observation,"{""wait_minutes"":0}",,day_end,redacted_daily_window,,,,,0,0,10,0,literal_banned_terms_redacted,action_trace_daily_rollup
daily_rest_matrix,runs/next_build/20260509/money_greedy_no_pref,20260509_reference,d1b26936cffa,24,,,daily_rest_observation,"{""wait_minutes"":0}",,day_end,redacted_daily_window,,,,,0,0,10,0,literal_banned_terms_redacted,action_trace_daily_rollup
daily_rest_matrix,runs/next_build/20260509/money_greedy_no_pref,20260509_reference,d1b26936cffa,25,,,daily_rest_observation,"{""wait_minutes"":0}",,day_end,redacted_daily_window,,,,,0,0,10,0,literal_banned_terms_redacted,action_trace_daily_rollup
daily_rest_matrix,runs/next_build/20260509/money_greedy_no_pref,20260509_reference,d1b26936cffa,26,,,daily_rest_observation,"{""wait_minutes"":0}",,day_end,redacted_daily_window,,,,,0,0,10,0,literal_banned_terms_redacted,action_trace_daily_rollup
daily_rest_matrix,runs/next_build/20260509/money_greedy_no_pref,20260509_reference,d1b26936cffa,27,,,daily_rest_observation,"{""wait_minutes"":0}",,day_end,redacted_daily_window,,,,,0,0,10,0,literal_banned_terms_redacted,action_trace_daily_rollup
daily_rest_matrix,runs/next_build/20260509/money_greedy_no_pref,20260509_reference,d1b26936cffa,28,,,daily_rest_observation,"{""wait_minutes"":0}",,day_end,redacted_daily_window,,,,,0,0,10,0,literal_banned_terms_redacted,action_trace_daily_rollup
daily_rest_matrix,runs/next_build/20260509/money_greedy_no_pref,20260509_reference,d1b26936cffa,29,,,daily_rest_observation,"{""wait_minutes"":0}",,day_end,redacted_daily_window,,,,,0,0,10,0,literal_banned_terms_redacted,action_trace_daily_rollup
daily_rest_matrix,runs/next_build/20260509/money_greedy_no_pref,20260509_reference,d1b26936cffa,30,,,daily_rest_observation,"{""wait_minutes"":193}",,day_end,redacted_daily_window,,,,,193,193,10,0,literal_banned_terms_redacted,action_trace_daily_rollup
daily_rest_matrix,runs/next_build/20260509/money_greedy_no_pref,20260509_reference,e7a52d984e7e,0,,,daily_rest_observation,"{""wait_minutes"":150}",,day_end,redacted_daily_window,,,,,150,150,6,0,literal_banned_terms_redacted,action_trace_daily_rollup
daily_rest_matrix,runs/next_build/20260509/money_greedy_no_pref,20260509_reference,e7a52d984e7e,1,,,daily_rest_observation,"{""wait_minutes"":0}",,day_end,redacted_daily_window,,,,,0,0,10,0,literal_banned_terms_redacted,action_trace_daily_rollup
daily_rest_matrix,runs/next_build/20260509/money_greedy_no_pref,20260509_reference,e7a52d984e7e,2,,,daily_rest_observation,"{""wait_minutes"":0}",,day_end,redacted_daily_window,,,,,0,0,10,0,literal_banned_terms_redacted,action_trace_daily_rollup
daily_rest_matrix,runs/next_build/20260509/money_greedy_no_pref,20260509_reference,e7a52d984e7e,3,,,daily_rest_observation,"{""wait_minutes"":0}",,day_end,redacted_daily_window,,,,,0,0,10,0,literal_banned_terms_redacted,action_trace_daily_rollup
daily_rest_matrix,runs/next_build/20260509/money_greedy_no_pref,20260509_reference,e7a52d984e7e,4,,,daily_rest_observation,"{""wait_minutes"":0}",,day_end,redacted_daily_window,,,,,0,0,10,0,literal_banned_terms_redacted,action_trace_daily_rollup
daily_rest_matrix,runs/next_build/20260509/money_greedy_no_pref,20260509_reference,e7a52d984e7e,5,,,daily_rest_observation,"{""wait_minutes"":0}",,day_end,redacted_daily_window,,,,,0,0,20,0,literal_banned_terms_redacted,action_trace_daily_rollup
daily_rest_matrix,runs/next_build/20260509/money_greedy_no_pref,20260509_reference,e7a52d984e7e,6,,,daily_rest_observation,"{""wait_minutes"":0}",,day_end,redacted_daily_window,,,,,0,0,10,0,literal_banned_terms_redacted,action_trace_daily_rollup
daily_rest_matrix,runs/next_build/20260509/money_greedy_no_pref,20260509_reference,e7a52d984e7e,7,,,daily_rest_observation,"{""wait_minutes"":0}",,day_end,redacted_daily_window,,,,,0,0,10,0,literal_banned_terms_redacted,action_trace_daily_rollup
daily_rest_matrix,runs/next_build/20260509/money_greedy_no_pref,20260509_reference,e7a52d984e7e,8,,,daily_rest_observation,"{""wait_minutes"":0}",,day_end,redacted_daily_window,,,,,0,0,20,0,literal_banned_terms_redacted,action_trace_daily_rollup
daily_rest_matrix,runs/next_build/20260509/money_greedy_no_pref,20260509_reference,e7a52d984e7e,9,,,daily_rest_observation,"{""wait_minutes"":0}",,day_end,redacted_daily_window,,,,,0,0,10,0,literal_banned_terms_redacted,action_trace_daily_rollup
daily_rest_matrix,runs/next_build/20260509/money_greedy_no_pref,20260509_reference,e7a52d984e7e,10,,,daily_rest_observation,"{""wait_minutes"":0}",,day_end,redacted_daily_window,,,,,0,0,10,0,literal_banned_terms_redacted,action_trace_daily_rollup
daily_rest_matrix,runs/next_build/20260509/money_greedy_no_pref,20260509_reference,e7a52d984e7e,11,,,daily_rest_observation,"{""wait_minutes"":0}",,day_end,redacted_daily_window,,,,,0,0,10,0,literal_banned_terms_redacted,action_trace_daily_rollup
daily_rest_matrix,runs/next_build/20260509/money_greedy_no_pref,20260509_reference,e7a52d984e7e,12,,,daily_rest_observation,"{""wait_minutes"":0}",,day_end,redacted_daily_window,,,,,0,0,10,0,literal_banned_terms_redacted,action_trace_daily_rollup
daily_rest_matrix,runs/next_build/20260509/money_greedy_no_pref,20260509_reference,e7a52d984e7e,13,,,daily_rest_observation,"{""wait_minutes"":0}",,day_end,redacted_daily_window,,,,,0,0,10,0,literal_banned_terms_redacted,action_trace_daily_rollup
daily_rest_matrix,runs/next_build/20260509/money_greedy_no_pref,20260509_reference,e7a52d984e7e,14,,,daily_rest_observation,"{""wait_minutes"":0}",,day_end,redacted_daily_window,,,,,0,0,0,0,literal_banned_terms_redacted,action_trace_daily_rollup
daily_rest_matrix,runs/next_build/20260509/money_greedy_no_pref,20260509_reference,e7a52d984e7e,15,,,daily_rest_observation,"{""wait_minutes"":0}",,day_end,redacted_daily_window,,,,,0,0,10,0,literal_banned_terms_redacted,action_trace_daily_rollup
daily_rest_matrix,runs/next_build/20260509/money_greedy_no_pref,20260509_reference,e7a52d984e7e,16,,,daily_rest_observation,"{""wait_minutes"":0}",,day_end,redacted_daily_window,,,,,0,0,10,0,literal_banned_terms_redacted,action_trace_daily_rollup
daily_rest_matrix,runs/next_build/20260509/money_greedy_no_pref,20260509_reference,e7a52d984e7e,17,,,daily_rest_observation,"{""wait_minutes"":0}",,day_end,redacted_daily_window,,,,,0,0,0,0,literal_banned_terms_redacted,action_trace_daily_rollup
daily_rest_matrix,runs/next_build/20260509/money_greedy_no_pref,20260509_reference,e7a52d984e7e,18,,,daily_rest_observation,"{""wait_minutes"":0}",,day_end,redacted_daily_window,,,,,0,0,10,0,literal_banned_terms_redacted,action_trace_daily_rollup
daily_rest_matrix,runs/next_build/20260509/money_greedy_no_pref,20260509_reference,e7a52d984e7e,19,,,daily_rest_observation,"{""wait_minutes"":0}",,day_end,redacted_daily_window,,,,,0,0,10,0,literal_banned_terms_redacted,action_trace_daily_rollup
daily_rest_matrix,runs/next_build/20260509/money_greedy_no_pref,20260509_reference,e7a52d984e7e,20,,,daily_rest_observation,"{""wait_minutes"":0}",,day_end,redacted_daily_window,,,,,0,0,10,0,literal_banned_terms_redacted,action_trace_daily_rollup
daily_rest_matrix,runs/next_build/20260509/money_greedy_no_pref,20260509_reference,e7a52d984e7e,21,,,daily_rest_observation,"{""wait_minutes"":0}",,day_end,redacted_daily_window,,,,,0,0,10,0,literal_banned_terms_redacted,action_trace_daily_rollup
daily_rest_matrix,runs/next_build/20260509/money_greedy_no_pref,20260509_reference,e7a52d984e7e,22,,,daily_rest_observation,"{""wait_minutes"":0}",,day_end,redacted_daily_window,,,,,0,0,10,0,literal_banned_terms_redacted,action_trace_daily_rollup
daily_rest_matrix,runs/next_build/20260509/money_greedy_no_pref,20260509_reference,e7a52d984e7e,23,,,daily_rest_observation,"{""wait_minutes"":0}",,day_end,redacted_daily_window,,,,,0,0,10,0,literal_banned_terms_redacted,action_trace_daily_rollup
daily_rest_matrix,runs/next_build/20260509/money_greedy_no_pref,20260509_reference,e7a52d984e7e,24,,,daily_rest_observation,"{""wait_minutes"":0}",,day_end,redacted_daily_window,,,,,0,0,10,0,literal_banned_terms_redacted,action_trace_daily_rollup
daily_rest_matrix,runs/next_build/20260509/money_greedy_no_pref,20260509_reference,e7a52d984e7e,25,,,daily_rest_observation,"{""wait_minutes"":0}",,day_end,redacted_daily_window,,,,,0,0,10,0,literal_banned_terms_redacted,action_trace_daily_rollup
daily_rest_matrix,runs/next_build/20260509/money_greedy_no_pref,20260509_reference,e7a52d984e7e,26,,,daily_rest_observation,"{""wait_minutes"":0}",,day_end,redacted_daily_window,,,,,0,0,10,0,literal_banned_terms_redacted,action_trace_daily_rollup
daily_rest_matrix,runs/next_build/20260509/money_greedy_no_pref,20260509_reference,e7a52d984e7e,27,,,daily_rest_observation,"{""wait_minutes"":0}",,day_end,redacted_daily_window,,,,,0,0,10,0,literal_banned_terms_redacted,action_trace_daily_rollup
daily_rest_matrix,runs/next_build/20260509/money_greedy_no_pref,20260509_reference,e7a52d984e7e,28,,,daily_rest_observation,"{""wait_minutes"":0}",,day_end,redacted_daily_window,,,,,0,0,10,0,literal_banned_terms_redacted,action_trace_daily_rollup
daily_rest_matrix,runs/next_build/20260509/money_greedy_no_pref,20260509_reference,e7a52d984e7e,29,,,daily_rest_observation,"{""wait_minutes"":0}",,day_end,redacted_daily_window,,,,,0,0,10,0,literal_banned_terms_redacted,action_trace_daily_rollup
daily_rest_matrix,runs/next_build/20260509/money_greedy_no_pref,20260509_reference,e7a52d984e7e,30,,,daily_rest_observation,"{""wait_minutes"":17}",,day_end,redacted_daily_window,,,,,17,17,10,0,literal_banned_terms_redacted,action_trace_daily_rollup
daily_rest_matrix,runs/next_build/20260509/money_greedy_no_pref,20260509_reference,f9abd903cb86,0,,,daily_rest_observation,"{""wait_minutes"":150}",,day_end,redacted_daily_window,,,,,150,150,6,0,literal_banned_terms_redacted,action_trace_daily_rollup
daily_rest_matrix,runs/next_build/20260509/money_greedy_no_pref,20260509_reference,f9abd903cb86,1,,,daily_rest_observation,"{""wait_minutes"":0}",,day_end,redacted_daily_window,,,,,0,0,10,0,literal_banned_terms_redacted,action_trace_daily_rollup
daily_rest_matrix,runs/next_build/20260509/money_greedy_no_pref,20260509_reference,f9abd903cb86,2,,,daily_rest_observation,"{""wait_minutes"":0}",,day_end,redacted_daily_window,,,,,0,0,0,0,literal_banned_terms_redacted,action_trace_daily_rollup
daily_rest_matrix,runs/next_build/20260509/money_greedy_no_pref,20260509_reference,f9abd903cb86,3,,,daily_rest_observation,"{""wait_minutes"":0}",,day_end,redacted_daily_window,,,,,0,0,10,0,literal_banned_terms_redacted,action_trace_daily_rollup
daily_rest_matrix,runs/next_build/20260509/money_greedy_no_pref,20260509_reference,f9abd903cb86,4,,,daily_rest_observation,"{""wait_minutes"":0}",,day_end,redacted_daily_window,,,,,0,0,10,0,literal_banned_terms_redacted,action_trace_daily_rollup
daily_rest_matrix,runs/next_build/20260509/money_greedy_no_pref,20260509_reference,f9abd903cb86,5,,,daily_rest_observation,"{""wait_minutes"":0}",,day_end,redacted_daily_window,,,,,0,0,10,0,literal_banned_terms_redacted,action_trace_daily_rollup
daily_rest_matrix,runs/next_build/20260509/money_greedy_no_pref,20260509_reference,f9abd903cb86,6,,,daily_rest_observation,"{""wait_minutes"":0}",,day_end,redacted_daily_window,,,,,0,0,0,0,literal_banned_terms_redacted,action_trace_daily_rollup
daily_rest_matrix,runs/next_build/20260509/money_greedy_no_pref,20260509_reference,f9abd903cb86,7,,,daily_rest_observation,"{""wait_minutes"":0}",,day_end,redacted_daily_window,,,,,0,0,0,0,literal_banned_terms_redacted,action_trace_daily_rollup
daily_rest_matrix,runs/next_build/20260509/money_greedy_no_pref,20260509_reference,f9abd903cb86,8,,,daily_rest_observation,"{""wait_minutes"":0}",,day_end,redacted_daily_window,,,,,0,0,10,0,literal_banned_terms_redacted,action_trace_daily_rollup
daily_rest_matrix,runs/next_build/20260509/money_greedy_no_pref,20260509_reference,f9abd903cb86,9,,,daily_rest_observation,"{""wait_minutes"":0}",,day_end,redacted_daily_window,,,,,0,0,10,0,literal_banned_terms_redacted,action_trace_daily_rollup
daily_rest_matrix,runs/next_build/20260509/money_greedy_no_pref,20260509_reference,f9abd903cb86,10,,,daily_rest_observation,"{""wait_minutes"":0}",,day_end,redacted_daily_window,,,,,0,0,10,0,literal_banned_terms_redacted,action_trace_daily_rollup
daily_rest_matrix,runs/next_build/20260509/money_greedy_no_pref,20260509_reference,f9abd903cb86,11,,,daily_rest_observation,"{""wait_minutes"":0}",,day_end,redacted_daily_window,,,,,0,0,10,0,literal_banned_terms_redacted,action_trace_daily_rollup
daily_rest_matrix,runs/next_build/20260509/money_greedy_no_pref,20260509_reference,f9abd903cb86,12,,,daily_rest_observation,"{""wait_minutes"":0}",,day_end,redacted_daily_window,,,,,0,0,10,0,literal_banned_terms_redacted,action_trace_daily_rollup
daily_rest_matrix,runs/next_build/20260509/money_greedy_no_pref,20260509_reference,f9abd903cb86,13,,,daily_rest_observation,"{""wait_minutes"":0}",,day_end,redacted_daily_window,,,,,0,0,10,0,literal_banned_terms_redacted,action_trace_daily_rollup
daily_rest_matrix,runs/next_build/20260509/money_greedy_no_pref,20260509_reference,f9abd903cb86,14,,,daily_rest_observation,"{""wait_minutes"":0}",,day_end,redacted_daily_window,,,,,0,0,10,0,literal_banned_terms_redacted,action_trace_daily_rollup
daily_rest_matrix,runs/next_build/20260509/money_greedy_no_pref,20260509_reference,f9abd903cb86,15,,,daily_rest_observation,"{""wait_minutes"":0}",,day_end,redacted_daily_window,,,,,0,0,10,0,literal_banned_terms_redacted,action_trace_daily_rollup
daily_rest_matrix,runs/next_build/20260509/money_greedy_no_pref,20260509_reference,f9abd903cb86,16,,,daily_rest_observation,"{""wait_minutes"":0}",,day_end,redacted_daily_window,,,,,0,0,10,0,literal_banned_terms_redacted,action_trace_daily_rollup
daily_rest_matrix,runs/next_build/20260509/money_greedy_no_pref,20260509_reference,f9abd903cb86,17,,,daily_rest_observation,"{""wait_minutes"":0}",,day_end,redacted_daily_window,,,,,0,0,0,0,literal_banned_terms_redacted,action_trace_daily_rollup
daily_rest_matrix,runs/next_build/20260509/money_greedy_no_pref,20260509_reference,f9abd903cb86,18,,,daily_rest_observation,"{""wait_minutes"":0}",,day_end,redacted_daily_window,,,,,0,0,0,0,literal_banned_terms_redacted,action_trace_daily_rollup
daily_rest_matrix,runs/next_build/20260509/money_greedy_no_pref,20260509_reference,f9abd903cb86,19,,,daily_rest_observation,"{""wait_minutes"":0}",,day_end,redacted_daily_window,,,,,0,0,10,0,literal_banned_terms_redacted,action_trace_daily_rollup
daily_rest_matrix,runs/next_build/20260509/money_greedy_no_pref,20260509_reference,f9abd903cb86,20,,,daily_rest_observation,"{""wait_minutes"":0}",,day_end,redacted_daily_window,,,,,0,0,10,0,literal_banned_terms_redacted,action_trace_daily_rollup
daily_rest_matrix,runs/next_build/20260509/money_greedy_no_pref,20260509_reference,f9abd903cb86,21,,,daily_rest_observation,"{""wait_minutes"":0}",,day_end,redacted_daily_window,,,,,0,0,10,0,literal_banned_terms_redacted,action_trace_daily_rollup
daily_rest_matrix,runs/next_build/20260509/money_greedy_no_pref,20260509_reference,f9abd903cb86,22,,,daily_rest_observation,"{""wait_minutes"":0}",,day_end,redacted_daily_window,,,,,0,0,0,0,literal_banned_terms_redacted,action_trace_daily_rollup
daily_rest_matrix,runs/next_build/20260509/money_greedy_no_pref,20260509_reference,f9abd903cb86,23,,,daily_rest_observation,"{""wait_minutes"":0}",,day_end,redacted_daily_window,,,,,0,0,10,0,literal_banned_terms_redacted,action_trace_daily_rollup
daily_rest_matrix,runs/next_build/20260509/money_greedy_no_pref,20260509_reference,f9abd903cb86,24,,,daily_rest_observation,"{""wait_minutes"":0}",,day_end,redacted_daily_window,,,,,0,0,10,0,literal_banned_terms_redacted,action_trace_daily_rollup
daily_rest_matrix,runs/next_build/20260509/money_greedy_no_pref,20260509_reference,f9abd903cb86,25,,,daily_rest_observation,"{""wait_minutes"":0}",,day_end,redacted_daily_window,,,,,0,0,10,0,literal_banned_terms_redacted,action_trace_daily_rollup
daily_rest_matrix,runs/next_build/20260509/money_greedy_no_pref,20260509_reference,f9abd903cb86,26,,,daily_rest_observation,"{""wait_minutes"":0}",,day_end,redacted_daily_window,,,,,0,0,10,0,literal_banned_terms_redacted,action_trace_daily_rollup
daily_rest_matrix,runs/next_build/20260509/money_greedy_no_pref,20260509_reference,f9abd903cb86,27,,,daily_rest_observation,"{""wait_minutes"":0}",,day_end,redacted_daily_window,,,,,0,0,0,0,literal_banned_terms_redacted,action_trace_daily_rollup
daily_rest_matrix,runs/next_build/20260509/money_greedy_no_pref,20260509_reference,f9abd903cb86,28,,,daily_rest_observation,"{""wait_minutes"":0}",,day_end,redacted_daily_window,,,,,0,0,10,0,literal_banned_terms_redacted,action_trace_daily_rollup
daily_rest_matrix,runs/next_build/20260509/money_greedy_no_pref,20260509_reference,f9abd903cb86,29,,,daily_rest_observation,"{""wait_minutes"":0}",,day_end,redacted_daily_window,,,,,0,0,0,0,literal_banned_terms_redacted,action_trace_daily_rollup
daily_rest_matrix,runs/next_build/20260509/money_greedy_no_pref,20260509_reference,f9abd903cb86,30,,,daily_rest_observation,"{""wait_minutes"":180}",,day_end,redacted_daily_window,,,,,180,180,10,0,literal_banned_terms_redacted,action_trace_daily_rollup
preference_rule,runs/next_build/20260509/strict_pref,20260509_reference,e7a52d984e7e,,0,d450f614d37b,violation_count,"{""violations"":0}",0.0,generic_month_or_rule_deadline,redacted_generic_window,0.0,0.0,0.0,0,,,,,literal_banned_terms_redacted,official_checker_rule_row
preference_rule,runs/next_build/20260509/strict_pref,20260509_reference,e7a52d984e7e,,1,779a1598a9e7,violation_count,"{""violations"":5}",2500.0,generic_month_or_rule_deadline,redacted_generic_window,500.0,2500.0,2500.0,1,,,,,literal_banned_terms_redacted,official_checker_rule_row
preference_rule,runs/next_build/20260509/strict_pref,20260509_reference,e7a52d984e7e,,2,c88a1aacc118,violation_count,"{""violations"":108}",2000.0,generic_month_or_rule_deadline,redacted_generic_window,18.52,2000.0,2000.0,1,,,,,literal_banned_terms_redacted,official_checker_rule_row
preference_rule,runs/next_build/20260509/strict_pref,20260509_reference,3e0e35341231,,0,53b96469b87f,generic,{},6000.0,generic_month_or_rule_deadline,redacted_generic_window,6000.0,6000.0,6000.0,0,,,,,literal_banned_terms_redacted,official_checker_rule_row
preference_rule,runs/next_build/20260509/strict_pref,20260509_reference,3e0e35341231,,1,0ba9c67c66cd,violation_count,"{""violations"":1}",350.0,generic_month_or_rule_deadline,redacted_generic_window,350.0,350.0,350.0,1,,,,,literal_banned_terms_redacted,official_checker_rule_row
preference_rule,runs/next_build/20260509/strict_pref,20260509_reference,3e0e35341231,,2,fe5a9d3d41eb,violation_count,"{""violations"":0}",0.0,generic_month_or_rule_deadline,redacted_generic_window,0.0,0.0,0.0,0,,,,,literal_banned_terms_redacted,official_checker_rule_row
preference_rule,runs/next_build/20260509/strict_pref,20260509_reference,983f9a2734ca,,0,12113d34b4fe,generic,{},2000.0,generic_month_or_rule_deadline,redacted_generic_window,2000.0,2000.0,2000.0,0,,,,,literal_banned_terms_redacted,official_checker_rule_row
preference_rule,runs/next_build/20260509/strict_pref,20260509_reference,983f9a2734ca,,1,ec2171bbf49e,violation_count,"{""violations"":0}",0.0,generic_month_or_rule_deadline,redacted_generic_window,0.0,0.0,0.0,0,,,,,literal_banned_terms_redacted,official_checker_rule_row
preference_rule,runs/next_build/20260509/strict_pref,20260509_reference,983f9a2734ca,,2,b27939e51a00,violation_count,"{""violations"":0}",0.0,generic_month_or_rule_deadline,redacted_generic_window,0.0,0.0,0.0,0,,,,,literal_banned_terms_redacted,official_checker_rule_row
preference_rule,runs/next_build/20260509/strict_pref,20260509_reference,af4b17af9fc7,,0,2b340222c3d7,violation_count,"{""violations"":0}",0.0,generic_month_or_rule_deadline,redacted_generic_window,0.0,0.0,0.0,0,,,,,literal_banned_terms_redacted,official_checker_rule_row
preference_rule,runs/next_build/20260509/strict_pref,20260509_reference,af4b17af9fc7,,1,b7b67284cc53,generic,{},0.0,generic_month_or_rule_deadline,redacted_generic_window,0.0,0.0,0.0,0,,,,,literal_banned_terms_redacted,official_checker_rule_row
preference_rule,runs/next_build/20260509/strict_pref,20260509_reference,af4b17af9fc7,,2,a1d25288f564,violation_count,"{""violations"":28}",2800.0,generic_month_or_rule_deadline,redacted_generic_window,100.0,2800.0,2800.0,1,,,,,literal_banned_terms_redacted,official_checker_rule_row
preference_rule,runs/next_build/20260509/strict_pref,20260509_reference,3c5844ed8465,,0,7f95e12ff6bf,violation_count,"{""violations"":26}",2600.0,generic_month_or_rule_deadline,redacted_generic_window,100.0,2600.0,2600.0,1,,,,,literal_banned_terms_redacted,official_checker_rule_row
preference_rule,runs/next_build/20260509/strict_pref,20260509_reference,3c5844ed8465,,1,c83bbbf9325d,violation_count,"{""violations"":2}",200.0,generic_month_or_rule_deadline,redacted_generic_window,100.0,200.0,200.0,1,,,,,literal_banned_terms_redacted,official_checker_rule_row
preference_rule,runs/next_build/20260509/strict_pref,20260509_reference,3c5844ed8465,,2,81e2ae9afa9c,violation_count,"{""violations"":8}",1600.0,generic_month_or_rule_deadline,redacted_generic_window,200.0,1600.0,1600.0,1,,,,,literal_banned_terms_redacted,official_checker_rule_row
preference_rule,runs/next_build/20260509/strict_pref,20260509_reference,b8424551b996,,0,d57940e9aba5,violation_count,"{""violations"":0}",0.0,generic_month_or_rule_deadline,redacted_generic_window,0.0,0.0,0.0,0,,,,,literal_banned_terms_redacted,official_checker_rule_row
preference_rule,runs/next_build/20260509/strict_pref,20260509_reference,b8424551b996,,1,ff7e241299de,violation_count,"{""violations"":0}",0.0,generic_month_or_rule_deadline,redacted_generic_window,0.0,0.0,0.0,0,,,,,literal_banned_terms_redacted,official_checker_rule_row
preference_rule,runs/next_build/20260509/strict_pref,20260509_reference,b8424551b996,,2,17ca4b67a52d,violation_count,"{""violations"":11}",2750.0,generic_month_or_rule_deadline,redacted_generic_window,250.0,2750.0,2750.0,1,,,,,literal_banned_terms_redacted,official_checker_rule_row
preference_rule,runs/next_build/20260509/strict_pref,20260509_reference,b8424551b996,,3,e9a6b9640481,full_rest_day,"{""off_days"":2}",0.0,generic_month_or_rule_deadline,redacted_generic_window,0.0,0.0,0.0,0,,,,,literal_banned_terms_redacted,official_checker_rule_row
preference_rule,runs/next_build/20260509/strict_pref,20260509_reference,0bcc30e5393c,,0,769e208fed14,violation_count,"{""violations"":9}",4500.0,generic_month_or_rule_deadline,redacted_generic_window,500.0,4500.0,4500.0,1,,,,,literal_banned_terms_redacted,official_checker_rule_row
preference_rule,runs/next_build/20260509/strict_pref,20260509_reference,0bcc30e5393c,,1,44b9698e1ed8,violation_count,"{""violations"":1}",280.0,generic_month_or_rule_deadline,redacted_generic_window,280.0,280.0,280.0,1,,,,,literal_banned_terms_redacted,official_checker_rule_row
preference_rule,runs/next_build/20260509/strict_pref,20260509_reference,0bcc30e5393c,,2,af038c7fe7e1,violation_count,"{""violations"":7}",1400.0,generic_month_or_rule_deadline,redacted_generic_window,200.0,1400.0,1400.0,1,,,,,literal_banned_terms_redacted,official_checker_rule_row
preference_rule,runs/next_build/20260509/strict_pref,20260509_reference,0bcc30e5393c,,3,626f9eaace2c,generic,{},0.0,generic_month_or_rule_deadline,redacted_generic_window,0.0,0.0,0.0,0,,,,,literal_banned_terms_redacted,official_checker_rule_row
preference_rule,runs/next_build/20260509/strict_pref,20260509_reference,d1b26936cffa,,0,8ff546b60f7f,full_rest_day,"{""off_days"":2}",0.0,generic_month_or_rule_deadline,redacted_generic_window,0.0,0.0,0.0,0,,,,,literal_banned_terms_redacted,official_checker_rule_row
preference_rule,runs/next_build/20260509/strict_pref,20260509_reference,d1b26936cffa,,1,e79137d53b95,violation_count,"{""violations"":0}",0.0,generic_month_or_rule_deadline,redacted_generic_window,0.0,0.0,0.0,0,,,,,literal_banned_terms_redacted,official_checker_rule_row
preference_rule,runs/next_build/20260509/strict_pref,20260509_reference,d1b26936cffa,,2,37acabfcfff4,violation_count,"{""violations"":5}",1000.0,generic_month_or_rule_deadline,redacted_generic_window,200.0,1000.0,1000.0,1,,,,,literal_banned_terms_redacted,official_checker_rule_row
preference_rule,runs/next_build/20260509/strict_pref,20260509_reference,d1b26936cffa,,3,512b6d847293,violation_count,"{""violations"":5}",500.0,generic_month_or_rule_deadline,redacted_generic_window,100.0,500.0,500.0,1,,,,,literal_banned_terms_redacted,official_checker_rule_row
preference_rule,runs/next_build/20260509/strict_pref,20260509_reference,f9abd903cb86,,0,f2fbfe6873f0,date_specific,"{""satisfied"":false}",10000.0,generic_month_or_rule_deadline,redacted_generic_window,10000.0,10000.0,10000.0,1,,,,,literal_banned_terms_redacted,official_checker_rule_row
preference_rule,runs/next_build/20260509/strict_pref,20260509_reference,f9abd903cb86,,1,466b01807713,violation_count,"{""violations"":30}",27000.0,generic_month_or_rule_deadline,redacted_generic_window,900.0,27000.0,27000.0,1,,,,,literal_banned_terms_redacted,official_checker_rule_row
preference_rule,runs/next_build/20260509/strict_pref,20260509_reference,f9abd903cb86,,2,e1d623020e32,violation_count,"{""violations"":0}",0.0,generic_month_or_rule_deadline,redacted_generic_window,0.0,0.0,0.0,0,,,,,literal_banned_terms_redacted,official_checker_rule_row
preference_rule,runs/next_build/20260509/strict_pref,20260509_reference,263f61d9f731,,0,3da567b3a682,generic,{},30600.0,generic_month_or_rule_deadline,redacted_generic_window,30600.0,30600.0,30600.0,0,,,,,literal_banned_terms_redacted,official_checker_rule_row
preference_rule,runs/next_build/20260509/strict_pref,20260509_reference,263f61d9f731,,1,eeef06133871,generic,{},3000.0,generic_month_or_rule_deadline,redacted_generic_window,3000.0,3000.0,3000.0,0,,,,,literal_banned_terms_redacted,official_checker_rule_row
preference_rule,runs/next_build/20260509/strict_pref,20260509_reference,263f61d9f731,,2,fe506ffb3572,violation_count,"{""violations"":0}",0.0,generic_month_or_rule_deadline,redacted_generic_window,0.0,0.0,0.0,0,,,,,literal_banned_terms_redacted,official_checker_rule_row
preference_rule,runs/next_build/20260509/strict_pref,20260509_reference,263f61d9f731,,3,f37d4e6f83fa,violation_count,"{""violations"":3}",720.0,generic_month_or_rule_deadline,redacted_generic_window,240.0,720.0,720.0,1,,,,,literal_banned_terms_redacted,official_checker_rule_row
daily_rest_matrix,runs/next_build/20260509/strict_pref,20260509_reference,0bcc30e5393c,0,,,daily_rest_observation,"{""wait_minutes"":840}",,day_end,redacted_daily_window,,,,,540,840,0,0,literal_banned_terms_redacted,action_trace_daily_rollup
daily_rest_matrix,runs/next_build/20260509/strict_pref,20260509_reference,0bcc30e5393c,1,,,daily_rest_observation,"{""wait_minutes"":531}",,day_end,redacted_daily_window,,,,,381,531,10,0,literal_banned_terms_redacted,action_trace_daily_rollup
daily_rest_matrix,runs/next_build/20260509/strict_pref,20260509_reference,0bcc30e5393c,2,,,daily_rest_observation,"{""wait_minutes"":579}",,day_end,redacted_daily_window,,,,,429,579,10,0,literal_banned_terms_redacted,action_trace_daily_rollup
daily_rest_matrix,runs/next_build/20260509/strict_pref,20260509_reference,0bcc30e5393c,3,,,daily_rest_observation,"{""wait_minutes"":1015}",,day_end,redacted_daily_window,,,,,532,1015,10,0,literal_banned_terms_redacted,action_trace_daily_rollup
daily_rest_matrix,runs/next_build/20260509/strict_pref,20260509_reference,0bcc30e5393c,4,,,daily_rest_observation,"{""wait_minutes"":300}",,day_end,redacted_daily_window,,,,,300,300,0,0,literal_banned_terms_redacted,action_trace_daily_rollup
daily_rest_matrix,runs/next_build/20260509/strict_pref,20260509_reference,0bcc30e5393c,5,,,daily_rest_observation,"{""wait_minutes"":753}",,day_end,redacted_daily_window,,,,,453,753,10,0,literal_banned_terms_redacted,action_trace_daily_rollup
daily_rest_matrix,runs/next_build/20260509/strict_pref,20260509_reference,0bcc30e5393c,6,,,daily_rest_observation,"{""wait_minutes"":631}",,day_end,redacted_daily_window,,,,,481,631,10,0,literal_banned_terms_redacted,action_trace_daily_rollup
daily_rest_matrix,runs/next_build/20260509/strict_pref,20260509_reference,0bcc30e5393c,7,,,daily_rest_observation,"{""wait_minutes"":1264}",,day_end,redacted_daily_window,,,,,839,1264,10,0,literal_banned_terms_redacted,action_trace_daily_rollup
daily_rest_matrix,runs/next_build/20260509/strict_pref,20260509_reference,0bcc30e5393c,8,,,daily_rest_observation,"{""wait_minutes"":300}",,day_end,redacted_daily_window,,,,,300,300,0,0,literal_banned_terms_redacted,action_trace_daily_rollup
daily_rest_matrix,runs/next_build/20260509/strict_pref,20260509_reference,0bcc30e5393c,9,,,daily_rest_observation,"{""wait_minutes"":729}",,day_end,redacted_daily_window,,,,,429,729,10,0,literal_banned_terms_redacted,action_trace_daily_rollup
daily_rest_matrix,runs/next_build/20260509/strict_pref,20260509_reference,0bcc30e5393c,10,,,daily_rest_observation,"{""wait_minutes"":827}",,day_end,redacted_daily_window,,,,,527,827,10,0,literal_banned_terms_redacted,action_trace_daily_rollup
daily_rest_matrix,runs/next_build/20260509/strict_pref,20260509_reference,0bcc30e5393c,11,,,daily_rest_observation,"{""wait_minutes"":604}",,day_end,redacted_daily_window,,,,,454,604,10,0,literal_banned_terms_redacted,action_trace_daily_rollup
daily_rest_matrix,runs/next_build/20260509/strict_pref,20260509_reference,0bcc30e5393c,12,,,daily_rest_observation,"{""wait_minutes"":536}",,day_end,redacted_daily_window,,,,,386,536,10,0,literal_banned_terms_redacted,action_trace_daily_rollup
daily_rest_matrix,runs/next_build/20260509/strict_pref,20260509_reference,0bcc30e5393c,13,,,daily_rest_observation,"{""wait_minutes"":739}",,day_end,redacted_daily_window,,,,,439,739,10,0,literal_banned_terms_redacted,action_trace_daily_rollup
daily_rest_matrix,runs/next_build/20260509/strict_pref,20260509_reference,0bcc30e5393c,14,,,daily_rest_observation,"{""wait_minutes"":1292}",,day_end,redacted_daily_window,,,,,1292,1292,10,0,literal_banned_terms_redacted,action_trace_daily_rollup
daily_rest_matrix,runs/next_build/20260509/strict_pref,20260509_reference,0bcc30e5393c,15,,,daily_rest_observation,"{""wait_minutes"":670}",,day_end,redacted_daily_window,,,,,520,670,20,0,literal_banned_terms_redacted,action_trace_daily_rollup
daily_rest_matrix,runs/next_build/20260509/strict_pref,20260509_reference,0bcc30e5393c,16,,,daily_rest_observation,"{""wait_minutes"":683}",,day_end,redacted_daily_window,,,,,383,683,10,0,literal_banned_terms_redacted,action_trace_daily_rollup
daily_rest_matrix,runs/next_build/20260509/strict_pref,20260509_reference,0bcc30e5393c,17,,,daily_rest_observation,"{""wait_minutes"":769}",,day_end,redacted_daily_window,,,,,469,769,10,0,literal_banned_terms_redacted,action_trace_daily_rollup
daily_rest_matrix,runs/next_build/20260509/strict_pref,20260509_reference,0bcc30e5393c,18,,,daily_rest_observation,"{""wait_minutes"":720}",,day_end,redacted_daily_window,,,,,420,720,10,0,literal_banned_terms_redacted,action_trace_daily_rollup
daily_rest_matrix,runs/next_build/20260509/strict_pref,20260509_reference,0bcc30e5393c,19,,,daily_rest_observation,"{""wait_minutes"":844}",,day_end,redacted_daily_window,,,,,450,844,10,0,literal_banned_terms_redacted,action_trace_daily_rollup
daily_rest_matrix,runs/next_build/20260509/strict_pref,20260509_reference,0bcc30e5393c,20,,,daily_rest_observation,"{""wait_minutes"":1246}",,day_end,redacted_daily_window,,,,,838,1246,20,0,literal_banned_terms_redacted,action_trace_daily_rollup
daily_rest_matrix,runs/next_build/20260509/strict_pref,20260509_reference,0bcc30e5393c,21,,,daily_rest_observation,"{""wait_minutes"":838}",,day_end,redacted_daily_window,,,,,838,838,0,0,literal_banned_terms_redacted,action_trace_daily_rollup
daily_rest_matrix,runs/next_build/20260509/strict_pref,20260509_reference,0bcc30e5393c,22,,,daily_rest_observation,"{""wait_minutes"":150}",,day_end,redacted_daily_window,,,,,150,150,0,0,literal_banned_terms_redacted,action_trace_daily_rollup
daily_rest_matrix,runs/next_build/20260509/strict_pref,20260509_reference,0bcc30e5393c,23,,,daily_rest_observation,"{""wait_minutes"":410}",,day_end,redacted_daily_window,,,,,410,410,10,0,literal_banned_terms_redacted,action_trace_daily_rollup
daily_rest_matrix,runs/next_build/20260509/strict_pref,20260509_reference,0bcc30e5393c,24,,,daily_rest_observation,"{""wait_minutes"":830}",,day_end,redacted_daily_window,,,,,530,830,10,0,literal_banned_terms_redacted,action_trace_daily_rollup
daily_rest_matrix,runs/next_build/20260509/strict_pref,20260509_reference,0bcc30e5393c,25,,,daily_rest_observation,"{""wait_minutes"":593}",,day_end,redacted_daily_window,,,,,443,593,10,0,literal_banned_terms_redacted,action_trace_daily_rollup
daily_rest_matrix,runs/next_build/20260509/strict_pref,20260509_reference,0bcc30e5393c,26,,,daily_rest_observation,"{""wait_minutes"":997}",,day_end,redacted_daily_window,,,,,532,997,10,0,literal_banned_terms_redacted,action_trace_daily_rollup
daily_rest_matrix,runs/next_build/20260509/strict_pref,20260509_reference,0bcc30e5393c,27,,,daily_rest_observation,"{""wait_minutes"":150}",,day_end,redacted_daily_window,,,,,150,150,0,0,literal_banned_terms_redacted,action_trace_daily_rollup
daily_rest_matrix,runs/next_build/20260509/strict_pref,20260509_reference,0bcc30e5393c,28,,,daily_rest_observation,"{""wait_minutes"":1930}",,day_end,redacted_daily_window,,,,,1545,1930,10,0,literal_banned_terms_redacted,action_trace_daily_rollup
daily_rest_matrix,runs/next_build/20260509/strict_pref,20260509_reference,0bcc30e5393c,30,,,daily_rest_observation,"{""wait_minutes"":769}",,day_end,redacted_daily_window,,,,,520,769,20,0,literal_banned_terms_redacted,action_trace_daily_rollup
daily_rest_matrix,runs/next_build/20260509/strict_pref,20260509_reference,263f61d9f731,0,,,daily_rest_observation,"{""wait_minutes"":840}",,day_end,redacted_daily_window,,,,,540,840,0,0,literal_banned_terms_redacted,action_trace_daily_rollup
daily_rest_matrix,runs/next_build/20260509/strict_pref,20260509_reference,263f61d9f731,1,,,daily_rest_observation,"{""wait_minutes"":966}",,day_end,redacted_daily_window,,,,,516,966,10,0,literal_banned_terms_redacted,action_trace_daily_rollup
daily_rest_matrix,runs/next_build/20260509/strict_pref,20260509_reference,263f61d9f731,2,,,daily_rest_observation,"{""wait_minutes"":691}",,day_end,redacted_daily_window,,,,,391,691,20,0,literal_banned_terms_redacted,action_trace_daily_rollup
daily_rest_matrix,runs/next_build/20260509/strict_pref,20260509_reference,263f61d9f731,3,,,daily_rest_observation,"{""wait_minutes"":668}",,day_end,redacted_daily_window,,,,,518,668,10,0,literal_banned_terms_redacted,action_trace_daily_rollup
daily_rest_matrix,runs/next_build/20260509/strict_pref,20260509_reference,263f61d9f731,4,,,daily_rest_observation,"{""wait_minutes"":754}",,day_end,redacted_daily_window,,,,,454,754,10,0,literal_banned_terms_redacted,action_trace_daily_rollup
daily_rest_matrix,runs/next_build/20260509/strict_pref,20260509_reference,263f61d9f731,5,,,daily_rest_observation,"{""wait_minutes"":592}",,day_end,redacted_daily_window,,,,,442,592,10,0,literal_banned_terms_redacted,action_trace_daily_rollup
daily_rest_matrix,runs/next_build/20260509/strict_pref,20260509_reference,263f61d9f731,6,,,daily_rest_observation,"{""wait_minutes"":638}",,day_end,redacted_daily_window,,,,,488,638,10,0,literal_banned_terms_redacted,action_trace_daily_rollup
daily_rest_matrix,runs/next_build/20260509/strict_pref,20260509_reference,263f61d9f731,7,,,daily_rest_observation,"{""wait_minutes"":1264}",,day_end,redacted_daily_window,,,,,839,1264,10,0,literal_banned_terms_redacted,action_trace_daily_rollup
daily_rest_matrix,runs/next_build/20260509/strict_pref,20260509_reference,263f61d9f731,8,,,daily_rest_observation,"{""wait_minutes"":300}",,day_end,redacted_daily_window,,,,,300,300,0,0,literal_banned_terms_redacted,action_trace_daily_rollup
daily_rest_matrix,runs/next_build/20260509/strict_pref,20260509_reference,263f61d9f731,9,,,daily_rest_observation,"{""wait_minutes"":729}",,day_end,redacted_daily_window,,,,,429,729,10,0,literal_banned_terms_redacted,action_trace_daily_rollup
daily_rest_matrix,runs/next_build/20260509/strict_pref,20260509_reference,263f61d9f731,10,,,daily_rest_observation,"{""wait_minutes"":827}",,day_end,redacted_daily_window,,,,,527,827,10,0,literal_banned_terms_redacted,action_trace_daily_rollup
daily_rest_matrix,runs/next_build/20260509/strict_pref,20260509_reference,263f61d9f731,11,,,daily_rest_observation,"{""wait_minutes"":604}",,day_end,redacted_daily_window,,,,,454,604,10,0,literal_banned_terms_redacted,action_trace_daily_rollup
daily_rest_matrix,runs/next_build/20260509/strict_pref,20260509_reference,263f61d9f731,12,,,daily_rest_observation,"{""wait_minutes"":536}",,day_end,redacted_daily_window,,,,,386,536,10,0,literal_banned_terms_redacted,action_trace_daily_rollup
daily_rest_matrix,runs/next_build/20260509/strict_pref,20260509_reference,263f61d9f731,13,,,daily_rest_observation,"{""wait_minutes"":739}",,day_end,redacted_daily_window,,,,,439,739,10,0,literal_banned_terms_redacted,action_trace_daily_rollup
daily_rest_matrix,runs/next_build/20260509/strict_pref,20260509_reference,263f61d9f731,14,,,daily_rest_observation,"{""wait_minutes"":1292}",,day_end,redacted_daily_window,,,,,1292,1292,10,0,literal_banned_terms_redacted,action_trace_daily_rollup
daily_rest_matrix,runs/next_build/20260509/strict_pref,20260509_reference,263f61d9f731,15,,,daily_rest_observation,"{""wait_minutes"":670}",,day_end,redacted_daily_window,,,,,520,670,20,0,literal_banned_terms_redacted,action_trace_daily_rollup
daily_rest_matrix,runs/next_build/20260509/strict_pref,20260509_reference,263f61d9f731,16,,,daily_rest_observation,"{""wait_minutes"":683}",,day_end,redacted_daily_window,,,,,383,683,10,0,literal_banned_terms_redacted,action_trace_daily_rollup
daily_rest_matrix,runs/next_build/20260509/strict_pref,20260509_reference,263f61d9f731,17,,,daily_rest_observation,"{""wait_minutes"":769}",,day_end,redacted_daily_window,,,,,469,769,10,0,literal_banned_terms_redacted,action_trace_daily_rollup
daily_rest_matrix,runs/next_build/20260509/strict_pref,20260509_reference,263f61d9f731,18,,,daily_rest_observation,"{""wait_minutes"":720}",,day_end,redacted_daily_window,,,,,420,720,10,0,literal_banned_terms_redacted,action_trace_daily_rollup
daily_rest_matrix,runs/next_build/20260509/strict_pref,20260509_reference,263f61d9f731,19,,,daily_rest_observation,"{""wait_minutes"":844}",,day_end,redacted_daily_window,,,,,450,844,10,0,literal_banned_terms_redacted,action_trace_daily_rollup
daily_rest_matrix,runs/next_build/20260509/strict_pref,20260509_reference,263f61d9f731,20,,,daily_rest_observation,"{""wait_minutes"":1246}",,day_end,redacted_daily_window,,,,,838,1246,20,0,literal_banned_terms_redacted,action_trace_daily_rollup
daily_rest_matrix,runs/next_build/20260509/strict_pref,20260509_reference,263f61d9f731,21,,,daily_rest_observation,"{""wait_minutes"":838}",,day_end,redacted_daily_window,,,,,838,838,0,0,literal_banned_terms_redacted,action_trace_daily_rollup
daily_rest_matrix,runs/next_build/20260509/strict_pref,20260509_reference,263f61d9f731,22,,,daily_rest_observation,"{""wait_minutes"":150}",,day_end,redacted_daily_window,,,,,150,150,0,0,literal_banned_terms_redacted,action_trace_daily_rollup
daily_rest_matrix,runs/next_build/20260509/strict_pref,20260509_reference,263f61d9f731,23,,,daily_rest_observation,"{""wait_minutes"":410}",,day_end,redacted_daily_window,,,,,410,410,10,0,literal_banned_terms_redacted,action_trace_daily_rollup
daily_rest_matrix,runs/next_build/20260509/strict_pref,20260509_reference,263f61d9f731,24,,,daily_rest_observation,"{""wait_minutes"":830}",,day_end,redacted_daily_window,,,,,530,830,10,0,literal_banned_terms_redacted,action_trace_daily_rollup
daily_rest_matrix,runs/next_build/20260509/strict_pref,20260509_reference,263f61d9f731,25,,,daily_rest_observation,"{""wait_minutes"":593}",,day_end,redacted_daily_window,,,,,443,593,10,0,literal_banned_terms_redacted,action_trace_daily_rollup
daily_rest_matrix,runs/next_build/20260509/strict_pref,20260509_reference,263f61d9f731,26,,,daily_rest_observation,"{""wait_minutes"":997}",,day_end,redacted_daily_window,,,,,532,997,10,0,literal_banned_terms_redacted,action_trace_daily_rollup
daily_rest_matrix,runs/next_build/20260509/strict_pref,20260509_reference,263f61d9f731,27,,,daily_rest_observation,"{""wait_minutes"":150}",,day_end,redacted_daily_window,,,,,150,150,0,0,literal_banned_terms_redacted,action_trace_daily_rollup
daily_rest_matrix,runs/next_build/20260509/strict_pref,20260509_reference,263f61d9f731,28,,,daily_rest_observation,"{""wait_minutes"":505}",,day_end,redacted_daily_window,,,,,385,505,10,0,literal_banned_terms_redacted,action_trace_daily_rollup
daily_rest_matrix,runs/next_build/20260509/strict_pref,20260509_reference,263f61d9f731,29,,,daily_rest_observation,"{""wait_minutes"":1405}",,day_end,redacted_daily_window,,,,,1405,1405,20,0,literal_banned_terms_redacted,action_trace_daily_rollup
daily_rest_matrix,runs/next_build/20260509/strict_pref,20260509_reference,263f61d9f731,30,,,daily_rest_observation,"{""wait_minutes"":769}",,day_end,redacted_daily_window,,,,,520,769,20,0,literal_banned_terms_redacted,action_trace_daily_rollup
daily_rest_matrix,runs/next_build/20260509/strict_pref,20260509_reference,3c5844ed8465,0,,,daily_rest_observation,"{""wait_minutes"":1225}",,day_end,redacted_daily_window,,,,,685,1225,0,0,literal_banned_terms_redacted,action_trace_daily_rollup
daily_rest_matrix,runs/next_build/20260509/strict_pref,20260509_reference,3c5844ed8465,1,,,daily_rest_observation,"{""wait_minutes"":150}",,day_end,redacted_daily_window,,,,,150,150,0,0,literal_banned_terms_redacted,action_trace_daily_rollup
daily_rest_matrix,runs/next_build/20260509/strict_pref,20260509_reference,3c5844ed8465,2,,,daily_rest_observation,"{""wait_minutes"":589}",,day_end,redacted_daily_window,,,,,439,589,10,0,literal_banned_terms_redacted,action_trace_daily_rollup
daily_rest_matrix,runs/next_build/20260509/strict_pref,20260509_reference,3c5844ed8465,3,,,daily_rest_observation,"{""wait_minutes"":1015}",,day_end,redacted_daily_window,,,,,532,1015,10,0,literal_banned_terms_redacted,action_trace_daily_rollup
daily_rest_matrix,runs/next_build/20260509/strict_pref,20260509_reference,3c5844ed8465,4,,,daily_rest_observation,"{""wait_minutes"":300}",,day_end,redacted_daily_window,,,,,300,300,0,0,literal_banned_terms_redacted,action_trace_daily_rollup
daily_rest_matrix,runs/next_build/20260509/strict_pref,20260509_reference,3c5844ed8465,5,,,daily_rest_observation,"{""wait_minutes"":753}",,day_end,redacted_daily_window,,,,,453,753,10,0,literal_banned_terms_redacted,action_trace_daily_rollup
daily_rest_matrix,runs/next_build/20260509/strict_pref,20260509_reference,3c5844ed8465,6,,,daily_rest_observation,"{""wait_minutes"":631}",,day_end,redacted_daily_window,,,,,481,631,10,0,literal_banned_terms_redacted,action_trace_daily_rollup
daily_rest_matrix,runs/next_build/20260509/strict_pref,20260509_reference,3c5844ed8465,7,,,daily_rest_observation,"{""wait_minutes"":1264}",,day_end,redacted_daily_window,,,,,839,1264,10,0,literal_banned_terms_redacted,action_trace_daily_rollup
daily_rest_matrix,runs/next_build/20260509/strict_pref,20260509_reference,3c5844ed8465,8,,,daily_rest_observation,"{""wait_minutes"":300}",,day_end,redacted_daily_window,,,,,300,300,0,0,literal_banned_terms_redacted,action_trace_daily_rollup
daily_rest_matrix,runs/next_build/20260509/strict_pref,20260509_reference,3c5844ed8465,9,,,daily_rest_observation,"{""wait_minutes"":729}",,day_end,redacted_daily_window,,,,,429,729,10,0,literal_banned_terms_redacted,action_trace_daily_rollup
daily_rest_matrix,runs/next_build/20260509/strict_pref,20260509_reference,3c5844ed8465,10,,,daily_rest_observation,"{""wait_minutes"":827}",,day_end,redacted_daily_window,,,,,527,827,10,0,literal_banned_terms_redacted,action_trace_daily_rollup
daily_rest_matrix,runs/next_build/20260509/strict_pref,20260509_reference,3c5844ed8465,11,,,daily_rest_observation,"{""wait_minutes"":604}",,day_end,redacted_daily_window,,,,,454,604,10,0,literal_banned_terms_redacted,action_trace_daily_rollup
daily_rest_matrix,runs/next_build/20260509/strict_pref,20260509_reference,3c5844ed8465,12,,,daily_rest_observation,"{""wait_minutes"":536}",,day_end,redacted_daily_window,,,,,386,536,10,0,literal_banned_terms_redacted,action_trace_daily_rollup
daily_rest_matrix,runs/next_build/20260509/strict_pref,20260509_reference,3c5844ed8465,13,,,daily_rest_observation,"{""wait_minutes"":739}",,day_end,redacted_daily_window,,,,,439,739,10,0,literal_banned_terms_redacted,action_trace_daily_rollup
daily_rest_matrix,runs/next_build/20260509/strict_pref,20260509_reference,3c5844ed8465,14,,,daily_rest_observation,"{""wait_minutes"":1292}",,day_end,redacted_daily_window,,,,,1292,1292,10,0,literal_banned_terms_redacted,action_trace_daily_rollup
daily_rest_matrix,runs/next_build/20260509/strict_pref,20260509_reference,3c5844ed8465,15,,,daily_rest_observation,"{""wait_minutes"":670}",,day_end,redacted_daily_window,,,,,520,670,20,0,literal_banned_terms_redacted,action_trace_daily_rollup
daily_rest_matrix,runs/next_build/20260509/strict_pref,20260509_reference,3c5844ed8465,16,,,daily_rest_observation,"{""wait_minutes"":683}",,day_end,redacted_daily_window,,,,,383,683,10,0,literal_banned_terms_redacted,action_trace_daily_rollup
daily_rest_matrix,runs/next_build/20260509/strict_pref,20260509_reference,3c5844ed8465,17,,,daily_rest_observation,"{""wait_minutes"":769}",,day_end,redacted_daily_window,,,,,469,769,10,0,literal_banned_terms_redacted,action_trace_daily_rollup
daily_rest_matrix,runs/next_build/20260509/strict_pref,20260509_reference,3c5844ed8465,18,,,daily_rest_observation,"{""wait_minutes"":720}",,day_end,redacted_daily_window,,,,,420,720,10,0,literal_banned_terms_redacted,action_trace_daily_rollup
daily_rest_matrix,runs/next_build/20260509/strict_pref,20260509_reference,3c5844ed8465,19,,,daily_rest_observation,"{""wait_minutes"":844}",,day_end,redacted_daily_window,,,,,450,844,10,0,literal_banned_terms_redacted,action_trace_daily_rollup
daily_rest_matrix,runs/next_build/20260509/strict_pref,20260509_reference,3c5844ed8465,20,,,daily_rest_observation,"{""wait_minutes"":1246}",,day_end,redacted_daily_window,,,,,838,1246,20,0,literal_banned_terms_redacted,action_trace_daily_rollup
daily_rest_matrix,runs/next_build/20260509/strict_pref,20260509_reference,3c5844ed8465,21,,,daily_rest_observation,"{""wait_minutes"":838}",,day_end,redacted_daily_window,,,,,838,838,0,0,literal_banned_terms_redacted,action_trace_daily_rollup
daily_rest_matrix,runs/next_build/20260509/strict_pref,20260509_reference,3c5844ed8465,22,,,daily_rest_observation,"{""wait_minutes"":150}",,day_end,redacted_daily_window,,,,,150,150,0,0,literal_banned_terms_redacted,action_trace_daily_rollup
daily_rest_matrix,runs/next_build/20260509/strict_pref,20260509_reference,3c5844ed8465,23,,,daily_rest_observation,"{""wait_minutes"":410}",,day_end,redacted_daily_window,,,,,410,410,10,0,literal_banned_terms_redacted,action_trace_daily_rollup
daily_rest_matrix,runs/next_build/20260509/strict_pref,20260509_reference,3c5844ed8465,24,,,daily_rest_observation,"{""wait_minutes"":830}",,day_end,redacted_daily_window,,,,,530,830,10,0,literal_banned_terms_redacted,action_trace_daily_rollup
daily_rest_matrix,runs/next_build/20260509/strict_pref,20260509_reference,3c5844ed8465,25,,,daily_rest_observation,"{""wait_minutes"":593}",,day_end,redacted_daily_window,,,,,443,593,10,0,literal_banned_terms_redacted,action_trace_daily_rollup
daily_rest_matrix,runs/next_build/20260509/strict_pref,20260509_reference,3c5844ed8465,26,,,daily_rest_observation,"{""wait_minutes"":997}",,day_end,redacted_daily_window,,,,,532,997,10,0,literal_banned_terms_redacted,action_trace_daily_rollup
daily_rest_matrix,runs/next_build/20260509/strict_pref,20260509_reference,3c5844ed8465,27,,,daily_rest_observation,"{""wait_minutes"":150}",,day_end,redacted_daily_window,,,,,150,150,0,0,literal_banned_terms_redacted,action_trace_daily_rollup
daily_rest_matrix,runs/next_build/20260509/strict_pref,20260509_reference,3c5844ed8465,28,,,daily_rest_observation,"{""wait_minutes"":505}",,day_end,redacted_daily_window,,,,,385,505,10,0,literal_banned_terms_redacted,action_trace_daily_rollup
daily_rest_matrix,runs/next_build/20260509/strict_pref,20260509_reference,3c5844ed8465,29,,,daily_rest_observation,"{""wait_minutes"":1405}",,day_end,redacted_daily_window,,,,,1405,1405,20,0,literal_banned_terms_redacted,action_trace_daily_rollup
daily_rest_matrix,runs/next_build/20260509/strict_pref,20260509_reference,3c5844ed8465,30,,,daily_rest_observation,"{""wait_minutes"":769}",,day_end,redacted_daily_window,,,,,520,769,20,0,literal_banned_terms_redacted,action_trace_daily_rollup
daily_rest_matrix,runs/next_build/20260509/strict_pref,20260509_reference,3e0e35341231,0,,,daily_rest_observation,"{""wait_minutes"":840}",,day_end,redacted_daily_window,,,,,540,840,0,0,literal_banned_terms_redacted,action_trace_daily_rollup
daily_rest_matrix,runs/next_build/20260509/strict_pref,20260509_reference,3e0e35341231,1,,,daily_rest_observation,"{""wait_minutes"":944}",,day_end,redacted_daily_window,,,,,494,944,10,0,literal_banned_terms_redacted,action_trace_daily_rollup
daily_rest_matrix,runs/next_build/20260509/strict_pref,20260509_reference,3e0e35341231,2,,,daily_rest_observation,"{""wait_minutes"":691}",,day_end,redacted_daily_window,,,,,391,691,20,0,literal_banned_terms_redacted,action_trace_daily_rollup
daily_rest_matrix,runs/next_build/20260509/strict_pref,20260509_reference,3e0e35341231,3,,,daily_rest_observation,"{""wait_minutes"":668}",,day_end,redacted_daily_window,,,,,518,668,10,0,literal_banned_terms_redacted,action_trace_daily_rollup
daily_rest_matrix,runs/next_build/20260509/strict_pref,20260509_reference,3e0e35341231,4,,,daily_rest_observation,"{""wait_minutes"":754}",,day_end,redacted_daily_window,,,,,454,754,10,0,literal_banned_terms_redacted,action_trace_daily_rollup
daily_rest_matrix,runs/next_build/20260509/strict_pref,20260509_reference,3e0e35341231,5,,,daily_rest_observation,"{""wait_minutes"":592}",,day_end,redacted_daily_window,,,,,442,592,10,0,literal_banned_terms_redacted,action_trace_daily_rollup
daily_rest_matrix,runs/next_build/20260509/strict_pref,20260509_reference,3e0e35341231,6,,,daily_rest_observation,"{""wait_minutes"":638}",,day_end,redacted_daily_window,,,,,488,638,10,0,literal_banned_terms_redacted,action_trace_daily_rollup
daily_rest_matrix,runs/next_build/20260509/strict_pref,20260509_reference,3e0e35341231,7,,,daily_rest_observation,"{""wait_minutes"":1264}",,day_end,redacted_daily_window,,,,,839,1264,10,0,literal_banned_terms_redacted,action_trace_daily_rollup
daily_rest_matrix,runs/next_build/20260509/strict_pref,20260509_reference,3e0e35341231,8,,,daily_rest_observation,"{""wait_minutes"":300}",,day_end,redacted_daily_window,,,,,300,300,0,0,literal_banned_terms_redacted,action_trace_daily_rollup
daily_rest_matrix,runs/next_build/20260509/strict_pref,20260509_reference,3e0e35341231,9,,,daily_rest_observation,"{""wait_minutes"":729}",,day_end,redacted_daily_window,,,,,429,729,10,0,literal_banned_terms_redacted,action_trace_daily_rollup
daily_rest_matrix,runs/next_build/20260509/strict_pref,20260509_reference,3e0e35341231,10,,,daily_rest_observation,"{""wait_minutes"":827}",,day_end,redacted_daily_window,,,,,527,827,10,0,literal_banned_terms_redacted,action_trace_daily_rollup
daily_rest_matrix,runs/next_build/20260509/strict_pref,20260509_reference,3e0e35341231,11,,,daily_rest_observation,"{""wait_minutes"":604}",,day_end,redacted_daily_window,,,,,454,604,10,0,literal_banned_terms_redacted,action_trace_daily_rollup
daily_rest_matrix,runs/next_build/20260509/strict_pref,20260509_reference,3e0e35341231,12,,,daily_rest_observation,"{""wait_minutes"":536}",,day_end,redacted_daily_window,,,,,386,536,10,0,literal_banned_terms_redacted,action_trace_daily_rollup
daily_rest_matrix,runs/next_build/20260509/strict_pref,20260509_reference,3e0e35341231,13,,,daily_rest_observation,"{""wait_minutes"":739}",,day_end,redacted_daily_window,,,,,439,739,10,0,literal_banned_terms_redacted,action_trace_daily_rollup
daily_rest_matrix,runs/next_build/20260509/strict_pref,20260509_reference,3e0e35341231,14,,,daily_rest_observation,"{""wait_minutes"":1292}",,day_end,redacted_daily_window,,,,,1292,1292,10,0,literal_banned_terms_redacted,action_trace_daily_rollup
daily_rest_matrix,runs/next_build/20260509/strict_pref,20260509_reference,3e0e35341231,15,,,daily_rest_observation,"{""wait_minutes"":670}",,day_end,redacted_daily_window,,,,,520,670,20,0,literal_banned_terms_redacted,action_trace_daily_rollup
daily_rest_matrix,runs/next_build/20260509/strict_pref,20260509_reference,3e0e35341231,16,,,daily_rest_observation,"{""wait_minutes"":683}",,day_end,redacted_daily_window,,,,,383,683,10,0,literal_banned_terms_redacted,action_trace_daily_rollup
daily_rest_matrix,runs/next_build/20260509/strict_pref,20260509_reference,3e0e35341231,17,,,daily_rest_observation,"{""wait_minutes"":769}",,day_end,redacted_daily_window,,,,,469,769,10,0,literal_banned_terms_redacted,action_trace_daily_rollup
daily_rest_matrix,runs/next_build/20260509/strict_pref,20260509_reference,3e0e35341231,18,,,daily_rest_observation,"{""wait_minutes"":720}",,day_end,redacted_daily_window,,,,,420,720,10,0,literal_banned_terms_redacted,action_trace_daily_rollup
daily_rest_matrix,runs/next_build/20260509/strict_pref,20260509_reference,3e0e35341231,19,,,daily_rest_observation,"{""wait_minutes"":844}",,day_end,redacted_daily_window,,,,,450,844,10,0,literal_banned_terms_redacted,action_trace_daily_rollup
daily_rest_matrix,runs/next_build/20260509/strict_pref,20260509_reference,3e0e35341231,20,,,daily_rest_observation,"{""wait_minutes"":1246}",,day_end,redacted_daily_window,,,,,838,1246,20,0,literal_banned_terms_redacted,action_trace_daily_rollup
daily_rest_matrix,runs/next_build/20260509/strict_pref,20260509_reference,3e0e35341231,21,,,daily_rest_observation,"{""wait_minutes"":838}",,day_end,redacted_daily_window,,,,,838,838,0,0,literal_banned_terms_redacted,action_trace_daily_rollup
daily_rest_matrix,runs/next_build/20260509/strict_pref,20260509_reference,3e0e35341231,22,,,daily_rest_observation,"{""wait_minutes"":150}",,day_end,redacted_daily_window,,,,,150,150,0,0,literal_banned_terms_redacted,action_trace_daily_rollup
daily_rest_matrix,runs/next_build/20260509/strict_pref,20260509_reference,3e0e35341231,23,,,daily_rest_observation,"{""wait_minutes"":410}",,day_end,redacted_daily_window,,,,,410,410,10,0,literal_banned_terms_redacted,action_trace_daily_rollup
daily_rest_matrix,runs/next_build/20260509/strict_pref,20260509_reference,3e0e35341231,24,,,daily_rest_observation,"{""wait_minutes"":830}",,day_end,redacted_daily_window,,,,,530,830,10,0,literal_banned_terms_redacted,action_trace_daily_rollup
daily_rest_matrix,runs/next_build/20260509/strict_pref,20260509_reference,3e0e35341231,25,,,daily_rest_observation,"{""wait_minutes"":593}",,day_end,redacted_daily_window,,,,,443,593,10,0,literal_banned_terms_redacted,action_trace_daily_rollup
daily_rest_matrix,runs/next_build/20260509/strict_pref,20260509_reference,3e0e35341231,26,,,daily_rest_observation,"{""wait_minutes"":997}",,day_end,redacted_daily_window,,,,,532,997,10,0,literal_banned_terms_redacted,action_trace_daily_rollup
daily_rest_matrix,runs/next_build/20260509/strict_pref,20260509_reference,3e0e35341231,27,,,daily_rest_observation,"{""wait_minutes"":150}",,day_end,redacted_daily_window,,,,,150,150,0,0,literal_banned_terms_redacted,action_trace_daily_rollup
daily_rest_matrix,runs/next_build/20260509/strict_pref,20260509_reference,3e0e35341231,28,,,daily_rest_observation,"{""wait_minutes"":505}",,day_end,redacted_daily_window,,,,,385,505,10,0,literal_banned_terms_redacted,action_trace_daily_rollup
daily_rest_matrix,runs/next_build/20260509/strict_pref,20260509_reference,3e0e35341231,29,,,daily_rest_observation,"{""wait_minutes"":1405}",,day_end,redacted_daily_window,,,,,1405,1405,20,0,literal_banned_terms_redacted,action_trace_daily_rollup
daily_rest_matrix,runs/next_build/20260509/strict_pref,20260509_reference,3e0e35341231,30,,,daily_rest_observation,"{""wait_minutes"":769}",,day_end,redacted_daily_window,,,,,520,769,20,0,literal_banned_terms_redacted,action_trace_daily_rollup
daily_rest_matrix,runs/next_build/20260509/strict_pref,20260509_reference,983f9a2734ca,0,,,daily_rest_observation,"{""wait_minutes"":840}",,day_end,redacted_daily_window,,,,,540,840,0,0,literal_banned_terms_redacted,action_trace_daily_rollup
daily_rest_matrix,runs/next_build/20260509/strict_pref,20260509_reference,983f9a2734ca,1,,,daily_rest_observation,"{""wait_minutes"":562}",,day_end,redacted_daily_window,,,,,412,562,10,0,literal_banned_terms_redacted,action_trace_daily_rollup
daily_rest_matrix,runs/next_build/20260509/strict_pref,20260509_reference,983f9a2734ca,2,,,daily_rest_observation,"{""wait_minutes"":579}",,day_end,redacted_daily_window,,,,,429,579,10,0,literal_banned_terms_redacted,action_trace_daily_rollup
daily_rest_matrix,runs/next_build/20260509/strict_pref,20260509_reference,983f9a2734ca,3,,,daily_rest_observation,"{""wait_minutes"":1015}",,day_end,redacted_daily_window,,,,,532,1015,10,0,literal_banned_terms_redacted,action_trace_daily_rollup
daily_rest_matrix,runs/next_build/20260509/strict_pref,20260509_reference,983f9a2734ca,4,,,daily_rest_observation,"{""wait_minutes"":300}",,day_end,redacted_daily_window,,,,,300,300,0,0,literal_banned_terms_redacted,action_trace_daily_rollup
daily_rest_matrix,runs/next_build/20260509/strict_pref,20260509_reference,983f9a2734ca,5,,,daily_rest_observation,"{""wait_minutes"":753}",,day_end,redacted_daily_window,,,,,453,753,10,0,literal_banned_terms_redacted,action_trace_daily_rollup
daily_rest_matrix,runs/next_build/20260509/strict_pref,20260509_reference,983f9a2734ca,6,,,daily_rest_observation,"{""wait_minutes"":631}",,day_end,redacted_daily_window,,,,,481,631,10,0,literal_banned_terms_redacted,action_trace_daily_rollup
daily_rest_matrix,runs/next_build/20260509/strict_pref,20260509_reference,983f9a2734ca,7,,,daily_rest_observation,"{""wait_minutes"":1264}",,day_end,redacted_daily_window,,,,,839,1264,10,0,literal_banned_terms_redacted,action_trace_daily_rollup
daily_rest_matrix,runs/next_build/20260509/strict_pref,20260509_reference,983f9a2734ca,8,,,daily_rest_observation,"{""wait_minutes"":300}",,day_end,redacted_daily_window,,,,,300,300,0,0,literal_banned_terms_redacted,action_trace_daily_rollup
daily_rest_matrix,runs/next_build/20260509/strict_pref,20260509_reference,983f9a2734ca,9,,,daily_rest_observation,"{""wait_minutes"":729}",,day_end,redacted_daily_window,,,,,429,729,10,0,literal_banned_terms_redacted,action_trace_daily_rollup
daily_rest_matrix,runs/next_build/20260509/strict_pref,20260509_reference,983f9a2734ca,10,,,daily_rest_observation,"{""wait_minutes"":827}",,day_end,redacted_daily_window,,,,,527,827,10,0,literal_banned_terms_redacted,action_trace_daily_rollup
daily_rest_matrix,runs/next_build/20260509/strict_pref,20260509_reference,983f9a2734ca,11,,,daily_rest_observation,"{""wait_minutes"":604}",,day_end,redacted_daily_window,,,,,454,604,10,0,literal_banned_terms_redacted,action_trace_daily_rollup
daily_rest_matrix,runs/next_build/20260509/strict_pref,20260509_reference,983f9a2734ca,12,,,daily_rest_observation,"{""wait_minutes"":536}",,day_end,redacted_daily_window,,,,,386,536,10,0,literal_banned_terms_redacted,action_trace_daily_rollup
daily_rest_matrix,runs/next_build/20260509/strict_pref,20260509_reference,983f9a2734ca,13,,,daily_rest_observation,"{""wait_minutes"":739}",,day_end,redacted_daily_window,,,,,439,739,10,0,literal_banned_terms_redacted,action_trace_daily_rollup
daily_rest_matrix,runs/next_build/20260509/strict_pref,20260509_reference,983f9a2734ca,14,,,daily_rest_observation,"{""wait_minutes"":1292}",,day_end,redacted_daily_window,,,,,1292,1292,10,0,literal_banned_terms_redacted,action_trace_daily_rollup
daily_rest_matrix,runs/next_build/20260509/strict_pref,20260509_reference,983f9a2734ca,15,,,daily_rest_observation,"{""wait_minutes"":670}",,day_end,redacted_daily_window,,,,,520,670,20,0,literal_banned_terms_redacted,action_trace_daily_rollup
daily_rest_matrix,runs/next_build/20260509/strict_pref,20260509_reference,983f9a2734ca,16,,,daily_rest_observation,"{""wait_minutes"":683}",,day_end,redacted_daily_window,,,,,383,683,10,0,literal_banned_terms_redacted,action_trace_daily_rollup
daily_rest_matrix,runs/next_build/20260509/strict_pref,20260509_reference,983f9a2734ca,17,,,daily_rest_observation,"{""wait_minutes"":769}",,day_end,redacted_daily_window,,,,,469,769,10,0,literal_banned_terms_redacted,action_trace_daily_rollup
daily_rest_matrix,runs/next_build/20260509/strict_pref,20260509_reference,983f9a2734ca,18,,,daily_rest_observation,"{""wait_minutes"":720}",,day_end,redacted_daily_window,,,,,420,720,10,0,literal_banned_terms_redacted,action_trace_daily_rollup
daily_rest_matrix,runs/next_build/20260509/strict_pref,20260509_reference,983f9a2734ca,19,,,daily_rest_observation,"{""wait_minutes"":844}",,day_end,redacted_daily_window,,,,,450,844,10,0,literal_banned_terms_redacted,action_trace_daily_rollup
daily_rest_matrix,runs/next_build/20260509/strict_pref,20260509_reference,983f9a2734ca,20,,,daily_rest_observation,"{""wait_minutes"":1246}",,day_end,redacted_daily_window,,,,,838,1246,20,0,literal_banned_terms_redacted,action_trace_daily_rollup
daily_rest_matrix,runs/next_build/20260509/strict_pref,20260509_reference,983f9a2734ca,21,,,daily_rest_observation,"{""wait_minutes"":838}",,day_end,redacted_daily_window,,,,,838,838,0,0,literal_banned_terms_redacted,action_trace_daily_rollup
daily_rest_matrix,runs/next_build/20260509/strict_pref,20260509_reference,983f9a2734ca,22,,,daily_rest_observation,"{""wait_minutes"":150}",,day_end,redacted_daily_window,,,,,150,150,0,0,literal_banned_terms_redacted,action_trace_daily_rollup
daily_rest_matrix,runs/next_build/20260509/strict_pref,20260509_reference,983f9a2734ca,23,,,daily_rest_observation,"{""wait_minutes"":410}",,day_end,redacted_daily_window,,,,,410,410,10,0,literal_banned_terms_redacted,action_trace_daily_rollup
daily_rest_matrix,runs/next_build/20260509/strict_pref,20260509_reference,983f9a2734ca,24,,,daily_rest_observation,"{""wait_minutes"":830}",,day_end,redacted_daily_window,,,,,530,830,10,0,literal_banned_terms_redacted,action_trace_daily_rollup
daily_rest_matrix,runs/next_build/20260509/strict_pref,20260509_reference,983f9a2734ca,25,,,daily_rest_observation,"{""wait_minutes"":593}",,day_end,redacted_daily_window,,,,,443,593,10,0,literal_banned_terms_redacted,action_trace_daily_rollup
daily_rest_matrix,runs/next_build/20260509/strict_pref,20260509_reference,983f9a2734ca,26,,,daily_rest_observation,"{""wait_minutes"":997}",,day_end,redacted_daily_window,,,,,532,997,10,0,literal_banned_terms_redacted,action_trace_daily_rollup
daily_rest_matrix,runs/next_build/20260509/strict_pref,20260509_reference,983f9a2734ca,27,,,daily_rest_observation,"{""wait_minutes"":150}",,day_end,redacted_daily_window,,,,,150,150,0,0,literal_banned_terms_redacted,action_trace_daily_rollup
daily_rest_matrix,runs/next_build/20260509/strict_pref,20260509_reference,983f9a2734ca,28,,,daily_rest_observation,"{""wait_minutes"":505}",,day_end,redacted_daily_window,,,,,385,505,10,0,literal_banned_terms_redacted,action_trace_daily_rollup
daily_rest_matrix,runs/next_build/20260509/strict_pref,20260509_reference,983f9a2734ca,29,,,daily_rest_observation,"{""wait_minutes"":1405}",,day_end,redacted_daily_window,,,,,1405,1405,20,0,literal_banned_terms_redacted,action_trace_daily_rollup
daily_rest_matrix,runs/next_build/20260509/strict_pref,20260509_reference,983f9a2734ca,30,,,daily_rest_observation,"{""wait_minutes"":769}",,day_end,redacted_daily_window,,,,,520,769,20,0,literal_banned_terms_redacted,action_trace_daily_rollup
daily_rest_matrix,runs/next_build/20260509/strict_pref,20260509_reference,af4b17af9fc7,0,,,daily_rest_observation,"{""wait_minutes"":690}",,day_end,redacted_daily_window,,,,,540,690,0,0,literal_banned_terms_redacted,action_trace_daily_rollup
daily_rest_matrix,runs/next_build/20260509/strict_pref,20260509_reference,af4b17af9fc7,1,,,daily_rest_observation,"{""wait_minutes"":911}",,day_end,redacted_daily_window,,,,,461,911,10,0,literal_banned_terms_redacted,action_trace_daily_rollup
daily_rest_matrix,runs/next_build/20260509/strict_pref,20260509_reference,af4b17af9fc7,2,,,daily_rest_observation,"{""wait_minutes"":578}",,day_end,redacted_daily_window,,,,,428,578,20,0,literal_banned_terms_redacted,action_trace_daily_rollup
daily_rest_matrix,runs/next_build/20260509/strict_pref,20260509_reference,af4b17af9fc7,3,,,daily_rest_observation,"{""wait_minutes"":762}",,day_end,redacted_daily_window,,,,,462,762,10,0,literal_banned_terms_redacted,action_trace_daily_rollup
daily_rest_matrix,runs/next_build/20260509/strict_pref,20260509_reference,af4b17af9fc7,4,,,daily_rest_observation,"{""wait_minutes"":1055}",,day_end,redacted_daily_window,,,,,538,1055,10,0,literal_banned_terms_redacted,action_trace_daily_rollup
daily_rest_matrix,runs/next_build/20260509/strict_pref,20260509_reference,af4b17af9fc7,5,,,daily_rest_observation,"{""wait_minutes"":150}",,day_end,redacted_daily_window,,,,,150,150,0,0,literal_banned_terms_redacted,action_trace_daily_rollup
daily_rest_matrix,runs/next_build/20260509/strict_pref,20260509_reference,af4b17af9fc7,6,,,daily_rest_observation,"{""wait_minutes"":656}",,day_end,redacted_daily_window,,,,,506,656,10,0,literal_banned_terms_redacted,action_trace_daily_rollup
daily_rest_matrix,runs/next_build/20260509/strict_pref,20260509_reference,af4b17af9fc7,7,,,daily_rest_observation,"{""wait_minutes"":1264}",,day_end,redacted_daily_window,,,,,839,1264,10,0,literal_banned_terms_redacted,action_trace_daily_rollup
daily_rest_matrix,runs/next_build/20260509/strict_pref,20260509_reference,af4b17af9fc7,8,,,daily_rest_observation,"{""wait_minutes"":300}",,day_end,redacted_daily_window,,,,,300,300,0,0,literal_banned_terms_redacted,action_trace_daily_rollup
daily_rest_matrix,runs/next_build/20260509/strict_pref,20260509_reference,af4b17af9fc7,9,,,daily_rest_observation,"{""wait_minutes"":729}",,day_end,redacted_daily_window,,,,,429,729,10,0,literal_banned_terms_redacted,action_trace_daily_rollup
daily_rest_matrix,runs/next_build/20260509/strict_pref,20260509_reference,af4b17af9fc7,10,,,daily_rest_observation,"{""wait_minutes"":827}",,day_end,redacted_daily_window,,,,,527,827,10,0,literal_banned_terms_redacted,action_trace_daily_rollup
daily_rest_matrix,runs/next_build/20260509/strict_pref,20260509_reference,af4b17af9fc7,11,,,daily_rest_observation,"{""wait_minutes"":604}",,day_end,redacted_daily_window,,,,,454,604,10,0,literal_banned_terms_redacted,action_trace_daily_rollup
daily_rest_matrix,runs/next_build/20260509/strict_pref,20260509_reference,af4b17af9fc7,12,,,daily_rest_observation,"{""wait_minutes"":536}",,day_end,redacted_daily_window,,,,,386,536,10,0,literal_banned_terms_redacted,action_trace_daily_rollup
daily_rest_matrix,runs/next_build/20260509/strict_pref,20260509_reference,af4b17af9fc7,13,,,daily_rest_observation,"{""wait_minutes"":739}",,day_end,redacted_daily_window,,,,,439,739,10,0,literal_banned_terms_redacted,action_trace_daily_rollup
daily_rest_matrix,runs/next_build/20260509/strict_pref,20260509_reference,af4b17af9fc7,14,,,daily_rest_observation,"{""wait_minutes"":1292}",,day_end,redacted_daily_window,,,,,1292,1292,10,0,literal_banned_terms_redacted,action_trace_daily_rollup
daily_rest_matrix,runs/next_build/20260509/strict_pref,20260509_reference,af4b17af9fc7,15,,,daily_rest_observation,"{""wait_minutes"":670}",,day_end,redacted_daily_window,,,,,520,670,20,0,literal_banned_terms_redacted,action_trace_daily_rollup
daily_rest_matrix,runs/next_build/20260509/strict_pref,20260509_reference,af4b17af9fc7,16,,,daily_rest_observation,"{""wait_minutes"":683}",,day_end,redacted_daily_window,,,,,383,683,10,0,literal_banned_terms_redacted,action_trace_daily_rollup
daily_rest_matrix,runs/next_build/20260509/strict_pref,20260509_reference,af4b17af9fc7,17,,,daily_rest_observation,"{""wait_minutes"":769}",,day_end,redacted_daily_window,,,,,469,769,10,0,literal_banned_terms_redacted,action_trace_daily_rollup
daily_rest_matrix,runs/next_build/20260509/strict_pref,20260509_reference,af4b17af9fc7,18,,,daily_rest_observation,"{""wait_minutes"":720}",,day_end,redacted_daily_window,,,,,420,720,10,0,literal_banned_terms_redacted,action_trace_daily_rollup
daily_rest_matrix,runs/next_build/20260509/strict_pref,20260509_reference,af4b17af9fc7,19,,,daily_rest_observation,"{""wait_minutes"":844}",,day_end,redacted_daily_window,,,,,450,844,10,0,literal_banned_terms_redacted,action_trace_daily_rollup
daily_rest_matrix,runs/next_build/20260509/strict_pref,20260509_reference,af4b17af9fc7,20,,,daily_rest_observation,"{""wait_minutes"":1246}",,day_end,redacted_daily_window,,,,,838,1246,20,0,literal_banned_terms_redacted,action_trace_daily_rollup
daily_rest_matrix,runs/next_build/20260509/strict_pref,20260509_reference,af4b17af9fc7,21,,,daily_rest_observation,"{""wait_minutes"":838}",,day_end,redacted_daily_window,,,,,838,838,0,0,literal_banned_terms_redacted,action_trace_daily_rollup
daily_rest_matrix,runs/next_build/20260509/strict_pref,20260509_reference,af4b17af9fc7,22,,,daily_rest_observation,"{""wait_minutes"":150}",,day_end,redacted_daily_window,,,,,150,150,0,0,literal_banned_terms_redacted,action_trace_daily_rollup
daily_rest_matrix,runs/next_build/20260509/strict_pref,20260509_reference,af4b17af9fc7,23,,,daily_rest_observation,"{""wait_minutes"":410}",,day_end,redacted_daily_window,,,,,410,410,10,0,literal_banned_terms_redacted,action_trace_daily_rollup
daily_rest_matrix,runs/next_build/20260509/strict_pref,20260509_reference,af4b17af9fc7,24,,,daily_rest_observation,"{""wait_minutes"":830}",,day_end,redacted_daily_window,,,,,530,830,10,0,literal_banned_terms_redacted,action_trace_daily_rollup
daily_rest_matrix,runs/next_build/20260509/strict_pref,20260509_reference,af4b17af9fc7,25,,,daily_rest_observation,"{""wait_minutes"":593}",,day_end,redacted_daily_window,,,,,443,593,10,0,literal_banned_terms_redacted,action_trace_daily_rollup
daily_rest_matrix,runs/next_build/20260509/strict_pref,20260509_reference,af4b17af9fc7,26,,,daily_rest_observation,"{""wait_minutes"":997}",,day_end,redacted_daily_window,,,,,532,997,10,0,literal_banned_terms_redacted,action_trace_daily_rollup
daily_rest_matrix,runs/next_build/20260509/strict_pref,20260509_reference,af4b17af9fc7,27,,,daily_rest_observation,"{""wait_minutes"":150}",,day_end,redacted_daily_window,,,,,150,150,0,0,literal_banned_terms_redacted,action_trace_daily_rollup
daily_rest_matrix,runs/next_build/20260509/strict_pref,20260509_reference,af4b17af9fc7,28,,,daily_rest_observation,"{""wait_minutes"":505}",,day_end,redacted_daily_window,,,,,385,505,10,0,literal_banned_terms_redacted,action_trace_daily_rollup
daily_rest_matrix,runs/next_build/20260509/strict_pref,20260509_reference,af4b17af9fc7,29,,,daily_rest_observation,"{""wait_minutes"":1405}",,day_end,redacted_daily_window,,,,,1405,1405,20,0,literal_banned_terms_redacted,action_trace_daily_rollup
daily_rest_matrix,runs/next_build/20260509/strict_pref,20260509_reference,af4b17af9fc7,30,,,daily_rest_observation,"{""wait_minutes"":769}",,day_end,redacted_daily_window,,,,,520,769,20,0,literal_banned_terms_redacted,action_trace_daily_rollup
daily_rest_matrix,runs/next_build/20260509/strict_pref,20260509_reference,b8424551b996,0,,,daily_rest_observation,"{""wait_minutes"":690}",,day_end,redacted_daily_window,,,,,540,690,0,0,literal_banned_terms_redacted,action_trace_daily_rollup
daily_rest_matrix,runs/next_build/20260509/strict_pref,20260509_reference,b8424551b996,1,,,daily_rest_observation,"{""wait_minutes"":708}",,day_end,redacted_daily_window,,,,,408,708,10,0,literal_banned_terms_redacted,action_trace_daily_rollup
daily_rest_matrix,runs/next_build/20260509/strict_pref,20260509_reference,b8424551b996,2,,,daily_rest_observation,"{""wait_minutes"":661}",,day_end,redacted_daily_window,,,,,511,661,10,0,literal_banned_terms_redacted,action_trace_daily_rollup
daily_rest_matrix,runs/next_build/20260509/strict_pref,20260509_reference,b8424551b996,3,,,daily_rest_observation,"{""wait_minutes"":584}",,day_end,redacted_daily_window,,,,,434,584,10,0,literal_banned_terms_redacted,action_trace_daily_rollup
daily_rest_matrix,runs/next_build/20260509/strict_pref,20260509_reference,b8424551b996,4,,,daily_rest_observation,"{""wait_minutes"":599}",,day_end,redacted_daily_window,,,,,449,599,10,0,literal_banned_terms_redacted,action_trace_daily_rollup
daily_rest_matrix,runs/next_build/20260509/strict_pref,20260509_reference,b8424551b996,5,,,daily_rest_observation,"{""wait_minutes"":991}",,day_end,redacted_daily_window,,,,,540,991,10,0,literal_banned_terms_redacted,action_trace_daily_rollup
daily_rest_matrix,runs/next_build/20260509/strict_pref,20260509_reference,b8424551b996,6,,,daily_rest_observation,"{""wait_minutes"":150}",,day_end,redacted_daily_window,,,,,150,150,0,0,literal_banned_terms_redacted,action_trace_daily_rollup
daily_rest_matrix,runs/next_build/20260509/strict_pref,20260509_reference,b8424551b996,7,,,daily_rest_observation,"{""wait_minutes"":538}",,day_end,redacted_daily_window,,,,,388,538,10,0,literal_banned_terms_redacted,action_trace_daily_rollup
daily_rest_matrix,runs/next_build/20260509/strict_pref,20260509_reference,b8424551b996,8,,,daily_rest_observation,"{""wait_minutes"":691}",,day_end,redacted_daily_window,,,,,391,691,10,0,literal_banned_terms_redacted,action_trace_daily_rollup
daily_rest_matrix,runs/next_build/20260509/strict_pref,20260509_reference,b8424551b996,9,,,daily_rest_observation,"{""wait_minutes"":533}",,day_end,redacted_daily_window,,,,,383,533,10,0,literal_banned_terms_redacted,action_trace_daily_rollup
daily_rest_matrix,runs/next_build/20260509/strict_pref,20260509_reference,b8424551b996,10,,,daily_rest_observation,"{""wait_minutes"":788}",,day_end,redacted_daily_window,,,,,488,788,10,0,literal_banned_terms_redacted,action_trace_daily_rollup
daily_rest_matrix,runs/next_build/20260509/strict_pref,20260509_reference,b8424551b996,11,,,daily_rest_observation,"{""wait_minutes"":615}",,day_end,redacted_daily_window,,,,,465,615,10,0,literal_banned_terms_redacted,action_trace_daily_rollup
daily_rest_matrix,runs/next_build/20260509/strict_pref,20260509_reference,b8424551b996,12,,,daily_rest_observation,"{""wait_minutes"":557}",,day_end,redacted_daily_window,,,,,407,557,10,0,literal_banned_terms_redacted,action_trace_daily_rollup
daily_rest_matrix,runs/next_build/20260509/strict_pref,20260509_reference,b8424551b996,13,,,daily_rest_observation,"{""wait_minutes"":844}",,day_end,redacted_daily_window,,,,,450,844,10,0,literal_banned_terms_redacted,action_trace_daily_rollup
daily_rest_matrix,runs/next_build/20260509/strict_pref,20260509_reference,b8424551b996,14,,,daily_rest_observation,"{""wait_minutes"":1304}",,day_end,redacted_daily_window,,,,,1304,1304,20,0,literal_banned_terms_redacted,action_trace_daily_rollup
daily_rest_matrix,runs/next_build/20260509/strict_pref,20260509_reference,b8424551b996,15,,,daily_rest_observation,"{""wait_minutes"":970}",,day_end,redacted_daily_window,,,,,520,970,20,0,literal_banned_terms_redacted,action_trace_daily_rollup
daily_rest_matrix,runs/next_build/20260509/strict_pref,20260509_reference,b8424551b996,16,,,daily_rest_observation,"{""wait_minutes"":706}",,day_end,redacted_daily_window,,,,,406,706,20,0,literal_banned_terms_redacted,action_trace_daily_rollup
daily_rest_matrix,runs/next_build/20260509/strict_pref,20260509_reference,b8424551b996,17,,,daily_rest_observation,"{""wait_minutes"":769}",,day_end,redacted_daily_window,,,,,469,769,10,0,literal_banned_terms_redacted,action_trace_daily_rollup
daily_rest_matrix,runs/next_build/20260509/strict_pref,20260509_reference,b8424551b996,18,,,daily_rest_observation,"{""wait_minutes"":720}",,day_end,redacted_daily_window,,,,,420,720,10,0,literal_banned_terms_redacted,action_trace_daily_rollup
daily_rest_matrix,runs/next_build/20260509/strict_pref,20260509_reference,b8424551b996,19,,,daily_rest_observation,"{""wait_minutes"":844}",,day_end,redacted_daily_window,,,,,450,844,10,0,literal_banned_terms_redacted,action_trace_daily_rollup
daily_rest_matrix,runs/next_build/20260509/strict_pref,20260509_reference,b8424551b996,20,,,daily_rest_observation,"{""wait_minutes"":1246}",,day_end,redacted_daily_window,,,,,838,1246,20,0,literal_banned_terms_redacted,action_trace_daily_rollup
daily_rest_matrix,runs/next_build/20260509/strict_pref,20260509_reference,b8424551b996,21,,,daily_rest_observation,"{""wait_minutes"":838}",,day_end,redacted_daily_window,,,,,838,838,0,0,literal_banned_terms_redacted,action_trace_daily_rollup
daily_rest_matrix,runs/next_build/20260509/strict_pref,20260509_reference,b8424551b996,22,,,daily_rest_observation,"{""wait_minutes"":150}",,day_end,redacted_daily_window,,,,,150,150,0,0,literal_banned_terms_redacted,action_trace_daily_rollup
daily_rest_matrix,runs/next_build/20260509/strict_pref,20260509_reference,b8424551b996,23,,,daily_rest_observation,"{""wait_minutes"":410}",,day_end,redacted_daily_window,,,,,410,410,10,0,literal_banned_terms_redacted,action_trace_daily_rollup
daily_rest_matrix,runs/next_build/20260509/strict_pref,20260509_reference,b8424551b996,24,,,daily_rest_observation,"{""wait_minutes"":830}",,day_end,redacted_daily_window,,,,,530,830,10,0,literal_banned_terms_redacted,action_trace_daily_rollup
daily_rest_matrix,runs/next_build/20260509/strict_pref,20260509_reference,b8424551b996,25,,,daily_rest_observation,"{""wait_minutes"":593}",,day_end,redacted_daily_window,,,,,443,593,10,0,literal_banned_terms_redacted,action_trace_daily_rollup
daily_rest_matrix,runs/next_build/20260509/strict_pref,20260509_reference,b8424551b996,26,,,daily_rest_observation,"{""wait_minutes"":997}",,day_end,redacted_daily_window,,,,,532,997,10,0,literal_banned_terms_redacted,action_trace_daily_rollup
daily_rest_matrix,runs/next_build/20260509/strict_pref,20260509_reference,b8424551b996,27,,,daily_rest_observation,"{""wait_minutes"":150}",,day_end,redacted_daily_window,,,,,150,150,0,0,literal_banned_terms_redacted,action_trace_daily_rollup
daily_rest_matrix,runs/next_build/20260509/strict_pref,20260509_reference,b8424551b996,28,,,daily_rest_observation,"{""wait_minutes"":515}",,day_end,redacted_daily_window,,,,,385,515,10,0,literal_banned_terms_redacted,action_trace_daily_rollup
daily_rest_matrix,runs/next_build/20260509/strict_pref,20260509_reference,b8424551b996,29,,,daily_rest_observation,"{""wait_minutes"":1415}",,day_end,redacted_daily_window,,,,,1415,1415,20,0,literal_banned_terms_redacted,action_trace_daily_rollup
daily_rest_matrix,runs/next_build/20260509/strict_pref,20260509_reference,b8424551b996,30,,,daily_rest_observation,"{""wait_minutes"":769}",,day_end,redacted_daily_window,,,,,520,769,20,0,literal_banned_terms_redacted,action_trace_daily_rollup
daily_rest_matrix,runs/next_build/20260509/strict_pref,20260509_reference,d1b26936cffa,0,,,daily_rest_observation,"{""wait_minutes"":840}",,day_end,redacted_daily_window,,,,,540,840,0,0,literal_banned_terms_redacted,action_trace_daily_rollup
daily_rest_matrix,runs/next_build/20260509/strict_pref,20260509_reference,d1b26936cffa,1,,,daily_rest_observation,"{""wait_minutes"":915}",,day_end,redacted_daily_window,,,,,465,915,10,0,literal_banned_terms_redacted,action_trace_daily_rollup
daily_rest_matrix,runs/next_build/20260509/strict_pref,20260509_reference,d1b26936cffa,2,,,daily_rest_observation,"{""wait_minutes"":691}",,day_end,redacted_daily_window,,,,,391,691,20,0,literal_banned_terms_redacted,action_trace_daily_rollup
daily_rest_matrix,runs/next_build/20260509/strict_pref,20260509_reference,d1b26936cffa,3,,,daily_rest_observation,"{""wait_minutes"":668}",,day_end,redacted_daily_window,,,,,518,668,10,0,literal_banned_terms_redacted,action_trace_daily_rollup
daily_rest_matrix,runs/next_build/20260509/strict_pref,20260509_reference,d1b26936cffa,4,,,daily_rest_observation,"{""wait_minutes"":754}",,day_end,redacted_daily_window,,,,,454,754,10,0,literal_banned_terms_redacted,action_trace_daily_rollup
daily_rest_matrix,runs/next_build/20260509/strict_pref,20260509_reference,d1b26936cffa,5,,,daily_rest_observation,"{""wait_minutes"":592}",,day_end,redacted_daily_window,,,,,442,592,10,0,literal_banned_terms_redacted,action_trace_daily_rollup
daily_rest_matrix,runs/next_build/20260509/strict_pref,20260509_reference,d1b26936cffa,6,,,daily_rest_observation,"{""wait_minutes"":638}",,day_end,redacted_daily_window,,,,,488,638,10,0,literal_banned_terms_redacted,action_trace_daily_rollup
daily_rest_matrix,runs/next_build/20260509/strict_pref,20260509_reference,d1b26936cffa,7,,,daily_rest_observation,"{""wait_minutes"":1264}",,day_end,redacted_daily_window,,,,,839,1264,10,0,literal_banned_terms_redacted,action_trace_daily_rollup
daily_rest_matrix,runs/next_build/20260509/strict_pref,20260509_reference,d1b26936cffa,8,,,daily_rest_observation,"{""wait_minutes"":300}",,day_end,redacted_daily_window,,,,,300,300,0,0,literal_banned_terms_redacted,action_trace_daily_rollup
daily_rest_matrix,runs/next_build/20260509/strict_pref,20260509_reference,d1b26936cffa,9,,,daily_rest_observation,"{""wait_minutes"":729}",,day_end,redacted_daily_window,,,,,429,729,10,0,literal_banned_terms_redacted,action_trace_daily_rollup
daily_rest_matrix,runs/next_build/20260509/strict_pref,20260509_reference,d1b26936cffa,10,,,daily_rest_observation,"{""wait_minutes"":827}",,day_end,redacted_daily_window,,,,,527,827,10,0,literal_banned_terms_redacted,action_trace_daily_rollup
daily_rest_matrix,runs/next_build/20260509/strict_pref,20260509_reference,d1b26936cffa,11,,,daily_rest_observation,"{""wait_minutes"":604}",,day_end,redacted_daily_window,,,,,454,604,10,0,literal_banned_terms_redacted,action_trace_daily_rollup
daily_rest_matrix,runs/next_build/20260509/strict_pref,20260509_reference,d1b26936cffa,12,,,daily_rest_observation,"{""wait_minutes"":536}",,day_end,redacted_daily_window,,,,,386,536,10,0,literal_banned_terms_redacted,action_trace_daily_rollup
daily_rest_matrix,runs/next_build/20260509/strict_pref,20260509_reference,d1b26936cffa,13,,,daily_rest_observation,"{""wait_minutes"":739}",,day_end,redacted_daily_window,,,,,439,739,10,0,literal_banned_terms_redacted,action_trace_daily_rollup
daily_rest_matrix,runs/next_build/20260509/strict_pref,20260509_reference,d1b26936cffa,14,,,daily_rest_observation,"{""wait_minutes"":1292}",,day_end,redacted_daily_window,,,,,1292,1292,10,0,literal_banned_terms_redacted,action_trace_daily_rollup
daily_rest_matrix,runs/next_build/20260509/strict_pref,20260509_reference,d1b26936cffa,15,,,daily_rest_observation,"{""wait_minutes"":670}",,day_end,redacted_daily_window,,,,,520,670,20,0,literal_banned_terms_redacted,action_trace_daily_rollup
daily_rest_matrix,runs/next_build/20260509/strict_pref,20260509_reference,d1b26936cffa,16,,,daily_rest_observation,"{""wait_minutes"":683}",,day_end,redacted_daily_window,,,,,383,683,10,0,literal_banned_terms_redacted,action_trace_daily_rollup
daily_rest_matrix,runs/next_build/20260509/strict_pref,20260509_reference,d1b26936cffa,17,,,daily_rest_observation,"{""wait_minutes"":769}",,day_end,redacted_daily_window,,,,,469,769,10,0,literal_banned_terms_redacted,action_trace_daily_rollup
daily_rest_matrix,runs/next_build/20260509/strict_pref,20260509_reference,d1b26936cffa,18,,,daily_rest_observation,"{""wait_minutes"":720}",,day_end,redacted_daily_window,,,,,420,720,10,0,literal_banned_terms_redacted,action_trace_daily_rollup
daily_rest_matrix,runs/next_build/20260509/strict_pref,20260509_reference,d1b26936cffa,19,,,daily_rest_observation,"{""wait_minutes"":844}",,day_end,redacted_daily_window,,,,,450,844,10,0,literal_banned_terms_redacted,action_trace_daily_rollup
daily_rest_matrix,runs/next_build/20260509/strict_pref,20260509_reference,d1b26936cffa,20,,,daily_rest_observation,"{""wait_minutes"":1246}",,day_end,redacted_daily_window,,,,,838,1246,20,0,literal_banned_terms_redacted,action_trace_daily_rollup
daily_rest_matrix,runs/next_build/20260509/strict_pref,20260509_reference,d1b26936cffa,21,,,daily_rest_observation,"{""wait_minutes"":838}",,day_end,redacted_daily_window,,,,,838,838,0,0,literal_banned_terms_redacted,action_trace_daily_rollup
daily_rest_matrix,runs/next_build/20260509/strict_pref,20260509_reference,d1b26936cffa,22,,,daily_rest_observation,"{""wait_minutes"":150}",,day_end,redacted_daily_window,,,,,150,150,0,0,literal_banned_terms_redacted,action_trace_daily_rollup
daily_rest_matrix,runs/next_build/20260509/strict_pref,20260509_reference,d1b26936cffa,23,,,daily_rest_observation,"{""wait_minutes"":410}",,day_end,redacted_daily_window,,,,,410,410,10,0,literal_banned_terms_redacted,action_trace_daily_rollup
daily_rest_matrix,runs/next_build/20260509/strict_pref,20260509_reference,d1b26936cffa,24,,,daily_rest_observation,"{""wait_minutes"":830}",,day_end,redacted_daily_window,,,,,530,830,10,0,literal_banned_terms_redacted,action_trace_daily_rollup
daily_rest_matrix,runs/next_build/20260509/strict_pref,20260509_reference,d1b26936cffa,25,,,daily_rest_observation,"{""wait_minutes"":593}",,day_end,redacted_daily_window,,,,,443,593,10,0,literal_banned_terms_redacted,action_trace_daily_rollup
daily_rest_matrix,runs/next_build/20260509/strict_pref,20260509_reference,d1b26936cffa,26,,,daily_rest_observation,"{""wait_minutes"":997}",,day_end,redacted_daily_window,,,,,532,997,10,0,literal_banned_terms_redacted,action_trace_daily_rollup
daily_rest_matrix,runs/next_build/20260509/strict_pref,20260509_reference,d1b26936cffa,27,,,daily_rest_observation,"{""wait_minutes"":150}",,day_end,redacted_daily_window,,,,,150,150,0,0,literal_banned_terms_redacted,action_trace_daily_rollup
daily_rest_matrix,runs/next_build/20260509/strict_pref,20260509_reference,d1b26936cffa,28,,,daily_rest_observation,"{""wait_minutes"":505}",,day_end,redacted_daily_window,,,,,385,505,10,0,literal_banned_terms_redacted,action_trace_daily_rollup
daily_rest_matrix,runs/next_build/20260509/strict_pref,20260509_reference,d1b26936cffa,29,,,daily_rest_observation,"{""wait_minutes"":1405}",,day_end,redacted_daily_window,,,,,1405,1405,20,0,literal_banned_terms_redacted,action_trace_daily_rollup
daily_rest_matrix,runs/next_build/20260509/strict_pref,20260509_reference,d1b26936cffa,30,,,daily_rest_observation,"{""wait_minutes"":769}",,day_end,redacted_daily_window,,,,,520,769,20,0,literal_banned_terms_redacted,action_trace_daily_rollup
daily_rest_matrix,runs/next_build/20260509/strict_pref,20260509_reference,e7a52d984e7e,0,,,daily_rest_observation,"{""wait_minutes"":690}",,day_end,redacted_daily_window,,,,,540,690,0,0,literal_banned_terms_redacted,action_trace_daily_rollup
daily_rest_matrix,runs/next_build/20260509/strict_pref,20260509_reference,e7a52d984e7e,1,,,daily_rest_observation,"{""wait_minutes"":781}",,day_end,redacted_daily_window,,,,,481,781,10,0,literal_banned_terms_redacted,action_trace_daily_rollup
daily_rest_matrix,runs/next_build/20260509/strict_pref,20260509_reference,e7a52d984e7e,2,,,daily_rest_observation,"{""wait_minutes"":716}",,day_end,redacted_daily_window,,,,,416,716,10,0,literal_banned_terms_redacted,action_trace_daily_rollup
daily_rest_matrix,runs/next_build/20260509/strict_pref,20260509_reference,e7a52d984e7e,3,,,daily_rest_observation,"{""wait_minutes"":744}",,day_end,redacted_daily_window,,,,,444,744,10,0,literal_banned_terms_redacted,action_trace_daily_rollup
daily_rest_matrix,runs/next_build/20260509/strict_pref,20260509_reference,e7a52d984e7e,4,,,daily_rest_observation,"{""wait_minutes"":639}",,day_end,redacted_daily_window,,,,,489,639,10,0,literal_banned_terms_redacted,action_trace_daily_rollup
daily_rest_matrix,runs/next_build/20260509/strict_pref,20260509_reference,e7a52d984e7e,5,,,daily_rest_observation,"{""wait_minutes"":674}",,day_end,redacted_daily_window,,,,,524,674,10,0,literal_banned_terms_redacted,action_trace_daily_rollup
daily_rest_matrix,runs/next_build/20260509/strict_pref,20260509_reference,e7a52d984e7e,6,,,daily_rest_observation,"{""wait_minutes"":547}",,day_end,redacted_daily_window,,,,,397,547,10,0,literal_banned_terms_redacted,action_trace_daily_rollup
daily_rest_matrix,runs/next_build/20260509/strict_pref,20260509_reference,e7a52d984e7e,7,,,daily_rest_observation,"{""wait_minutes"":809}",,day_end,redacted_daily_window,,,,,509,809,10,0,literal_banned_terms_redacted,action_trace_daily_rollup
daily_rest_matrix,runs/next_build/20260509/strict_pref,20260509_reference,e7a52d984e7e,8,,,daily_rest_observation,"{""wait_minutes"":773}",,day_end,redacted_daily_window,,,,,473,773,10,0,literal_banned_terms_redacted,action_trace_daily_rollup
daily_rest_matrix,runs/next_build/20260509/strict_pref,20260509_reference,e7a52d984e7e,9,,,daily_rest_observation,"{""wait_minutes"":797}",,day_end,redacted_daily_window,,,,,497,797,10,0,literal_banned_terms_redacted,action_trace_daily_rollup
daily_rest_matrix,runs/next_build/20260509/strict_pref,20260509_reference,e7a52d984e7e,10,,,daily_rest_observation,"{""wait_minutes"":652}",,day_end,redacted_daily_window,,,,,502,652,10,0,literal_banned_terms_redacted,action_trace_daily_rollup
daily_rest_matrix,runs/next_build/20260509/strict_pref,20260509_reference,e7a52d984e7e,11,,,daily_rest_observation,"{""wait_minutes"":684}",,day_end,redacted_daily_window,,,,,384,684,10,0,literal_banned_terms_redacted,action_trace_daily_rollup
daily_rest_matrix,runs/next_build/20260509/strict_pref,20260509_reference,e7a52d984e7e,12,,,daily_rest_observation,"{""wait_minutes"":702}",,day_end,redacted_daily_window,,,,,402,702,10,0,literal_banned_terms_redacted,action_trace_daily_rollup
daily_rest_matrix,runs/next_build/20260509/strict_pref,20260509_reference,e7a52d984e7e,13,,,daily_rest_observation,"{""wait_minutes"":747}",,day_end,redacted_daily_window,,,,,447,747,10,0,literal_banned_terms_redacted,action_trace_daily_rollup
daily_rest_matrix,runs/next_build/20260509/strict_pref,20260509_reference,e7a52d984e7e,14,,,daily_rest_observation,"{""wait_minutes"":1369}",,day_end,redacted_daily_window,,,,,1369,1369,10,0,literal_banned_terms_redacted,action_trace_daily_rollup
daily_rest_matrix,runs/next_build/20260509/strict_pref,20260509_reference,e7a52d984e7e,15,,,daily_rest_observation,"{""wait_minutes"":670}",,day_end,redacted_daily_window,,,,,520,670,20,0,literal_banned_terms_redacted,action_trace_daily_rollup
daily_rest_matrix,runs/next_build/20260509/strict_pref,20260509_reference,e7a52d984e7e,16,,,daily_rest_observation,"{""wait_minutes"":763}",,day_end,redacted_daily_window,,,,,463,763,10,0,literal_banned_terms_redacted,action_trace_daily_rollup
daily_rest_matrix,runs/next_build/20260509/strict_pref,20260509_reference,e7a52d984e7e,17,,,daily_rest_observation,"{""wait_minutes"":769}",,day_end,redacted_daily_window,,,,,469,769,10,0,literal_banned_terms_redacted,action_trace_daily_rollup
daily_rest_matrix,runs/next_build/20260509/strict_pref,20260509_reference,e7a52d984e7e,18,,,daily_rest_observation,"{""wait_minutes"":720}",,day_end,redacted_daily_window,,,,,420,720,10,0,literal_banned_terms_redacted,action_trace_daily_rollup
daily_rest_matrix,runs/next_build/20260509/strict_pref,20260509_reference,e7a52d984e7e,19,,,daily_rest_observation,"{""wait_minutes"":844}",,day_end,redacted_daily_window,,,,,450,844,10,0,literal_banned_terms_redacted,action_trace_daily_rollup
daily_rest_matrix,runs/next_build/20260509/strict_pref,20260509_reference,e7a52d984e7e,20,,,daily_rest_observation,"{""wait_minutes"":1246}",,day_end,redacted_daily_window,,,,,838,1246,20,0,literal_banned_terms_redacted,action_trace_daily_rollup
daily_rest_matrix,runs/next_build/20260509/strict_pref,20260509_reference,e7a52d984e7e,21,,,daily_rest_observation,"{""wait_minutes"":838}",,day_end,redacted_daily_window,,,,,838,838,0,0,literal_banned_terms_redacted,action_trace_daily_rollup
daily_rest_matrix,runs/next_build/20260509/strict_pref,20260509_reference,e7a52d984e7e,22,,,daily_rest_observation,"{""wait_minutes"":150}",,day_end,redacted_daily_window,,,,,150,150,0,0,literal_banned_terms_redacted,action_trace_daily_rollup
daily_rest_matrix,runs/next_build/20260509/strict_pref,20260509_reference,e7a52d984e7e,23,,,daily_rest_observation,"{""wait_minutes"":410}",,day_end,redacted_daily_window,,,,,410,410,10,0,literal_banned_terms_redacted,action_trace_daily_rollup
daily_rest_matrix,runs/next_build/20260509/strict_pref,20260509_reference,e7a52d984e7e,24,,,daily_rest_observation,"{""wait_minutes"":830}",,day_end,redacted_daily_window,,,,,530,830,10,0,literal_banned_terms_redacted,action_trace_daily_rollup
daily_rest_matrix,runs/next_build/20260509/strict_pref,20260509_reference,e7a52d984e7e,25,,,daily_rest_observation,"{""wait_minutes"":593}",,day_end,redacted_daily_window,,,,,443,593,10,0,literal_banned_terms_redacted,action_trace_daily_rollup
daily_rest_matrix,runs/next_build/20260509/strict_pref,20260509_reference,e7a52d984e7e,26,,,daily_rest_observation,"{""wait_minutes"":997}",,day_end,redacted_daily_window,,,,,532,997,10,0,literal_banned_terms_redacted,action_trace_daily_rollup
daily_rest_matrix,runs/next_build/20260509/strict_pref,20260509_reference,e7a52d984e7e,27,,,daily_rest_observation,"{""wait_minutes"":150}",,day_end,redacted_daily_window,,,,,150,150,0,0,literal_banned_terms_redacted,action_trace_daily_rollup
daily_rest_matrix,runs/next_build/20260509/strict_pref,20260509_reference,e7a52d984e7e,28,,,daily_rest_observation,"{""wait_minutes"":505}",,day_end,redacted_daily_window,,,,,385,505,10,0,literal_banned_terms_redacted,action_trace_daily_rollup
daily_rest_matrix,runs/next_build/20260509/strict_pref,20260509_reference,e7a52d984e7e,29,,,daily_rest_observation,"{""wait_minutes"":1405}",,day_end,redacted_daily_window,,,,,1405,1405,20,0,literal_banned_terms_redacted,action_trace_daily_rollup
daily_rest_matrix,runs/next_build/20260509/strict_pref,20260509_reference,e7a52d984e7e,30,,,daily_rest_observation,"{""wait_minutes"":769}",,day_end,redacted_daily_window,,,,,520,769,20,0,literal_banned_terms_redacted,action_trace_daily_rollup
daily_rest_matrix,runs/next_build/20260509/strict_pref,20260509_reference,f9abd903cb86,0,,,daily_rest_observation,"{""wait_minutes"":1072}",,day_end,redacted_daily_window,,,,,540,1072,0,0,literal_banned_terms_redacted,action_trace_daily_rollup
daily_rest_matrix,runs/next_build/20260509/strict_pref,20260509_reference,f9abd903cb86,1,,,daily_rest_observation,"{""wait_minutes"":300}",,day_end,redacted_daily_window,,,,,300,300,0,0,literal_banned_terms_redacted,action_trace_daily_rollup
daily_rest_matrix,runs/next_build/20260509/strict_pref,20260509_reference,f9abd903cb86,2,,,daily_rest_observation,"{""wait_minutes"":549}",,day_end,redacted_daily_window,,,,,399,549,10,0,literal_banned_terms_redacted,action_trace_daily_rollup
daily_rest_matrix,runs/next_build/20260509/strict_pref,20260509_reference,f9abd903cb86,3,,,daily_rest_observation,"{""wait_minutes"":620}",,day_end,redacted_daily_window,,,,,470,620,10,0,literal_banned_terms_redacted,action_trace_daily_rollup
daily_rest_matrix,runs/next_build/20260509/strict_pref,20260509_reference,f9abd903cb86,4,,,daily_rest_observation,"{""wait_minutes"":733}",,day_end,redacted_daily_window,,,,,433,733,10,0,literal_banned_terms_redacted,action_trace_daily_rollup
daily_rest_matrix,runs/next_build/20260509/strict_pref,20260509_reference,f9abd903cb86,5,,,daily_rest_observation,"{""wait_minutes"":711}",,day_end,redacted_daily_window,,,,,411,711,10,0,literal_banned_terms_redacted,action_trace_daily_rollup
daily_rest_matrix,runs/next_build/20260509/strict_pref,20260509_reference,f9abd903cb86,6,,,daily_rest_observation,"{""wait_minutes"":627}",,day_end,redacted_daily_window,,,,,477,627,10,0,literal_banned_terms_redacted,action_trace_daily_rollup
daily_rest_matrix,runs/next_build/20260509/strict_pref,20260509_reference,f9abd903cb86,7,,,daily_rest_observation,"{""wait_minutes"":664}",,day_end,redacted_daily_window,,,,,514,664,10,0,literal_banned_terms_redacted,action_trace_daily_rollup
daily_rest_matrix,runs/next_build/20260509/strict_pref,20260509_reference,f9abd903cb86,8,,,daily_rest_observation,"{""wait_minutes"":595}",,day_end,redacted_daily_window,,,,,445,595,10,0,literal_banned_terms_redacted,action_trace_daily_rollup
daily_rest_matrix,runs/next_build/20260509/strict_pref,20260509_reference,f9abd903cb86,9,,,daily_rest_observation,"{""wait_minutes"":715}",,day_end,redacted_daily_window,,,,,415,715,10,0,literal_banned_terms_redacted,action_trace_daily_rollup
daily_rest_matrix,runs/next_build/20260509/strict_pref,20260509_reference,f9abd903cb86,10,,,daily_rest_observation,"{""wait_minutes"":614}",,day_end,redacted_daily_window,,,,,464,614,10,0,literal_banned_terms_redacted,action_trace_daily_rollup
daily_rest_matrix,runs/next_build/20260509/strict_pref,20260509_reference,f9abd903cb86,11,,,daily_rest_observation,"{""wait_minutes"":1067}",,day_end,redacted_daily_window,,,,,681,1067,10,0,literal_banned_terms_redacted,action_trace_daily_rollup
daily_rest_matrix,runs/next_build/20260509/strict_pref,20260509_reference,f9abd903cb86,12,,,daily_rest_observation,"{""wait_minutes"":450}",,day_end,redacted_daily_window,,,,,450,450,0,0,literal_banned_terms_redacted,action_trace_daily_rollup
daily_rest_matrix,runs/next_build/20260509/strict_pref,20260509_reference,f9abd903cb86,13,,,daily_rest_observation,"{""wait_minutes"":1824}",,day_end,redacted_daily_window,,,,,1434,1824,20,0,literal_banned_terms_redacted,action_trace_daily_rollup
daily_rest_matrix,runs/next_build/20260509/strict_pref,20260509_reference,f9abd903cb86,15,,,daily_rest_observation,"{""wait_minutes"":980}",,day_end,redacted_daily_window,,,,,530,980,10,0,literal_banned_terms_redacted,action_trace_daily_rollup
daily_rest_matrix,runs/next_build/20260509/strict_pref,20260509_reference,f9abd903cb86,16,,,daily_rest_observation,"{""wait_minutes"":732}",,day_end,redacted_daily_window,,,,,432,732,20,0,literal_banned_terms_redacted,action_trace_daily_rollup
daily_rest_matrix,runs/next_build/20260509/strict_pref,20260509_reference,f9abd903cb86,17,,,daily_rest_observation,"{""wait_minutes"":769}",,day_end,redacted_daily_window,,,,,469,769,10,0,literal_banned_terms_redacted,action_trace_daily_rollup
daily_rest_matrix,runs/next_build/20260509/strict_pref,20260509_reference,f9abd903cb86,18,,,daily_rest_observation,"{""wait_minutes"":720}",,day_end,redacted_daily_window,,,,,420,720,10,0,literal_banned_terms_redacted,action_trace_daily_rollup
daily_rest_matrix,runs/next_build/20260509/strict_pref,20260509_reference,f9abd903cb86,19,,,daily_rest_observation,"{""wait_minutes"":844}",,day_end,redacted_daily_window,,,,,450,844,10,0,literal_banned_terms_redacted,action_trace_daily_rollup
daily_rest_matrix,runs/next_build/20260509/strict_pref,20260509_reference,f9abd903cb86,20,,,daily_rest_observation,"{""wait_minutes"":1246}",,day_end,redacted_daily_window,,,,,838,1246,20,0,literal_banned_terms_redacted,action_trace_daily_rollup
daily_rest_matrix,runs/next_build/20260509/strict_pref,20260509_reference,f9abd903cb86,21,,,daily_rest_observation,"{""wait_minutes"":838}",,day_end,redacted_daily_window,,,,,838,838,0,0,literal_banned_terms_redacted,action_trace_daily_rollup
daily_rest_matrix,runs/next_build/20260509/strict_pref,20260509_reference,f9abd903cb86,22,,,daily_rest_observation,"{""wait_minutes"":150}",,day_end,redacted_daily_window,,,,,150,150,0,0,literal_banned_terms_redacted,action_trace_daily_rollup
daily_rest_matrix,runs/next_build/20260509/strict_pref,20260509_reference,f9abd903cb86,23,,,daily_rest_observation,"{""wait_minutes"":410}",,day_end,redacted_daily_window,,,,,410,410,10,0,literal_banned_terms_redacted,action_trace_daily_rollup
daily_rest_matrix,runs/next_build/20260509/strict_pref,20260509_reference,f9abd903cb86,24,,,daily_rest_observation,"{""wait_minutes"":830}",,day_end,redacted_daily_window,,,,,530,830,10,0,literal_banned_terms_redacted,action_trace_daily_rollup
daily_rest_matrix,runs/next_build/20260509/strict_pref,20260509_reference,f9abd903cb86,25,,,daily_rest_observation,"{""wait_minutes"":593}",,day_end,redacted_daily_window,,,,,443,593,10,0,literal_banned_terms_redacted,action_trace_daily_rollup
daily_rest_matrix,runs/next_build/20260509/strict_pref,20260509_reference,f9abd903cb86,26,,,daily_rest_observation,"{""wait_minutes"":997}",,day_end,redacted_daily_window,,,,,532,997,10,0,literal_banned_terms_redacted,action_trace_daily_rollup
daily_rest_matrix,runs/next_build/20260509/strict_pref,20260509_reference,f9abd903cb86,27,,,daily_rest_observation,"{""wait_minutes"":150}",,day_end,redacted_daily_window,,,,,150,150,0,0,literal_banned_terms_redacted,action_trace_daily_rollup
daily_rest_matrix,runs/next_build/20260509/strict_pref,20260509_reference,f9abd903cb86,28,,,daily_rest_observation,"{""wait_minutes"":505}",,day_end,redacted_daily_window,,,,,385,505,10,0,literal_banned_terms_redacted,action_trace_daily_rollup
daily_rest_matrix,runs/next_build/20260509/strict_pref,20260509_reference,f9abd903cb86,29,,,daily_rest_observation,"{""wait_minutes"":1405}",,day_end,redacted_daily_window,,,,,1405,1405,20,0,literal_banned_terms_redacted,action_trace_daily_rollup
daily_rest_matrix,runs/next_build/20260509/strict_pref,20260509_reference,f9abd903cb86,30,,,daily_rest_observation,"{""wait_minutes"":769}",,day_end,redacted_daily_window,,,,,520,769,20,0,literal_banned_terms_redacted,action_trace_daily_rollup
preference_rule,runs/next_build/20260529/calendar_rest_only,20260529_main,e7a52d984e7e,,0,2ca79f7bf774,violation_count,"{""violations"":0}",0.0,generic_month_or_rule_deadline,redacted_generic_window,0.0,0.0,0.0,0,,,,,literal_banned_terms_redacted,official_checker_rule_row
preference_rule,runs/next_build/20260529/calendar_rest_only,20260529_main,e7a52d984e7e,,1,d60ea9b0f447,violation_count,"{""violations"":1}",2100.0,generic_month_or_rule_deadline,redacted_generic_window,2100.0,2100.0,2100.0,1,,,,,literal_banned_terms_redacted,official_checker_rule_row
preference_rule,runs/next_build/20260529/calendar_rest_only,20260529_main,e7a52d984e7e,,2,2264777caec8,violation_count,"{""violations"":9}",7200.0,generic_month_or_rule_deadline,redacted_generic_window,800.0,7200.0,7200.0,1,,,,,literal_banned_terms_redacted,official_checker_rule_row
preference_rule,runs/next_build/20260529/calendar_rest_only,20260529_main,e7a52d984e7e,,3,ef4c0ae89fae,full_rest_day,"{""off_days"":2}",10000.0,generic_month_or_rule_deadline,redacted_generic_window,10000.0,10000.0,10000.0,1,,,,,literal_banned_terms_redacted,official_checker_rule_row
preference_rule,runs/next_build/20260529/calendar_rest_only,20260529_main,e7a52d984e7e,,4,35c1f2337cb9,violation_count,"{""violations"":0}",0.0,generic_month_or_rule_deadline,redacted_generic_window,0.0,0.0,0.0,0,,,,,literal_banned_terms_redacted,official_checker_rule_row
preference_rule,runs/next_build/20260529/calendar_rest_only,20260529_main,3e0e35341231,,0,dbf0db692546,violation_count,"{""violations"":0}",0.0,generic_month_or_rule_deadline,redacted_generic_window,0.0,0.0,0.0,0,,,,,literal_banned_terms_redacted,official_checker_rule_row
preference_rule,runs/next_build/20260529/calendar_rest_only,20260529_main,3e0e35341231,,1,f8464cfeabf2,violation_count,"{""violations"":2}",6800.0,generic_month_or_rule_deadline,redacted_generic_window,3400.0,6800.0,6800.0,1,,,,,literal_banned_terms_redacted,official_checker_rule_row
preference_rule,runs/next_build/20260529/calendar_rest_only,20260529_main,3e0e35341231,,2,5ed53dd187c2,quota_day,"{""order_days"":0}",6000.0,generic_month_or_rule_deadline,redacted_generic_window,6000.0,6000.0,6000.0,0,,,,,literal_banned_terms_redacted,official_checker_rule_row
preference_rule,runs/next_build/20260529/calendar_rest_only,20260529_main,3e0e35341231,,3,a2a62faab8ff,violation_count,"{""violations"":2}",240.0,generic_month_or_rule_deadline,redacted_generic_window,120.0,240.0,240.0,1,,,,,literal_banned_terms_redacted,official_checker_rule_row
preference_rule,runs/next_build/20260529/calendar_rest_only,20260529_main,3e0e35341231,,4,cbd7cf562029,full_rest_day,"{""off_days"":2}",0.0,generic_month_or_rule_deadline,redacted_generic_window,0.0,0.0,0.0,0,,,,,literal_banned_terms_redacted,official_checker_rule_row
preference_rule,runs/next_build/20260529/calendar_rest_only,20260529_main,3e0e35341231,,5,46c66114b3c4,appointment_wait,"{""satisfied"":false,""waited_minutes"":0}",5000.0,generic_month_or_rule_deadline,redacted_generic_window,5000.0,5000.0,5000.0,1,,,,,literal_banned_terms_redacted,official_checker_rule_row
preference_rule,runs/next_build/20260529/calendar_rest_only,20260529_main,3e0e35341231,,6,e134c6265717,date_specific,"{""satisfied"":false}",5000.0,generic_month_or_rule_deadline,redacted_generic_window,5000.0,5000.0,5000.0,1,,,,,literal_banned_terms_redacted,official_checker_rule_row
daily_rest_matrix,runs/next_build/20260529/calendar_rest_only,20260529_main,3e0e35341231,0,,,daily_rest_observation,"{""wait_minutes"":840}",,day_end,redacted_daily_window,,,,,540,840,0,1,literal_banned_terms_redacted,action_trace_daily_rollup
daily_rest_matrix,runs/next_build/20260529/calendar_rest_only,20260529_main,3e0e35341231,1,,,daily_rest_observation,"{""wait_minutes"":737}",,day_end,redacted_daily_window,,,,,437,737,0,1,literal_banned_terms_redacted,action_trace_daily_rollup
daily_rest_matrix,runs/next_build/20260529/calendar_rest_only,20260529_main,3e0e35341231,2,,,daily_rest_observation,"{""wait_minutes"":577}",,day_end,redacted_daily_window,,,,,427,577,0,1,literal_banned_terms_redacted,action_trace_daily_rollup
daily_rest_matrix,runs/next_build/20260529/calendar_rest_only,20260529_main,3e0e35341231,3,,,daily_rest_observation,"{""wait_minutes"":871}",,day_end,redacted_daily_window,,,,,450,871,0,1,literal_banned_terms_redacted,action_trace_daily_rollup
daily_rest_matrix,runs/next_build/20260529/calendar_rest_only,20260529_main,3e0e35341231,4,,,daily_rest_observation,"{""wait_minutes"":708}",,day_end,redacted_daily_window,,,,,408,708,0,1,literal_banned_terms_redacted,action_trace_daily_rollup
daily_rest_matrix,runs/next_build/20260529/calendar_rest_only,20260529_main,3e0e35341231,5,,,daily_rest_observation,"{""wait_minutes"":578}",,day_end,redacted_daily_window,,,,,428,578,0,1,literal_banned_terms_redacted,action_trace_daily_rollup
daily_rest_matrix,runs/next_build/20260529/calendar_rest_only,20260529_main,3e0e35341231,6,,,daily_rest_observation,"{""wait_minutes"":769}",,day_end,redacted_daily_window,,,,,469,769,0,1,literal_banned_terms_redacted,action_trace_daily_rollup
daily_rest_matrix,runs/next_build/20260529/calendar_rest_only,20260529_main,3e0e35341231,7,,,daily_rest_observation,"{""wait_minutes"":452}",,day_end,redacted_daily_window,,,,,452,452,0,1,literal_banned_terms_redacted,action_trace_daily_rollup
daily_rest_matrix,runs/next_build/20260529/calendar_rest_only,20260529_main,3e0e35341231,8,,,daily_rest_observation,"{""wait_minutes"":1077}",,day_end,redacted_daily_window,,,,,540,1077,0,1,literal_banned_terms_redacted,action_trace_daily_rollup
daily_rest_matrix,runs/next_build/20260529/calendar_rest_only,20260529_main,3e0e35341231,9,,,daily_rest_observation,"{""wait_minutes"":150}",,day_end,redacted_daily_window,,,,,150,150,0,0,literal_banned_terms_redacted,action_trace_daily_rollup
daily_rest_matrix,runs/next_build/20260529/calendar_rest_only,20260529_main,3e0e35341231,10,,,daily_rest_observation,"{""wait_minutes"":815}",,day_end,redacted_daily_window,,,,,515,815,0,1,literal_banned_terms_redacted,action_trace_daily_rollup
daily_rest_matrix,runs/next_build/20260529/calendar_rest_only,20260529_main,3e0e35341231,11,,,daily_rest_observation,"{""wait_minutes"":811}",,day_end,redacted_daily_window,,,,,511,811,0,1,literal_banned_terms_redacted,action_trace_daily_rollup
daily_rest_matrix,runs/next_build/20260529/calendar_rest_only,20260529_main,3e0e35341231,12,,,daily_rest_observation,"{""wait_minutes"":718}",,day_end,redacted_daily_window,,,,,418,718,0,1,literal_banned_terms_redacted,action_trace_daily_rollup
daily_rest_matrix,runs/next_build/20260529/calendar_rest_only,20260529_main,3e0e35341231,13,,,daily_rest_observation,"{""wait_minutes"":760}",,day_end,redacted_daily_window,,,,,460,760,0,1,literal_banned_terms_redacted,action_trace_daily_rollup
daily_rest_matrix,runs/next_build/20260529/calendar_rest_only,20260529_main,3e0e35341231,14,,,daily_rest_observation,"{""wait_minutes"":1379}",,day_end,redacted_daily_window,,,,,1379,1379,0,1,literal_banned_terms_redacted,action_trace_daily_rollup
daily_rest_matrix,runs/next_build/20260529/calendar_rest_only,20260529_main,3e0e35341231,15,,,daily_rest_observation,"{""wait_minutes"":690}",,day_end,redacted_daily_window,,,,,540,690,0,1,literal_banned_terms_redacted,action_trace_daily_rollup
daily_rest_matrix,runs/next_build/20260529/calendar_rest_only,20260529_main,3e0e35341231,16,,,daily_rest_observation,"{""wait_minutes"":580}",,day_end,redacted_daily_window,,,,,430,580,0,1,literal_banned_terms_redacted,action_trace_daily_rollup
daily_rest_matrix,runs/next_build/20260529/calendar_rest_only,20260529_main,3e0e35341231,17,,,daily_rest_observation,"{""wait_minutes"":901}",,day_end,redacted_daily_window,,,,,451,901,0,1,literal_banned_terms_redacted,action_trace_daily_rollup
daily_rest_matrix,runs/next_build/20260529/calendar_rest_only,20260529_main,3e0e35341231,18,,,daily_rest_observation,"{""wait_minutes"":814}",,day_end,redacted_daily_window,,,,,514,814,0,1,literal_banned_terms_redacted,action_trace_daily_rollup
daily_rest_matrix,runs/next_build/20260529/calendar_rest_only,20260529_main,3e0e35341231,19,,,daily_rest_observation,"{""wait_minutes"":842}",,day_end,redacted_daily_window,,,,,450,842,0,1,literal_banned_terms_redacted,action_trace_daily_rollup
daily_rest_matrix,runs/next_build/20260529/calendar_rest_only,20260529_main,3e0e35341231,20,,,daily_rest_observation,"{""wait_minutes"":1083}",,day_end,redacted_daily_window,,,,,684,1083,0,1,literal_banned_terms_redacted,action_trace_daily_rollup
daily_rest_matrix,runs/next_build/20260529/calendar_rest_only,20260529_main,3e0e35341231,21,,,daily_rest_observation,"{""wait_minutes"":300}",,day_end,redacted_daily_window,,,,,300,300,0,0,literal_banned_terms_redacted,action_trace_daily_rollup
daily_rest_matrix,runs/next_build/20260529/calendar_rest_only,20260529_main,3e0e35341231,22,,,daily_rest_observation,"{""wait_minutes"":1188}",,day_end,redacted_daily_window,,,,,681,1188,0,1,literal_banned_terms_redacted,action_trace_daily_rollup
daily_rest_matrix,runs/next_build/20260529/calendar_rest_only,20260529_main,3e0e35341231,23,,,daily_rest_observation,"{""wait_minutes"":150}",,day_end,redacted_daily_window,,,,,150,150,0,0,literal_banned_terms_redacted,action_trace_daily_rollup
daily_rest_matrix,runs/next_build/20260529/calendar_rest_only,20260529_main,3e0e35341231,24,,,daily_rest_observation,"{""wait_minutes"":807}",,day_end,redacted_daily_window,,,,,507,807,0,1,literal_banned_terms_redacted,action_trace_daily_rollup
daily_rest_matrix,runs/next_build/20260529/calendar_rest_only,20260529_main,3e0e35341231,25,,,daily_rest_observation,"{""wait_minutes"":925}",,day_end,redacted_daily_window,,,,,475,925,0,1,literal_banned_terms_redacted,action_trace_daily_rollup
daily_rest_matrix,runs/next_build/20260529/calendar_rest_only,20260529_main,3e0e35341231,26,,,daily_rest_observation,"{""wait_minutes"":872}",,day_end,redacted_daily_window,,,,,450,872,0,1,literal_banned_terms_redacted,action_trace_daily_rollup
daily_rest_matrix,runs/next_build/20260529/calendar_rest_only,20260529_main,3e0e35341231,27,,,daily_rest_observation,"{""wait_minutes"":543}",,day_end,redacted_daily_window,,,,,393,543,0,1,literal_banned_terms_redacted,action_trace_daily_rollup
daily_rest_matrix,runs/next_build/20260529/calendar_rest_only,20260529_main,3e0e35341231,28,,,daily_rest_observation,"{""wait_minutes"":2137}",,day_end,redacted_daily_window,,,,,1604,2137,0,1,literal_banned_terms_redacted,action_trace_daily_rollup
daily_rest_matrix,runs/next_build/20260529/calendar_rest_only,20260529_main,3e0e35341231,30,,,daily_rest_observation,"{""wait_minutes"":682}",,day_end,redacted_daily_window,,,,,540,682,0,1,literal_banned_terms_redacted,action_trace_daily_rollup
daily_rest_matrix,runs/next_build/20260529/calendar_rest_only,20260529_main,e7a52d984e7e,0,,,daily_rest_observation,"{""wait_minutes"":840}",,day_end,redacted_daily_window,,,,,540,840,0,1,literal_banned_terms_redacted,action_trace_daily_rollup
daily_rest_matrix,runs/next_build/20260529/calendar_rest_only,20260529_main,e7a52d984e7e,1,,,daily_rest_observation,"{""wait_minutes"":791}",,day_end,redacted_daily_window,,,,,491,791,0,1,literal_banned_terms_redacted,action_trace_daily_rollup
daily_rest_matrix,runs/next_build/20260529/calendar_rest_only,20260529_main,e7a52d984e7e,2,,,daily_rest_observation,"{""wait_minutes"":786}",,day_end,redacted_daily_window,,,,,486,786,0,1,literal_banned_terms_redacted,action_trace_daily_rollup
daily_rest_matrix,runs/next_build/20260529/calendar_rest_only,20260529_main,e7a52d984e7e,3,,,daily_rest_observation,"{""wait_minutes"":428}",,day_end,redacted_daily_window,,,,,428,428,0,1,literal_banned_terms_redacted,action_trace_daily_rollup
daily_rest_matrix,runs/next_build/20260529/calendar_rest_only,20260529_main,e7a52d984e7e,4,,,daily_rest_observation,"{""wait_minutes"":690}",,day_end,redacted_daily_window,,,,,540,690,0,1,literal_banned_terms_redacted,action_trace_daily_rollup
daily_rest_matrix,runs/next_build/20260529/calendar_rest_only,20260529_main,e7a52d984e7e,5,,,daily_rest_observation,"{""wait_minutes"":550}",,day_end,redacted_daily_window,,,,,400,550,0,1,literal_banned_terms_redacted,action_trace_daily_rollup
daily_rest_matrix,runs/next_build/20260529/calendar_rest_only,20260529_main,e7a52d984e7e,6,,,daily_rest_observation,"{""wait_minutes"":572}",,day_end,redacted_daily_window,,,,,422,572,0,1,literal_banned_terms_redacted,action_trace_daily_rollup
daily_rest_matrix,runs/next_build/20260529/calendar_rest_only,20260529_main,e7a52d984e7e,7,,,daily_rest_observation,"{""wait_minutes"":679}",,day_end,redacted_daily_window,,,,,529,679,0,1,literal_banned_terms_redacted,action_trace_daily_rollup
daily_rest_matrix,runs/next_build/20260529/calendar_rest_only,20260529_main,e7a52d984e7e,8,,,daily_rest_observation,"{""wait_minutes"":837}",,day_end,redacted_daily_window,,,,,537,837,0,1,literal_banned_terms_redacted,action_trace_daily_rollup
daily_rest_matrix,runs/next_build/20260529/calendar_rest_only,20260529_main,e7a52d984e7e,9,,,daily_rest_observation,"{""wait_minutes"":566}",,day_end,redacted_daily_window,,,,,416,566,0,1,literal_banned_terms_redacted,action_trace_daily_rollup
daily_rest_matrix,runs/next_build/20260529/calendar_rest_only,20260529_main,e7a52d984e7e,10,,,daily_rest_observation,"{""wait_minutes"":974}",,day_end,redacted_daily_window,,,,,524,974,0,1,literal_banned_terms_redacted,action_trace_daily_rollup
daily_rest_matrix,runs/next_build/20260529/calendar_rest_only,20260529_main,e7a52d984e7e,11,,,daily_rest_observation,"{""wait_minutes"":809}",,day_end,redacted_daily_window,,,,,509,809,0,1,literal_banned_terms_redacted,action_trace_daily_rollup
daily_rest_matrix,runs/next_build/20260529/calendar_rest_only,20260529_main,e7a52d984e7e,12,,,daily_rest_observation,"{""wait_minutes"":718}",,day_end,redacted_daily_window,,,,,418,718,0,1,literal_banned_terms_redacted,action_trace_daily_rollup
daily_rest_matrix,runs/next_build/20260529/calendar_rest_only,20260529_main,e7a52d984e7e,13,,,daily_rest_observation,"{""wait_minutes"":812}",,day_end,redacted_daily_window,,,,,512,812,0,1,literal_banned_terms_redacted,action_trace_daily_rollup
daily_rest_matrix,runs/next_build/20260529/calendar_rest_only,20260529_main,e7a52d984e7e,14,,,daily_rest_observation,"{""wait_minutes"":1357}",,day_end,redacted_daily_window,,,,,1357,1357,0,1,literal_banned_terms_redacted,action_trace_daily_rollup
daily_rest_matrix,runs/next_build/20260529/calendar_rest_only,20260529_main,e7a52d984e7e,15,,,daily_rest_observation,"{""wait_minutes"":690}",,day_end,redacted_daily_window,,,,,540,690,0,1,literal_banned_terms_redacted,action_trace_daily_rollup
daily_rest_matrix,runs/next_build/20260529/calendar_rest_only,20260529_main,e7a52d984e7e,16,,,daily_rest_observation,"{""wait_minutes"":580}",,day_end,redacted_daily_window,,,,,430,580,0,1,literal_banned_terms_redacted,action_trace_daily_rollup
daily_rest_matrix,runs/next_build/20260529/calendar_rest_only,20260529_main,e7a52d984e7e,17,,,daily_rest_observation,"{""wait_minutes"":901}",,day_end,redacted_daily_window,,,,,451,901,0,1,literal_banned_terms_redacted,action_trace_daily_rollup
daily_rest_matrix,runs/next_build/20260529/calendar_rest_only,20260529_main,e7a52d984e7e,18,,,daily_rest_observation,"{""wait_minutes"":814}",,day_end,redacted_daily_window,,,,,514,814,0,1,literal_banned_terms_redacted,action_trace_daily_rollup
daily_rest_matrix,runs/next_build/20260529/calendar_rest_only,20260529_main,e7a52d984e7e,19,,,daily_rest_observation,"{""wait_minutes"":842}",,day_end,redacted_daily_window,,,,,450,842,0,1,literal_banned_terms_redacted,action_trace_daily_rollup
daily_rest_matrix,runs/next_build/20260529/calendar_rest_only,20260529_main,e7a52d984e7e,20,,,daily_rest_observation,"{""wait_minutes"":1083}",,day_end,redacted_daily_window,,,,,684,1083,0,1,literal_banned_terms_redacted,action_trace_daily_rollup
daily_rest_matrix,runs/next_build/20260529/calendar_rest_only,20260529_main,e7a52d984e7e,21,,,daily_rest_observation,"{""wait_minutes"":300}",,day_end,redacted_daily_window,,,,,300,300,0,0,literal_banned_terms_redacted,action_trace_daily_rollup
daily_rest_matrix,runs/next_build/20260529/calendar_rest_only,20260529_main,e7a52d984e7e,22,,,daily_rest_observation,"{""wait_minutes"":1188}",,day_end,redacted_daily_window,,,,,681,1188,0,1,literal_banned_terms_redacted,action_trace_daily_rollup
daily_rest_matrix,runs/next_build/20260529/calendar_rest_only,20260529_main,e7a52d984e7e,23,,,daily_rest_observation,"{""wait_minutes"":150}",,day_end,redacted_daily_window,,,,,150,150,0,0,literal_banned_terms_redacted,action_trace_daily_rollup
daily_rest_matrix,runs/next_build/20260529/calendar_rest_only,20260529_main,e7a52d984e7e,24,,,daily_rest_observation,"{""wait_minutes"":807}",,day_end,redacted_daily_window,,,,,507,807,0,1,literal_banned_terms_redacted,action_trace_daily_rollup
daily_rest_matrix,runs/next_build/20260529/calendar_rest_only,20260529_main,e7a52d984e7e,25,,,daily_rest_observation,"{""wait_minutes"":925}",,day_end,redacted_daily_window,,,,,475,925,0,1,literal_banned_terms_redacted,action_trace_daily_rollup
daily_rest_matrix,runs/next_build/20260529/calendar_rest_only,20260529_main,e7a52d984e7e,26,,,daily_rest_observation,"{""wait_minutes"":872}",,day_end,redacted_daily_window,,,,,450,872,0,1,literal_banned_terms_redacted,action_trace_daily_rollup
daily_rest_matrix,runs/next_build/20260529/calendar_rest_only,20260529_main,e7a52d984e7e,27,,,daily_rest_observation,"{""wait_minutes"":543}",,day_end,redacted_daily_window,,,,,393,543,0,1,literal_banned_terms_redacted,action_trace_daily_rollup
daily_rest_matrix,runs/next_build/20260529/calendar_rest_only,20260529_main,e7a52d984e7e,28,,,daily_rest_observation,"{""wait_minutes"":693}",,day_end,redacted_daily_window,,,,,533,693,0,1,literal_banned_terms_redacted,action_trace_daily_rollup
daily_rest_matrix,runs/next_build/20260529/calendar_rest_only,20260529_main,e7a52d984e7e,29,,,daily_rest_observation,"{""wait_minutes"":1424}",,day_end,redacted_daily_window,,,,,1424,1424,0,1,literal_banned_terms_redacted,action_trace_daily_rollup
daily_rest_matrix,runs/next_build/20260529/calendar_rest_only,20260529_main,e7a52d984e7e,30,,,daily_rest_observation,"{""wait_minutes"":682}",,day_end,redacted_daily_window,,,,,540,682,0,1,literal_banned_terms_redacted,action_trace_daily_rollup
preference_rule,runs/next_build/20260529/dynamic_query_k,20260529_main,e7a52d984e7e,,0,2ca79f7bf774,violation_count,"{""violations"":31}",74400.0,generic_month_or_rule_deadline,redacted_generic_window,2400.0,74400.0,74400.0,1,,,,,literal_banned_terms_redacted,official_checker_rule_row
preference_rule,runs/next_build/20260529/dynamic_query_k,20260529_main,e7a52d984e7e,,1,d60ea9b0f447,violation_count,"{""violations"":4}",8400.0,generic_month_or_rule_deadline,redacted_generic_window,2100.0,8400.0,8400.0,1,,,,,literal_banned_terms_redacted,official_checker_rule_row
preference_rule,runs/next_build/20260529/dynamic_query_k,20260529_main,e7a52d984e7e,,2,2264777caec8,violation_count,"{""violations"":13}",10400.0,generic_month_or_rule_deadline,redacted_generic_window,800.0,10400.0,10400.0,1,,,,,literal_banned_terms_redacted,official_checker_rule_row
preference_rule,runs/next_build/20260529/dynamic_query_k,20260529_main,e7a52d984e7e,,3,ef4c0ae89fae,full_rest_day,"{""off_days"":0}",10000.0,generic_month_or_rule_deadline,redacted_generic_window,10000.0,10000.0,10000.0,1,,,,,literal_banned_terms_redacted,official_checker_rule_row
preference_rule,runs/next_build/20260529/dynamic_query_k,20260529_main,e7a52d984e7e,,4,35c1f2337cb9,violation_count,"{""violations"":0}",0.0,generic_month_or_rule_deadline,redacted_generic_window,0.0,0.0,0.0,0,,,,,literal_banned_terms_redacted,official_checker_rule_row
preference_rule,runs/next_build/20260529/dynamic_query_k,20260529_main,3e0e35341231,,0,dbf0db692546,violation_count,"{""violations"":31}",55800.0,generic_month_or_rule_deadline,redacted_generic_window,1800.0,55800.0,55800.0,1,,,,,literal_banned_terms_redacted,official_checker_rule_row
preference_rule,runs/next_build/20260529/dynamic_query_k,20260529_main,3e0e35341231,,1,f8464cfeabf2,violation_count,"{""violations"":2}",6800.0,generic_month_or_rule_deadline,redacted_generic_window,3400.0,6800.0,6800.0,1,,,,,literal_banned_terms_redacted,official_checker_rule_row
preference_rule,runs/next_build/20260529/dynamic_query_k,20260529_main,3e0e35341231,,2,5ed53dd187c2,quota_day,"{""order_days"":2}",6000.0,generic_month_or_rule_deadline,redacted_generic_window,6000.0,6000.0,6000.0,0,,,,,literal_banned_terms_redacted,official_checker_rule_row
preference_rule,runs/next_build/20260529/dynamic_query_k,20260529_main,3e0e35341231,,3,a2a62faab8ff,violation_count,"{""violations"":11}",1320.0,generic_month_or_rule_deadline,redacted_generic_window,120.0,1320.0,1320.0,1,,,,,literal_banned_terms_redacted,official_checker_rule_row
preference_rule,runs/next_build/20260529/dynamic_query_k,20260529_main,3e0e35341231,,4,cbd7cf562029,full_rest_day,"{""off_days"":0}",10000.0,generic_month_or_rule_deadline,redacted_generic_window,10000.0,10000.0,10000.0,1,,,,,literal_banned_terms_redacted,official_checker_rule_row
preference_rule,runs/next_build/20260529/dynamic_query_k,20260529_main,3e0e35341231,,5,46c66114b3c4,appointment_wait,"{""satisfied"":false,""waited_minutes"":0}",5000.0,generic_month_or_rule_deadline,redacted_generic_window,5000.0,5000.0,5000.0,1,,,,,literal_banned_terms_redacted,official_checker_rule_row
preference_rule,runs/next_build/20260529/dynamic_query_k,20260529_main,3e0e35341231,,6,e134c6265717,date_specific,"{""satisfied"":false}",5000.0,generic_month_or_rule_deadline,redacted_generic_window,5000.0,5000.0,5000.0,1,,,,,literal_banned_terms_redacted,official_checker_rule_row
daily_rest_matrix,runs/next_build/20260529/dynamic_query_k,20260529_main,3e0e35341231,0,,,daily_rest_observation,"{""wait_minutes"":0}",,day_end,redacted_daily_window,,,,,0,0,1,0,literal_banned_terms_redacted,action_trace_daily_rollup
daily_rest_matrix,runs/next_build/20260529/dynamic_query_k,20260529_main,3e0e35341231,2,,,daily_rest_observation,"{""wait_minutes"":0}",,day_end,redacted_daily_window,,,,,0,0,5,0,literal_banned_terms_redacted,action_trace_daily_rollup
daily_rest_matrix,runs/next_build/20260529/dynamic_query_k,20260529_main,3e0e35341231,3,,,daily_rest_observation,"{""wait_minutes"":0}",,day_end,redacted_daily_window,,,,,0,0,5,0,literal_banned_terms_redacted,action_trace_daily_rollup
daily_rest_matrix,runs/next_build/20260529/dynamic_query_k,20260529_main,3e0e35341231,4,,,daily_rest_observation,"{""wait_minutes"":0}",,day_end,redacted_daily_window,,,,,0,0,5,0,literal_banned_terms_redacted,action_trace_daily_rollup
daily_rest_matrix,runs/next_build/20260529/dynamic_query_k,20260529_main,3e0e35341231,5,,,daily_rest_observation,"{""wait_minutes"":0}",,day_end,redacted_daily_window,,,,,0,0,5,0,literal_banned_terms_redacted,action_trace_daily_rollup
daily_rest_matrix,runs/next_build/20260529/dynamic_query_k,20260529_main,3e0e35341231,6,,,daily_rest_observation,"{""wait_minutes"":0}",,day_end,redacted_daily_window,,,,,0,0,10,0,literal_banned_terms_redacted,action_trace_daily_rollup
daily_rest_matrix,runs/next_build/20260529/dynamic_query_k,20260529_main,3e0e35341231,7,,,daily_rest_observation,"{""wait_minutes"":0}",,day_end,redacted_daily_window,,,,,0,0,10,0,literal_banned_terms_redacted,action_trace_daily_rollup
daily_rest_matrix,runs/next_build/20260529/dynamic_query_k,20260529_main,3e0e35341231,8,,,daily_rest_observation,"{""wait_minutes"":0}",,day_end,redacted_daily_window,,,,,0,0,5,0,literal_banned_terms_redacted,action_trace_daily_rollup
daily_rest_matrix,runs/next_build/20260529/dynamic_query_k,20260529_main,3e0e35341231,9,,,daily_rest_observation,"{""wait_minutes"":0}",,day_end,redacted_daily_window,,,,,0,0,5,0,literal_banned_terms_redacted,action_trace_daily_rollup
daily_rest_matrix,runs/next_build/20260529/dynamic_query_k,20260529_main,3e0e35341231,10,,,daily_rest_observation,"{""wait_minutes"":0}",,day_end,redacted_daily_window,,,,,0,0,0,0,literal_banned_terms_redacted,action_trace_daily_rollup
daily_rest_matrix,runs/next_build/20260529/dynamic_query_k,20260529_main,3e0e35341231,11,,,daily_rest_observation,"{""wait_minutes"":0}",,day_end,redacted_daily_window,,,,,0,0,5,0,literal_banned_terms_redacted,action_trace_daily_rollup
daily_rest_matrix,runs/next_build/20260529/dynamic_query_k,20260529_main,3e0e35341231,12,,,daily_rest_observation,"{""wait_minutes"":0}",,day_end,redacted_daily_window,,,,,0,0,5,0,literal_banned_terms_redacted,action_trace_daily_rollup
daily_rest_matrix,runs/next_build/20260529/dynamic_query_k,20260529_main,3e0e35341231,13,,,daily_rest_observation,"{""wait_minutes"":0}",,day_end,redacted_daily_window,,,,,0,0,5,0,literal_banned_terms_redacted,action_trace_daily_rollup
daily_rest_matrix,runs/next_build/20260529/dynamic_query_k,20260529_main,3e0e35341231,14,,,daily_rest_observation,"{""wait_minutes"":0}",,day_end,redacted_daily_window,,,,,0,0,0,0,literal_banned_terms_redacted,action_trace_daily_rollup
daily_rest_matrix,runs/next_build/20260529/dynamic_query_k,20260529_main,3e0e35341231,15,,,daily_rest_observation,"{""wait_minutes"":0}",,day_end,redacted_daily_window,,,,,0,0,5,0,literal_banned_terms_redacted,action_trace_daily_rollup
daily_rest_matrix,runs/next_build/20260529/dynamic_query_k,20260529_main,3e0e35341231,16,,,daily_rest_observation,"{""wait_minutes"":0}",,day_end,redacted_daily_window,,,,,0,0,5,0,literal_banned_terms_redacted,action_trace_daily_rollup
daily_rest_matrix,runs/next_build/20260529/dynamic_query_k,20260529_main,3e0e35341231,17,,,daily_rest_observation,"{""wait_minutes"":0}",,day_end,redacted_daily_window,,,,,0,0,5,0,literal_banned_terms_redacted,action_trace_daily_rollup
daily_rest_matrix,runs/next_build/20260529/dynamic_query_k,20260529_main,3e0e35341231,18,,,daily_rest_observation,"{""wait_minutes"":0}",,day_end,redacted_daily_window,,,,,0,0,10,0,literal_banned_terms_redacted,action_trace_daily_rollup
daily_rest_matrix,runs/next_build/20260529/dynamic_query_k,20260529_main,3e0e35341231,19,,,daily_rest_observation,"{""wait_minutes"":0}",,day_end,redacted_daily_window,,,,,0,0,5,0,literal_banned_terms_redacted,action_trace_daily_rollup
daily_rest_matrix,runs/next_build/20260529/dynamic_query_k,20260529_main,3e0e35341231,20,,,daily_rest_observation,"{""wait_minutes"":0}",,day_end,redacted_daily_window,,,,,0,0,5,0,literal_banned_terms_redacted,action_trace_daily_rollup
daily_rest_matrix,runs/next_build/20260529/dynamic_query_k,20260529_main,3e0e35341231,21,,,daily_rest_observation,"{""wait_minutes"":0}",,day_end,redacted_daily_window,,,,,0,0,5,0,literal_banned_terms_redacted,action_trace_daily_rollup
daily_rest_matrix,runs/next_build/20260529/dynamic_query_k,20260529_main,3e0e35341231,22,,,daily_rest_observation,"{""wait_minutes"":0}",,day_end,redacted_daily_window,,,,,0,0,0,0,literal_banned_terms_redacted,action_trace_daily_rollup
daily_rest_matrix,runs/next_build/20260529/dynamic_query_k,20260529_main,3e0e35341231,23,,,daily_rest_observation,"{""wait_minutes"":0}",,day_end,redacted_daily_window,,,,,0,0,5,0,literal_banned_terms_redacted,action_trace_daily_rollup
daily_rest_matrix,runs/next_build/20260529/dynamic_query_k,20260529_main,3e0e35341231,24,,,daily_rest_observation,"{""wait_minutes"":0}",,day_end,redacted_daily_window,,,,,0,0,10,0,literal_banned_terms_redacted,action_trace_daily_rollup
daily_rest_matrix,runs/next_build/20260529/dynamic_query_k,20260529_main,3e0e35341231,25,,,daily_rest_observation,"{""wait_minutes"":0}",,day_end,redacted_daily_window,,,,,0,0,5,0,literal_banned_terms_redacted,action_trace_daily_rollup
daily_rest_matrix,runs/next_build/20260529/dynamic_query_k,20260529_main,3e0e35341231,26,,,daily_rest_observation,"{""wait_minutes"":0}",,day_end,redacted_daily_window,,,,,0,0,5,0,literal_banned_terms_redacted,action_trace_daily_rollup
daily_rest_matrix,runs/next_build/20260529/dynamic_query_k,20260529_main,3e0e35341231,27,,,daily_rest_observation,"{""wait_minutes"":0}",,day_end,redacted_daily_window,,,,,0,0,5,0,literal_banned_terms_redacted,action_trace_daily_rollup
daily_rest_matrix,runs/next_build/20260529/dynamic_query_k,20260529_main,3e0e35341231,28,,,daily_rest_observation,"{""wait_minutes"":0}",,day_end,redacted_daily_window,,,,,0,0,5,0,literal_banned_terms_redacted,action_trace_daily_rollup
daily_rest_matrix,runs/next_build/20260529/dynamic_query_k,20260529_main,3e0e35341231,29,,,daily_rest_observation,"{""wait_minutes"":0}",,day_end,redacted_daily_window,,,,,0,0,5,0,literal_banned_terms_redacted,action_trace_daily_rollup
daily_rest_matrix,runs/next_build/20260529/dynamic_query_k,20260529_main,3e0e35341231,30,,,daily_rest_observation,"{""wait_minutes"":145}",,day_end,redacted_daily_window,,,,,145,145,5,0,literal_banned_terms_redacted,action_trace_daily_rollup
daily_rest_matrix,runs/next_build/20260529/dynamic_query_k,20260529_main,e7a52d984e7e,0,,,daily_rest_observation,"{""wait_minutes"":0}",,day_end,redacted_daily_window,,,,,0,0,1,0,literal_banned_terms_redacted,action_trace_daily_rollup
daily_rest_matrix,runs/next_build/20260529/dynamic_query_k,20260529_main,e7a52d984e7e,2,,,daily_rest_observation,"{""wait_minutes"":0}",,day_end,redacted_daily_window,,,,,0,0,5,0,literal_banned_terms_redacted,action_trace_daily_rollup
daily_rest_matrix,runs/next_build/20260529/dynamic_query_k,20260529_main,e7a52d984e7e,3,,,daily_rest_observation,"{""wait_minutes"":0}",,day_end,redacted_daily_window,,,,,0,0,5,0,literal_banned_terms_redacted,action_trace_daily_rollup
daily_rest_matrix,runs/next_build/20260529/dynamic_query_k,20260529_main,e7a52d984e7e,4,,,daily_rest_observation,"{""wait_minutes"":0}",,day_end,redacted_daily_window,,,,,0,0,5,0,literal_banned_terms_redacted,action_trace_daily_rollup
daily_rest_matrix,runs/next_build/20260529/dynamic_query_k,20260529_main,e7a52d984e7e,5,,,daily_rest_observation,"{""wait_minutes"":0}",,day_end,redacted_daily_window,,,,,0,0,5,0,literal_banned_terms_redacted,action_trace_daily_rollup
daily_rest_matrix,runs/next_build/20260529/dynamic_query_k,20260529_main,e7a52d984e7e,6,,,daily_rest_observation,"{""wait_minutes"":0}",,day_end,redacted_daily_window,,,,,0,0,10,0,literal_banned_terms_redacted,action_trace_daily_rollup
daily_rest_matrix,runs/next_build/20260529/dynamic_query_k,20260529_main,e7a52d984e7e,7,,,daily_rest_observation,"{""wait_minutes"":0}",,day_end,redacted_daily_window,,,,,0,0,10,0,literal_banned_terms_redacted,action_trace_daily_rollup
daily_rest_matrix,runs/next_build/20260529/dynamic_query_k,20260529_main,e7a52d984e7e,8,,,daily_rest_observation,"{""wait_minutes"":0}",,day_end,redacted_daily_window,,,,,0,0,5,0,literal_banned_terms_redacted,action_trace_daily_rollup
daily_rest_matrix,runs/next_build/20260529/dynamic_query_k,20260529_main,e7a52d984e7e,9,,,daily_rest_observation,"{""wait_minutes"":0}",,day_end,redacted_daily_window,,,,,0,0,5,0,literal_banned_terms_redacted,action_trace_daily_rollup
daily_rest_matrix,runs/next_build/20260529/dynamic_query_k,20260529_main,e7a52d984e7e,10,,,daily_rest_observation,"{""wait_minutes"":0}",,day_end,redacted_daily_window,,,,,0,0,0,0,literal_banned_terms_redacted,action_trace_daily_rollup
daily_rest_matrix,runs/next_build/20260529/dynamic_query_k,20260529_main,e7a52d984e7e,11,,,daily_rest_observation,"{""wait_minutes"":0}",,day_end,redacted_daily_window,,,,,0,0,5,0,literal_banned_terms_redacted,action_trace_daily_rollup
daily_rest_matrix,runs/next_build/20260529/dynamic_query_k,20260529_main,e7a52d984e7e,12,,,daily_rest_observation,"{""wait_minutes"":0}",,day_end,redacted_daily_window,,,,,0,0,5,0,literal_banned_terms_redacted,action_trace_daily_rollup
daily_rest_matrix,runs/next_build/20260529/dynamic_query_k,20260529_main,e7a52d984e7e,13,,,daily_rest_observation,"{""wait_minutes"":0}",,day_end,redacted_daily_window,,,,,0,0,5,0,literal_banned_terms_redacted,action_trace_daily_rollup
daily_rest_matrix,runs/next_build/20260529/dynamic_query_k,20260529_main,e7a52d984e7e,14,,,daily_rest_observation,"{""wait_minutes"":0}",,day_end,redacted_daily_window,,,,,0,0,0,0,literal_banned_terms_redacted,action_trace_daily_rollup
daily_rest_matrix,runs/next_build/20260529/dynamic_query_k,20260529_main,e7a52d984e7e,15,,,daily_rest_observation,"{""wait_minutes"":0}",,day_end,redacted_daily_window,,,,,0,0,5,0,literal_banned_terms_redacted,action_trace_daily_rollup
daily_rest_matrix,runs/next_build/20260529/dynamic_query_k,20260529_main,e7a52d984e7e,16,,,daily_rest_observation,"{""wait_minutes"":0}",,day_end,redacted_daily_window,,,,,0,0,5,0,literal_banned_terms_redacted,action_trace_daily_rollup
daily_rest_matrix,runs/next_build/20260529/dynamic_query_k,20260529_main,e7a52d984e7e,17,,,daily_rest_observation,"{""wait_minutes"":0}",,day_end,redacted_daily_window,,,,,0,0,5,0,literal_banned_terms_redacted,action_trace_daily_rollup
daily_rest_matrix,runs/next_build/20260529/dynamic_query_k,20260529_main,e7a52d984e7e,18,,,daily_rest_observation,"{""wait_minutes"":0}",,day_end,redacted_daily_window,,,,,0,0,10,0,literal_banned_terms_redacted,action_trace_daily_rollup
daily_rest_matrix,runs/next_build/20260529/dynamic_query_k,20260529_main,e7a52d984e7e,19,,,daily_rest_observation,"{""wait_minutes"":0}",,day_end,redacted_daily_window,,,,,0,0,5,0,literal_banned_terms_redacted,action_trace_daily_rollup
daily_rest_matrix,runs/next_build/20260529/dynamic_query_k,20260529_main,e7a52d984e7e,20,,,daily_rest_observation,"{""wait_minutes"":0}",,day_end,redacted_daily_window,,,,,0,0,5,0,literal_banned_terms_redacted,action_trace_daily_rollup
daily_rest_matrix,runs/next_build/20260529/dynamic_query_k,20260529_main,e7a52d984e7e,21,,,daily_rest_observation,"{""wait_minutes"":0}",,day_end,redacted_daily_window,,,,,0,0,5,0,literal_banned_terms_redacted,action_trace_daily_rollup
daily_rest_matrix,runs/next_build/20260529/dynamic_query_k,20260529_main,e7a52d984e7e,22,,,daily_rest_observation,"{""wait_minutes"":0}",,day_end,redacted_daily_window,,,,,0,0,0,0,literal_banned_terms_redacted,action_trace_daily_rollup
daily_rest_matrix,runs/next_build/20260529/dynamic_query_k,20260529_main,e7a52d984e7e,23,,,daily_rest_observation,"{""wait_minutes"":0}",,day_end,redacted_daily_window,,,,,0,0,5,0,literal_banned_terms_redacted,action_trace_daily_rollup
daily_rest_matrix,runs/next_build/20260529/dynamic_query_k,20260529_main,e7a52d984e7e,24,,,daily_rest_observation,"{""wait_minutes"":0}",,day_end,redacted_daily_window,,,,,0,0,0,0,literal_banned_terms_redacted,action_trace_daily_rollup
daily_rest_matrix,runs/next_build/20260529/dynamic_query_k,20260529_main,e7a52d984e7e,25,,,daily_rest_observation,"{""wait_minutes"":0}",,day_end,redacted_daily_window,,,,,0,0,0,0,literal_banned_terms_redacted,action_trace_daily_rollup
daily_rest_matrix,runs/next_build/20260529/dynamic_query_k,20260529_main,e7a52d984e7e,26,,,daily_rest_observation,"{""wait_minutes"":0}",,day_end,redacted_daily_window,,,,,0,0,10,0,literal_banned_terms_redacted,action_trace_daily_rollup
daily_rest_matrix,runs/next_build/20260529/dynamic_query_k,20260529_main,e7a52d984e7e,27,,,daily_rest_observation,"{""wait_minutes"":0}",,day_end,redacted_daily_window,,,,,0,0,5,0,literal_banned_terms_redacted,action_trace_daily_rollup
daily_rest_matrix,runs/next_build/20260529/dynamic_query_k,20260529_main,e7a52d984e7e,28,,,daily_rest_observation,"{""wait_minutes"":0}",,day_end,redacted_daily_window,,,,,0,0,0,0,literal_banned_terms_redacted,action_trace_daily_rollup
daily_rest_matrix,runs/next_build/20260529/dynamic_query_k,20260529_main,e7a52d984e7e,29,,,daily_rest_observation,"{""wait_minutes"":0}",,day_end,redacted_daily_window,,,,,0,0,5,0,literal_banned_terms_redacted,action_trace_daily_rollup
daily_rest_matrix,runs/next_build/20260529/dynamic_query_k,20260529_main,e7a52d984e7e,30,,,daily_rest_observation,"{""wait_minutes"":215}",,day_end,redacted_daily_window,,,,,215,215,5,0,literal_banned_terms_redacted,action_trace_daily_rollup
preference_rule,runs/next_build/20260529/dynamic_query_reposition,20260529_main,e7a52d984e7e,,0,2ca79f7bf774,violation_count,"{""violations"":31}",74400.0,generic_month_or_rule_deadline,redacted_generic_window,2400.0,74400.0,74400.0,1,,,,,literal_banned_terms_redacted,official_checker_rule_row
preference_rule,runs/next_build/20260529/dynamic_query_reposition,20260529_main,e7a52d984e7e,,1,d60ea9b0f447,violation_count,"{""violations"":4}",8400.0,generic_month_or_rule_deadline,redacted_generic_window,2100.0,8400.0,8400.0,1,,,,,literal_banned_terms_redacted,official_checker_rule_row
preference_rule,runs/next_build/20260529/dynamic_query_reposition,20260529_main,e7a52d984e7e,,2,2264777caec8,violation_count,"{""violations"":13}",10400.0,generic_month_or_rule_deadline,redacted_generic_window,800.0,10400.0,10400.0,1,,,,,literal_banned_terms_redacted,official_checker_rule_row
preference_rule,runs/next_build/20260529/dynamic_query_reposition,20260529_main,e7a52d984e7e,,3,ef4c0ae89fae,full_rest_day,"{""off_days"":0}",10000.0,generic_month_or_rule_deadline,redacted_generic_window,10000.0,10000.0,10000.0,1,,,,,literal_banned_terms_redacted,official_checker_rule_row
preference_rule,runs/next_build/20260529/dynamic_query_reposition,20260529_main,e7a52d984e7e,,4,35c1f2337cb9,violation_count,"{""violations"":0}",0.0,generic_month_or_rule_deadline,redacted_generic_window,0.0,0.0,0.0,0,,,,,literal_banned_terms_redacted,official_checker_rule_row
preference_rule,runs/next_build/20260529/dynamic_query_reposition,20260529_main,3e0e35341231,,0,dbf0db692546,violation_count,"{""violations"":31}",55800.0,generic_month_or_rule_deadline,redacted_generic_window,1800.0,55800.0,55800.0,1,,,,,literal_banned_terms_redacted,official_checker_rule_row
preference_rule,runs/next_build/20260529/dynamic_query_reposition,20260529_main,3e0e35341231,,1,f8464cfeabf2,violation_count,"{""violations"":3}",10200.0,generic_month_or_rule_deadline,redacted_generic_window,3400.0,10200.0,10200.0,1,,,,,literal_banned_terms_redacted,official_checker_rule_row
preference_rule,runs/next_build/20260529/dynamic_query_reposition,20260529_main,3e0e35341231,,2,5ed53dd187c2,quota_day,"{""order_days"":2}",6000.0,generic_month_or_rule_deadline,redacted_generic_window,6000.0,6000.0,6000.0,0,,,,,literal_banned_terms_redacted,official_checker_rule_row
preference_rule,runs/next_build/20260529/dynamic_query_reposition,20260529_main,3e0e35341231,,3,a2a62faab8ff,violation_count,"{""violations"":8}",960.0,generic_month_or_rule_deadline,redacted_generic_window,120.0,960.0,960.0,1,,,,,literal_banned_terms_redacted,official_checker_rule_row
preference_rule,runs/next_build/20260529/dynamic_query_reposition,20260529_main,3e0e35341231,,4,cbd7cf562029,full_rest_day,"{""off_days"":0}",10000.0,generic_month_or_rule_deadline,redacted_generic_window,10000.0,10000.0,10000.0,1,,,,,literal_banned_terms_redacted,official_checker_rule_row
preference_rule,runs/next_build/20260529/dynamic_query_reposition,20260529_main,3e0e35341231,,5,46c66114b3c4,appointment_wait,"{""satisfied"":false,""waited_minutes"":0}",5000.0,generic_month_or_rule_deadline,redacted_generic_window,5000.0,5000.0,5000.0,1,,,,,literal_banned_terms_redacted,official_checker_rule_row
preference_rule,runs/next_build/20260529/dynamic_query_reposition,20260529_main,3e0e35341231,,6,e134c6265717,date_specific,"{""satisfied"":false}",5000.0,generic_month_or_rule_deadline,redacted_generic_window,5000.0,5000.0,5000.0,1,,,,,literal_banned_terms_redacted,official_checker_rule_row
daily_rest_matrix,runs/next_build/20260529/dynamic_query_reposition,20260529_main,3e0e35341231,0,,,daily_rest_observation,"{""wait_minutes"":0}",,day_end,redacted_daily_window,,,,,0,0,1,0,literal_banned_terms_redacted,action_trace_daily_rollup
daily_rest_matrix,runs/next_build/20260529/dynamic_query_reposition,20260529_main,3e0e35341231,2,,,daily_rest_observation,"{""wait_minutes"":0}",,day_end,redacted_daily_window,,,,,0,0,5,0,literal_banned_terms_redacted,action_trace_daily_rollup
daily_rest_matrix,runs/next_build/20260529/dynamic_query_reposition,20260529_main,3e0e35341231,3,,,daily_rest_observation,"{""wait_minutes"":0}",,day_end,redacted_daily_window,,,,,0,0,5,0,literal_banned_terms_redacted,action_trace_daily_rollup
daily_rest_matrix,runs/next_build/20260529/dynamic_query_reposition,20260529_main,3e0e35341231,4,,,daily_rest_observation,"{""wait_minutes"":0}",,day_end,redacted_daily_window,,,,,0,0,5,0,literal_banned_terms_redacted,action_trace_daily_rollup
daily_rest_matrix,runs/next_build/20260529/dynamic_query_reposition,20260529_main,3e0e35341231,5,,,daily_rest_observation,"{""wait_minutes"":0}",,day_end,redacted_daily_window,,,,,0,0,5,0,literal_banned_terms_redacted,action_trace_daily_rollup
daily_rest_matrix,runs/next_build/20260529/dynamic_query_reposition,20260529_main,3e0e35341231,6,,,daily_rest_observation,"{""wait_minutes"":0}",,day_end,redacted_daily_window,,,,,0,0,10,0,literal_banned_terms_redacted,action_trace_daily_rollup
daily_rest_matrix,runs/next_build/20260529/dynamic_query_reposition,20260529_main,3e0e35341231,7,,,daily_rest_observation,"{""wait_minutes"":0}",,day_end,redacted_daily_window,,,,,0,0,10,0,literal_banned_terms_redacted,action_trace_daily_rollup
daily_rest_matrix,runs/next_build/20260529/dynamic_query_reposition,20260529_main,3e0e35341231,8,,,daily_rest_observation,"{""wait_minutes"":0}",,day_end,redacted_daily_window,,,,,0,0,5,0,literal_banned_terms_redacted,action_trace_daily_rollup
daily_rest_matrix,runs/next_build/20260529/dynamic_query_reposition,20260529_main,3e0e35341231,9,,,daily_rest_observation,"{""wait_minutes"":0}",,day_end,redacted_daily_window,,,,,0,0,5,0,literal_banned_terms_redacted,action_trace_daily_rollup
daily_rest_matrix,runs/next_build/20260529/dynamic_query_reposition,20260529_main,3e0e35341231,10,,,daily_rest_observation,"{""wait_minutes"":0}",,day_end,redacted_daily_window,,,,,0,0,0,0,literal_banned_terms_redacted,action_trace_daily_rollup
daily_rest_matrix,runs/next_build/20260529/dynamic_query_reposition,20260529_main,3e0e35341231,11,,,daily_rest_observation,"{""wait_minutes"":0}",,day_end,redacted_daily_window,,,,,0,0,5,0,literal_banned_terms_redacted,action_trace_daily_rollup
daily_rest_matrix,runs/next_build/20260529/dynamic_query_reposition,20260529_main,3e0e35341231,12,,,daily_rest_observation,"{""wait_minutes"":0}",,day_end,redacted_daily_window,,,,,0,0,5,0,literal_banned_terms_redacted,action_trace_daily_rollup
daily_rest_matrix,runs/next_build/20260529/dynamic_query_reposition,20260529_main,3e0e35341231,13,,,daily_rest_observation,"{""wait_minutes"":0}",,day_end,redacted_daily_window,,,,,0,0,5,0,literal_banned_terms_redacted,action_trace_daily_rollup
daily_rest_matrix,runs/next_build/20260529/dynamic_query_reposition,20260529_main,3e0e35341231,14,,,daily_rest_observation,"{""wait_minutes"":0}",,day_end,redacted_daily_window,,,,,0,0,0,0,literal_banned_terms_redacted,action_trace_daily_rollup
daily_rest_matrix,runs/next_build/20260529/dynamic_query_reposition,20260529_main,3e0e35341231,15,,,daily_rest_observation,"{""wait_minutes"":0}",,day_end,redacted_daily_window,,,,,0,0,5,0,literal_banned_terms_redacted,action_trace_daily_rollup
daily_rest_matrix,runs/next_build/20260529/dynamic_query_reposition,20260529_main,3e0e35341231,16,,,daily_rest_observation,"{""wait_minutes"":0}",,day_end,redacted_daily_window,,,,,0,0,5,0,literal_banned_terms_redacted,action_trace_daily_rollup
daily_rest_matrix,runs/next_build/20260529/dynamic_query_reposition,20260529_main,3e0e35341231,17,,,daily_rest_observation,"{""wait_minutes"":0}",,day_end,redacted_daily_window,,,,,0,0,5,0,literal_banned_terms_redacted,action_trace_daily_rollup
daily_rest_matrix,runs/next_build/20260529/dynamic_query_reposition,20260529_main,3e0e35341231,18,,,daily_rest_observation,"{""wait_minutes"":0}",,day_end,redacted_daily_window,,,,,0,0,5,0,literal_banned_terms_redacted,action_trace_daily_rollup
daily_rest_matrix,runs/next_build/20260529/dynamic_query_reposition,20260529_main,3e0e35341231,19,,,daily_rest_observation,"{""wait_minutes"":0}",,day_end,redacted_daily_window,,,,,0,0,5,0,literal_banned_terms_redacted,action_trace_daily_rollup
daily_rest_matrix,runs/next_build/20260529/dynamic_query_reposition,20260529_main,3e0e35341231,20,,,daily_rest_observation,"{""wait_minutes"":0}",,day_end,redacted_daily_window,,,,,0,0,5,0,literal_banned_terms_redacted,action_trace_daily_rollup
daily_rest_matrix,runs/next_build/20260529/dynamic_query_reposition,20260529_main,3e0e35341231,21,,,daily_rest_observation,"{""wait_minutes"":0}",,day_end,redacted_daily_window,,,,,0,0,5,0,literal_banned_terms_redacted,action_trace_daily_rollup
daily_rest_matrix,runs/next_build/20260529/dynamic_query_reposition,20260529_main,3e0e35341231,22,,,daily_rest_observation,"{""wait_minutes"":0}",,day_end,redacted_daily_window,,,,,0,0,5,0,literal_banned_terms_redacted,action_trace_daily_rollup
daily_rest_matrix,runs/next_build/20260529/dynamic_query_reposition,20260529_main,3e0e35341231,23,,,daily_rest_observation,"{""wait_minutes"":0}",,day_end,redacted_daily_window,,,,,0,0,5,0,literal_banned_terms_redacted,action_trace_daily_rollup
daily_rest_matrix,runs/next_build/20260529/dynamic_query_reposition,20260529_main,3e0e35341231,24,,,daily_rest_observation,"{""wait_minutes"":0}",,day_end,redacted_daily_window,,,,,0,0,5,0,literal_banned_terms_redacted,action_trace_daily_rollup
daily_rest_matrix,runs/next_build/20260529/dynamic_query_reposition,20260529_main,3e0e35341231,25,,,daily_rest_observation,"{""wait_minutes"":0}",,day_end,redacted_daily_window,,,,,0,0,0,0,literal_banned_terms_redacted,action_trace_daily_rollup
daily_rest_matrix,runs/next_build/20260529/dynamic_query_reposition,20260529_main,3e0e35341231,26,,,daily_rest_observation,"{""wait_minutes"":0}",,day_end,redacted_daily_window,,,,,0,0,5,0,literal_banned_terms_redacted,action_trace_daily_rollup
daily_rest_matrix,runs/next_build/20260529/dynamic_query_reposition,20260529_main,3e0e35341231,27,,,daily_rest_observation,"{""wait_minutes"":0}",,day_end,redacted_daily_window,,,,,0,0,5,0,literal_banned_terms_redacted,action_trace_daily_rollup
daily_rest_matrix,runs/next_build/20260529/dynamic_query_reposition,20260529_main,3e0e35341231,28,,,daily_rest_observation,"{""wait_minutes"":0}",,day_end,redacted_daily_window,,,,,0,0,0,0,literal_banned_terms_redacted,action_trace_daily_rollup
daily_rest_matrix,runs/next_build/20260529/dynamic_query_reposition,20260529_main,3e0e35341231,29,,,daily_rest_observation,"{""wait_minutes"":0}",,day_end,redacted_daily_window,,,,,0,0,10,0,literal_banned_terms_redacted,action_trace_daily_rollup
daily_rest_matrix,runs/next_build/20260529/dynamic_query_reposition,20260529_main,3e0e35341231,30,,,daily_rest_observation,"{""wait_minutes"":213}",,day_end,redacted_daily_window,,,,,213,213,5,0,literal_banned_terms_redacted,action_trace_daily_rollup
daily_rest_matrix,runs/next_build/20260529/dynamic_query_reposition,20260529_main,e7a52d984e7e,0,,,daily_rest_observation,"{""wait_minutes"":0}",,day_end,redacted_daily_window,,,,,0,0,1,0,literal_banned_terms_redacted,action_trace_daily_rollup
daily_rest_matrix,runs/next_build/20260529/dynamic_query_reposition,20260529_main,e7a52d984e7e,2,,,daily_rest_observation,"{""wait_minutes"":0}",,day_end,redacted_daily_window,,,,,0,0,5,0,literal_banned_terms_redacted,action_trace_daily_rollup
daily_rest_matrix,runs/next_build/20260529/dynamic_query_reposition,20260529_main,e7a52d984e7e,3,,,daily_rest_observation,"{""wait_minutes"":0}",,day_end,redacted_daily_window,,,,,0,0,5,0,literal_banned_terms_redacted,action_trace_daily_rollup
daily_rest_matrix,runs/next_build/20260529/dynamic_query_reposition,20260529_main,e7a52d984e7e,4,,,daily_rest_observation,"{""wait_minutes"":0}",,day_end,redacted_daily_window,,,,,0,0,5,0,literal_banned_terms_redacted,action_trace_daily_rollup
daily_rest_matrix,runs/next_build/20260529/dynamic_query_reposition,20260529_main,e7a52d984e7e,5,,,daily_rest_observation,"{""wait_minutes"":0}",,day_end,redacted_daily_window,,,,,0,0,5,0,literal_banned_terms_redacted,action_trace_daily_rollup
daily_rest_matrix,runs/next_build/20260529/dynamic_query_reposition,20260529_main,e7a52d984e7e,6,,,daily_rest_observation,"{""wait_minutes"":0}",,day_end,redacted_daily_window,,,,,0,0,10,0,literal_banned_terms_redacted,action_trace_daily_rollup
daily_rest_matrix,runs/next_build/20260529/dynamic_query_reposition,20260529_main,e7a52d984e7e,7,,,daily_rest_observation,"{""wait_minutes"":0}",,day_end,redacted_daily_window,,,,,0,0,10,0,literal_banned_terms_redacted,action_trace_daily_rollup
daily_rest_matrix,runs/next_build/20260529/dynamic_query_reposition,20260529_main,e7a52d984e7e,8,,,daily_rest_observation,"{""wait_minutes"":0}",,day_end,redacted_daily_window,,,,,0,0,5,0,literal_banned_terms_redacted,action_trace_daily_rollup
daily_rest_matrix,runs/next_build/20260529/dynamic_query_reposition,20260529_main,e7a52d984e7e,9,,,daily_rest_observation,"{""wait_minutes"":0}",,day_end,redacted_daily_window,,,,,0,0,5,0,literal_banned_terms_redacted,action_trace_daily_rollup
daily_rest_matrix,runs/next_build/20260529/dynamic_query_reposition,20260529_main,e7a52d984e7e,10,,,daily_rest_observation,"{""wait_minutes"":0}",,day_end,redacted_daily_window,,,,,0,0,0,0,literal_banned_terms_redacted,action_trace_daily_rollup
daily_rest_matrix,runs/next_build/20260529/dynamic_query_reposition,20260529_main,e7a52d984e7e,11,,,daily_rest_observation,"{""wait_minutes"":0}",,day_end,redacted_daily_window,,,,,0,0,5,0,literal_banned_terms_redacted,action_trace_daily_rollup
daily_rest_matrix,runs/next_build/20260529/dynamic_query_reposition,20260529_main,e7a52d984e7e,12,,,daily_rest_observation,"{""wait_minutes"":0}",,day_end,redacted_daily_window,,,,,0,0,5,0,literal_banned_terms_redacted,action_trace_daily_rollup
daily_rest_matrix,runs/next_build/20260529/dynamic_query_reposition,20260529_main,e7a52d984e7e,13,,,daily_rest_observation,"{""wait_minutes"":0}",,day_end,redacted_daily_window,,,,,0,0,5,0,literal_banned_terms_redacted,action_trace_daily_rollup
daily_rest_matrix,runs/next_build/20260529/dynamic_query_reposition,20260529_main,e7a52d984e7e,14,,,daily_rest_observation,"{""wait_minutes"":0}",,day_end,redacted_daily_window,,,,,0,0,0,0,literal_banned_terms_redacted,action_trace_daily_rollup
daily_rest_matrix,runs/next_build/20260529/dynamic_query_reposition,20260529_main,e7a52d984e7e,15,,,daily_rest_observation,"{""wait_minutes"":0}",,day_end,redacted_daily_window,,,,,0,0,5,0,literal_banned_terms_redacted,action_trace_daily_rollup
daily_rest_matrix,runs/next_build/20260529/dynamic_query_reposition,20260529_main,e7a52d984e7e,16,,,daily_rest_observation,"{""wait_minutes"":0}",,day_end,redacted_daily_window,,,,,0,0,5,0,literal_banned_terms_redacted,action_trace_daily_rollup
daily_rest_matrix,runs/next_build/20260529/dynamic_query_reposition,20260529_main,e7a52d984e7e,17,,,daily_rest_observation,"{""wait_minutes"":0}",,day_end,redacted_daily_window,,,,,0,0,5,0,literal_banned_terms_redacted,action_trace_daily_rollup
daily_rest_matrix,runs/next_build/20260529/dynamic_query_reposition,20260529_main,e7a52d984e7e,18,,,daily_rest_observation,"{""wait_minutes"":0}",,day_end,redacted_daily_window,,,,,0,0,10,0,literal_banned_terms_redacted,action_trace_daily_rollup
daily_rest_matrix,runs/next_build/20260529/dynamic_query_reposition,20260529_main,e7a52d984e7e,19,,,daily_rest_observation,"{""wait_minutes"":0}",,day_end,redacted_daily_window,,,,,0,0,5,0,literal_banned_terms_redacted,action_trace_daily_rollup
daily_rest_matrix,runs/next_build/20260529/dynamic_query_reposition,20260529_main,e7a52d984e7e,20,,,daily_rest_observation,"{""wait_minutes"":0}",,day_end,redacted_daily_window,,,,,0,0,5,0,literal_banned_terms_redacted,action_trace_daily_rollup
daily_rest_matrix,runs/next_build/20260529/dynamic_query_reposition,20260529_main,e7a52d984e7e,21,,,daily_rest_observation,"{""wait_minutes"":0}",,day_end,redacted_daily_window,,,,,0,0,5,0,literal_banned_terms_redacted,action_trace_daily_rollup
daily_rest_matrix,runs/next_build/20260529/dynamic_query_reposition,20260529_main,e7a52d984e7e,22,,,daily_rest_observation,"{""wait_minutes"":0}",,day_end,redacted_daily_window,,,,,0,0,0,0,literal_banned_terms_redacted,action_trace_daily_rollup
daily_rest_matrix,runs/next_build/20260529/dynamic_query_reposition,20260529_main,e7a52d984e7e,23,,,daily_rest_observation,"{""wait_minutes"":0}",,day_end,redacted_daily_window,,,,,0,0,5,0,literal_banned_terms_redacted,action_trace_daily_rollup
daily_rest_matrix,runs/next_build/20260529/dynamic_query_reposition,20260529_main,e7a52d984e7e,24,,,daily_rest_observation,"{""wait_minutes"":0}",,day_end,redacted_daily_window,,,,,0,0,0,0,literal_banned_terms_redacted,action_trace_daily_rollup
daily_rest_matrix,runs/next_build/20260529/dynamic_query_reposition,20260529_main,e7a52d984e7e,25,,,daily_rest_observation,"{""wait_minutes"":0}",,day_end,redacted_daily_window,,,,,0,0,0,0,literal_banned_terms_redacted,action_trace_daily_rollup
daily_rest_matrix,runs/next_build/20260529/dynamic_query_reposition,20260529_main,e7a52d984e7e,26,,,daily_rest_observation,"{""wait_minutes"":0}",,day_end,redacted_daily_window,,,,,0,0,10,0,literal_banned_terms_redacted,action_trace_daily_rollup
daily_rest_matrix,runs/next_build/20260529/dynamic_query_reposition,20260529_main,e7a52d984e7e,27,,,daily_rest_observation,"{""wait_minutes"":0}",,day_end,redacted_daily_window,,,,,0,0,5,0,literal_banned_terms_redacted,action_trace_daily_rollup
daily_rest_matrix,runs/next_build/20260529/dynamic_query_reposition,20260529_main,e7a52d984e7e,28,,,daily_rest_observation,"{""wait_minutes"":0}",,day_end,redacted_daily_window,,,,,0,0,0,0,literal_banned_terms_redacted,action_trace_daily_rollup
daily_rest_matrix,runs/next_build/20260529/dynamic_query_reposition,20260529_main,e7a52d984e7e,29,,,daily_rest_observation,"{""wait_minutes"":0}",,day_end,redacted_daily_window,,,,,0,0,5,0,literal_banned_terms_redacted,action_trace_daily_rollup
daily_rest_matrix,runs/next_build/20260529/dynamic_query_reposition,20260529_main,e7a52d984e7e,30,,,daily_rest_observation,"{""wait_minutes"":215}",,day_end,redacted_daily_window,,,,,215,215,5,0,literal_banned_terms_redacted,action_trace_daily_rollup
preference_rule,runs/next_build/20260529/marginal_pref_only,20260529_main,e7a52d984e7e,,0,2ca79f7bf774,violation_count,"{""violations"":31}",74400.0,generic_month_or_rule_deadline,redacted_generic_window,2400.0,74400.0,74400.0,1,,,,,literal_banned_terms_redacted,official_checker_rule_row
preference_rule,runs/next_build/20260529/marginal_pref_only,20260529_main,e7a52d984e7e,,1,d60ea9b0f447,violation_count,"{""violations"":2}",4200.0,generic_month_or_rule_deadline,redacted_generic_window,2100.0,4200.0,4200.0,1,,,,,literal_banned_terms_redacted,official_checker_rule_row
preference_rule,runs/next_build/20260529/marginal_pref_only,20260529_main,e7a52d984e7e,,2,2264777caec8,violation_count,"{""violations"":19}",15200.0,generic_month_or_rule_deadline,redacted_generic_window,800.0,15200.0,15200.0,1,,,,,literal_banned_terms_redacted,official_checker_rule_row
preference_rule,runs/next_build/20260529/marginal_pref_only,20260529_main,e7a52d984e7e,,3,ef4c0ae89fae,full_rest_day,"{""off_days"":0}",10000.0,generic_month_or_rule_deadline,redacted_generic_window,10000.0,10000.0,10000.0,1,,,,,literal_banned_terms_redacted,official_checker_rule_row
preference_rule,runs/next_build/20260529/marginal_pref_only,20260529_main,e7a52d984e7e,,4,35c1f2337cb9,violation_count,"{""violations"":0}",0.0,generic_month_or_rule_deadline,redacted_generic_window,0.0,0.0,0.0,0,,,,,literal_banned_terms_redacted,official_checker_rule_row
preference_rule,runs/next_build/20260529/marginal_pref_only,20260529_main,3e0e35341231,,0,dbf0db692546,violation_count,"{""violations"":31}",55800.0,generic_month_or_rule_deadline,redacted_generic_window,1800.0,55800.0,55800.0,1,,,,,literal_banned_terms_redacted,official_checker_rule_row
preference_rule,runs/next_build/20260529/marginal_pref_only,20260529_main,3e0e35341231,,1,f8464cfeabf2,violation_count,"{""violations"":2}",6800.0,generic_month_or_rule_deadline,redacted_generic_window,3400.0,6800.0,6800.0,1,,,,,literal_banned_terms_redacted,official_checker_rule_row
preference_rule,runs/next_build/20260529/marginal_pref_only,20260529_main,3e0e35341231,,2,5ed53dd187c2,quota_day,"{""order_days"":5}",0.0,generic_month_or_rule_deadline,redacted_generic_window,0.0,0.0,0.0,0,,,,,literal_banned_terms_redacted,official_checker_rule_row
preference_rule,runs/next_build/20260529/marginal_pref_only,20260529_main,3e0e35341231,,3,a2a62faab8ff,violation_count,"{""violations"":15}",1800.0,generic_month_or_rule_deadline,redacted_generic_window,120.0,1800.0,1800.0,1,,,,,literal_banned_terms_redacted,official_checker_rule_row
preference_rule,runs/next_build/20260529/marginal_pref_only,20260529_main,3e0e35341231,,4,cbd7cf562029,full_rest_day,"{""off_days"":0}",10000.0,generic_month_or_rule_deadline,redacted_generic_window,10000.0,10000.0,10000.0,1,,,,,literal_banned_terms_redacted,official_checker_rule_row
preference_rule,runs/next_build/20260529/marginal_pref_only,20260529_main,3e0e35341231,,5,46c66114b3c4,appointment_wait,"{""satisfied"":false,""waited_minutes"":0}",5000.0,generic_month_or_rule_deadline,redacted_generic_window,5000.0,5000.0,5000.0,1,,,,,literal_banned_terms_redacted,official_checker_rule_row
preference_rule,runs/next_build/20260529/marginal_pref_only,20260529_main,3e0e35341231,,6,e134c6265717,date_specific,"{""satisfied"":false}",5000.0,generic_month_or_rule_deadline,redacted_generic_window,5000.0,5000.0,5000.0,1,,,,,literal_banned_terms_redacted,official_checker_rule_row
daily_rest_matrix,runs/next_build/20260529/marginal_pref_only,20260529_main,3e0e35341231,0,,,daily_rest_observation,"{""wait_minutes"":0}",,day_end,redacted_daily_window,,,,,0,0,1,0,literal_banned_terms_redacted,action_trace_daily_rollup
daily_rest_matrix,runs/next_build/20260529/marginal_pref_only,20260529_main,3e0e35341231,2,,,daily_rest_observation,"{""wait_minutes"":0}",,day_end,redacted_daily_window,,,,,0,0,10,0,literal_banned_terms_redacted,action_trace_daily_rollup
daily_rest_matrix,runs/next_build/20260529/marginal_pref_only,20260529_main,3e0e35341231,3,,,daily_rest_observation,"{""wait_minutes"":0}",,day_end,redacted_daily_window,,,,,0,0,10,0,literal_banned_terms_redacted,action_trace_daily_rollup
daily_rest_matrix,runs/next_build/20260529/marginal_pref_only,20260529_main,3e0e35341231,4,,,daily_rest_observation,"{""wait_minutes"":0}",,day_end,redacted_daily_window,,,,,0,0,10,0,literal_banned_terms_redacted,action_trace_daily_rollup
daily_rest_matrix,runs/next_build/20260529/marginal_pref_only,20260529_main,3e0e35341231,5,,,daily_rest_observation,"{""wait_minutes"":0}",,day_end,redacted_daily_window,,,,,0,0,10,0,literal_banned_terms_redacted,action_trace_daily_rollup
daily_rest_matrix,runs/next_build/20260529/marginal_pref_only,20260529_main,3e0e35341231,6,,,daily_rest_observation,"{""wait_minutes"":0}",,day_end,redacted_daily_window,,,,,0,0,10,0,literal_banned_terms_redacted,action_trace_daily_rollup
daily_rest_matrix,runs/next_build/20260529/marginal_pref_only,20260529_main,3e0e35341231,7,,,daily_rest_observation,"{""wait_minutes"":0}",,day_end,redacted_daily_window,,,,,0,0,10,0,literal_banned_terms_redacted,action_trace_daily_rollup
daily_rest_matrix,runs/next_build/20260529/marginal_pref_only,20260529_main,3e0e35341231,8,,,daily_rest_observation,"{""wait_minutes"":0}",,day_end,redacted_daily_window,,,,,0,0,0,0,literal_banned_terms_redacted,action_trace_daily_rollup
daily_rest_matrix,runs/next_build/20260529/marginal_pref_only,20260529_main,3e0e35341231,9,,,daily_rest_observation,"{""wait_minutes"":0}",,day_end,redacted_daily_window,,,,,0,0,10,0,literal_banned_terms_redacted,action_trace_daily_rollup
daily_rest_matrix,runs/next_build/20260529/marginal_pref_only,20260529_main,3e0e35341231,10,,,daily_rest_observation,"{""wait_minutes"":0}",,day_end,redacted_daily_window,,,,,0,0,10,0,literal_banned_terms_redacted,action_trace_daily_rollup
daily_rest_matrix,runs/next_build/20260529/marginal_pref_only,20260529_main,3e0e35341231,11,,,daily_rest_observation,"{""wait_minutes"":0}",,day_end,redacted_daily_window,,,,,0,0,10,0,literal_banned_terms_redacted,action_trace_daily_rollup
daily_rest_matrix,runs/next_build/20260529/marginal_pref_only,20260529_main,3e0e35341231,12,,,daily_rest_observation,"{""wait_minutes"":0}",,day_end,redacted_daily_window,,,,,0,0,20,0,literal_banned_terms_redacted,action_trace_daily_rollup
daily_rest_matrix,runs/next_build/20260529/marginal_pref_only,20260529_main,3e0e35341231,13,,,daily_rest_observation,"{""wait_minutes"":0}",,day_end,redacted_daily_window,,,,,0,0,10,0,literal_banned_terms_redacted,action_trace_daily_rollup
daily_rest_matrix,runs/next_build/20260529/marginal_pref_only,20260529_main,3e0e35341231,14,,,daily_rest_observation,"{""wait_minutes"":0}",,day_end,redacted_daily_window,,,,,0,0,0,0,literal_banned_terms_redacted,action_trace_daily_rollup
daily_rest_matrix,runs/next_build/20260529/marginal_pref_only,20260529_main,3e0e35341231,15,,,daily_rest_observation,"{""wait_minutes"":0}",,day_end,redacted_daily_window,,,,,0,0,10,0,literal_banned_terms_redacted,action_trace_daily_rollup
daily_rest_matrix,runs/next_build/20260529/marginal_pref_only,20260529_main,3e0e35341231,16,,,daily_rest_observation,"{""wait_minutes"":0}",,day_end,redacted_daily_window,,,,,0,0,10,0,literal_banned_terms_redacted,action_trace_daily_rollup
daily_rest_matrix,runs/next_build/20260529/marginal_pref_only,20260529_main,3e0e35341231,17,,,daily_rest_observation,"{""wait_minutes"":0}",,day_end,redacted_daily_window,,,,,0,0,10,0,literal_banned_terms_redacted,action_trace_daily_rollup
daily_rest_matrix,runs/next_build/20260529/marginal_pref_only,20260529_main,3e0e35341231,18,,,daily_rest_observation,"{""wait_minutes"":0}",,day_end,redacted_daily_window,,,,,0,0,10,0,literal_banned_terms_redacted,action_trace_daily_rollup
daily_rest_matrix,runs/next_build/20260529/marginal_pref_only,20260529_main,3e0e35341231,19,,,daily_rest_observation,"{""wait_minutes"":0}",,day_end,redacted_daily_window,,,,,0,0,10,0,literal_banned_terms_redacted,action_trace_daily_rollup
daily_rest_matrix,runs/next_build/20260529/marginal_pref_only,20260529_main,3e0e35341231,20,,,daily_rest_observation,"{""wait_minutes"":0}",,day_end,redacted_daily_window,,,,,0,0,0,0,literal_banned_terms_redacted,action_trace_daily_rollup
daily_rest_matrix,runs/next_build/20260529/marginal_pref_only,20260529_main,3e0e35341231,21,,,daily_rest_observation,"{""wait_minutes"":0}",,day_end,redacted_daily_window,,,,,0,0,10,0,literal_banned_terms_redacted,action_trace_daily_rollup
daily_rest_matrix,runs/next_build/20260529/marginal_pref_only,20260529_main,3e0e35341231,22,,,daily_rest_observation,"{""wait_minutes"":0}",,day_end,redacted_daily_window,,,,,0,0,10,0,literal_banned_terms_redacted,action_trace_daily_rollup
daily_rest_matrix,runs/next_build/20260529/marginal_pref_only,20260529_main,3e0e35341231,23,,,daily_rest_observation,"{""wait_minutes"":0}",,day_end,redacted_daily_window,,,,,0,0,10,0,literal_banned_terms_redacted,action_trace_daily_rollup
daily_rest_matrix,runs/next_build/20260529/marginal_pref_only,20260529_main,3e0e35341231,24,,,daily_rest_observation,"{""wait_minutes"":0}",,day_end,redacted_daily_window,,,,,0,0,10,0,literal_banned_terms_redacted,action_trace_daily_rollup
daily_rest_matrix,runs/next_build/20260529/marginal_pref_only,20260529_main,3e0e35341231,25,,,daily_rest_observation,"{""wait_minutes"":0}",,day_end,redacted_daily_window,,,,,0,0,10,0,literal_banned_terms_redacted,action_trace_daily_rollup
daily_rest_matrix,runs/next_build/20260529/marginal_pref_only,20260529_main,3e0e35341231,26,,,daily_rest_observation,"{""wait_minutes"":0}",,day_end,redacted_daily_window,,,,,0,0,0,0,literal_banned_terms_redacted,action_trace_daily_rollup
daily_rest_matrix,runs/next_build/20260529/marginal_pref_only,20260529_main,3e0e35341231,27,,,daily_rest_observation,"{""wait_minutes"":0}",,day_end,redacted_daily_window,,,,,0,0,10,0,literal_banned_terms_redacted,action_trace_daily_rollup
daily_rest_matrix,runs/next_build/20260529/marginal_pref_only,20260529_main,3e0e35341231,28,,,daily_rest_observation,"{""wait_minutes"":0}",,day_end,redacted_daily_window,,,,,0,0,10,0,literal_banned_terms_redacted,action_trace_daily_rollup
daily_rest_matrix,runs/next_build/20260529/marginal_pref_only,20260529_main,3e0e35341231,29,,,daily_rest_observation,"{""wait_minutes"":0}",,day_end,redacted_daily_window,,,,,0,0,10,0,literal_banned_terms_redacted,action_trace_daily_rollup
daily_rest_matrix,runs/next_build/20260529/marginal_pref_only,20260529_main,3e0e35341231,30,,,daily_rest_observation,"{""wait_minutes"":90}",,day_end,redacted_daily_window,,,,,90,90,10,0,literal_banned_terms_redacted,action_trace_daily_rollup
daily_rest_matrix,runs/next_build/20260529/marginal_pref_only,20260529_main,e7a52d984e7e,0,,,daily_rest_observation,"{""wait_minutes"":0}",,day_end,redacted_daily_window,,,,,0,0,1,0,literal_banned_terms_redacted,action_trace_daily_rollup
daily_rest_matrix,runs/next_build/20260529/marginal_pref_only,20260529_main,e7a52d984e7e,2,,,daily_rest_observation,"{""wait_minutes"":0}",,day_end,redacted_daily_window,,,,,0,0,10,0,literal_banned_terms_redacted,action_trace_daily_rollup
daily_rest_matrix,runs/next_build/20260529/marginal_pref_only,20260529_main,e7a52d984e7e,3,,,daily_rest_observation,"{""wait_minutes"":0}",,day_end,redacted_daily_window,,,,,0,0,10,0,literal_banned_terms_redacted,action_trace_daily_rollup
daily_rest_matrix,runs/next_build/20260529/marginal_pref_only,20260529_main,e7a52d984e7e,4,,,daily_rest_observation,"{""wait_minutes"":0}",,day_end,redacted_daily_window,,,,,0,0,10,0,literal_banned_terms_redacted,action_trace_daily_rollup
daily_rest_matrix,runs/next_build/20260529/marginal_pref_only,20260529_main,e7a52d984e7e,5,,,daily_rest_observation,"{""wait_minutes"":0}",,day_end,redacted_daily_window,,,,,0,0,10,0,literal_banned_terms_redacted,action_trace_daily_rollup
daily_rest_matrix,runs/next_build/20260529/marginal_pref_only,20260529_main,e7a52d984e7e,6,,,daily_rest_observation,"{""wait_minutes"":0}",,day_end,redacted_daily_window,,,,,0,0,10,0,literal_banned_terms_redacted,action_trace_daily_rollup
daily_rest_matrix,runs/next_build/20260529/marginal_pref_only,20260529_main,e7a52d984e7e,7,,,daily_rest_observation,"{""wait_minutes"":0}",,day_end,redacted_daily_window,,,,,0,0,10,0,literal_banned_terms_redacted,action_trace_daily_rollup
daily_rest_matrix,runs/next_build/20260529/marginal_pref_only,20260529_main,e7a52d984e7e,8,,,daily_rest_observation,"{""wait_minutes"":0}",,day_end,redacted_daily_window,,,,,0,0,0,0,literal_banned_terms_redacted,action_trace_daily_rollup
daily_rest_matrix,runs/next_build/20260529/marginal_pref_only,20260529_main,e7a52d984e7e,9,,,daily_rest_observation,"{""wait_minutes"":0}",,day_end,redacted_daily_window,,,,,0,0,10,0,literal_banned_terms_redacted,action_trace_daily_rollup
daily_rest_matrix,runs/next_build/20260529/marginal_pref_only,20260529_main,e7a52d984e7e,10,,,daily_rest_observation,"{""wait_minutes"":0}",,day_end,redacted_daily_window,,,,,0,0,10,0,literal_banned_terms_redacted,action_trace_daily_rollup
daily_rest_matrix,runs/next_build/20260529/marginal_pref_only,20260529_main,e7a52d984e7e,11,,,daily_rest_observation,"{""wait_minutes"":0}",,day_end,redacted_daily_window,,,,,0,0,10,0,literal_banned_terms_redacted,action_trace_daily_rollup
daily_rest_matrix,runs/next_build/20260529/marginal_pref_only,20260529_main,e7a52d984e7e,12,,,daily_rest_observation,"{""wait_minutes"":0}",,day_end,redacted_daily_window,,,,,0,0,20,0,literal_banned_terms_redacted,action_trace_daily_rollup
daily_rest_matrix,runs/next_build/20260529/marginal_pref_only,20260529_main,e7a52d984e7e,13,,,daily_rest_observation,"{""wait_minutes"":0}",,day_end,redacted_daily_window,,,,,0,0,10,0,literal_banned_terms_redacted,action_trace_daily_rollup
daily_rest_matrix,runs/next_build/20260529/marginal_pref_only,20260529_main,e7a52d984e7e,14,,,daily_rest_observation,"{""wait_minutes"":0}",,day_end,redacted_daily_window,,,,,0,0,0,0,literal_banned_terms_redacted,action_trace_daily_rollup
daily_rest_matrix,runs/next_build/20260529/marginal_pref_only,20260529_main,e7a52d984e7e,15,,,daily_rest_observation,"{""wait_minutes"":0}",,day_end,redacted_daily_window,,,,,0,0,10,0,literal_banned_terms_redacted,action_trace_daily_rollup
daily_rest_matrix,runs/next_build/20260529/marginal_pref_only,20260529_main,e7a52d984e7e,16,,,daily_rest_observation,"{""wait_minutes"":0}",,day_end,redacted_daily_window,,,,,0,0,10,0,literal_banned_terms_redacted,action_trace_daily_rollup
daily_rest_matrix,runs/next_build/20260529/marginal_pref_only,20260529_main,e7a52d984e7e,17,,,daily_rest_observation,"{""wait_minutes"":0}",,day_end,redacted_daily_window,,,,,0,0,10,0,literal_banned_terms_redacted,action_trace_daily_rollup
daily_rest_matrix,runs/next_build/20260529/marginal_pref_only,20260529_main,e7a52d984e7e,18,,,daily_rest_observation,"{""wait_minutes"":0}",,day_end,redacted_daily_window,,,,,0,0,10,0,literal_banned_terms_redacted,action_trace_daily_rollup
daily_rest_matrix,runs/next_build/20260529/marginal_pref_only,20260529_main,e7a52d984e7e,19,,,daily_rest_observation,"{""wait_minutes"":0}",,day_end,redacted_daily_window,,,,,0,0,10,0,literal_banned_terms_redacted,action_trace_daily_rollup
daily_rest_matrix,runs/next_build/20260529/marginal_pref_only,20260529_main,e7a52d984e7e,20,,,daily_rest_observation,"{""wait_minutes"":0}",,day_end,redacted_daily_window,,,,,0,0,0,0,literal_banned_terms_redacted,action_trace_daily_rollup
daily_rest_matrix,runs/next_build/20260529/marginal_pref_only,20260529_main,e7a52d984e7e,21,,,daily_rest_observation,"{""wait_minutes"":0}",,day_end,redacted_daily_window,,,,,0,0,10,0,literal_banned_terms_redacted,action_trace_daily_rollup
daily_rest_matrix,runs/next_build/20260529/marginal_pref_only,20260529_main,e7a52d984e7e,22,,,daily_rest_observation,"{""wait_minutes"":0}",,day_end,redacted_daily_window,,,,,0,0,10,0,literal_banned_terms_redacted,action_trace_daily_rollup
daily_rest_matrix,runs/next_build/20260529/marginal_pref_only,20260529_main,e7a52d984e7e,23,,,daily_rest_observation,"{""wait_minutes"":0}",,day_end,redacted_daily_window,,,,,0,0,10,0,literal_banned_terms_redacted,action_trace_daily_rollup
daily_rest_matrix,runs/next_build/20260529/marginal_pref_only,20260529_main,e7a52d984e7e,24,,,daily_rest_observation,"{""wait_minutes"":0}",,day_end,redacted_daily_window,,,,,0,0,10,0,literal_banned_terms_redacted,action_trace_daily_rollup
daily_rest_matrix,runs/next_build/20260529/marginal_pref_only,20260529_main,e7a52d984e7e,25,,,daily_rest_observation,"{""wait_minutes"":0}",,day_end,redacted_daily_window,,,,,0,0,10,0,literal_banned_terms_redacted,action_trace_daily_rollup
daily_rest_matrix,runs/next_build/20260529/marginal_pref_only,20260529_main,e7a52d984e7e,26,,,daily_rest_observation,"{""wait_minutes"":0}",,day_end,redacted_daily_window,,,,,0,0,0,0,literal_banned_terms_redacted,action_trace_daily_rollup
daily_rest_matrix,runs/next_build/20260529/marginal_pref_only,20260529_main,e7a52d984e7e,27,,,daily_rest_observation,"{""wait_minutes"":0}",,day_end,redacted_daily_window,,,,,0,0,10,0,literal_banned_terms_redacted,action_trace_daily_rollup
daily_rest_matrix,runs/next_build/20260529/marginal_pref_only,20260529_main,e7a52d984e7e,28,,,daily_rest_observation,"{""wait_minutes"":0}",,day_end,redacted_daily_window,,,,,0,0,10,0,literal_banned_terms_redacted,action_trace_daily_rollup
daily_rest_matrix,runs/next_build/20260529/marginal_pref_only,20260529_main,e7a52d984e7e,29,,,daily_rest_observation,"{""wait_minutes"":0}",,day_end,redacted_daily_window,,,,,0,0,10,0,literal_banned_terms_redacted,action_trace_daily_rollup
daily_rest_matrix,runs/next_build/20260529/marginal_pref_only,20260529_main,e7a52d984e7e,30,,,daily_rest_observation,"{""wait_minutes"":90}",,day_end,redacted_daily_window,,,,,90,90,10,0,literal_banned_terms_redacted,action_trace_daily_rollup
preference_rule,runs/next_build/20260529/money_greedy_no_pref,20260529_main,e7a52d984e7e,,0,2ca79f7bf774,violation_count,"{""violations"":31}",74400.0,generic_month_or_rule_deadline,redacted_generic_window,2400.0,74400.0,74400.0,1,,,,,literal_banned_terms_redacted,official_checker_rule_row
preference_rule,runs/next_build/20260529/money_greedy_no_pref,20260529_main,e7a52d984e7e,,1,d60ea9b0f447,violation_count,"{""violations"":3}",6300.0,generic_month_or_rule_deadline,redacted_generic_window,2100.0,6300.0,6300.0,1,,,,,literal_banned_terms_redacted,official_checker_rule_row
preference_rule,runs/next_build/20260529/money_greedy_no_pref,20260529_main,e7a52d984e7e,,2,2264777caec8,violation_count,"{""violations"":17}",13600.0,generic_month_or_rule_deadline,redacted_generic_window,800.0,13600.0,13600.0,1,,,,,literal_banned_terms_redacted,official_checker_rule_row
preference_rule,runs/next_build/20260529/money_greedy_no_pref,20260529_main,e7a52d984e7e,,3,ef4c0ae89fae,full_rest_day,"{""off_days"":0}",10000.0,generic_month_or_rule_deadline,redacted_generic_window,10000.0,10000.0,10000.0,1,,,,,literal_banned_terms_redacted,official_checker_rule_row
preference_rule,runs/next_build/20260529/money_greedy_no_pref,20260529_main,e7a52d984e7e,,4,35c1f2337cb9,violation_count,"{""violations"":0}",0.0,generic_month_or_rule_deadline,redacted_generic_window,0.0,0.0,0.0,0,,,,,literal_banned_terms_redacted,official_checker_rule_row
preference_rule,runs/next_build/20260529/money_greedy_no_pref,20260529_main,3e0e35341231,,0,dbf0db692546,violation_count,"{""violations"":31}",55800.0,generic_month_or_rule_deadline,redacted_generic_window,1800.0,55800.0,55800.0,1,,,,,literal_banned_terms_redacted,official_checker_rule_row
preference_rule,runs/next_build/20260529/money_greedy_no_pref,20260529_main,3e0e35341231,,1,f8464cfeabf2,violation_count,"{""violations"":4}",13600.0,generic_month_or_rule_deadline,redacted_generic_window,3400.0,13600.0,13600.0,1,,,,,literal_banned_terms_redacted,official_checker_rule_row
preference_rule,runs/next_build/20260529/money_greedy_no_pref,20260529_main,3e0e35341231,,2,5ed53dd187c2,quota_day,"{""order_days"":0}",6000.0,generic_month_or_rule_deadline,redacted_generic_window,6000.0,6000.0,6000.0,0,,,,,literal_banned_terms_redacted,official_checker_rule_row
preference_rule,runs/next_build/20260529/money_greedy_no_pref,20260529_main,3e0e35341231,,3,a2a62faab8ff,violation_count,"{""violations"":7}",840.0,generic_month_or_rule_deadline,redacted_generic_window,120.0,840.0,840.0,1,,,,,literal_banned_terms_redacted,official_checker_rule_row
preference_rule,runs/next_build/20260529/money_greedy_no_pref,20260529_main,3e0e35341231,,4,cbd7cf562029,full_rest_day,"{""off_days"":0}",10000.0,generic_month_or_rule_deadline,redacted_generic_window,10000.0,10000.0,10000.0,1,,,,,literal_banned_terms_redacted,official_checker_rule_row
preference_rule,runs/next_build/20260529/money_greedy_no_pref,20260529_main,3e0e35341231,,5,46c66114b3c4,appointment_wait,"{""satisfied"":false,""waited_minutes"":0}",5000.0,generic_month_or_rule_deadline,redacted_generic_window,5000.0,5000.0,5000.0,1,,,,,literal_banned_terms_redacted,official_checker_rule_row
preference_rule,runs/next_build/20260529/money_greedy_no_pref,20260529_main,3e0e35341231,,6,e134c6265717,date_specific,"{""satisfied"":false}",5000.0,generic_month_or_rule_deadline,redacted_generic_window,5000.0,5000.0,5000.0,1,,,,,literal_banned_terms_redacted,official_checker_rule_row
daily_rest_matrix,runs/next_build/20260529/money_greedy_no_pref,20260529_main,3e0e35341231,0,,,daily_rest_observation,"{""wait_minutes"":0}",,day_end,redacted_daily_window,,,,,0,0,1,0,literal_banned_terms_redacted,action_trace_daily_rollup
daily_rest_matrix,runs/next_build/20260529/money_greedy_no_pref,20260529_main,3e0e35341231,2,,,daily_rest_observation,"{""wait_minutes"":0}",,day_end,redacted_daily_window,,,,,0,0,10,0,literal_banned_terms_redacted,action_trace_daily_rollup
daily_rest_matrix,runs/next_build/20260529/money_greedy_no_pref,20260529_main,3e0e35341231,3,,,daily_rest_observation,"{""wait_minutes"":0}",,day_end,redacted_daily_window,,,,,0,0,10,0,literal_banned_terms_redacted,action_trace_daily_rollup
daily_rest_matrix,runs/next_build/20260529/money_greedy_no_pref,20260529_main,3e0e35341231,4,,,daily_rest_observation,"{""wait_minutes"":0}",,day_end,redacted_daily_window,,,,,0,0,0,0,literal_banned_terms_redacted,action_trace_daily_rollup
daily_rest_matrix,runs/next_build/20260529/money_greedy_no_pref,20260529_main,3e0e35341231,5,,,daily_rest_observation,"{""wait_minutes"":0}",,day_end,redacted_daily_window,,,,,0,0,10,0,literal_banned_terms_redacted,action_trace_daily_rollup
daily_rest_matrix,runs/next_build/20260529/money_greedy_no_pref,20260529_main,3e0e35341231,6,,,daily_rest_observation,"{""wait_minutes"":0}",,day_end,redacted_daily_window,,,,,0,0,10,0,literal_banned_terms_redacted,action_trace_daily_rollup
daily_rest_matrix,runs/next_build/20260529/money_greedy_no_pref,20260529_main,3e0e35341231,7,,,daily_rest_observation,"{""wait_minutes"":0}",,day_end,redacted_daily_window,,,,,0,0,10,0,literal_banned_terms_redacted,action_trace_daily_rollup
daily_rest_matrix,runs/next_build/20260529/money_greedy_no_pref,20260529_main,3e0e35341231,8,,,daily_rest_observation,"{""wait_minutes"":0}",,day_end,redacted_daily_window,,,,,0,0,10,0,literal_banned_terms_redacted,action_trace_daily_rollup
daily_rest_matrix,runs/next_build/20260529/money_greedy_no_pref,20260529_main,3e0e35341231,9,,,daily_rest_observation,"{""wait_minutes"":0}",,day_end,redacted_daily_window,,,,,0,0,0,0,literal_banned_terms_redacted,action_trace_daily_rollup
daily_rest_matrix,runs/next_build/20260529/money_greedy_no_pref,20260529_main,3e0e35341231,10,,,daily_rest_observation,"{""wait_minutes"":0}",,day_end,redacted_daily_window,,,,,0,0,10,0,literal_banned_terms_redacted,action_trace_daily_rollup
daily_rest_matrix,runs/next_build/20260529/money_greedy_no_pref,20260529_main,3e0e35341231,11,,,daily_rest_observation,"{""wait_minutes"":0}",,day_end,redacted_daily_window,,,,,0,0,10,0,literal_banned_terms_redacted,action_trace_daily_rollup
daily_rest_matrix,runs/next_build/20260529/money_greedy_no_pref,20260529_main,3e0e35341231,12,,,daily_rest_observation,"{""wait_minutes"":0}",,day_end,redacted_daily_window,,,,,0,0,0,0,literal_banned_terms_redacted,action_trace_daily_rollup
daily_rest_matrix,runs/next_build/20260529/money_greedy_no_pref,20260529_main,3e0e35341231,13,,,daily_rest_observation,"{""wait_minutes"":0}",,day_end,redacted_daily_window,,,,,0,0,10,0,literal_banned_terms_redacted,action_trace_daily_rollup
daily_rest_matrix,runs/next_build/20260529/money_greedy_no_pref,20260529_main,3e0e35341231,14,,,daily_rest_observation,"{""wait_minutes"":0}",,day_end,redacted_daily_window,,,,,0,0,10,0,literal_banned_terms_redacted,action_trace_daily_rollup
daily_rest_matrix,runs/next_build/20260529/money_greedy_no_pref,20260529_main,3e0e35341231,15,,,daily_rest_observation,"{""wait_minutes"":0}",,day_end,redacted_daily_window,,,,,0,0,0,0,literal_banned_terms_redacted,action_trace_daily_rollup
daily_rest_matrix,runs/next_build/20260529/money_greedy_no_pref,20260529_main,3e0e35341231,16,,,daily_rest_observation,"{""wait_minutes"":0}",,day_end,redacted_daily_window,,,,,0,0,10,0,literal_banned_terms_redacted,action_trace_daily_rollup
daily_rest_matrix,runs/next_build/20260529/money_greedy_no_pref,20260529_main,3e0e35341231,17,,,daily_rest_observation,"{""wait_minutes"":0}",,day_end,redacted_daily_window,,,,,0,0,0,0,literal_banned_terms_redacted,action_trace_daily_rollup
daily_rest_matrix,runs/next_build/20260529/money_greedy_no_pref,20260529_main,3e0e35341231,18,,,daily_rest_observation,"{""wait_minutes"":0}",,day_end,redacted_daily_window,,,,,0,0,10,0,literal_banned_terms_redacted,action_trace_daily_rollup
daily_rest_matrix,runs/next_build/20260529/money_greedy_no_pref,20260529_main,3e0e35341231,19,,,daily_rest_observation,"{""wait_minutes"":0}",,day_end,redacted_daily_window,,,,,0,0,10,0,literal_banned_terms_redacted,action_trace_daily_rollup
daily_rest_matrix,runs/next_build/20260529/money_greedy_no_pref,20260529_main,3e0e35341231,20,,,daily_rest_observation,"{""wait_minutes"":0}",,day_end,redacted_daily_window,,,,,0,0,10,0,literal_banned_terms_redacted,action_trace_daily_rollup
daily_rest_matrix,runs/next_build/20260529/money_greedy_no_pref,20260529_main,3e0e35341231,21,,,daily_rest_observation,"{""wait_minutes"":0}",,day_end,redacted_daily_window,,,,,0,0,20,0,literal_banned_terms_redacted,action_trace_daily_rollup
daily_rest_matrix,runs/next_build/20260529/money_greedy_no_pref,20260529_main,3e0e35341231,22,,,daily_rest_observation,"{""wait_minutes"":0}",,day_end,redacted_daily_window,,,,,0,0,10,0,literal_banned_terms_redacted,action_trace_daily_rollup
daily_rest_matrix,runs/next_build/20260529/money_greedy_no_pref,20260529_main,3e0e35341231,23,,,daily_rest_observation,"{""wait_minutes"":0}",,day_end,redacted_daily_window,,,,,0,0,10,0,literal_banned_terms_redacted,action_trace_daily_rollup
daily_rest_matrix,runs/next_build/20260529/money_greedy_no_pref,20260529_main,3e0e35341231,24,,,daily_rest_observation,"{""wait_minutes"":0}",,day_end,redacted_daily_window,,,,,0,0,0,0,literal_banned_terms_redacted,action_trace_daily_rollup
daily_rest_matrix,runs/next_build/20260529/money_greedy_no_pref,20260529_main,3e0e35341231,25,,,daily_rest_observation,"{""wait_minutes"":0}",,day_end,redacted_daily_window,,,,,0,0,10,0,literal_banned_terms_redacted,action_trace_daily_rollup
daily_rest_matrix,runs/next_build/20260529/money_greedy_no_pref,20260529_main,3e0e35341231,26,,,daily_rest_observation,"{""wait_minutes"":0}",,day_end,redacted_daily_window,,,,,0,0,10,0,literal_banned_terms_redacted,action_trace_daily_rollup
daily_rest_matrix,runs/next_build/20260529/money_greedy_no_pref,20260529_main,3e0e35341231,27,,,daily_rest_observation,"{""wait_minutes"":0}",,day_end,redacted_daily_window,,,,,0,0,10,0,literal_banned_terms_redacted,action_trace_daily_rollup
daily_rest_matrix,runs/next_build/20260529/money_greedy_no_pref,20260529_main,3e0e35341231,28,,,daily_rest_observation,"{""wait_minutes"":0}",,day_end,redacted_daily_window,,,,,0,0,10,0,literal_banned_terms_redacted,action_trace_daily_rollup
daily_rest_matrix,runs/next_build/20260529/money_greedy_no_pref,20260529_main,3e0e35341231,29,,,daily_rest_observation,"{""wait_minutes"":0}",,day_end,redacted_daily_window,,,,,0,0,0,0,literal_banned_terms_redacted,action_trace_daily_rollup
daily_rest_matrix,runs/next_build/20260529/money_greedy_no_pref,20260529_main,3e0e35341231,30,,,daily_rest_observation,"{""wait_minutes"":61}",,day_end,redacted_daily_window,,,,,61,61,10,0,literal_banned_terms_redacted,action_trace_daily_rollup
daily_rest_matrix,runs/next_build/20260529/money_greedy_no_pref,20260529_main,e7a52d984e7e,0,,,daily_rest_observation,"{""wait_minutes"":0}",,day_end,redacted_daily_window,,,,,0,0,1,0,literal_banned_terms_redacted,action_trace_daily_rollup
daily_rest_matrix,runs/next_build/20260529/money_greedy_no_pref,20260529_main,e7a52d984e7e,2,,,daily_rest_observation,"{""wait_minutes"":0}",,day_end,redacted_daily_window,,,,,0,0,10,0,literal_banned_terms_redacted,action_trace_daily_rollup
daily_rest_matrix,runs/next_build/20260529/money_greedy_no_pref,20260529_main,e7a52d984e7e,3,,,daily_rest_observation,"{""wait_minutes"":0}",,day_end,redacted_daily_window,,,,,0,0,10,0,literal_banned_terms_redacted,action_trace_daily_rollup
daily_rest_matrix,runs/next_build/20260529/money_greedy_no_pref,20260529_main,e7a52d984e7e,4,,,daily_rest_observation,"{""wait_minutes"":0}",,day_end,redacted_daily_window,,,,,0,0,0,0,literal_banned_terms_redacted,action_trace_daily_rollup
daily_rest_matrix,runs/next_build/20260529/money_greedy_no_pref,20260529_main,e7a52d984e7e,5,,,daily_rest_observation,"{""wait_minutes"":0}",,day_end,redacted_daily_window,,,,,0,0,10,0,literal_banned_terms_redacted,action_trace_daily_rollup
daily_rest_matrix,runs/next_build/20260529/money_greedy_no_pref,20260529_main,e7a52d984e7e,6,,,daily_rest_observation,"{""wait_minutes"":0}",,day_end,redacted_daily_window,,,,,0,0,10,0,literal_banned_terms_redacted,action_trace_daily_rollup
daily_rest_matrix,runs/next_build/20260529/money_greedy_no_pref,20260529_main,e7a52d984e7e,7,,,daily_rest_observation,"{""wait_minutes"":0}",,day_end,redacted_daily_window,,,,,0,0,10,0,literal_banned_terms_redacted,action_trace_daily_rollup
daily_rest_matrix,runs/next_build/20260529/money_greedy_no_pref,20260529_main,e7a52d984e7e,8,,,daily_rest_observation,"{""wait_minutes"":0}",,day_end,redacted_daily_window,,,,,0,0,10,0,literal_banned_terms_redacted,action_trace_daily_rollup
daily_rest_matrix,runs/next_build/20260529/money_greedy_no_pref,20260529_main,e7a52d984e7e,9,,,daily_rest_observation,"{""wait_minutes"":0}",,day_end,redacted_daily_window,,,,,0,0,0,0,literal_banned_terms_redacted,action_trace_daily_rollup
daily_rest_matrix,runs/next_build/20260529/money_greedy_no_pref,20260529_main,e7a52d984e7e,10,,,daily_rest_observation,"{""wait_minutes"":0}",,day_end,redacted_daily_window,,,,,0,0,10,0,literal_banned_terms_redacted,action_trace_daily_rollup
daily_rest_matrix,runs/next_build/20260529/money_greedy_no_pref,20260529_main,e7a52d984e7e,11,,,daily_rest_observation,"{""wait_minutes"":0}",,day_end,redacted_daily_window,,,,,0,0,10,0,literal_banned_terms_redacted,action_trace_daily_rollup
daily_rest_matrix,runs/next_build/20260529/money_greedy_no_pref,20260529_main,e7a52d984e7e,12,,,daily_rest_observation,"{""wait_minutes"":0}",,day_end,redacted_daily_window,,,,,0,0,0,0,literal_banned_terms_redacted,action_trace_daily_rollup
daily_rest_matrix,runs/next_build/20260529/money_greedy_no_pref,20260529_main,e7a52d984e7e,13,,,daily_rest_observation,"{""wait_minutes"":0}",,day_end,redacted_daily_window,,,,,0,0,10,0,literal_banned_terms_redacted,action_trace_daily_rollup
daily_rest_matrix,runs/next_build/20260529/money_greedy_no_pref,20260529_main,e7a52d984e7e,14,,,daily_rest_observation,"{""wait_minutes"":0}",,day_end,redacted_daily_window,,,,,0,0,10,0,literal_banned_terms_redacted,action_trace_daily_rollup
daily_rest_matrix,runs/next_build/20260529/money_greedy_no_pref,20260529_main,e7a52d984e7e,15,,,daily_rest_observation,"{""wait_minutes"":0}",,day_end,redacted_daily_window,,,,,0,0,0,0,literal_banned_terms_redacted,action_trace_daily_rollup
daily_rest_matrix,runs/next_build/20260529/money_greedy_no_pref,20260529_main,e7a52d984e7e,16,,,daily_rest_observation,"{""wait_minutes"":0}",,day_end,redacted_daily_window,,,,,0,0,10,0,literal_banned_terms_redacted,action_trace_daily_rollup
daily_rest_matrix,runs/next_build/20260529/money_greedy_no_pref,20260529_main,e7a52d984e7e,17,,,daily_rest_observation,"{""wait_minutes"":0}",,day_end,redacted_daily_window,,,,,0,0,0,0,literal_banned_terms_redacted,action_trace_daily_rollup
daily_rest_matrix,runs/next_build/20260529/money_greedy_no_pref,20260529_main,e7a52d984e7e,18,,,daily_rest_observation,"{""wait_minutes"":0}",,day_end,redacted_daily_window,,,,,0,0,10,0,literal_banned_terms_redacted,action_trace_daily_rollup
daily_rest_matrix,runs/next_build/20260529/money_greedy_no_pref,20260529_main,e7a52d984e7e,19,,,daily_rest_observation,"{""wait_minutes"":0}",,day_end,redacted_daily_window,,,,,0,0,10,0,literal_banned_terms_redacted,action_trace_daily_rollup
daily_rest_matrix,runs/next_build/20260529/money_greedy_no_pref,20260529_main,e7a52d984e7e,20,,,daily_rest_observation,"{""wait_minutes"":0}",,day_end,redacted_daily_window,,,,,0,0,10,0,literal_banned_terms_redacted,action_trace_daily_rollup
daily_rest_matrix,runs/next_build/20260529/money_greedy_no_pref,20260529_main,e7a52d984e7e,21,,,daily_rest_observation,"{""wait_minutes"":0}",,day_end,redacted_daily_window,,,,,0,0,20,0,literal_banned_terms_redacted,action_trace_daily_rollup
daily_rest_matrix,runs/next_build/20260529/money_greedy_no_pref,20260529_main,e7a52d984e7e,22,,,daily_rest_observation,"{""wait_minutes"":0}",,day_end,redacted_daily_window,,,,,0,0,10,0,literal_banned_terms_redacted,action_trace_daily_rollup
daily_rest_matrix,runs/next_build/20260529/money_greedy_no_pref,20260529_main,e7a52d984e7e,23,,,daily_rest_observation,"{""wait_minutes"":0}",,day_end,redacted_daily_window,,,,,0,0,10,0,literal_banned_terms_redacted,action_trace_daily_rollup
daily_rest_matrix,runs/next_build/20260529/money_greedy_no_pref,20260529_main,e7a52d984e7e,24,,,daily_rest_observation,"{""wait_minutes"":0}",,day_end,redacted_daily_window,,,,,0,0,0,0,literal_banned_terms_redacted,action_trace_daily_rollup
daily_rest_matrix,runs/next_build/20260529/money_greedy_no_pref,20260529_main,e7a52d984e7e,25,,,daily_rest_observation,"{""wait_minutes"":0}",,day_end,redacted_daily_window,,,,,0,0,10,0,literal_banned_terms_redacted,action_trace_daily_rollup
daily_rest_matrix,runs/next_build/20260529/money_greedy_no_pref,20260529_main,e7a52d984e7e,26,,,daily_rest_observation,"{""wait_minutes"":0}",,day_end,redacted_daily_window,,,,,0,0,10,0,literal_banned_terms_redacted,action_trace_daily_rollup
daily_rest_matrix,runs/next_build/20260529/money_greedy_no_pref,20260529_main,e7a52d984e7e,27,,,daily_rest_observation,"{""wait_minutes"":0}",,day_end,redacted_daily_window,,,,,0,0,10,0,literal_banned_terms_redacted,action_trace_daily_rollup
daily_rest_matrix,runs/next_build/20260529/money_greedy_no_pref,20260529_main,e7a52d984e7e,28,,,daily_rest_observation,"{""wait_minutes"":0}",,day_end,redacted_daily_window,,,,,0,0,10,0,literal_banned_terms_redacted,action_trace_daily_rollup
daily_rest_matrix,runs/next_build/20260529/money_greedy_no_pref,20260529_main,e7a52d984e7e,29,,,daily_rest_observation,"{""wait_minutes"":0}",,day_end,redacted_daily_window,,,,,0,0,0,0,literal_banned_terms_redacted,action_trace_daily_rollup
daily_rest_matrix,runs/next_build/20260529/money_greedy_no_pref,20260529_main,e7a52d984e7e,30,,,daily_rest_observation,"{""wait_minutes"":61}",,day_end,redacted_daily_window,,,,,61,61,10,0,literal_banned_terms_redacted,action_trace_daily_rollup
preference_rule,runs/next_build/20260529/preference_state_machine,20260529_main,e7a52d984e7e,,0,2ca79f7bf774,violation_count,"{""violations"":17}",40800.0,generic_month_or_rule_deadline,redacted_generic_window,2400.0,40800.0,40800.0,1,,,,,literal_banned_terms_redacted,official_checker_rule_row
preference_rule,runs/next_build/20260529/preference_state_machine,20260529_main,e7a52d984e7e,,1,d60ea9b0f447,violation_count,"{""violations"":4}",8400.0,generic_month_or_rule_deadline,redacted_generic_window,2100.0,8400.0,8400.0,1,,,,,literal_banned_terms_redacted,official_checker_rule_row
preference_rule,runs/next_build/20260529/preference_state_machine,20260529_main,e7a52d984e7e,,2,2264777caec8,violation_count,"{""violations"":13}",10400.0,generic_month_or_rule_deadline,redacted_generic_window,800.0,10400.0,10400.0,1,,,,,literal_banned_terms_redacted,official_checker_rule_row
preference_rule,runs/next_build/20260529/preference_state_machine,20260529_main,e7a52d984e7e,,3,ef4c0ae89fae,full_rest_day,"{""off_days"":0}",10000.0,generic_month_or_rule_deadline,redacted_generic_window,10000.0,10000.0,10000.0,1,,,,,literal_banned_terms_redacted,official_checker_rule_row
preference_rule,runs/next_build/20260529/preference_state_machine,20260529_main,e7a52d984e7e,,4,35c1f2337cb9,violation_count,"{""violations"":1}",3000.0,generic_month_or_rule_deadline,redacted_generic_window,3000.0,3000.0,3000.0,1,,,,,literal_banned_terms_redacted,official_checker_rule_row
preference_rule,runs/next_build/20260529/preference_state_machine,20260529_main,3e0e35341231,,0,dbf0db692546,violation_count,"{""violations"":26}",46800.0,generic_month_or_rule_deadline,redacted_generic_window,1800.0,46800.0,46800.0,1,,,,,literal_banned_terms_redacted,official_checker_rule_row
preference_rule,runs/next_build/20260529/preference_state_machine,20260529_main,3e0e35341231,,1,f8464cfeabf2,violation_count,"{""violations"":2}",6800.0,generic_month_or_rule_deadline,redacted_generic_window,3400.0,6800.0,6800.0,1,,,,,literal_banned_terms_redacted,official_checker_rule_row
preference_rule,runs/next_build/20260529/preference_state_machine,20260529_main,3e0e35341231,,2,5ed53dd187c2,quota_day,"{""order_days"":2}",6000.0,generic_month_or_rule_deadline,redacted_generic_window,6000.0,6000.0,6000.0,0,,,,,literal_banned_terms_redacted,official_checker_rule_row
preference_rule,runs/next_build/20260529/preference_state_machine,20260529_main,3e0e35341231,,3,a2a62faab8ff,violation_count,"{""violations"":8}",960.0,generic_month_or_rule_deadline,redacted_generic_window,120.0,960.0,960.0,1,,,,,literal_banned_terms_redacted,official_checker_rule_row
preference_rule,runs/next_build/20260529/preference_state_machine,20260529_main,3e0e35341231,,4,cbd7cf562029,full_rest_day,"{""off_days"":0}",10000.0,generic_month_or_rule_deadline,redacted_generic_window,10000.0,10000.0,10000.0,1,,,,,literal_banned_terms_redacted,official_checker_rule_row
preference_rule,runs/next_build/20260529/preference_state_machine,20260529_main,3e0e35341231,,5,46c66114b3c4,appointment_wait,"{""satisfied"":false,""waited_minutes"":0}",5000.0,generic_month_or_rule_deadline,redacted_generic_window,5000.0,5000.0,5000.0,1,,,,,literal_banned_terms_redacted,official_checker_rule_row
preference_rule,runs/next_build/20260529/preference_state_machine,20260529_main,3e0e35341231,,6,e134c6265717,date_specific,"{""satisfied"":false}",5000.0,generic_month_or_rule_deadline,redacted_generic_window,5000.0,5000.0,5000.0,1,,,,,literal_banned_terms_redacted,official_checker_rule_row
daily_rest_matrix,runs/next_build/20260529/preference_state_machine,20260529_main,3e0e35341231,0,,,daily_rest_observation,"{""wait_minutes"":540}",,day_end,redacted_daily_window,,,,,540,540,0,1,literal_banned_terms_redacted,action_trace_daily_rollup
daily_rest_matrix,runs/next_build/20260529/preference_state_machine,20260529_main,3e0e35341231,1,,,daily_rest_observation,"{""wait_minutes"":209}",,day_end,redacted_daily_window,,,,,209,209,0,1,literal_banned_terms_redacted,action_trace_daily_rollup
daily_rest_matrix,runs/next_build/20260529/preference_state_machine,20260529_main,3e0e35341231,2,,,daily_rest_observation,"{""wait_minutes"":0}",,day_end,redacted_daily_window,,,,,0,0,0,0,literal_banned_terms_redacted,action_trace_daily_rollup
daily_rest_matrix,runs/next_build/20260529/preference_state_machine,20260529_main,3e0e35341231,3,,,daily_rest_observation,"{""wait_minutes"":469}",,day_end,redacted_daily_window,,,,,469,469,0,1,literal_banned_terms_redacted,action_trace_daily_rollup
daily_rest_matrix,runs/next_build/20260529/preference_state_machine,20260529_main,3e0e35341231,4,,,daily_rest_observation,"{""wait_minutes"":534}",,day_end,redacted_daily_window,,,,,534,534,0,1,literal_banned_terms_redacted,action_trace_daily_rollup
daily_rest_matrix,runs/next_build/20260529/preference_state_machine,20260529_main,3e0e35341231,5,,,daily_rest_observation,"{""wait_minutes"":188}",,day_end,redacted_daily_window,,,,,188,188,0,1,literal_banned_terms_redacted,action_trace_daily_rollup
daily_rest_matrix,runs/next_build/20260529/preference_state_machine,20260529_main,3e0e35341231,6,,,daily_rest_observation,"{""wait_minutes"":437}",,day_end,redacted_daily_window,,,,,437,437,0,1,literal_banned_terms_redacted,action_trace_daily_rollup
daily_rest_matrix,runs/next_build/20260529/preference_state_machine,20260529_main,3e0e35341231,7,,,daily_rest_observation,"{""wait_minutes"":93}",,day_end,redacted_daily_window,,,,,93,93,0,1,literal_banned_terms_redacted,action_trace_daily_rollup
daily_rest_matrix,runs/next_build/20260529/preference_state_machine,20260529_main,3e0e35341231,8,,,daily_rest_observation,"{""wait_minutes"":0}",,day_end,redacted_daily_window,,,,,0,0,0,0,literal_banned_terms_redacted,action_trace_daily_rollup
daily_rest_matrix,runs/next_build/20260529/preference_state_machine,20260529_main,3e0e35341231,9,,,daily_rest_observation,"{""wait_minutes"":1090}",,day_end,redacted_daily_window,,,,,1090,1090,0,1,literal_banned_terms_redacted,action_trace_daily_rollup
daily_rest_matrix,runs/next_build/20260529/preference_state_machine,20260529_main,3e0e35341231,10,,,daily_rest_observation,"{""wait_minutes"":1079}",,day_end,redacted_daily_window,,,,,540,1079,0,1,literal_banned_terms_redacted,action_trace_daily_rollup
daily_rest_matrix,runs/next_build/20260529/preference_state_machine,20260529_main,3e0e35341231,11,,,daily_rest_observation,"{""wait_minutes"":0}",,day_end,redacted_daily_window,,,,,0,0,0,0,literal_banned_terms_redacted,action_trace_daily_rollup
daily_rest_matrix,runs/next_build/20260529/preference_state_machine,20260529_main,3e0e35341231,12,,,daily_rest_observation,"{""wait_minutes"":177}",,day_end,redacted_daily_window,,,,,177,177,0,1,literal_banned_terms_redacted,action_trace_daily_rollup
daily_rest_matrix,runs/next_build/20260529/preference_state_machine,20260529_main,3e0e35341231,13,,,daily_rest_observation,"{""wait_minutes"":522}",,day_end,redacted_daily_window,,,,,522,522,0,1,literal_banned_terms_redacted,action_trace_daily_rollup
daily_rest_matrix,runs/next_build/20260529/preference_state_machine,20260529_main,3e0e35341231,14,,,daily_rest_observation,"{""wait_minutes"":368}",,day_end,redacted_daily_window,,,,,368,368,0,1,literal_banned_terms_redacted,action_trace_daily_rollup
daily_rest_matrix,runs/next_build/20260529/preference_state_machine,20260529_main,3e0e35341231,15,,,daily_rest_observation,"{""wait_minutes"":387}",,day_end,redacted_daily_window,,,,,387,387,0,1,literal_banned_terms_redacted,action_trace_daily_rollup
daily_rest_matrix,runs/next_build/20260529/preference_state_machine,20260529_main,3e0e35341231,16,,,daily_rest_observation,"{""wait_minutes"":318}",,day_end,redacted_daily_window,,,,,318,318,0,1,literal_banned_terms_redacted,action_trace_daily_rollup
daily_rest_matrix,runs/next_build/20260529/preference_state_machine,20260529_main,3e0e35341231,17,,,daily_rest_observation,"{""wait_minutes"":315}",,day_end,redacted_daily_window,,,,,315,315,0,1,literal_banned_terms_redacted,action_trace_daily_rollup
daily_rest_matrix,runs/next_build/20260529/preference_state_machine,20260529_main,3e0e35341231,18,,,daily_rest_observation,"{""wait_minutes"":165}",,day_end,redacted_daily_window,,,,,165,165,0,1,literal_banned_terms_redacted,action_trace_daily_rollup
daily_rest_matrix,runs/next_build/20260529/preference_state_machine,20260529_main,3e0e35341231,19,,,daily_rest_observation,"{""wait_minutes"":1348}",,day_end,redacted_daily_window,,,,,1348,1348,0,1,literal_banned_terms_redacted,action_trace_daily_rollup
daily_rest_matrix,runs/next_build/20260529/preference_state_machine,20260529_main,3e0e35341231,20,,,daily_rest_observation,"{""wait_minutes"":540}",,day_end,redacted_daily_window,,,,,540,540,0,1,literal_banned_terms_redacted,action_trace_daily_rollup
daily_rest_matrix,runs/next_build/20260529/preference_state_machine,20260529_main,3e0e35341231,21,,,daily_rest_observation,"{""wait_minutes"":364}",,day_end,redacted_daily_window,,,,,364,364,0,1,literal_banned_terms_redacted,action_trace_daily_rollup
daily_rest_matrix,runs/next_build/20260529/preference_state_machine,20260529_main,3e0e35341231,22,,,daily_rest_observation,"{""wait_minutes"":376}",,day_end,redacted_daily_window,,,,,376,376,0,1,literal_banned_terms_redacted,action_trace_daily_rollup
daily_rest_matrix,runs/next_build/20260529/preference_state_machine,20260529_main,3e0e35341231,23,,,daily_rest_observation,"{""wait_minutes"":152}",,day_end,redacted_daily_window,,,,,152,152,0,1,literal_banned_terms_redacted,action_trace_daily_rollup
daily_rest_matrix,runs/next_build/20260529/preference_state_machine,20260529_main,3e0e35341231,24,,,daily_rest_observation,"{""wait_minutes"":463}",,day_end,redacted_daily_window,,,,,463,463,0,1,literal_banned_terms_redacted,action_trace_daily_rollup
daily_rest_matrix,runs/next_build/20260529/preference_state_machine,20260529_main,3e0e35341231,25,,,daily_rest_observation,"{""wait_minutes"":323}",,day_end,redacted_daily_window,,,,,323,323,0,1,literal_banned_terms_redacted,action_trace_daily_rollup
daily_rest_matrix,runs/next_build/20260529/preference_state_machine,20260529_main,3e0e35341231,26,,,daily_rest_observation,"{""wait_minutes"":296}",,day_end,redacted_daily_window,,,,,296,296,0,1,literal_banned_terms_redacted,action_trace_daily_rollup
daily_rest_matrix,runs/next_build/20260529/preference_state_machine,20260529_main,3e0e35341231,27,,,daily_rest_observation,"{""wait_minutes"":462}",,day_end,redacted_daily_window,,,,,462,462,0,1,literal_banned_terms_redacted,action_trace_daily_rollup
daily_rest_matrix,runs/next_build/20260529/preference_state_machine,20260529_main,3e0e35341231,28,,,daily_rest_observation,"{""wait_minutes"":0}",,day_end,redacted_daily_window,,,,,0,0,0,0,literal_banned_terms_redacted,action_trace_daily_rollup
daily_rest_matrix,runs/next_build/20260529/preference_state_machine,20260529_main,3e0e35341231,29,,,daily_rest_observation,"{""wait_minutes"":1419}",,day_end,redacted_daily_window,,,,,1419,1419,0,1,literal_banned_terms_redacted,action_trace_daily_rollup
daily_rest_matrix,runs/next_build/20260529/preference_state_machine,20260529_main,3e0e35341231,30,,,daily_rest_observation,"{""wait_minutes"":568}",,day_end,redacted_daily_window,,,,,540,568,0,1,literal_banned_terms_redacted,action_trace_daily_rollup
daily_rest_matrix,runs/next_build/20260529/preference_state_machine,20260529_main,e7a52d984e7e,0,,,daily_rest_observation,"{""wait_minutes"":540}",,day_end,redacted_daily_window,,,,,540,540,0,1,literal_banned_terms_redacted,action_trace_daily_rollup
daily_rest_matrix,runs/next_build/20260529/preference_state_machine,20260529_main,e7a52d984e7e,1,,,daily_rest_observation,"{""wait_minutes"":487}",,day_end,redacted_daily_window,,,,,487,487,0,1,literal_banned_terms_redacted,action_trace_daily_rollup
daily_rest_matrix,runs/next_build/20260529/preference_state_machine,20260529_main,e7a52d984e7e,2,,,daily_rest_observation,"{""wait_minutes"":205}",,day_end,redacted_daily_window,,,,,205,205,0,1,literal_banned_terms_redacted,action_trace_daily_rollup
daily_rest_matrix,runs/next_build/20260529/preference_state_machine,20260529_main,e7a52d984e7e,3,,,daily_rest_observation,"{""wait_minutes"":527}",,day_end,redacted_daily_window,,,,,527,527,0,1,literal_banned_terms_redacted,action_trace_daily_rollup
daily_rest_matrix,runs/next_build/20260529/preference_state_machine,20260529_main,e7a52d984e7e,4,,,daily_rest_observation,"{""wait_minutes"":508}",,day_end,redacted_daily_window,,,,,508,508,0,1,literal_banned_terms_redacted,action_trace_daily_rollup
daily_rest_matrix,runs/next_build/20260529/preference_state_machine,20260529_main,e7a52d984e7e,5,,,daily_rest_observation,"{""wait_minutes"":64}",,day_end,redacted_daily_window,,,,,64,64,0,1,literal_banned_terms_redacted,action_trace_daily_rollup
daily_rest_matrix,runs/next_build/20260529/preference_state_machine,20260529_main,e7a52d984e7e,6,,,daily_rest_observation,"{""wait_minutes"":304}",,day_end,redacted_daily_window,,,,,304,304,0,1,literal_banned_terms_redacted,action_trace_daily_rollup
daily_rest_matrix,runs/next_build/20260529/preference_state_machine,20260529_main,e7a52d984e7e,7,,,daily_rest_observation,"{""wait_minutes"":375}",,day_end,redacted_daily_window,,,,,375,375,0,1,literal_banned_terms_redacted,action_trace_daily_rollup
daily_rest_matrix,runs/next_build/20260529/preference_state_machine,20260529_main,e7a52d984e7e,8,,,daily_rest_observation,"{""wait_minutes"":409}",,day_end,redacted_daily_window,,,,,409,409,0,1,literal_banned_terms_redacted,action_trace_daily_rollup
daily_rest_matrix,runs/next_build/20260529/preference_state_machine,20260529_main,e7a52d984e7e,9,,,daily_rest_observation,"{""wait_minutes"":1075}",,day_end,redacted_daily_window,,,,,1075,1075,0,1,literal_banned_terms_redacted,action_trace_daily_rollup
daily_rest_matrix,runs/next_build/20260529/preference_state_machine,20260529_main,e7a52d984e7e,10,,,daily_rest_observation,"{""wait_minutes"":540}",,day_end,redacted_daily_window,,,,,540,540,0,1,literal_banned_terms_redacted,action_trace_daily_rollup
daily_rest_matrix,runs/next_build/20260529/preference_state_machine,20260529_main,e7a52d984e7e,11,,,daily_rest_observation,"{""wait_minutes"":504}",,day_end,redacted_daily_window,,,,,504,504,0,1,literal_banned_terms_redacted,action_trace_daily_rollup
daily_rest_matrix,runs/next_build/20260529/preference_state_machine,20260529_main,e7a52d984e7e,12,,,daily_rest_observation,"{""wait_minutes"":345}",,day_end,redacted_daily_window,,,,,345,345,0,1,literal_banned_terms_redacted,action_trace_daily_rollup
daily_rest_matrix,runs/next_build/20260529/preference_state_machine,20260529_main,e7a52d984e7e,13,,,daily_rest_observation,"{""wait_minutes"":395}",,day_end,redacted_daily_window,,,,,395,395,0,1,literal_banned_terms_redacted,action_trace_daily_rollup
daily_rest_matrix,runs/next_build/20260529/preference_state_machine,20260529_main,e7a52d984e7e,14,,,daily_rest_observation,"{""wait_minutes"":133}",,day_end,redacted_daily_window,,,,,133,133,0,1,literal_banned_terms_redacted,action_trace_daily_rollup
daily_rest_matrix,runs/next_build/20260529/preference_state_machine,20260529_main,e7a52d984e7e,15,,,daily_rest_observation,"{""wait_minutes"":353}",,day_end,redacted_daily_window,,,,,353,353,0,1,literal_banned_terms_redacted,action_trace_daily_rollup
daily_rest_matrix,runs/next_build/20260529/preference_state_machine,20260529_main,e7a52d984e7e,16,,,daily_rest_observation,"{""wait_minutes"":540}",,day_end,redacted_daily_window,,,,,540,540,0,1,literal_banned_terms_redacted,action_trace_daily_rollup
daily_rest_matrix,runs/next_build/20260529/preference_state_machine,20260529_main,e7a52d984e7e,17,,,daily_rest_observation,"{""wait_minutes"":443}",,day_end,redacted_daily_window,,,,,443,443,0,1,literal_banned_terms_redacted,action_trace_daily_rollup
daily_rest_matrix,runs/next_build/20260529/preference_state_machine,20260529_main,e7a52d984e7e,18,,,daily_rest_observation,"{""wait_minutes"":209}",,day_end,redacted_daily_window,,,,,209,209,0,1,literal_banned_terms_redacted,action_trace_daily_rollup
daily_rest_matrix,runs/next_build/20260529/preference_state_machine,20260529_main,e7a52d984e7e,19,,,daily_rest_observation,"{""wait_minutes"":1343}",,day_end,redacted_daily_window,,,,,1343,1343,0,1,literal_banned_terms_redacted,action_trace_daily_rollup
daily_rest_matrix,runs/next_build/20260529/preference_state_machine,20260529_main,e7a52d984e7e,20,,,daily_rest_observation,"{""wait_minutes"":540}",,day_end,redacted_daily_window,,,,,540,540,0,1,literal_banned_terms_redacted,action_trace_daily_rollup
daily_rest_matrix,runs/next_build/20260529/preference_state_machine,20260529_main,e7a52d984e7e,21,,,daily_rest_observation,"{""wait_minutes"":422}",,day_end,redacted_daily_window,,,,,422,422,0,1,literal_banned_terms_redacted,action_trace_daily_rollup
daily_rest_matrix,runs/next_build/20260529/preference_state_machine,20260529_main,e7a52d984e7e,22,,,daily_rest_observation,"{""wait_minutes"":0}",,day_end,redacted_daily_window,,,,,0,0,0,0,literal_banned_terms_redacted,action_trace_daily_rollup
daily_rest_matrix,runs/next_build/20260529/preference_state_machine,20260529_main,e7a52d984e7e,23,,,daily_rest_observation,"{""wait_minutes"":239}",,day_end,redacted_daily_window,,,,,239,239,0,1,literal_banned_terms_redacted,action_trace_daily_rollup
daily_rest_matrix,runs/next_build/20260529/preference_state_machine,20260529_main,e7a52d984e7e,24,,,daily_rest_observation,"{""wait_minutes"":276}",,day_end,redacted_daily_window,,,,,276,276,0,1,literal_banned_terms_redacted,action_trace_daily_rollup
daily_rest_matrix,runs/next_build/20260529/preference_state_machine,20260529_main,e7a52d984e7e,25,,,daily_rest_observation,"{""wait_minutes"":359}",,day_end,redacted_daily_window,,,,,359,359,0,1,literal_banned_terms_redacted,action_trace_daily_rollup
daily_rest_matrix,runs/next_build/20260529/preference_state_machine,20260529_main,e7a52d984e7e,26,,,daily_rest_observation,"{""wait_minutes"":513}",,day_end,redacted_daily_window,,,,,513,513,0,1,literal_banned_terms_redacted,action_trace_daily_rollup
daily_rest_matrix,runs/next_build/20260529/preference_state_machine,20260529_main,e7a52d984e7e,27,,,daily_rest_observation,"{""wait_minutes"":480}",,day_end,redacted_daily_window,,,,,480,480,0,1,literal_banned_terms_redacted,action_trace_daily_rollup
daily_rest_matrix,runs/next_build/20260529/preference_state_machine,20260529_main,e7a52d984e7e,28,,,daily_rest_observation,"{""wait_minutes"":9}",,day_end,redacted_daily_window,,,,,9,9,0,1,literal_banned_terms_redacted,action_trace_daily_rollup
daily_rest_matrix,runs/next_build/20260529/preference_state_machine,20260529_main,e7a52d984e7e,29,,,daily_rest_observation,"{""wait_minutes"":702}",,day_end,redacted_daily_window,,,,,702,702,0,1,literal_banned_terms_redacted,action_trace_daily_rollup
daily_rest_matrix,runs/next_build/20260529/preference_state_machine,20260529_main,e7a52d984e7e,30,,,daily_rest_observation,"{""wait_minutes"":688}",,day_end,redacted_daily_window,,,,,540,688,0,1,literal_banned_terms_redacted,action_trace_daily_rollup
preference_rule,runs/next_build/20260529/strict_pref,20260529_main,e7a52d984e7e,,0,2ca79f7bf774,violation_count,"{""violations"":0}",0.0,generic_month_or_rule_deadline,redacted_generic_window,0.0,0.0,0.0,0,,,,,literal_banned_terms_redacted,official_checker_rule_row
preference_rule,runs/next_build/20260529/strict_pref,20260529_main,e7a52d984e7e,,1,d60ea9b0f447,violation_count,"{""violations"":1}",2100.0,generic_month_or_rule_deadline,redacted_generic_window,2100.0,2100.0,2100.0,1,,,,,literal_banned_terms_redacted,official_checker_rule_row
preference_rule,runs/next_build/20260529/strict_pref,20260529_main,e7a52d984e7e,,2,2264777caec8,violation_count,"{""violations"":6}",4800.0,generic_month_or_rule_deadline,redacted_generic_window,800.0,4800.0,4800.0,1,,,,,literal_banned_terms_redacted,official_checker_rule_row
preference_rule,runs/next_build/20260529/strict_pref,20260529_main,e7a52d984e7e,,3,ef4c0ae89fae,full_rest_day,"{""off_days"":2}",10000.0,generic_month_or_rule_deadline,redacted_generic_window,10000.0,10000.0,10000.0,1,,,,,literal_banned_terms_redacted,official_checker_rule_row
preference_rule,runs/next_build/20260529/strict_pref,20260529_main,e7a52d984e7e,,4,35c1f2337cb9,violation_count,"{""violations"":0}",0.0,generic_month_or_rule_deadline,redacted_generic_window,0.0,0.0,0.0,0,,,,,literal_banned_terms_redacted,official_checker_rule_row
preference_rule,runs/next_build/20260529/strict_pref,20260529_main,3e0e35341231,,0,dbf0db692546,violation_count,"{""violations"":0}",0.0,generic_month_or_rule_deadline,redacted_generic_window,0.0,0.0,0.0,0,,,,,literal_banned_terms_redacted,official_checker_rule_row
preference_rule,runs/next_build/20260529/strict_pref,20260529_main,3e0e35341231,,1,f8464cfeabf2,violation_count,"{""violations"":1}",3400.0,generic_month_or_rule_deadline,redacted_generic_window,3400.0,3400.0,3400.0,1,,,,,literal_banned_terms_redacted,official_checker_rule_row
preference_rule,runs/next_build/20260529/strict_pref,20260529_main,3e0e35341231,,2,5ed53dd187c2,quota_day,"{""order_days"":0}",6000.0,generic_month_or_rule_deadline,redacted_generic_window,6000.0,6000.0,6000.0,0,,,,,literal_banned_terms_redacted,official_checker_rule_row
preference_rule,runs/next_build/20260529/strict_pref,20260529_main,3e0e35341231,,3,a2a62faab8ff,violation_count,"{""violations"":3}",360.0,generic_month_or_rule_deadline,redacted_generic_window,120.0,360.0,360.0,1,,,,,literal_banned_terms_redacted,official_checker_rule_row
preference_rule,runs/next_build/20260529/strict_pref,20260529_main,3e0e35341231,,4,cbd7cf562029,full_rest_day,"{""off_days"":2}",0.0,generic_month_or_rule_deadline,redacted_generic_window,0.0,0.0,0.0,0,,,,,literal_banned_terms_redacted,official_checker_rule_row
preference_rule,runs/next_build/20260529/strict_pref,20260529_main,3e0e35341231,,5,46c66114b3c4,appointment_wait,"{""satisfied"":false,""waited_minutes"":0}",5000.0,generic_month_or_rule_deadline,redacted_generic_window,5000.0,5000.0,5000.0,1,,,,,literal_banned_terms_redacted,official_checker_rule_row
preference_rule,runs/next_build/20260529/strict_pref,20260529_main,3e0e35341231,,6,e134c6265717,date_specific,"{""satisfied"":false}",5000.0,generic_month_or_rule_deadline,redacted_generic_window,5000.0,5000.0,5000.0,1,,,,,literal_banned_terms_redacted,official_checker_rule_row
daily_rest_matrix,runs/next_build/20260529/strict_pref,20260529_main,3e0e35341231,0,,,daily_rest_observation,"{""wait_minutes"":839}",,day_end,redacted_daily_window,,,,,539,839,1,0,literal_banned_terms_redacted,action_trace_daily_rollup
daily_rest_matrix,runs/next_build/20260529/strict_pref,20260529_main,3e0e35341231,1,,,daily_rest_observation,"{""wait_minutes"":727}",,day_end,redacted_daily_window,,,,,427,727,10,0,literal_banned_terms_redacted,action_trace_daily_rollup
daily_rest_matrix,runs/next_build/20260529/strict_pref,20260529_main,3e0e35341231,2,,,daily_rest_observation,"{""wait_minutes"":951}",,day_end,redacted_daily_window,,,,,534,951,10,0,literal_banned_terms_redacted,action_trace_daily_rollup
daily_rest_matrix,runs/next_build/20260529/strict_pref,20260529_main,3e0e35341231,3,,,daily_rest_observation,"{""wait_minutes"":300}",,day_end,redacted_daily_window,,,,,300,300,0,0,literal_banned_terms_redacted,action_trace_daily_rollup
daily_rest_matrix,runs/next_build/20260529/strict_pref,20260529_main,3e0e35341231,4,,,daily_rest_observation,"{""wait_minutes"":677}",,day_end,redacted_daily_window,,,,,527,677,10,0,literal_banned_terms_redacted,action_trace_daily_rollup
daily_rest_matrix,runs/next_build/20260529/strict_pref,20260529_main,3e0e35341231,5,,,daily_rest_observation,"{""wait_minutes"":837}",,day_end,redacted_daily_window,,,,,450,837,10,0,literal_banned_terms_redacted,action_trace_daily_rollup
daily_rest_matrix,runs/next_build/20260529/strict_pref,20260529_main,3e0e35341231,6,,,daily_rest_observation,"{""wait_minutes"":699}",,day_end,redacted_daily_window,,,,,399,699,20,0,literal_banned_terms_redacted,action_trace_daily_rollup
daily_rest_matrix,runs/next_build/20260529/strict_pref,20260529_main,3e0e35341231,7,,,daily_rest_observation,"{""wait_minutes"":661}",,day_end,redacted_daily_window,,,,,511,661,10,0,literal_banned_terms_redacted,action_trace_daily_rollup
daily_rest_matrix,runs/next_build/20260529/strict_pref,20260529_main,3e0e35341231,8,,,daily_rest_observation,"{""wait_minutes"":694}",,day_end,redacted_daily_window,,,,,394,694,10,0,literal_banned_terms_redacted,action_trace_daily_rollup
daily_rest_matrix,runs/next_build/20260529/strict_pref,20260529_main,3e0e35341231,9,,,daily_rest_observation,"{""wait_minutes"":569}",,day_end,redacted_daily_window,,,,,419,569,10,0,literal_banned_terms_redacted,action_trace_daily_rollup
daily_rest_matrix,runs/next_build/20260529/strict_pref,20260529_main,3e0e35341231,10,,,daily_rest_observation,"{""wait_minutes"":894}",,day_end,redacted_daily_window,,,,,450,894,10,0,literal_banned_terms_redacted,action_trace_daily_rollup
daily_rest_matrix,runs/next_build/20260529/strict_pref,20260529_main,3e0e35341231,11,,,daily_rest_observation,"{""wait_minutes"":789}",,day_end,redacted_daily_window,,,,,489,789,20,0,literal_banned_terms_redacted,action_trace_daily_rollup
daily_rest_matrix,runs/next_build/20260529/strict_pref,20260529_main,3e0e35341231,12,,,daily_rest_observation,"{""wait_minutes"":708}",,day_end,redacted_daily_window,,,,,408,708,10,0,literal_banned_terms_redacted,action_trace_daily_rollup
daily_rest_matrix,runs/next_build/20260529/strict_pref,20260529_main,3e0e35341231,13,,,daily_rest_observation,"{""wait_minutes"":797}",,day_end,redacted_daily_window,,,,,497,797,10,0,literal_banned_terms_redacted,action_trace_daily_rollup
daily_rest_matrix,runs/next_build/20260529/strict_pref,20260529_main,3e0e35341231,14,,,daily_rest_observation,"{""wait_minutes"":1337}",,day_end,redacted_daily_window,,,,,1337,1337,10,0,literal_banned_terms_redacted,action_trace_daily_rollup
daily_rest_matrix,runs/next_build/20260529/strict_pref,20260529_main,3e0e35341231,15,,,daily_rest_observation,"{""wait_minutes"":670}",,day_end,redacted_daily_window,,,,,520,670,20,0,literal_banned_terms_redacted,action_trace_daily_rollup
daily_rest_matrix,runs/next_build/20260529/strict_pref,20260529_main,3e0e35341231,16,,,daily_rest_observation,"{""wait_minutes"":560}",,day_end,redacted_daily_window,,,,,410,560,10,0,literal_banned_terms_redacted,action_trace_daily_rollup
daily_rest_matrix,runs/next_build/20260529/strict_pref,20260529_main,3e0e35341231,17,,,daily_rest_observation,"{""wait_minutes"":891}",,day_end,redacted_daily_window,,,,,450,891,10,0,literal_banned_terms_redacted,action_trace_daily_rollup
daily_rest_matrix,runs/next_build/20260529/strict_pref,20260529_main,3e0e35341231,18,,,daily_rest_observation,"{""wait_minutes"":794}",,day_end,redacted_daily_window,,,,,494,794,20,0,literal_banned_terms_redacted,action_trace_daily_rollup
daily_rest_matrix,runs/next_build/20260529/strict_pref,20260529_main,3e0e35341231,19,,,daily_rest_observation,"{""wait_minutes"":1221}",,day_end,redacted_daily_window,,,,,839,1221,10,0,literal_banned_terms_redacted,action_trace_daily_rollup
daily_rest_matrix,runs/next_build/20260529/strict_pref,20260529_main,3e0e35341231,20,,,daily_rest_observation,"{""wait_minutes"":684}",,day_end,redacted_daily_window,,,,,684,684,0,0,literal_banned_terms_redacted,action_trace_daily_rollup
daily_rest_matrix,runs/next_build/20260529/strict_pref,20260529_main,3e0e35341231,21,,,daily_rest_observation,"{""wait_minutes"":300}",,day_end,redacted_daily_window,,,,,300,300,0,0,literal_banned_terms_redacted,action_trace_daily_rollup
daily_rest_matrix,runs/next_build/20260529/strict_pref,20260529_main,3e0e35341231,22,,,daily_rest_observation,"{""wait_minutes"":647}",,day_end,redacted_daily_window,,,,,497,647,10,0,literal_banned_terms_redacted,action_trace_daily_rollup
daily_rest_matrix,runs/next_build/20260529/strict_pref,20260529_main,3e0e35341231,23,,,daily_rest_observation,"{""wait_minutes"":671}",,day_end,redacted_daily_window,,,,,521,671,10,0,literal_banned_terms_redacted,action_trace_daily_rollup
daily_rest_matrix,runs/next_build/20260529/strict_pref,20260529_main,3e0e35341231,24,,,daily_rest_observation,"{""wait_minutes"":797}",,day_end,redacted_daily_window,,,,,497,797,10,0,literal_banned_terms_redacted,action_trace_daily_rollup
daily_rest_matrix,runs/next_build/20260529/strict_pref,20260529_main,3e0e35341231,25,,,daily_rest_observation,"{""wait_minutes"":915}",,day_end,redacted_daily_window,,,,,465,915,10,0,literal_banned_terms_redacted,action_trace_daily_rollup
daily_rest_matrix,runs/next_build/20260529/strict_pref,20260529_main,3e0e35341231,26,,,daily_rest_observation,"{""wait_minutes"":852}",,day_end,redacted_daily_window,,,,,450,852,20,0,literal_banned_terms_redacted,action_trace_daily_rollup
daily_rest_matrix,runs/next_build/20260529/strict_pref,20260529_main,3e0e35341231,27,,,daily_rest_observation,"{""wait_minutes"":523}",,day_end,redacted_daily_window,,,,,373,523,20,0,literal_banned_terms_redacted,action_trace_daily_rollup
daily_rest_matrix,runs/next_build/20260529/strict_pref,20260529_main,3e0e35341231,28,,,daily_rest_observation,"{""wait_minutes"":2127}",,day_end,redacted_daily_window,,,,,1604,2127,10,0,literal_banned_terms_redacted,action_trace_daily_rollup
daily_rest_matrix,runs/next_build/20260529/strict_pref,20260529_main,3e0e35341231,30,,,daily_rest_observation,"{""wait_minutes"":662}",,day_end,redacted_daily_window,,,,,520,662,20,0,literal_banned_terms_redacted,action_trace_daily_rollup
daily_rest_matrix,runs/next_build/20260529/strict_pref,20260529_main,e7a52d984e7e,0,,,daily_rest_observation,"{""wait_minutes"":839}",,day_end,redacted_daily_window,,,,,539,839,1,0,literal_banned_terms_redacted,action_trace_daily_rollup
daily_rest_matrix,runs/next_build/20260529/strict_pref,20260529_main,e7a52d984e7e,1,,,daily_rest_observation,"{""wait_minutes"":781}",,day_end,redacted_daily_window,,,,,481,781,10,0,literal_banned_terms_redacted,action_trace_daily_rollup
daily_rest_matrix,runs/next_build/20260529/strict_pref,20260529_main,e7a52d984e7e,2,,,daily_rest_observation,"{""wait_minutes"":766}",,day_end,redacted_daily_window,,,,,466,766,10,0,literal_banned_terms_redacted,action_trace_daily_rollup
daily_rest_matrix,runs/next_build/20260529/strict_pref,20260529_main,e7a52d984e7e,3,,,daily_rest_observation,"{""wait_minutes"":708}",,day_end,redacted_daily_window,,,,,408,708,10,0,literal_banned_terms_redacted,action_trace_daily_rollup
daily_rest_matrix,runs/next_build/20260529/strict_pref,20260529_main,e7a52d984e7e,4,,,daily_rest_observation,"{""wait_minutes"":783}",,day_end,redacted_daily_window,,,,,483,783,10,0,literal_banned_terms_redacted,action_trace_daily_rollup
daily_rest_matrix,runs/next_build/20260529/strict_pref,20260529_main,e7a52d984e7e,5,,,daily_rest_observation,"{""wait_minutes"":739}",,day_end,redacted_daily_window,,,,,439,739,10,0,literal_banned_terms_redacted,action_trace_daily_rollup
daily_rest_matrix,runs/next_build/20260529/strict_pref,20260529_main,e7a52d984e7e,6,,,daily_rest_observation,"{""wait_minutes"":763}",,day_end,redacted_daily_window,,,,,463,763,10,0,literal_banned_terms_redacted,action_trace_daily_rollup
daily_rest_matrix,runs/next_build/20260529/strict_pref,20260529_main,e7a52d984e7e,7,,,daily_rest_observation,"{""wait_minutes"":555}",,day_end,redacted_daily_window,,,,,405,555,10,0,literal_banned_terms_redacted,action_trace_daily_rollup
daily_rest_matrix,runs/next_build/20260529/strict_pref,20260529_main,e7a52d984e7e,8,,,daily_rest_observation,"{""wait_minutes"":677}",,day_end,redacted_daily_window,,,,,527,677,10,0,literal_banned_terms_redacted,action_trace_daily_rollup
daily_rest_matrix,runs/next_build/20260529/strict_pref,20260529_main,e7a52d984e7e,9,,,daily_rest_observation,"{""wait_minutes"":718}",,day_end,redacted_daily_window,,,,,418,718,10,0,literal_banned_terms_redacted,action_trace_daily_rollup
daily_rest_matrix,runs/next_build/20260529/strict_pref,20260529_main,e7a52d984e7e,10,,,daily_rest_observation,"{""wait_minutes"":774}",,day_end,redacted_daily_window,,,,,474,774,10,0,literal_banned_terms_redacted,action_trace_daily_rollup
daily_rest_matrix,runs/next_build/20260529/strict_pref,20260529_main,e7a52d984e7e,11,,,daily_rest_observation,"{""wait_minutes"":669}",,day_end,redacted_daily_window,,,,,519,669,10,0,literal_banned_terms_redacted,action_trace_daily_rollup
daily_rest_matrix,runs/next_build/20260529/strict_pref,20260529_main,e7a52d984e7e,12,,,daily_rest_observation,"{""wait_minutes"":793}",,day_end,redacted_daily_window,,,,,493,793,10,0,literal_banned_terms_redacted,action_trace_daily_rollup
daily_rest_matrix,runs/next_build/20260529/strict_pref,20260529_main,e7a52d984e7e,13,,,daily_rest_observation,"{""wait_minutes"":719}",,day_end,redacted_daily_window,,,,,419,719,10,0,literal_banned_terms_redacted,action_trace_daily_rollup
daily_rest_matrix,runs/next_build/20260529/strict_pref,20260529_main,e7a52d984e7e,14,,,daily_rest_observation,"{""wait_minutes"":1323}",,day_end,redacted_daily_window,,,,,1323,1323,10,0,literal_banned_terms_redacted,action_trace_daily_rollup
daily_rest_matrix,runs/next_build/20260529/strict_pref,20260529_main,e7a52d984e7e,15,,,daily_rest_observation,"{""wait_minutes"":970}",,day_end,redacted_daily_window,,,,,520,970,20,0,literal_banned_terms_redacted,action_trace_daily_rollup
daily_rest_matrix,runs/next_build/20260529/strict_pref,20260529_main,e7a52d984e7e,16,,,daily_rest_observation,"{""wait_minutes"":677}",,day_end,redacted_daily_window,,,,,377,677,20,0,literal_banned_terms_redacted,action_trace_daily_rollup
daily_rest_matrix,runs/next_build/20260529/strict_pref,20260529_main,e7a52d984e7e,17,,,daily_rest_observation,"{""wait_minutes"":699}",,day_end,redacted_daily_window,,,,,399,699,10,0,literal_banned_terms_redacted,action_trace_daily_rollup
daily_rest_matrix,runs/next_build/20260529/strict_pref,20260529_main,e7a52d984e7e,18,,,daily_rest_observation,"{""wait_minutes"":772}",,day_end,redacted_daily_window,,,,,472,772,10,0,literal_banned_terms_redacted,action_trace_daily_rollup
daily_rest_matrix,runs/next_build/20260529/strict_pref,20260529_main,e7a52d984e7e,19,,,daily_rest_observation,"{""wait_minutes"":641}",,day_end,redacted_daily_window,,,,,491,641,10,0,literal_banned_terms_redacted,action_trace_daily_rollup
daily_rest_matrix,runs/next_build/20260529/strict_pref,20260529_main,e7a52d984e7e,20,,,daily_rest_observation,"{""wait_minutes"":881}",,day_end,redacted_daily_window,,,,,450,881,10,0,literal_banned_terms_redacted,action_trace_daily_rollup
daily_rest_matrix,runs/next_build/20260529/strict_pref,20260529_main,e7a52d984e7e,21,,,daily_rest_observation,"{""wait_minutes"":673}",,day_end,redacted_daily_window,,,,,373,673,20,0,literal_banned_terms_redacted,action_trace_daily_rollup
daily_rest_matrix,runs/next_build/20260529/strict_pref,20260529_main,e7a52d984e7e,22,,,daily_rest_observation,"{""wait_minutes"":926}",,day_end,redacted_daily_window,,,,,476,926,10,0,literal_banned_terms_redacted,action_trace_daily_rollup
daily_rest_matrix,runs/next_build/20260529/strict_pref,20260529_main,e7a52d984e7e,23,,,daily_rest_observation,"{""wait_minutes"":688}",,day_end,redacted_daily_window,,,,,388,688,20,0,literal_banned_terms_redacted,action_trace_daily_rollup
daily_rest_matrix,runs/next_build/20260529/strict_pref,20260529_main,e7a52d984e7e,24,,,daily_rest_observation,"{""wait_minutes"":934}",,day_end,redacted_daily_window,,,,,536,934,10,0,literal_banned_terms_redacted,action_trace_daily_rollup
daily_rest_matrix,runs/next_build/20260529/strict_pref,20260529_main,e7a52d984e7e,25,,,daily_rest_observation,"{""wait_minutes"":300}",,day_end,redacted_daily_window,,,,,300,300,0,0,literal_banned_terms_redacted,action_trace_daily_rollup
daily_rest_matrix,runs/next_build/20260529/strict_pref,20260529_main,e7a52d984e7e,26,,,daily_rest_observation,"{""wait_minutes"":789}",,day_end,redacted_daily_window,,,,,489,789,10,0,literal_banned_terms_redacted,action_trace_daily_rollup
daily_rest_matrix,runs/next_build/20260529/strict_pref,20260529_main,e7a52d984e7e,27,,,daily_rest_observation,"{""wait_minutes"":1191}",,day_end,redacted_daily_window,,,,,684,1191,10,0,literal_banned_terms_redacted,action_trace_daily_rollup
daily_rest_matrix,runs/next_build/20260529/strict_pref,20260529_main,e7a52d984e7e,28,,,daily_rest_observation,"{""wait_minutes"":140}",,day_end,redacted_daily_window,,,,,140,140,0,0,literal_banned_terms_redacted,action_trace_daily_rollup
daily_rest_matrix,runs/next_build/20260529/strict_pref,20260529_main,e7a52d984e7e,29,,,daily_rest_observation,"{""wait_minutes"":1418}",,day_end,redacted_daily_window,,,,,1418,1418,20,0,literal_banned_terms_redacted,action_trace_daily_rollup
daily_rest_matrix,runs/next_build/20260529/strict_pref,20260529_main,e7a52d984e7e,30,,,daily_rest_observation,"{""wait_minutes"":573}",,day_end,redacted_daily_window,,,,,520,573,20,0,literal_banned_terms_redacted,action_trace_daily_rollup
