variant_name,decision_index,time_bucket,state_hash,b0_action_type,new_action_type,b0_action_signature_hash,new_action_signature_hash,estimated_gross_delta,estimated_pref_delta,estimated_duration_delta,affected_rule_ids,rule_state_before,rule_state_after,qwen_audit_reason,controller_reason,official_replay_delta_net,official_replay_delta_gross,official_replay_delta_penalty,delta_label_mode,label_validity,state_compatible,visible_compatible,legal_compatible,regret_label_win_loss_unknown,reason_code,keep_kill_source
B9_gold_current_20260529,2,step_bucket_000,24d39e9ac177,take_order,take_order,37b04aae2550,97368ba9a423,-142.35,2542.56,-285.0,"[""048e665ca9b7"",""355f8f7bf174"",""36e6d8533839"",""5898067122eb"",""67a434f963f5"",""69c10ceb2dd4"",""e90080a0e2da""]","{""preference_components"":{""preference_repair_bonus"":0.0,""preference_soft_penalty"":-20.0,""ptt_failure_risk_applied"":-0.0,""ptt_lost_repair_window_applied"":-0.0,""ptt_low_confidence_applied"":-0.0,""ptt_marginal_penalty_applied"":-0.0,""ptt_repair_value"":0.0,""qwen_audit_adjustment_applied"":0.0,""rest_window_penalty"":-0.0},""score"":685.84}","{""preference_components"":{""lost_repair_window_cost"":-0.0,""preference_marginal_penalty"":-944.28,""preference_repair_bonus"":0.0,""preference_repair_value"":4.56,""preference_soft_penalty"":-80.0,""ptt_failure_risk_applied"":-9.0,""ptt_lost_repair_window_applied"":-0.0,""ptt_low_confidence_applied"":-292.5,""ptt_marginal_penalty_applied"":-944.28,""ptt_repair_value"":4.56,""qwen_audit_adjustment"":0.0,""qwen_audit_adjustment_applied"":0.0,""rest_window_penalty"":-0.0,""unknown_soft_risk"":-292.5},""score"":-692.15}",qwen_auditor_called_zero_adjustment,"[""preference_marginal_penalty"",""preference_repair_value"",""preference_soft_penalty"",""ptt_failure_risk_applied"",""ptt_low_confidence_applied"",""ptt_marginal_penalty_applied"",""ptt_repair_value"",""unknown_soft_risk""]",,,,trace_alignment_without_suffix_replay,diagnostic_not_official_counterfactual,False,True,True,unknown,same_action_type_signature_changed_with_controller_score,needs_official_suffix_replay_before_tuning
B9_gold_current_20260529,3,step_bucket_000,4b5d937cdf0d,wait,take_order,d21187e2ae3b,c505afbe9700,401.06,2562.56,238.0,"[""048e665ca9b7"",""355f8f7bf174"",""36e6d8533839"",""5898067122eb"",""67a434f963f5"",""69c10ceb2dd4"",""e90080a0e2da""]","{""preference_components"":{""preference_repair_value"":0.0,""ptt_wait_penalty_applied"":-0.0,""qwen_audit_adjustment_applied"":0.0},""score"":0.0}","{""preference_components"":{""lost_repair_window_cost"":-0.0,""preference_marginal_penalty"":-944.28,""preference_repair_bonus"":0.0,""preference_repair_value"":4.56,""preference_soft_penalty"":-80.0,""ptt_failure_risk_applied"":-9.0,""ptt_lost_repair_window_applied"":-0.0,""ptt_low_confidence_applied"":-292.5,""ptt_marginal_penalty_applied"":-944.28,""ptt_repair_value"":4.56,""qwen_audit_adjustment"":0.0,""qwen_audit_adjustment_applied"":0.0,""rest_window_penalty"":-0.0,""unknown_soft_risk"":-292.5},""score"":-669.82}",qwen_auditor_called_zero_adjustment,"[""preference_marginal_penalty"",""preference_repair_value"",""preference_soft_penalty"",""ptt_failure_risk_applied"",""ptt_low_confidence_applied"",""ptt_marginal_penalty_applied"",""ptt_repair_value"",""unknown_soft_risk""]",,,,trace_alignment_without_suffix_replay,diagnostic_not_official_counterfactual,False,False,True,unknown,action_type_changed_wait_to_take_order,needs_official_suffix_replay_before_tuning
B9_gold_current_20260529,5,step_bucket_000,92c1a8418cc0,wait,wait,28cf927a41bd,cbbf9f12b8d2,0.0,0.0,47.0,"[""048e665ca9b7"",""355f8f7bf174"",""36e6d8533839"",""5898067122eb"",""67a434f963f5"",""69c10ceb2dd4"",""e90080a0e2da""]","{""preference_components"":{""macro_task_repair_value"":744.0,""rest_guard"":1.0},""score"":0.0}","{""preference_components"":{""macro_task_repair_value"":744.0,""rest_guard"":1.0},""score"":0.0}",qwen_auditor_called_zero_adjustment,"[""macro_task_repair_value""]",,,,trace_alignment_without_suffix_replay,diagnostic_not_official_counterfactual,False,False,True,unknown,same_action_type_signature_changed_with_controller_score,needs_official_suffix_replay_before_tuning
B9_gold_current_20260529,6,step_bucket_000,76f19200b5fe,take_order,take_order,58af3ebfe2f5,0d1d002caeb7,-250.36,2542.56,25.0,"[""048e665ca9b7"",""355f8f7bf174"",""36e6d8533839"",""5898067122eb"",""67a434f963f5"",""69c10ceb2dd4"",""e90080a0e2da""]","{""preference_components"":{""preference_repair_bonus"":0.0,""preference_soft_penalty"":-20.0,""ptt_failure_risk_applied"":-0.0,""ptt_lost_repair_window_applied"":-0.0,""ptt_low_confidence_applied"":-0.0,""ptt_marginal_penalty_applied"":-0.0,""ptt_repair_value"":0.0,""qwen_audit_adjustment_applied"":0.0,""rest_window_penalty"":-0.0},""score"":795.31}","{""preference_components"":{""lost_repair_window_cost"":-0.0,""preference_marginal_penalty"":-944.28,""preference_repair_bonus"":0.0,""preference_repair_value"":4.56,""preference_soft_penalty"":-80.0,""ptt_failure_risk_applied"":-9.0,""ptt_lost_repair_window_applied"":-0.0,""ptt_low_confidence_applied"":-292.5,""ptt_marginal_penalty_applied"":-944.28,""ptt_repair_value"":4.56,""qwen_audit_adjustment"":0.0,""qwen_audit_adjustment_applied"":0.0,""rest_window_penalty"":-0.0,""unknown_soft_risk"":-292.5},""score"":-908.84}",qwen_auditor_called_zero_adjustment,"[""preference_marginal_penalty"",""preference_repair_value"",""preference_soft_penalty"",""ptt_failure_risk_applied"",""ptt_low_confidence_applied"",""ptt_marginal_penalty_applied"",""ptt_repair_value"",""unknown_soft_risk""]",,,,trace_alignment_without_suffix_replay,diagnostic_not_official_counterfactual,False,False,True,unknown,same_action_type_signature_changed_with_controller_score,needs_official_suffix_replay_before_tuning
B9_gold_current_20260529,7,step_bucket_000,fdd65b3a15e2,take_order,take_order,143524ed3c20,ec8daa76e009,31.63,2542.56,11.0,"[""048e665ca9b7"",""355f8f7bf174"",""36e6d8533839"",""5898067122eb"",""67a434f963f5"",""69c10ceb2dd4"",""e90080a0e2da""]","{""preference_components"":{""preference_repair_bonus"":0.0,""preference_soft_penalty"":-20.0,""ptt_failure_risk_applied"":-0.0,""ptt_lost_repair_window_applied"":-0.0,""ptt_low_confidence_applied"":-0.0,""ptt_marginal_penalty_applied"":-0.0,""ptt_repair_value"":0.0,""qwen_audit_adjustment_applied"":0.0,""rest_window_penalty"":-0.0},""score"":465.21}","{""preference_components"":{""lost_repair_window_cost"":-0.0,""preference_marginal_penalty"":-944.28,""preference_repair_bonus"":0.0,""preference_repair_value"":4.56,""preference_soft_penalty"":-80.0,""ptt_failure_risk_applied"":-9.0,""ptt_lost_repair_window_applied"":-0.0,""ptt_low_confidence_applied"":-292.5,""ptt_marginal_penalty_applied"":-944.28,""ptt_repair_value"":4.56,""qwen_audit_adjustment"":0.0,""qwen_audit_adjustment_applied"":0.0,""rest_window_penalty"":-0.0,""unknown_soft_risk"":-292.5},""score"":-792.57}",qwen_auditor_called_zero_adjustment,"[""preference_marginal_penalty"",""preference_repair_value"",""preference_soft_penalty"",""ptt_failure_risk_applied"",""ptt_low_confidence_applied"",""ptt_marginal_penalty_applied"",""ptt_repair_value"",""unknown_soft_risk""]",,,,trace_alignment_without_suffix_replay,diagnostic_not_official_counterfactual,False,False,True,unknown,same_action_type_signature_changed_with_controller_score,needs_official_suffix_replay_before_tuning
B9_gold_current_20260529,9,step_bucket_000,24d52796a858,wait,wait,d0e0cb02b508,40093b19141a,0.0,0.0,-44.0,"[""048e665ca9b7"",""355f8f7bf174"",""36e6d8533839"",""5898067122eb"",""67a434f963f5"",""69c10ceb2dd4"",""e90080a0e2da""]","{""preference_components"":{""macro_task_repair_value"":744.0,""rest_guard"":1.0},""score"":0.0}","{""preference_components"":{""macro_task_repair_value"":744.0,""rest_guard"":1.0},""score"":0.0}",qwen_auditor_called_zero_adjustment,"[""macro_task_repair_value""]",,,,trace_alignment_without_suffix_replay,diagnostic_not_official_counterfactual,False,False,True,unknown,same_action_type_signature_changed_with_controller_score,needs_official_suffix_replay_before_tuning
B9_gold_current_20260529,10,step_bucket_000,ada69c4cec12,take_order,take_order,aebc7fa4c8e0,8dae3de402db,-101.1,2542.56,-141.0,"[""048e665ca9b7"",""355f8f7bf174"",""36e6d8533839"",""5898067122eb"",""67a434f963f5"",""69c10ceb2dd4"",""e90080a0e2da""]","{""preference_components"":{""preference_repair_bonus"":0.0,""preference_soft_penalty"":-20.0,""ptt_failure_risk_applied"":-0.0,""ptt_lost_repair_window_applied"":-0.0,""ptt_low_confidence_applied"":-0.0,""ptt_marginal_penalty_applied"":-0.0,""ptt_repair_value"":0.0,""qwen_audit_adjustment_applied"":0.0,""rest_window_penalty"":-0.0},""score"":639.42}","{""preference_components"":{""lost_repair_window_cost"":-0.0,""preference_marginal_penalty"":-944.28,""preference_repair_bonus"":0.0,""preference_repair_value"":4.56,""preference_soft_penalty"":-80.0,""ptt_failure_risk_applied"":-9.0,""ptt_lost_repair_window_applied"":-0.0,""ptt_low_confidence_applied"":-292.5,""ptt_marginal_penalty_applied"":-944.28,""ptt_repair_value"":4.56,""qwen_audit_adjustment"":0.0,""qwen_audit_adjustment_applied"":0.0,""rest_window_penalty"":-0.0,""unknown_soft_risk"":-292.5},""score"":-742.47}",qwen_auditor_called_zero_adjustment,"[""preference_marginal_penalty"",""preference_repair_value"",""preference_soft_penalty"",""ptt_failure_risk_applied"",""ptt_low_confidence_applied"",""ptt_marginal_penalty_applied"",""ptt_repair_value"",""unknown_soft_risk""]",,,,trace_alignment_without_suffix_replay,diagnostic_not_official_counterfactual,False,False,True,unknown,same_action_type_signature_changed_with_controller_score,needs_official_suffix_replay_before_tuning
B9_gold_current_20260529,11,step_bucket_000,1ec3a38d9f74,take_order,take_order,869fcf274742,5b8aa38d400b,440.78,2542.56,145.0,"[""048e665ca9b7"",""355f8f7bf174"",""36e6d8533839"",""5898067122eb"",""67a434f963f5"",""69c10ceb2dd4"",""e90080a0e2da""]","{""preference_components"":{""preference_repair_bonus"":0.0,""preference_soft_penalty"":-20.0,""ptt_failure_risk_applied"":-0.0,""ptt_lost_repair_window_applied"":-0.0,""ptt_low_confidence_applied"":-0.0,""ptt_marginal_penalty_applied"":-0.0,""ptt_repair_value"":0.0,""qwen_audit_adjustment_applied"":0.0,""rest_window_penalty"":-0.0},""score"":407.14}","{""preference_components"":{""lost_repair_window_cost"":-0.0,""preference_marginal_penalty"":-944.28,""preference_repair_bonus"":0.0,""preference_repair_value"":4.56,""preference_soft_penalty"":-80.0,""ptt_failure_risk_applied"":-9.0,""ptt_lost_repair_window_applied"":-0.0,""ptt_low_confidence_applied"":-292.5,""ptt_marginal_penalty_applied"":-944.28,""ptt_repair_value"":4.56,""qwen_audit_adjustment"":0.0,""qwen_audit_adjustment_applied"":0.0,""rest_window_penalty"":-0.0,""unknown_soft_risk"":-292.5},""score"":-290.2}",qwen_auditor_called_zero_adjustment,"[""preference_marginal_penalty"",""preference_repair_value"",""preference_soft_penalty"",""ptt_failure_risk_applied"",""ptt_low_confidence_applied"",""ptt_marginal_penalty_applied"",""ptt_repair_value"",""unknown_soft_risk""]",,,,trace_alignment_without_suffix_replay,diagnostic_not_official_counterfactual,False,False,True,unknown,same_action_type_signature_changed_with_controller_score,needs_official_suffix_replay_before_tuning
B9_gold_current_20260529,12,step_bucket_000,2c96a2d9c738,wait,wait,f247e630023a,96e0b21dbd02,0.0,0.0,-4.0,"[""048e665ca9b7"",""355f8f7bf174"",""36e6d8533839"",""5898067122eb"",""67a434f963f5"",""69c10ceb2dd4"",""e90080a0e2da""]","{""preference_components"":{""macro_task_repair_value"":744.0,""rest_guard"":1.0},""score"":0.0}","{""preference_components"":{""macro_task_repair_value"":744.0,""rest_guard"":1.0},""score"":0.0}",qwen_auditor_called_zero_adjustment,"[""macro_task_repair_value""]",,,,trace_alignment_without_suffix_replay,diagnostic_not_official_counterfactual,False,False,True,unknown,same_action_type_signature_changed_with_controller_score,needs_official_suffix_replay_before_tuning
B9_gold_current_20260529,13,step_bucket_000,f193d90f49b5,take_order,take_order,c654bbca81ed,1cb926183c15,63.05,2542.56,-247.0,"[""048e665ca9b7"",""355f8f7bf174"",""36e6d8533839"",""5898067122eb"",""67a434f963f5"",""69c10ceb2dd4"",""e90080a0e2da""]","{""preference_components"":{""preference_repair_bonus"":0.0,""preference_soft_penalty"":-20.0,""ptt_failure_risk_applied"":-0.0,""ptt_lost_repair_window_applied"":-0.0,""ptt_low_confidence_applied"":-0.0,""ptt_marginal_penalty_applied"":-0.0,""ptt_repair_value"":0.0,""qwen_audit_adjustment_applied"":0.0,""rest_window_penalty"":-0.0},""score"":730.14}","{""preference_components"":{""lost_repair_window_cost"":-0.0,""preference_marginal_penalty"":-944.28,""preference_repair_bonus"":0.0,""preference_repair_value"":4.56,""preference_soft_penalty"":-80.0,""ptt_failure_risk_applied"":-9.0,""ptt_lost_repair_window_applied"":-0.0,""ptt_low_confidence_applied"":-292.5,""ptt_marginal_penalty_applied"":-944.28,""ptt_repair_value"":4.56,""qwen_audit_adjustment"":0.0,""qwen_audit_adjustment_applied"":0.0,""rest_window_penalty"":-0.0,""unknown_soft_risk"":-292.5},""score"":-319.35}",qwen_auditor_called_zero_adjustment,"[""preference_marginal_penalty"",""preference_repair_value"",""preference_soft_penalty"",""ptt_failure_risk_applied"",""ptt_low_confidence_applied"",""ptt_marginal_penalty_applied"",""ptt_repair_value"",""unknown_soft_risk""]",,,,trace_alignment_without_suffix_replay,diagnostic_not_official_counterfactual,False,False,True,unknown,same_action_type_signature_changed_with_controller_score,needs_official_suffix_replay_before_tuning
B9_gold_current_20260529,14,step_bucket_000,0e080c0ad3b5,wait,take_order,d21187e2ae3b,6bfb242dffbf,464.29,2562.56,275.0,"[""048e665ca9b7"",""355f8f7bf174"",""36e6d8533839"",""5898067122eb"",""67a434f963f5"",""69c10ceb2dd4"",""e90080a0e2da""]","{""preference_components"":{""preference_repair_value"":0.0,""ptt_wait_penalty_applied"":-0.0,""qwen_audit_adjustment_applied"":0.0},""score"":0.0}","{""preference_components"":{""lost_repair_window_cost"":-0.0,""preference_marginal_penalty"":-944.28,""preference_repair_bonus"":0.0,""preference_repair_value"":4.56,""preference_soft_penalty"":-80.0,""ptt_failure_risk_applied"":-9.0,""ptt_lost_repair_window_applied"":-0.0,""ptt_low_confidence_applied"":-292.5,""ptt_marginal_penalty_applied"":-944.28,""ptt_repair_value"":4.56,""qwen_audit_adjustment"":0.0,""qwen_audit_adjustment_applied"":0.0,""rest_window_penalty"":-0.0,""unknown_soft_risk"":-292.5},""score"":-582.4}",qwen_auditor_called_zero_adjustment,"[""preference_marginal_penalty"",""preference_repair_value"",""preference_soft_penalty"",""ptt_failure_risk_applied"",""ptt_low_confidence_applied"",""ptt_marginal_penalty_applied"",""ptt_repair_value"",""unknown_soft_risk""]",,,,trace_alignment_without_suffix_replay,diagnostic_not_official_counterfactual,False,False,True,unknown,action_type_changed_wait_to_take_order,needs_official_suffix_replay_before_tuning
B9_gold_current_20260529,16,step_bucket_000,256dd10da6d0,wait,wait,e7a16cf359e3,206f939139ab,0.0,0.0,-28.0,"[""048e665ca9b7"",""355f8f7bf174"",""36e6d8533839"",""5898067122eb"",""67a434f963f5"",""69c10ceb2dd4"",""e90080a0e2da""]","{""preference_components"":{""macro_task_repair_value"":744.0,""rest_guard"":1.0},""score"":0.0}","{""preference_components"":{""macro_task_repair_value"":744.0,""rest_guard"":1.0},""score"":0.0}",qwen_auditor_called_zero_adjustment,"[""macro_task_repair_value""]",,,,trace_alignment_without_suffix_replay,diagnostic_not_official_counterfactual,False,False,True,unknown,same_action_type_signature_changed_with_controller_score,needs_official_suffix_replay_before_tuning
B9_gold_current_20260529,17,step_bucket_000,000d3410eb46,take_order,take_order,bb04b54123c3,0476468ba4ea,-155.42,2542.56,-148.0,"[""048e665ca9b7"",""355f8f7bf174"",""36e6d8533839"",""5898067122eb"",""67a434f963f5"",""69c10ceb2dd4"",""e90080a0e2da""]","{""preference_components"":{""preference_repair_bonus"":0.0,""preference_soft_penalty"":-20.0,""ptt_failure_risk_applied"":-0.0,""ptt_lost_repair_window_applied"":-0.0,""ptt_low_confidence_applied"":-0.0,""ptt_marginal_penalty_applied"":-0.0,""ptt_repair_value"":0.0,""qwen_audit_adjustment_applied"":0.0,""rest_window_penalty"":-0.0},""score"":1089.61}","{""preference_components"":{""lost_repair_window_cost"":-0.0,""preference_marginal_penalty"":-944.28,""preference_repair_bonus"":0.0,""preference_repair_value"":4.56,""preference_soft_penalty"":-80.0,""ptt_failure_risk_applied"":-9.0,""ptt_lost_repair_window_applied"":-0.0,""ptt_low_confidence_applied"":-292.5,""ptt_marginal_penalty_applied"":-944.28,""ptt_repair_value"":4.56,""qwen_audit_adjustment"":0.0,""qwen_audit_adjustment_applied"":0.0,""rest_window_penalty"":-0.0,""unknown_soft_risk"":-292.5},""score"":-352.92}",qwen_auditor_called_zero_adjustment,"[""preference_marginal_penalty"",""preference_repair_value"",""preference_soft_penalty"",""ptt_failure_risk_applied"",""ptt_low_confidence_applied"",""ptt_marginal_penalty_applied"",""ptt_repair_value"",""unknown_soft_risk""]",,,,trace_alignment_without_suffix_replay,diagnostic_not_official_counterfactual,False,False,True,unknown,same_action_type_signature_changed_with_controller_score,needs_official_suffix_replay_before_tuning
B9_gold_current_20260529,18,step_bucket_000,aaa1dd8dade7,take_order,take_order,5cbaeb11c267,66bc3338b276,143.52,2542.56,74.0,"[""048e665ca9b7"",""355f8f7bf174"",""36e6d8533839"",""5898067122eb"",""67a434f963f5"",""69c10ceb2dd4"",""e90080a0e2da""]","{""preference_components"":{""preference_repair_bonus"":0.0,""preference_soft_penalty"":-20.0,""ptt_failure_risk_applied"":-0.0,""ptt_lost_repair_window_applied"":-0.0,""ptt_low_confidence_applied"":-0.0,""ptt_marginal_penalty_applied"":-0.0,""ptt_repair_value"":0.0,""qwen_audit_adjustment_applied"":0.0,""rest_window_penalty"":-0.0},""score"":555.14}","{""preference_components"":{""lost_repair_window_cost"":-0.0,""preference_marginal_penalty"":-944.28,""preference_repair_bonus"":0.0,""preference_repair_value"":4.56,""preference_soft_penalty"":-80.0,""ptt_failure_risk_applied"":-9.0,""ptt_lost_repair_window_applied"":-0.0,""ptt_low_confidence_applied"":-292.5,""ptt_marginal_penalty_applied"":-944.28,""ptt_repair_value"":4.56,""qwen_audit_adjustment"":0.0,""qwen_audit_adjustment_applied"":0.0,""rest_window_penalty"":-0.0,""unknown_soft_risk"":-292.5},""score"":-555.54}",qwen_auditor_called_zero_adjustment,"[""preference_marginal_penalty"",""preference_repair_value"",""preference_soft_penalty"",""ptt_failure_risk_applied"",""ptt_low_confidence_applied"",""ptt_marginal_penalty_applied"",""ptt_repair_value"",""unknown_soft_risk""]",,,,trace_alignment_without_suffix_replay,diagnostic_not_official_counterfactual,False,False,True,unknown,same_action_type_signature_changed_with_controller_score,needs_official_suffix_replay_before_tuning
B9_gold_current_20260529,20,step_bucket_000,0c710cfbb5bc,wait,wait,478885f04688,4c3d44d6eb5a,0.0,0.0,66.0,"[""048e665ca9b7"",""355f8f7bf174"",""36e6d8533839"",""5898067122eb"",""67a434f963f5"",""69c10ceb2dd4"",""e90080a0e2da""]","{""preference_components"":{""macro_task_repair_value"":744.0,""rest_guard"":1.0},""score"":0.0}","{""preference_components"":{""macro_task_repair_value"":744.0,""rest_guard"":1.0},""score"":0.0}",qwen_auditor_called_zero_adjustment,"[""macro_task_repair_value""]",,,,trace_alignment_without_suffix_replay,diagnostic_not_official_counterfactual,False,False,True,unknown,same_action_type_signature_changed_with_controller_score,needs_official_suffix_replay_before_tuning
B9_gold_current_20260529,21,step_bucket_000,91f52c38a051,take_order,take_order,dc8e19a4bacc,2ce9d9b7dc85,-103.91,2542.56,-184.0,"[""048e665ca9b7"",""355f8f7bf174"",""36e6d8533839"",""5898067122eb"",""67a434f963f5"",""69c10ceb2dd4"",""e90080a0e2da""]","{""preference_components"":{""preference_repair_bonus"":0.0,""preference_soft_penalty"":-20.0,""ptt_failure_risk_applied"":-0.0,""ptt_lost_repair_window_applied"":-0.0,""ptt_low_confidence_applied"":-0.0,""ptt_marginal_penalty_applied"":-0.0,""ptt_repair_value"":0.0,""qwen_audit_adjustment_applied"":0.0,""rest_window_penalty"":-0.0},""score"":812.11}","{""preference_components"":{""lost_repair_window_cost"":-0.0,""preference_marginal_penalty"":-944.28,""preference_repair_bonus"":0.0,""preference_repair_value"":4.56,""preference_soft_penalty"":-80.0,""ptt_failure_risk_applied"":-9.0,""ptt_lost_repair_window_applied"":-0.0,""ptt_low_confidence_applied"":-292.5,""ptt_marginal_penalty_applied"":-944.28,""ptt_repair_value"":4.56,""qwen_audit_adjustment"":0.0,""qwen_audit_adjustment_applied"":0.0,""rest_window_penalty"":-0.0,""unknown_soft_risk"":-292.5},""score"":-513.69}",qwen_auditor_called_zero_adjustment,"[""preference_marginal_penalty"",""preference_repair_value"",""preference_soft_penalty"",""ptt_failure_risk_applied"",""ptt_low_confidence_applied"",""ptt_marginal_penalty_applied"",""ptt_repair_value"",""unknown_soft_risk""]",,,,trace_alignment_without_suffix_replay,diagnostic_not_official_counterfactual,False,False,True,unknown,same_action_type_signature_changed_with_controller_score,needs_official_suffix_replay_before_tuning
B9_gold_current_20260529,22,step_bucket_000,1ebdfaed7abf,wait,take_order,d21187e2ae3b,a721480f3fb4,279.45,2552.38,152.0,"[""048e665ca9b7"",""355f8f7bf174"",""36e6d8533839"",""5898067122eb"",""67a434f963f5"",""69c10ceb2dd4"",""e90080a0e2da""]","{""preference_components"":{""preference_repair_value"":0.0,""ptt_wait_penalty_applied"":-0.0,""qwen_audit_adjustment_applied"":0.0},""score"":0.0}","{""preference_components"":{""lost_repair_window_cost"":-0.0,""preference_marginal_penalty"":-944.28,""preference_repair_bonus"":0.0,""preference_repair_value"":4.56,""preference_soft_penalty"":-69.82,""ptt_failure_risk_applied"":-9.0,""ptt_lost_repair_window_applied"":-0.0,""ptt_low_confidence_applied"":-292.5,""ptt_marginal_penalty_applied"":-944.28,""ptt_repair_value"":4.56,""qwen_audit_adjustment"":0.0,""qwen_audit_adjustment_applied"":0.0,""rest_window_penalty"":-0.0,""unknown_soft_risk"":-292.5},""score"":-805.88}",qwen_auditor_called_zero_adjustment,"[""preference_marginal_penalty"",""preference_repair_value"",""preference_soft_penalty"",""ptt_failure_risk_applied"",""ptt_low_confidence_applied"",""ptt_marginal_penalty_applied"",""ptt_repair_value"",""unknown_soft_risk""]",,,,trace_alignment_without_suffix_replay,diagnostic_not_official_counterfactual,False,False,True,unknown,action_type_changed_wait_to_take_order,needs_official_suffix_replay_before_tuning
B9_gold_current_20260529,23,step_bucket_000,8a6c719b4d12,wait,take_order,d21187e2ae3b,8863c5c73aca,62.61,2532.3,62.0,"[""048e665ca9b7"",""355f8f7bf174"",""36e6d8533839"",""5898067122eb"",""67a434f963f5"",""69c10ceb2dd4"",""e90080a0e2da""]","{""preference_components"":{""preference_repair_value"":0.0,""ptt_wait_penalty_applied"":-0.0,""qwen_audit_adjustment_applied"":0.0},""score"":-35.0}","{""preference_components"":{""lost_repair_window_cost"":-0.0,""preference_marginal_penalty"":-944.28,""preference_repair_bonus"":0.0,""preference_repair_value"":4.56,""preference_soft_penalty"":-49.74,""ptt_failure_risk_applied"":-9.0,""ptt_lost_repair_window_applied"":-0.0,""ptt_low_confidence_applied"":-292.5,""ptt_marginal_penalty_applied"":-944.28,""ptt_repair_value"":4.56,""qwen_audit_adjustment"":0.0,""qwen_audit_adjustment_applied"":0.0,""rest_window_penalty"":-0.0,""unknown_soft_risk"":-292.5},""score"":-1156.74}",qwen_auditor_called_zero_adjustment,"[""preference_marginal_penalty"",""preference_repair_value"",""preference_soft_penalty"",""ptt_failure_risk_applied"",""ptt_low_confidence_applied"",""ptt_marginal_penalty_applied"",""ptt_repair_value"",""unknown_soft_risk""]",,,,trace_alignment_without_suffix_replay,diagnostic_not_official_counterfactual,False,False,True,unknown,action_type_changed_wait_to_take_order,needs_official_suffix_replay_before_tuning
B9_gold_current_20260529,24,step_bucket_001,db8fe9c7012c,wait,wait,d21187e2ae3b,6cfb81fc3546,0.0,1.0,381.0,"[""048e665ca9b7"",""355f8f7bf174"",""36e6d8533839"",""5898067122eb"",""67a434f963f5"",""69c10ceb2dd4"",""e90080a0e2da""]","{""preference_components"":{""preference_repair_value"":0.0,""ptt_wait_penalty_applied"":-0.0,""qwen_audit_adjustment_applied"":0.0},""score"":-70.0}","{""preference_components"":{""macro_task_repair_value"":744.0,""rest_guard"":1.0},""score"":0.0}",qwen_auditor_called_zero_adjustment,"[""macro_task_repair_value""]",,,,trace_alignment_without_suffix_replay,diagnostic_not_official_counterfactual,False,False,True,unknown,same_action_type_signature_changed_with_controller_score,needs_official_suffix_replay_before_tuning
B9_gold_current_20260529,25,step_bucket_001,a50e58a173ac,wait,take_order,60d56dac98de,86e7828d894c,445.24,2561.56,6.0,"[""048e665ca9b7"",""355f8f7bf174"",""36e6d8533839"",""5898067122eb"",""67a434f963f5"",""69c10ceb2dd4"",""e90080a0e2da""]","{""preference_components"":{""macro_task_repair_value"":744.0,""rest_guard"":1.0},""score"":0.0}","{""preference_components"":{""lost_repair_window_cost"":-0.0,""preference_marginal_penalty"":-944.28,""preference_repair_bonus"":0.0,""preference_repair_value"":4.56,""preference_soft_penalty"":-80.0,""ptt_failure_risk_applied"":-9.0,""ptt_lost_repair_window_applied"":-0.0,""ptt_low_confidence_applied"":-292.5,""ptt_marginal_penalty_applied"":-944.28,""ptt_repair_value"":4.56,""qwen_audit_adjustment"":0.0,""qwen_audit_adjustment_applied"":0.0,""rest_window_penalty"":-0.0,""unknown_soft_risk"":-292.5},""score"":-611.65}",qwen_auditor_called_zero_adjustment,"[""preference_marginal_penalty"",""preference_repair_value"",""preference_soft_penalty"",""ptt_failure_risk_applied"",""ptt_low_confidence_applied"",""ptt_marginal_penalty_applied"",""ptt_repair_value"",""unknown_soft_risk""]",,,,trace_alignment_without_suffix_replay,diagnostic_not_official_counterfactual,False,False,True,unknown,action_type_changed_wait_to_take_order,needs_official_suffix_replay_before_tuning
B9_gold_current_20260529,26,step_bucket_001,87e0a6e64cf1,take_order,take_order,5515e1241887,791100ce14e1,83.82,2542.56,-132.0,"[""048e665ca9b7"",""355f8f7bf174"",""36e6d8533839"",""5898067122eb"",""67a434f963f5"",""69c10ceb2dd4"",""e90080a0e2da""]","{""preference_components"":{""preference_repair_bonus"":0.0,""preference_soft_penalty"":-20.0,""ptt_failure_risk_applied"":-0.0,""ptt_lost_repair_window_applied"":-0.0,""ptt_low_confidence_applied"":-0.0,""ptt_marginal_penalty_applied"":-0.0,""ptt_repair_value"":0.0,""qwen_audit_adjustment_applied"":0.0,""rest_window_penalty"":-0.0},""score"":634.98}","{""preference_components"":{""lost_repair_window_cost"":-0.0,""preference_marginal_penalty"":-944.28,""preference_repair_bonus"":0.0,""preference_repair_value"":4.56,""preference_soft_penalty"":-80.0,""ptt_failure_risk_applied"":-9.0,""ptt_lost_repair_window_applied"":-0.0,""ptt_low_confidence_applied"":-292.5,""ptt_marginal_penalty_applied"":-944.28,""ptt_repair_value"":4.56,""qwen_audit_adjustment"":0.0,""qwen_audit_adjustment_applied"":0.0,""rest_window_penalty"":-0.0,""unknown_soft_risk"":-292.5},""score"":-484.68}",qwen_auditor_called_zero_adjustment,"[""preference_marginal_penalty"",""preference_repair_value"",""preference_soft_penalty"",""ptt_failure_risk_applied"",""ptt_low_confidence_applied"",""ptt_marginal_penalty_applied"",""ptt_repair_value"",""unknown_soft_risk""]",,,,trace_alignment_without_suffix_replay,diagnostic_not_official_counterfactual,False,False,True,unknown,same_action_type_signature_changed_with_controller_score,needs_official_suffix_replay_before_tuning
B9_gold_current_20260529,27,step_bucket_001,7702bf143a59,wait,wait,d21187e2ae3b,34b4b968321a,0.0,1.0,378.0,"[""048e665ca9b7"",""355f8f7bf174"",""36e6d8533839"",""5898067122eb"",""67a434f963f5"",""69c10ceb2dd4"",""e90080a0e2da""]","{""preference_components"":{""preference_repair_value"":0.0,""ptt_wait_penalty_applied"":-0.0,""qwen_audit_adjustment_applied"":0.0},""score"":0.0}","{""preference_components"":{""macro_task_repair_value"":744.0,""rest_guard"":1.0},""score"":0.0}",qwen_auditor_called_zero_adjustment,"[""macro_task_repair_value""]",,,,trace_alignment_without_suffix_replay,diagnostic_not_official_counterfactual,False,True,True,unknown,same_action_type_signature_changed_with_controller_score,needs_official_suffix_replay_before_tuning
B9_gold_current_20260529,28,step_bucket_001,edd3f732889c,wait,take_order,d21187e2ae3b,581a694c0ae4,307.46,2562.56,211.0,"[""048e665ca9b7"",""355f8f7bf174"",""36e6d8533839"",""5898067122eb"",""67a434f963f5"",""69c10ceb2dd4"",""e90080a0e2da""]","{""preference_components"":{""preference_repair_value"":0.0,""ptt_wait_penalty_applied"":-0.0,""qwen_audit_adjustment_applied"":0.0},""score"":-35.0}","{""preference_components"":{""lost_repair_window_cost"":-0.0,""preference_marginal_penalty"":-944.28,""preference_repair_bonus"":0.0,""preference_repair_value"":4.56,""preference_soft_penalty"":-80.0,""ptt_failure_risk_applied"":-9.0,""ptt_lost_repair_window_applied"":-0.0,""ptt_low_confidence_applied"":-292.5,""ptt_marginal_penalty_applied"":-944.28,""ptt_repair_value"":4.56,""qwen_audit_adjustment"":0.0,""qwen_audit_adjustment_applied"":0.0,""rest_window_penalty"":-0.0,""unknown_soft_risk"":-292.5},""score"":-803.76}",qwen_auditor_called_zero_adjustment,"[""preference_marginal_penalty"",""preference_repair_value"",""preference_soft_penalty"",""ptt_failure_risk_applied"",""ptt_low_confidence_applied"",""ptt_marginal_penalty_applied"",""ptt_repair_value"",""unknown_soft_risk""]",,,,trace_alignment_without_suffix_replay,diagnostic_not_official_counterfactual,False,False,True,unknown,action_type_changed_wait_to_take_order,needs_official_suffix_replay_before_tuning
B9_gold_current_20260529,29,step_bucket_001,a198994a8098,wait,take_order,726f26479066,d199478a0beb,744.48,2561.56,-59.0,"[""048e665ca9b7"",""355f8f7bf174"",""36e6d8533839"",""5898067122eb"",""67a434f963f5"",""69c10ceb2dd4"",""e90080a0e2da""]","{""preference_components"":{""macro_task_repair_value"":744.0,""rest_guard"":1.0},""score"":0.0}","{""preference_components"":{""lost_repair_window_cost"":-0.0,""preference_marginal_penalty"":-944.28,""preference_repair_bonus"":0.0,""preference_repair_value"":4.56,""preference_soft_penalty"":-80.0,""ptt_failure_risk_applied"":-9.0,""ptt_lost_repair_window_applied"":-0.0,""ptt_low_confidence_applied"":-292.5,""ptt_marginal_penalty_applied"":-944.28,""ptt_repair_value"":4.56,""qwen_audit_adjustment"":0.0,""qwen_audit_adjustment_applied"":0.0,""rest_window_penalty"":-0.0,""unknown_soft_risk"":-292.5},""score"":-174.96}",qwen_auditor_called_zero_adjustment,"[""preference_marginal_penalty"",""preference_repair_value"",""preference_soft_penalty"",""ptt_failure_risk_applied"",""ptt_low_confidence_applied"",""ptt_marginal_penalty_applied"",""ptt_repair_value"",""unknown_soft_risk""]",,,,trace_alignment_without_suffix_replay,diagnostic_not_official_counterfactual,False,True,True,unknown,action_type_changed_wait_to_take_order,needs_official_suffix_replay_before_tuning
B9_gold_current_20260529,30,step_bucket_001,5f4841c1596b,take_order,wait,a661b4f06319,d21187e2ae3b,-594.56,-20.0,-330.0,"[""048e665ca9b7"",""355f8f7bf174"",""36e6d8533839"",""5898067122eb"",""67a434f963f5"",""69c10ceb2dd4"",""e90080a0e2da""]","{""preference_components"":{""preference_repair_bonus"":0.0,""preference_soft_penalty"":-20.0,""ptt_failure_risk_applied"":-0.0,""ptt_lost_repair_window_applied"":-0.0,""ptt_low_confidence_applied"":-0.0,""ptt_marginal_penalty_applied"":-0.0,""ptt_repair_value"":0.0,""qwen_audit_adjustment_applied"":0.0,""rest_window_penalty"":-0.0},""score"":911.42}","{""preference_components"":{""lost_repair_window_cost"":-0.0,""preference_marginal_penalty"":-0.0,""preference_repair_value"":6231.88,""ptt_repair_value"":6231.88,""ptt_wait_penalty_applied"":-0.0,""qwen_audit_adjustment"":0.0,""qwen_audit_adjustment_applied"":0.0,""unknown_soft_risk"":-0.0},""score"":6231.88}",qwen_auditor_called_zero_adjustment,"[""preference_repair_value"",""ptt_repair_value""]",,,,trace_alignment_without_suffix_replay,diagnostic_not_official_counterfactual,False,True,True,unknown,action_type_changed_take_order_to_wait,needs_official_suffix_replay_before_tuning
B9_gold_current_20260529,31,step_bucket_001,2ccb52c17267,take_order,wait,8787a5268036,c16268615c7d,-374.64,-19.0,55.0,"[""048e665ca9b7"",""355f8f7bf174"",""36e6d8533839"",""5898067122eb"",""67a434f963f5"",""69c10ceb2dd4"",""e90080a0e2da""]","{""preference_components"":{""preference_repair_bonus"":0.0,""preference_soft_penalty"":-20.0,""ptt_failure_risk_applied"":-0.0,""ptt_lost_repair_window_applied"":-0.0,""ptt_low_confidence_applied"":-0.0,""ptt_marginal_penalty_applied"":-0.0,""ptt_repair_value"":0.0,""qwen_audit_adjustment_applied"":0.0,""rest_window_penalty"":-0.0},""score"":596.72}","{""preference_components"":{""macro_task_repair_value"":744.0,""rest_guard"":1.0},""score"":0.0}",qwen_auditor_called_zero_adjustment,"[""macro_task_repair_value""]",,,,trace_alignment_without_suffix_replay,diagnostic_not_official_counterfactual,False,False,True,unknown,action_type_changed_take_order_to_wait,needs_official_suffix_replay_before_tuning
B9_gold_current_20260529,32,step_bucket_001,3e4fb0bc4500,wait,take_order,d21187e2ae3b,8527a522ed8a,156.56,2562.56,180.0,"[""048e665ca9b7"",""355f8f7bf174"",""36e6d8533839"",""5898067122eb"",""67a434f963f5"",""69c10ceb2dd4"",""e90080a0e2da""]","{""preference_components"":{""preference_repair_value"":0.0,""ptt_wait_penalty_applied"":-0.0,""qwen_audit_adjustment_applied"":0.0},""score"":0.0}","{""preference_components"":{""lost_repair_window_cost"":-0.0,""preference_marginal_penalty"":-944.28,""preference_repair_bonus"":0.0,""preference_repair_value"":4.56,""preference_soft_penalty"":-80.0,""ptt_failure_risk_applied"":-9.0,""ptt_lost_repair_window_applied"":-0.0,""ptt_low_confidence_applied"":-292.5,""ptt_marginal_penalty_applied"":-944.28,""ptt_repair_value"":4.56,""qwen_audit_adjustment"":0.0,""qwen_audit_adjustment_applied"":0.0,""rest_window_penalty"":-0.0,""unknown_soft_risk"":-292.5},""score"":-1045.19}",qwen_auditor_called_zero_adjustment,"[""preference_marginal_penalty"",""preference_repair_value"",""preference_soft_penalty"",""ptt_failure_risk_applied"",""ptt_low_confidence_applied"",""ptt_marginal_penalty_applied"",""ptt_repair_value"",""unknown_soft_risk""]",,,,trace_alignment_without_suffix_replay,diagnostic_not_official_counterfactual,False,False,True,unknown,action_type_changed_wait_to_take_order,needs_official_suffix_replay_before_tuning
B9_gold_current_20260529,33,step_bucket_001,043673676e3b,wait,take_order,81e7de077b7d,bd45f3403178,243.87,2561.56,-20.0,"[""048e665ca9b7"",""355f8f7bf174"",""36e6d8533839"",""5898067122eb"",""67a434f963f5"",""69c10ceb2dd4"",""e90080a0e2da""]","{""preference_components"":{""macro_task_repair_value"":744.0,""rest_guard"":1.0},""score"":0.0}","{""preference_components"":{""lost_repair_window_cost"":-0.0,""preference_marginal_penalty"":-944.28,""preference_repair_bonus"":0.0,""preference_repair_value"":4.56,""preference_soft_penalty"":-80.0,""ptt_failure_risk_applied"":-9.0,""ptt_lost_repair_window_applied"":-0.0,""ptt_low_confidence_applied"":-292.5,""ptt_marginal_penalty_applied"":-944.28,""ptt_repair_value"":4.56,""qwen_audit_adjustment"":0.0,""qwen_audit_adjustment_applied"":0.0,""rest_window_penalty"":-0.0,""unknown_soft_risk"":-292.5},""score"":-1533.99}",qwen_auditor_called_zero_adjustment,"[""preference_marginal_penalty"",""preference_repair_value"",""preference_soft_penalty"",""ptt_failure_risk_applied"",""ptt_low_confidence_applied"",""ptt_marginal_penalty_applied"",""ptt_repair_value"",""unknown_soft_risk""]",,,,trace_alignment_without_suffix_replay,diagnostic_not_official_counterfactual,False,False,True,unknown,action_type_changed_wait_to_take_order,needs_official_suffix_replay_before_tuning
B9_gold_current_20260529,34,step_bucket_001,5b0cd7bca398,take_order,wait,33df63c42601,d21187e2ae3b,-408.97,-20.0,-362.0,"[""048e665ca9b7"",""355f8f7bf174"",""36e6d8533839"",""5898067122eb"",""67a434f963f5"",""69c10ceb2dd4"",""e90080a0e2da""]","{""preference_components"":{""preference_repair_bonus"":0.0,""preference_soft_penalty"":-20.0,""ptt_failure_risk_applied"":-0.0,""ptt_lost_repair_window_applied"":-0.0,""ptt_low_confidence_applied"":-0.0,""ptt_marginal_penalty_applied"":-0.0,""ptt_repair_value"":0.0,""qwen_audit_adjustment_applied"":0.0,""rest_window_penalty"":-0.0},""score"":583.71}","{""preference_components"":{""lost_repair_window_cost"":-0.0,""preference_marginal_penalty"":-0.0,""preference_repair_value"":6231.88,""ptt_repair_value"":6231.88,""ptt_wait_penalty_applied"":-0.0,""qwen_audit_adjustment"":0.0,""qwen_audit_adjustment_applied"":0.0,""unknown_soft_risk"":-0.0},""score"":6231.88}",qwen_auditor_called_zero_adjustment,"[""preference_repair_value"",""ptt_repair_value""]",,,,trace_alignment_without_suffix_replay,diagnostic_not_official_counterfactual,False,False,True,unknown,action_type_changed_take_order_to_wait,needs_official_suffix_replay_before_tuning
B9_gold_current_20260529,35,step_bucket_001,a476049a4947,take_order,wait,2a29aaf1cd97,d21187e2ae3b,-313.43,-20.0,-56.0,"[""048e665ca9b7"",""355f8f7bf174"",""36e6d8533839"",""5898067122eb"",""67a434f963f5"",""69c10ceb2dd4"",""e90080a0e2da""]","{""preference_components"":{""preference_repair_bonus"":0.0,""preference_soft_penalty"":-20.0,""ptt_failure_risk_applied"":-0.0,""ptt_lost_repair_window_applied"":-0.0,""ptt_low_confidence_applied"":-0.0,""ptt_marginal_penalty_applied"":-0.0,""ptt_repair_value"":0.0,""qwen_audit_adjustment_applied"":0.0,""rest_window_penalty"":-0.0},""score"":661.96}","{""preference_components"":{""lost_repair_window_cost"":-0.0,""preference_marginal_penalty"":-0.0,""preference_repair_value"":6231.88,""ptt_repair_value"":6231.88,""ptt_wait_penalty_applied"":-0.0,""qwen_audit_adjustment"":0.0,""qwen_audit_adjustment_applied"":0.0,""unknown_soft_risk"":-0.0},""score"":6196.88}",qwen_auditor_called_zero_adjustment,"[""preference_repair_value"",""ptt_repair_value""]",,,,trace_alignment_without_suffix_replay,diagnostic_not_official_counterfactual,False,False,True,unknown,action_type_changed_take_order_to_wait,needs_official_suffix_replay_before_tuning
B9_gold_current_20260529,36,step_bucket_001,543083df3b41,wait,wait,d21187e2ae3b,3308fed2cc20,0.0,1.0,230.0,"[""048e665ca9b7"",""355f8f7bf174"",""36e6d8533839"",""5898067122eb"",""67a434f963f5"",""69c10ceb2dd4"",""e90080a0e2da""]","{""preference_components"":{""preference_repair_value"":0.0,""ptt_wait_penalty_applied"":-0.0,""qwen_audit_adjustment_applied"":0.0},""score"":0.0}","{""preference_components"":{""macro_task_repair_value"":744.0,""rest_guard"":1.0},""score"":0.0}",qwen_auditor_called_zero_adjustment,"[""macro_task_repair_value""]",,,,trace_alignment_without_suffix_replay,diagnostic_not_official_counterfactual,False,False,True,unknown,same_action_type_signature_changed_with_controller_score,needs_official_suffix_replay_before_tuning
B9_gold_current_20260529,37,step_bucket_001,dc8d2e0527b5,wait,reposition,b6edca4e257a,bd397a9d6526,0.0,-1.0,-483.0,"[""048e665ca9b7"",""355f8f7bf174"",""36e6d8533839"",""5898067122eb"",""67a434f963f5"",""69c10ceb2dd4"",""e90080a0e2da""]","{""preference_components"":{""macro_task_repair_value"":744.0,""rest_guard"":1.0},""score"":0.0}","{""preference_components"":{""lost_repair_window_cost"":-0.0,""macro_task_repair_value"":78.12,""preference_marginal_penalty"":-0.0,""preference_repair_value"":4313.59,""ptt_repair_value"":4140.0,""ptt_reposition_penalty_applied"":-0.0,""qwen_audit_adjustment"":0.0,""qwen_audit_adjustment_applied"":0.0,""unknown_soft_risk"":-0.0},""score"":4237.14}",qwen_auditor_called_zero_adjustment,"[""macro_task_repair_value"",""preference_repair_value"",""ptt_repair_value""]",,,,trace_alignment_without_suffix_replay,diagnostic_not_official_counterfactual,False,False,True,unknown,action_type_changed_wait_to_reposition,needs_official_suffix_replay_before_tuning
B9_gold_current_20260529,38,step_bucket_001,001830fc3cde,take_order,wait,7d609885fbe8,4eeb36c52546,-659.71,-20.0,-300.0,"[""048e665ca9b7"",""355f8f7bf174"",""36e6d8533839"",""5898067122eb"",""67a434f963f5"",""69c10ceb2dd4"",""e90080a0e2da""]","{""preference_components"":{""preference_repair_bonus"":0.0,""preference_soft_penalty"":-20.0,""ptt_failure_risk_applied"":-0.0,""ptt_lost_repair_window_applied"":-0.0,""ptt_low_confidence_applied"":-0.0,""ptt_marginal_penalty_applied"":-0.0,""ptt_repair_value"":0.0,""qwen_audit_adjustment_applied"":0.0,""rest_window_penalty"":-0.0},""score"":1041.14}","{""preference_components"":{""macro_task_repair_value"":0.0},""score"":0.0}",qwen_auditor_called_zero_adjustment,[],,,,trace_alignment_without_suffix_replay,diagnostic_not_official_counterfactual,False,False,True,unknown,action_type_changed_take_order_to_wait,needs_official_suffix_replay_before_tuning
B9_gold_current_20260529,39,step_bucket_001,f508b7c1b981,take_order,take_order,f2446cea4b7b,3ccd1dea1d32,234.37,2542.56,30.0,"[""048e665ca9b7"",""355f8f7bf174"",""36e6d8533839"",""5898067122eb"",""67a434f963f5"",""69c10ceb2dd4"",""e90080a0e2da""]","{""preference_components"":{""preference_repair_bonus"":0.0,""preference_soft_penalty"":-20.0,""ptt_failure_risk_applied"":-0.0,""ptt_lost_repair_window_applied"":-0.0,""ptt_low_confidence_applied"":-0.0,""ptt_marginal_penalty_applied"":-0.0,""ptt_repair_value"":0.0,""qwen_audit_adjustment_applied"":0.0,""rest_window_penalty"":-0.0},""score"":515.41}","{""preference_components"":{""lost_repair_window_cost"":-0.0,""preference_marginal_penalty"":-944.28,""preference_repair_bonus"":0.0,""preference_repair_value"":4.56,""preference_soft_penalty"":-80.0,""ptt_failure_risk_applied"":-9.0,""ptt_lost_repair_window_applied"":-0.0,""ptt_low_confidence_applied"":-292.5,""ptt_marginal_penalty_applied"":-944.28,""ptt_repair_value"":4.56,""qwen_audit_adjustment"":0.0,""qwen_audit_adjustment_applied"":0.0,""rest_window_penalty"":-0.0,""unknown_soft_risk"":-292.5},""score"":-418.87}",qwen_auditor_called_zero_adjustment,"[""preference_marginal_penalty"",""preference_repair_value"",""preference_soft_penalty"",""ptt_failure_risk_applied"",""ptt_low_confidence_applied"",""ptt_marginal_penalty_applied"",""ptt_repair_value"",""unknown_soft_risk""]",,,,trace_alignment_without_suffix_replay,diagnostic_not_official_counterfactual,False,False,True,unknown,same_action_type_signature_changed_with_controller_score,needs_official_suffix_replay_before_tuning
B9_gold_current_20260529,41,step_bucket_001,5767c0a56d95,wait,wait,4dae53fe2f04,d21187e2ae3b,0.0,-1.0,-288.0,"[""048e665ca9b7"",""355f8f7bf174"",""36e6d8533839"",""5898067122eb"",""67a434f963f5"",""69c10ceb2dd4"",""e90080a0e2da""]","{""preference_components"":{""macro_task_repair_value"":744.0,""rest_guard"":1.0},""score"":0.0}","{""preference_components"":{""lost_repair_window_cost"":-0.0,""preference_marginal_penalty"":-0.0,""preference_repair_value"":6231.88,""ptt_repair_value"":6231.88,""ptt_wait_penalty_applied"":-0.0,""qwen_audit_adjustment"":0.0,""qwen_audit_adjustment_applied"":0.0,""unknown_soft_risk"":-0.0},""score"":6196.88}",qwen_auditor_called_zero_adjustment,"[""preference_repair_value"",""ptt_repair_value""]",,,,trace_alignment_without_suffix_replay,diagnostic_not_official_counterfactual,False,False,True,unknown,same_action_type_signature_changed_with_controller_score,needs_official_suffix_replay_before_tuning
B9_gold_current_20260529,42,step_bucket_001,f966d99dcf7d,take_order,wait,e1ca1be17e6b,adca507764f8,-756.47,-23.0,-191.0,"[""048e665ca9b7"",""355f8f7bf174"",""36e6d8533839"",""5898067122eb"",""67a434f963f5"",""69c10ceb2dd4"",""e90080a0e2da""]","{""preference_components"":{""preference_repair_bonus"":0.0,""preference_soft_penalty"":-24.0,""ptt_failure_risk_applied"":-0.0,""ptt_lost_repair_window_applied"":-0.0,""ptt_low_confidence_applied"":-0.0,""ptt_marginal_penalty_applied"":-0.0,""ptt_repair_value"":0.0,""qwen_audit_adjustment_applied"":0.0,""rest_window_penalty"":-0.0},""score"":983.31}","{""preference_components"":{""macro_task_repair_value"":744.0,""rest_guard"":1.0},""score"":0.0}",qwen_auditor_called_zero_adjustment,"[""macro_task_repair_value""]",,,,trace_alignment_without_suffix_replay,diagnostic_not_official_counterfactual,False,False,True,unknown,action_type_changed_take_order_to_wait,needs_official_suffix_replay_before_tuning
B9_gold_current_20260529,43,step_bucket_001,137762068bf2,wait,reposition,d21187e2ae3b,2c6f9f078525,0.0,0.0,-122.0,"[""048e665ca9b7"",""355f8f7bf174"",""36e6d8533839"",""5898067122eb"",""67a434f963f5"",""69c10ceb2dd4"",""e90080a0e2da""]","{""preference_components"":{""preference_repair_value"":0.0,""ptt_wait_penalty_applied"":-0.0,""qwen_audit_adjustment_applied"":0.0},""score"":0.0}","{""preference_components"":{""lost_repair_window_cost"":-0.0,""macro_task_repair_value"":80.88,""preference_marginal_penalty"":-0.0,""preference_repair_value"":4454.74,""ptt_repair_value"":4275.0,""ptt_reposition_penalty_applied"":-0.0,""qwen_audit_adjustment"":0.0,""qwen_audit_adjustment_applied"":0.0,""unknown_soft_risk"":-0.0},""score"":4396.86}",qwen_auditor_called_zero_adjustment,"[""macro_task_repair_value"",""preference_repair_value"",""ptt_repair_value""]",,,,trace_alignment_without_suffix_replay,diagnostic_not_official_counterfactual,False,False,True,unknown,action_type_changed_wait_to_reposition,needs_official_suffix_replay_before_tuning
B9_gold_current_20260529,44,step_bucket_001,5c740a8496d9,wait,wait,d21187e2ae3b,4eeb36c52546,0.0,0.0,-54.0,"[""048e665ca9b7"",""355f8f7bf174"",""36e6d8533839"",""5898067122eb"",""67a434f963f5"",""69c10ceb2dd4"",""e90080a0e2da""]","{""preference_components"":{""preference_repair_value"":0.0,""ptt_wait_penalty_applied"":-0.0,""qwen_audit_adjustment_applied"":0.0},""score"":-35.0}","{""preference_components"":{""macro_task_repair_value"":0.0},""score"":0.0}",qwen_auditor_called_zero_adjustment,[],,,,trace_alignment_without_suffix_replay,diagnostic_not_official_counterfactual,False,False,True,unknown,same_action_type_signature_changed,needs_official_suffix_replay_before_tuning
B9_gold_current_20260529,45,step_bucket_001,48fca8616588,wait,take_order,7414da2d010c,550d7ded5223,533.13,2453.56,53.0,"[""048e665ca9b7"",""355f8f7bf174"",""36e6d8533839"",""5898067122eb"",""67a434f963f5"",""69c10ceb2dd4"",""e90080a0e2da""]","{""preference_components"":{""macro_task_repair_value"":744.0,""rest_guard"":1.0},""score"":0.0}","{""preference_components"":{""lost_repair_window_cost"":-0.0,""preference_marginal_penalty"":-971.28,""preference_repair_bonus"":0.0,""preference_repair_value"":4.56,""preference_soft_penalty"":-80.0,""ptt_failure_risk_applied"":-9.0,""ptt_lost_repair_window_applied"":-0.0,""ptt_low_confidence_applied"":-211.5,""ptt_marginal_penalty_applied"":-971.28,""ptt_repair_value"":4.56,""qwen_audit_adjustment"":0.0,""qwen_audit_adjustment_applied"":0.0,""rest_window_penalty"":-0.0,""unknown_soft_risk"":-211.5},""score"":-433.68}",qwen_auditor_called_zero_adjustment,"[""preference_marginal_penalty"",""preference_repair_value"",""preference_soft_penalty"",""ptt_failure_risk_applied"",""ptt_low_confidence_applied"",""ptt_marginal_penalty_applied"",""ptt_repair_value"",""unknown_soft_risk""]",,,,trace_alignment_without_suffix_replay,diagnostic_not_official_counterfactual,False,False,True,unknown,action_type_changed_wait_to_take_order,needs_official_suffix_replay_before_tuning
B9_gold_current_20260529,46,step_bucket_001,8fcb371d05fc,take_order,take_order,462fc44e863a,26250ef7ecde,-177.93,2428.59,-396.0,"[""048e665ca9b7"",""355f8f7bf174"",""36e6d8533839"",""5898067122eb"",""67a434f963f5"",""69c10ceb2dd4"",""e90080a0e2da""]","{""preference_components"":{""preference_repair_bonus"":0.0,""preference_soft_penalty"":-24.0,""ptt_failure_risk_applied"":-0.0,""ptt_lost_repair_window_applied"":-0.0,""ptt_low_confidence_applied"":-0.0,""ptt_marginal_penalty_applied"":-0.0,""ptt_repair_value"":0.0,""qwen_audit_adjustment_applied"":0.0,""rest_window_penalty"":-0.0},""score"":363.25}","{""preference_components"":{""lost_repair_window_cost"":-0.0,""preference_marginal_penalty"":-971.28,""preference_repair_bonus"":0.0,""preference_repair_value"":4.56,""preference_soft_penalty"":-78.03,""ptt_failure_risk_applied"":-9.0,""ptt_lost_repair_window_applied"":-0.0,""ptt_low_confidence_applied"":-211.5,""ptt_marginal_penalty_applied"":-971.28,""ptt_repair_value"":4.56,""qwen_audit_adjustment"":0.0,""qwen_audit_adjustment_applied"":0.0,""rest_window_penalty"":-0.0,""unknown_soft_risk"":-211.5},""score"":-895.45}",qwen_auditor_called_zero_adjustment,"[""preference_marginal_penalty"",""preference_repair_value"",""preference_soft_penalty"",""ptt_failure_risk_applied"",""ptt_low_confidence_applied"",""ptt_marginal_penalty_applied"",""ptt_repair_value"",""unknown_soft_risk""]",,,,trace_alignment_without_suffix_replay,diagnostic_not_official_counterfactual,False,False,True,unknown,same_action_type_signature_changed_with_controller_score,needs_official_suffix_replay_before_tuning
B9_gold_current_20260529,47,step_bucket_001,20d228f057f3,take_order,wait,3094a3659f6b,d21187e2ae3b,-165.16,-24.0,-59.0,"[""048e665ca9b7"",""355f8f7bf174"",""36e6d8533839"",""5898067122eb"",""67a434f963f5"",""69c10ceb2dd4"",""e90080a0e2da""]","{""preference_components"":{""preference_repair_bonus"":0.0,""preference_soft_penalty"":-24.0,""ptt_failure_risk_applied"":-0.0,""ptt_lost_repair_window_applied"":-0.0,""ptt_low_confidence_applied"":-0.0,""ptt_marginal_penalty_applied"":-0.0,""ptt_repair_value"":0.0,""qwen_audit_adjustment_applied"":0.0,""rest_window_penalty"":-0.0},""score"":335.74}","{""preference_components"":{""lost_repair_window_cost"":-0.0,""preference_marginal_penalty"":-0.0,""preference_repair_value"":7837.5,""ptt_repair_value"":7837.5,""ptt_wait_penalty_applied"":-0.0,""qwen_audit_adjustment"":0.0,""qwen_audit_adjustment_applied"":0.0,""unknown_soft_risk"":-0.0},""score"":7837.5}",qwen_auditor_called_zero_adjustment,"[""preference_repair_value"",""ptt_repair_value""]",,,,trace_alignment_without_suffix_replay,diagnostic_not_official_counterfactual,False,False,True,unknown,action_type_changed_take_order_to_wait,needs_official_suffix_replay_before_tuning
B9_gold_current_20260529,48,step_bucket_002,112786075e41,wait,wait,d21187e2ae3b,7d629dddb54a,0.0,1.0,271.0,"[""048e665ca9b7"",""355f8f7bf174"",""36e6d8533839"",""5898067122eb"",""67a434f963f5"",""69c10ceb2dd4"",""e90080a0e2da""]","{""preference_components"":{""preference_repair_value"":0.0,""ptt_wait_penalty_applied"":-0.0,""qwen_audit_adjustment_applied"":0.0},""score"":0.0}","{""preference_components"":{""macro_task_repair_value"":744.0,""rest_guard"":1.0},""score"":0.0}",qwen_auditor_called_zero_adjustment,"[""macro_task_repair_value""]",,,,trace_alignment_without_suffix_replay,diagnostic_not_official_counterfactual,False,False,True,unknown,same_action_type_signature_changed_with_controller_score,needs_official_suffix_replay_before_tuning
B9_gold_current_20260529,49,step_bucket_002,43f017e76dde,wait,take_order,5247ca4e3b2d,368e5a95fde3,412.4,2453.56,-73.0,"[""048e665ca9b7"",""355f8f7bf174"",""36e6d8533839"",""5898067122eb"",""67a434f963f5"",""69c10ceb2dd4"",""e90080a0e2da""]","{""preference_components"":{""macro_task_repair_value"":744.0,""rest_guard"":1.0},""score"":0.0}","{""preference_components"":{""lost_repair_window_cost"":-0.0,""preference_marginal_penalty"":-971.28,""preference_repair_bonus"":0.0,""preference_repair_value"":4.56,""preference_soft_penalty"":-80.0,""ptt_failure_risk_applied"":-9.0,""ptt_lost_repair_window_applied"":-0.0,""ptt_low_confidence_applied"":-211.5,""ptt_marginal_penalty_applied"":-971.28,""ptt_repair_value"":4.56,""qwen_audit_adjustment"":0.0,""qwen_audit_adjustment_applied"":0.0,""rest_window_penalty"":-0.0,""unknown_soft_risk"":-211.5},""score"":-572.03}",qwen_auditor_called_zero_adjustment,"[""preference_marginal_penalty"",""preference_repair_value"",""preference_soft_penalty"",""ptt_failure_risk_applied"",""ptt_low_confidence_applied"",""ptt_marginal_penalty_applied"",""ptt_repair_value"",""unknown_soft_risk""]",,,,trace_alignment_without_suffix_replay,diagnostic_not_official_counterfactual,False,False,True,unknown,action_type_changed_wait_to_take_order,needs_official_suffix_replay_before_tuning
B9_gold_current_20260529,50,step_bucket_002,cecfd9c329f4,take_order,take_order,62b25f2846eb,0d746f12b9ff,9.41,2434.56,180.0,"[""048e665ca9b7"",""355f8f7bf174"",""36e6d8533839"",""5898067122eb"",""67a434f963f5"",""69c10ceb2dd4"",""e90080a0e2da""]","{""preference_components"":{""preference_repair_bonus"":0.0,""preference_soft_penalty"":-20.0,""ptt_failure_risk_applied"":-0.0,""ptt_lost_repair_window_applied"":-0.0,""ptt_low_confidence_applied"":-0.0,""ptt_marginal_penalty_applied"":-0.0,""ptt_repair_value"":0.0,""qwen_audit_adjustment_applied"":0.0,""rest_window_penalty"":-0.0},""score"":714.95}","{""preference_components"":{""lost_repair_window_cost"":-0.0,""preference_marginal_penalty"":-971.28,""preference_repair_bonus"":0.0,""preference_repair_value"":4.56,""preference_soft_penalty"":-80.0,""ptt_failure_risk_applied"":-9.0,""ptt_lost_repair_window_applied"":-0.0,""ptt_low_confidence_applied"":-211.5,""ptt_marginal_penalty_applied"":-971.28,""ptt_repair_value"":4.56,""qwen_audit_adjustment"":0.0,""qwen_audit_adjustment_applied"":0.0,""rest_window_penalty"":-0.0,""unknown_soft_risk"":-211.5},""score"":-645.08}",qwen_auditor_called_zero_adjustment,"[""preference_marginal_penalty"",""preference_repair_value"",""preference_soft_penalty"",""ptt_failure_risk_applied"",""ptt_low_confidence_applied"",""ptt_marginal_penalty_applied"",""ptt_repair_value"",""unknown_soft_risk""]",,,,trace_alignment_without_suffix_replay,diagnostic_not_official_counterfactual,False,False,True,unknown,same_action_type_signature_changed_with_controller_score,needs_official_suffix_replay_before_tuning
B9_gold_current_20260529,51,step_bucket_002,d8491d6ca986,take_order,wait,1a0170fa84bf,d21187e2ae3b,-276.33,-20.0,-243.0,"[""048e665ca9b7"",""355f8f7bf174"",""36e6d8533839"",""5898067122eb"",""67a434f963f5"",""69c10ceb2dd4"",""e90080a0e2da""]","{""preference_components"":{""preference_repair_bonus"":0.0,""preference_soft_penalty"":-20.0,""ptt_failure_risk_applied"":-0.0,""ptt_lost_repair_window_applied"":-0.0,""ptt_low_confidence_applied"":-0.0,""ptt_marginal_penalty_applied"":-0.0,""ptt_repair_value"":0.0,""qwen_audit_adjustment_applied"":0.0,""rest_window_penalty"":-0.0},""score"":444.77}","{""preference_components"":{""lost_repair_window_cost"":-0.0,""preference_marginal_penalty"":-0.0,""preference_repair_value"":7837.5,""ptt_repair_value"":7837.5,""ptt_wait_penalty_applied"":-0.0,""qwen_audit_adjustment"":0.0,""qwen_audit_adjustment_applied"":0.0,""unknown_soft_risk"":-0.0},""score"":7837.5}",qwen_auditor_called_zero_adjustment,"[""preference_repair_value"",""ptt_repair_value""]",,,,trace_alignment_without_suffix_replay,diagnostic_not_official_counterfactual,False,False,True,unknown,action_type_changed_take_order_to_wait,needs_official_suffix_replay_before_tuning
B9_gold_current_20260529,52,step_bucket_002,391385593662,wait,wait,d21187e2ae3b,5247ca4e3b2d,0.0,1.0,275.0,"[""048e665ca9b7"",""355f8f7bf174"",""36e6d8533839"",""5898067122eb"",""67a434f963f5"",""69c10ceb2dd4"",""e90080a0e2da""]","{""preference_components"":{""preference_repair_value"":0.0,""ptt_wait_penalty_applied"":-0.0,""qwen_audit_adjustment_applied"":0.0},""score"":0.0}","{""preference_components"":{""macro_task_repair_value"":744.0,""rest_guard"":1.0},""score"":0.0}",qwen_auditor_called_zero_adjustment,"[""macro_task_repair_value""]",,,,trace_alignment_without_suffix_replay,diagnostic_not_official_counterfactual,False,False,True,unknown,same_action_type_signature_changed_with_controller_score,needs_official_suffix_replay_before_tuning
B9_gold_current_20260529,53,step_bucket_002,5c15e1e659bf,wait,take_order,d21187e2ae3b,b5427285b925,447.33,2560.41,161.0,"[""048e665ca9b7"",""355f8f7bf174"",""36e6d8533839"",""5898067122eb"",""67a434f963f5"",""69c10ceb2dd4"",""e90080a0e2da""]","{""preference_components"":{""preference_repair_value"":0.0,""ptt_wait_penalty_applied"":-0.0,""qwen_audit_adjustment_applied"":0.0},""score"":-35.0}","{""preference_components"":{""lost_repair_window_cost"":-0.0,""preference_marginal_penalty"":-944.28,""preference_repair_bonus"":0.0,""preference_repair_value"":4.56,""preference_soft_penalty"":-77.85,""ptt_failure_risk_applied"":-9.0,""ptt_lost_repair_window_applied"":-0.0,""ptt_low_confidence_applied"":-292.5,""ptt_marginal_penalty_applied"":-944.28,""ptt_repair_value"":4.56,""qwen_audit_adjustment"":0.0,""qwen_audit_adjustment_applied"":0.0,""rest_window_penalty"":-0.0,""unknown_soft_risk"":-292.5},""score"":-522.94}",qwen_auditor_called_zero_adjustment,"[""preference_marginal_penalty"",""preference_repair_value"",""preference_soft_penalty"",""ptt_failure_risk_applied"",""ptt_low_confidence_applied"",""ptt_marginal_penalty_applied"",""ptt_repair_value"",""unknown_soft_risk""]",,,,trace_alignment_without_suffix_replay,diagnostic_not_official_counterfactual,False,False,True,unknown,action_type_changed_wait_to_take_order,needs_official_suffix_replay_before_tuning
B9_gold_current_20260529,54,step_bucket_002,a72cba32cc2a,wait,take_order,fb1625e4e5f2,6badf7d1ddba,410.27,2561.56,-28.0,"[""048e665ca9b7"",""355f8f7bf174"",""36e6d8533839"",""5898067122eb"",""67a434f963f5"",""69c10ceb2dd4"",""e90080a0e2da""]","{""preference_components"":{""macro_task_repair_value"":744.0,""rest_guard"":1.0},""score"":0.0}","{""preference_components"":{""lost_repair_window_cost"":-0.0,""preference_marginal_penalty"":-944.28,""preference_repair_bonus"":0.0,""preference_repair_value"":4.56,""preference_soft_penalty"":-80.0,""ptt_failure_risk_applied"":-9.0,""ptt_lost_repair_window_applied"":-0.0,""ptt_low_confidence_applied"":-292.5,""ptt_marginal_penalty_applied"":-944.28,""ptt_repair_value"":4.56,""qwen_audit_adjustment"":0.0,""qwen_audit_adjustment_applied"":0.0,""rest_window_penalty"":-0.0,""unknown_soft_risk"":-292.5},""score"":-642.85}",qwen_auditor_called_zero_adjustment,"[""preference_marginal_penalty"",""preference_repair_value"",""preference_soft_penalty"",""ptt_failure_risk_applied"",""ptt_low_confidence_applied"",""ptt_marginal_penalty_applied"",""ptt_repair_value"",""unknown_soft_risk""]",,,,trace_alignment_without_suffix_replay,diagnostic_not_official_counterfactual,False,False,True,unknown,action_type_changed_wait_to_take_order,needs_official_suffix_replay_before_tuning
B9_gold_current_20260529,55,step_bucket_002,dc264a223fe5,take_order,wait,1d2bee30665b,d21187e2ae3b,-440.83,-20.0,-192.0,"[""048e665ca9b7"",""355f8f7bf174"",""36e6d8533839"",""5898067122eb"",""67a434f963f5"",""69c10ceb2dd4"",""e90080a0e2da""]","{""preference_components"":{""preference_repair_bonus"":0.0,""preference_soft_penalty"":-20.0,""ptt_failure_risk_applied"":-0.0,""ptt_lost_repair_window_applied"":-0.0,""ptt_low_confidence_applied"":-0.0,""ptt_marginal_penalty_applied"":-0.0,""ptt_repair_value"":0.0,""qwen_audit_adjustment_applied"":0.0,""rest_window_penalty"":-0.0},""score"":750.71}","{""preference_components"":{""lost_repair_window_cost"":-0.0,""preference_marginal_penalty"":-0.0,""preference_repair_value"":6231.88,""ptt_repair_value"":6231.88,""ptt_wait_penalty_applied"":-0.0,""qwen_audit_adjustment"":0.0,""qwen_audit_adjustment_applied"":0.0,""unknown_soft_risk"":-0.0},""score"":6231.88}",qwen_auditor_called_zero_adjustment,"[""preference_repair_value"",""ptt_repair_value""]",,,,trace_alignment_without_suffix_replay,diagnostic_not_official_counterfactual,False,False,True,unknown,action_type_changed_take_order_to_wait,needs_official_suffix_replay_before_tuning
B9_gold_current_20260529,56,step_bucket_002,83a83286a939,take_order,wait,5b310bb07d55,d21187e2ae3b,-419.38,-20.0,-353.0,"[""048e665ca9b7"",""355f8f7bf174"",""36e6d8533839"",""5898067122eb"",""67a434f963f5"",""69c10ceb2dd4"",""e90080a0e2da""]","{""preference_components"":{""preference_repair_bonus"":0.0,""preference_soft_penalty"":-20.0,""ptt_failure_risk_applied"":-0.0,""ptt_lost_repair_window_applied"":-0.0,""ptt_low_confidence_applied"":-0.0,""ptt_marginal_penalty_applied"":-0.0,""ptt_repair_value"":0.0,""qwen_audit_adjustment_applied"":0.0,""rest_window_penalty"":-0.0},""score"":615.71}","{""preference_components"":{""lost_repair_window_cost"":-0.0,""preference_marginal_penalty"":-0.0,""preference_repair_value"":6231.88,""ptt_repair_value"":6231.88,""ptt_wait_penalty_applied"":-0.0,""qwen_audit_adjustment"":0.0,""qwen_audit_adjustment_applied"":0.0,""unknown_soft_risk"":-0.0},""score"":6196.88}",qwen_auditor_called_zero_adjustment,"[""preference_repair_value"",""ptt_repair_value""]",,,,trace_alignment_without_suffix_replay,diagnostic_not_official_counterfactual,False,False,True,unknown,action_type_changed_take_order_to_wait,needs_official_suffix_replay_before_tuning
B9_gold_current_20260529,57,step_bucket_002,aa18090f79d5,wait,wait,d21187e2ae3b,14fe17d103af,0.0,1.0,245.0,"[""048e665ca9b7"",""355f8f7bf174"",""36e6d8533839"",""5898067122eb"",""67a434f963f5"",""69c10ceb2dd4"",""e90080a0e2da""]","{""preference_components"":{""preference_repair_value"":0.0,""ptt_wait_penalty_applied"":-0.0,""qwen_audit_adjustment_applied"":0.0},""score"":0.0}","{""preference_components"":{""macro_task_repair_value"":744.0,""rest_guard"":1.0},""score"":0.0}",qwen_auditor_called_zero_adjustment,"[""macro_task_repair_value""]",,,,trace_alignment_without_suffix_replay,diagnostic_not_official_counterfactual,False,False,True,unknown,same_action_type_signature_changed_with_controller_score,needs_official_suffix_replay_before_tuning
B9_gold_current_20260529,58,step_bucket_002,c105de6815f4,wait,reposition,56b2a73dd2c3,de259c1cbd5e,0.0,-1.0,-1272.0,"[""048e665ca9b7"",""355f8f7bf174"",""36e6d8533839"",""5898067122eb"",""67a434f963f5"",""69c10ceb2dd4"",""e90080a0e2da""]","{""preference_components"":{""macro_task_repair_value"":3100.0,""rest_guard"":1.0},""score"":0.0}","{""preference_components"":{""lost_repair_window_cost"":-0.0,""macro_task_repair_value"":63.03,""preference_marginal_penalty"":-0.0,""preference_repair_value"":4280.07,""ptt_repair_value"":4140.0,""ptt_reposition_penalty_applied"":-0.0,""qwen_audit_adjustment"":0.0,""qwen_audit_adjustment_applied"":0.0,""unknown_soft_risk"":-0.0},""score"":4215.24}",qwen_auditor_called_zero_adjustment,"[""macro_task_repair_value"",""preference_repair_value"",""ptt_repair_value""]",,,,trace_alignment_without_suffix_replay,diagnostic_not_official_counterfactual,False,False,True,unknown,action_type_changed_wait_to_reposition,needs_official_suffix_replay_before_tuning
B9_gold_current_20260529,59,step_bucket_002,edc0f4015c4d,wait,wait,34b4b968321a,4eeb36c52546,0.0,-1.0,-432.0,"[""048e665ca9b7"",""355f8f7bf174"",""36e6d8533839"",""5898067122eb"",""67a434f963f5"",""69c10ceb2dd4"",""e90080a0e2da""]","{""preference_components"":{""macro_task_repair_value"":744.0,""rest_guard"":1.0},""score"":0.0}","{""preference_components"":{""macro_task_repair_value"":0.0},""score"":0.0}",qwen_auditor_called_zero_adjustment,[],,,,trace_alignment_without_suffix_replay,diagnostic_not_official_counterfactual,False,False,True,unknown,same_action_type_signature_changed,needs_official_suffix_replay_before_tuning
B9_gold_current_20260529,60,step_bucket_002,ba6bbb55d59f,take_order,take_order,7680c94fc378,ae69769a0709,-32.3,2542.56,-242.0,"[""048e665ca9b7"",""355f8f7bf174"",""36e6d8533839"",""5898067122eb"",""67a434f963f5"",""69c10ceb2dd4"",""e90080a0e2da""]","{""preference_components"":{""preference_repair_bonus"":0.0,""preference_soft_penalty"":-20.0,""ptt_failure_risk_applied"":-0.0,""ptt_lost_repair_window_applied"":-0.0,""ptt_low_confidence_applied"":-0.0,""ptt_marginal_penalty_applied"":-0.0,""ptt_repair_value"":0.0,""qwen_audit_adjustment_applied"":0.0,""rest_window_penalty"":-0.0},""score"":631.42}","{""preference_components"":{""lost_repair_window_cost"":-0.0,""preference_marginal_penalty"":-944.28,""preference_repair_bonus"":0.0,""preference_repair_value"":4.56,""preference_soft_penalty"":-80.0,""ptt_failure_risk_applied"":-9.0,""ptt_lost_repair_window_applied"":-0.0,""ptt_low_confidence_applied"":-292.5,""ptt_marginal_penalty_applied"":-944.28,""ptt_repair_value"":4.56,""qwen_audit_adjustment"":0.0,""qwen_audit_adjustment_applied"":0.0,""rest_window_penalty"":-0.0,""unknown_soft_risk"":-292.5},""score"":-556.52}",qwen_auditor_called_zero_adjustment,"[""preference_marginal_penalty"",""preference_repair_value"",""preference_soft_penalty"",""ptt_failure_risk_applied"",""ptt_low_confidence_applied"",""ptt_marginal_penalty_applied"",""ptt_repair_value"",""unknown_soft_risk""]",,,,trace_alignment_without_suffix_replay,diagnostic_not_official_counterfactual,False,False,True,unknown,same_action_type_signature_changed_with_controller_score,needs_official_suffix_replay_before_tuning
B9_gold_current_20260529,61,step_bucket_002,f33820a1e3c2,wait,take_order,d21187e2ae3b,224cf6b288ab,242.98,2562.56,233.0,"[""048e665ca9b7"",""355f8f7bf174"",""36e6d8533839"",""5898067122eb"",""67a434f963f5"",""69c10ceb2dd4"",""e90080a0e2da""]","{""preference_components"":{""preference_repair_value"":0.0,""ptt_wait_penalty_applied"":-0.0,""qwen_audit_adjustment_applied"":0.0},""score"":0.0}","{""preference_components"":{""lost_repair_window_cost"":-0.0,""preference_marginal_penalty"":-944.28,""preference_repair_bonus"":0.0,""preference_repair_value"":4.56,""preference_soft_penalty"":-80.0,""ptt_failure_risk_applied"":-9.0,""ptt_lost_repair_window_applied"":-0.0,""ptt_low_confidence_applied"":-292.5,""ptt_marginal_penalty_applied"":-944.28,""ptt_repair_value"":4.56,""qwen_audit_adjustment"":0.0,""qwen_audit_adjustment_applied"":0.0,""rest_window_penalty"":-0.0,""unknown_soft_risk"":-292.5},""score"":-913.18}",qwen_auditor_called_zero_adjustment,"[""preference_marginal_penalty"",""preference_repair_value"",""preference_soft_penalty"",""ptt_failure_risk_applied"",""ptt_low_confidence_applied"",""ptt_marginal_penalty_applied"",""ptt_repair_value"",""unknown_soft_risk""]",,,,trace_alignment_without_suffix_replay,diagnostic_not_official_counterfactual,False,False,True,unknown,action_type_changed_wait_to_take_order,needs_official_suffix_replay_before_tuning
B9_gold_current_20260529,62,step_bucket_002,61082a4546a7,wait,wait,d21187e2ae3b,cc9833fc73b3,0.0,1.0,1279.0,"[""048e665ca9b7"",""355f8f7bf174"",""36e6d8533839"",""5898067122eb"",""67a434f963f5"",""69c10ceb2dd4"",""e90080a0e2da""]","{""preference_components"":{""preference_repair_value"":0.0,""ptt_wait_penalty_applied"":-0.0,""qwen_audit_adjustment_applied"":0.0},""score"":-35.0}","{""preference_components"":{""macro_task_repair_value"":3100.0,""rest_guard"":1.0},""score"":0.0}",qwen_auditor_called_zero_adjustment,"[""macro_task_repair_value""]",,,,trace_alignment_without_suffix_replay,diagnostic_not_official_counterfactual,False,False,True,unknown,same_action_type_signature_changed_with_controller_score,needs_official_suffix_replay_before_tuning
B9_gold_current_20260529,63,step_bucket_002,7e156dbd4236,wait,wait,d1f28c155574,34b4b968321a,0.0,0.0,13.0,"[""048e665ca9b7"",""355f8f7bf174"",""36e6d8533839"",""5898067122eb"",""67a434f963f5"",""69c10ceb2dd4"",""e90080a0e2da""]","{""preference_components"":{""macro_task_repair_value"":744.0,""rest_guard"":1.0},""score"":0.0}","{""preference_components"":{""macro_task_repair_value"":744.0,""rest_guard"":1.0},""score"":0.0}",qwen_auditor_called_zero_adjustment,"[""macro_task_repair_value""]",,,,trace_alignment_without_suffix_replay,diagnostic_not_official_counterfactual,False,False,True,unknown,same_action_type_signature_changed_with_controller_score,needs_official_suffix_replay_before_tuning
B9_gold_current_20260529,64,step_bucket_002,9ccc703c2435,take_order,take_order,4aea34558f9c,4233e8ff2ae3,13.74,2514.41,-185.0,"[""048e665ca9b7"",""355f8f7bf174"",""36e6d8533839"",""5898067122eb"",""67a434f963f5"",""69c10ceb2dd4"",""e90080a0e2da""]","{""preference_components"":{""preference_repair_bonus"":0.0,""preference_soft_penalty"":-20.0,""ptt_failure_risk_applied"":-0.0,""ptt_lost_repair_window_applied"":-0.0,""ptt_low_confidence_applied"":-0.0,""ptt_marginal_penalty_applied"":-0.0,""ptt_repair_value"":0.0,""qwen_audit_adjustment_applied"":0.0,""rest_window_penalty"":-0.0},""score"":620.87}","{""preference_components"":{""lost_repair_window_cost"":-0.0,""preference_marginal_penalty"":-944.28,""preference_repair_bonus"":0.0,""preference_repair_value"":4.56,""preference_soft_penalty"":-51.85,""ptt_failure_risk_applied"":-9.0,""ptt_lost_repair_window_applied"":-0.0,""ptt_low_confidence_applied"":-292.5,""ptt_marginal_penalty_applied"":-944.28,""ptt_repair_value"":4.56,""qwen_audit_adjustment"":0.0,""qwen_audit_adjustment_applied"":0.0,""rest_window_penalty"":-0.0,""unknown_soft_risk"":-292.5},""score"":-420.95}",qwen_auditor_called_zero_adjustment,"[""preference_marginal_penalty"",""preference_repair_value"",""preference_soft_penalty"",""ptt_failure_risk_applied"",""ptt_low_confidence_applied"",""ptt_marginal_penalty_applied"",""ptt_repair_value"",""unknown_soft_risk""]",,,,trace_alignment_without_suffix_replay,diagnostic_not_official_counterfactual,False,False,True,unknown,same_action_type_signature_changed_with_controller_score,needs_official_suffix_replay_before_tuning
B9_gold_current_20260529,65,step_bucket_002,98f21d1080e8,take_order,take_order,e676a36678d5,7d1bdc3345c0,109.6,2542.56,114.0,"[""048e665ca9b7"",""355f8f7bf174"",""36e6d8533839"",""5898067122eb"",""67a434f963f5"",""69c10ceb2dd4"",""e90080a0e2da""]","{""preference_components"":{""preference_repair_bonus"":0.0,""preference_soft_penalty"":-20.0,""ptt_failure_risk_applied"":-0.0,""ptt_lost_repair_window_applied"":-0.0,""ptt_low_confidence_applied"":-0.0,""ptt_marginal_penalty_applied"":-0.0,""ptt_repair_value"":0.0,""qwen_audit_adjustment_applied"":0.0,""rest_window_penalty"":-0.0},""score"":583.68}","{""preference_components"":{""lost_repair_window_cost"":-0.0,""preference_marginal_penalty"":-944.28,""preference_repair_bonus"":0.0,""preference_repair_value"":4.56,""preference_soft_penalty"":-80.0,""ptt_failure_risk_applied"":-9.0,""ptt_lost_repair_window_applied"":-0.0,""ptt_low_confidence_applied"":-292.5,""ptt_marginal_penalty_applied"":-944.28,""ptt_repair_value"":4.56,""qwen_audit_adjustment"":0.0,""qwen_audit_adjustment_applied"":0.0,""rest_window_penalty"":-0.0,""unknown_soft_risk"":-292.5},""score"":-611.54}",qwen_auditor_called_zero_adjustment,"[""preference_marginal_penalty"",""preference_repair_value"",""preference_soft_penalty"",""ptt_failure_risk_applied"",""ptt_low_confidence_applied"",""ptt_marginal_penalty_applied"",""ptt_repair_value"",""unknown_soft_risk""]",,,,trace_alignment_without_suffix_replay,diagnostic_not_official_counterfactual,False,False,True,unknown,same_action_type_signature_changed_with_controller_score,needs_official_suffix_replay_before_tuning
B9_gold_current_20260529,66,step_bucket_002,620fde88e87c,wait,take_order,d21187e2ae3b,49ebcc74654d,144.1,2530.75,38.0,"[""048e665ca9b7"",""355f8f7bf174"",""36e6d8533839"",""5898067122eb"",""67a434f963f5"",""69c10ceb2dd4"",""e90080a0e2da""]","{""preference_components"":{""preference_repair_value"":0.0,""ptt_wait_penalty_applied"":-0.0,""qwen_audit_adjustment_applied"":0.0},""score"":0.0}","{""preference_components"":{""lost_repair_window_cost"":-0.0,""preference_marginal_penalty"":-944.28,""preference_repair_bonus"":0.0,""preference_repair_value"":4.56,""preference_soft_penalty"":-48.19,""ptt_failure_risk_applied"":-9.0,""ptt_lost_repair_window_applied"":-0.0,""ptt_low_confidence_applied"":-292.5,""ptt_marginal_penalty_applied"":-944.28,""ptt_repair_value"":4.56,""qwen_audit_adjustment"":0.0,""qwen_audit_adjustment_applied"":0.0,""rest_window_penalty"":-0.0,""unknown_soft_risk"":-292.5},""score"":-953.42}",qwen_auditor_called_zero_adjustment,"[""preference_marginal_penalty"",""preference_repair_value"",""preference_soft_penalty"",""ptt_failure_risk_applied"",""ptt_low_confidence_applied"",""ptt_marginal_penalty_applied"",""ptt_repair_value"",""unknown_soft_risk""]",,,,trace_alignment_without_suffix_replay,diagnostic_not_official_counterfactual,False,False,True,unknown,action_type_changed_wait_to_take_order,needs_official_suffix_replay_before_tuning
B9_gold_current_20260529,68,step_bucket_002,95d710024c11,wait,wait,60d56dac98de,086cfee5ba86,0.0,0.0,25.0,"[""048e665ca9b7"",""355f8f7bf174"",""36e6d8533839"",""5898067122eb"",""67a434f963f5"",""69c10ceb2dd4"",""e90080a0e2da""]","{""preference_components"":{""macro_task_repair_value"":744.0,""rest_guard"":1.0},""score"":0.0}","{""preference_components"":{""macro_task_repair_value"":744.0,""rest_guard"":1.0},""score"":0.0}",qwen_auditor_called_zero_adjustment,"[""macro_task_repair_value""]",,,,trace_alignment_without_suffix_replay,diagnostic_not_official_counterfactual,False,False,True,unknown,same_action_type_signature_changed_with_controller_score,needs_official_suffix_replay_before_tuning
B9_gold_current_20260529,69,step_bucket_002,86883f29dc5a,take_order,take_order,d17922196426,f27aa25c1d39,-245.92,2511.69,-437.0,"[""048e665ca9b7"",""355f8f7bf174"",""36e6d8533839"",""5898067122eb"",""67a434f963f5"",""69c10ceb2dd4"",""e90080a0e2da""]","{""preference_components"":{""preference_repair_bonus"":0.0,""preference_soft_penalty"":-20.0,""ptt_failure_risk_applied"":-0.0,""ptt_lost_repair_window_applied"":-0.0,""ptt_low_confidence_applied"":-0.0,""ptt_marginal_penalty_applied"":-0.0,""ptt_repair_value"":0.0,""qwen_audit_adjustment_applied"":0.0,""rest_window_penalty"":-0.0},""score"":716.72}","{""preference_components"":{""lost_repair_window_cost"":-0.0,""preference_marginal_penalty"":-944.28,""preference_repair_bonus"":0.0,""preference_repair_value"":4.56,""preference_soft_penalty"":-49.13,""ptt_failure_risk_applied"":-9.0,""ptt_lost_repair_window_applied"":-0.0,""ptt_low_confidence_applied"":-292.5,""ptt_marginal_penalty_applied"":-944.28,""ptt_repair_value"":4.56,""qwen_audit_adjustment"":0.0,""qwen_audit_adjustment_applied"":0.0,""rest_window_penalty"":-0.0,""unknown_soft_risk"":-292.5},""score"":-648.01}",qwen_auditor_called_zero_adjustment,"[""preference_marginal_penalty"",""preference_repair_value"",""preference_soft_penalty"",""ptt_failure_risk_applied"",""ptt_low_confidence_applied"",""ptt_marginal_penalty_applied"",""ptt_repair_value"",""unknown_soft_risk""]",,,,trace_alignment_without_suffix_replay,diagnostic_not_official_counterfactual,False,False,True,unknown,same_action_type_signature_changed_with_controller_score,needs_official_suffix_replay_before_tuning
B9_gold_current_20260529,70,step_bucket_002,d5ac931067ef,wait,take_order,d21187e2ae3b,69852e8656f9,347.64,2562.56,263.0,"[""048e665ca9b7"",""355f8f7bf174"",""36e6d8533839"",""5898067122eb"",""67a434f963f5"",""69c10ceb2dd4"",""e90080a0e2da""]","{""preference_components"":{""preference_repair_value"":0.0,""ptt_wait_penalty_applied"":-0.0,""qwen_audit_adjustment_applied"":0.0},""score"":0.0}","{""preference_components"":{""lost_repair_window_cost"":-0.0,""preference_marginal_penalty"":-944.28,""preference_repair_bonus"":0.0,""preference_repair_value"":4.56,""preference_soft_penalty"":-80.0,""ptt_failure_risk_applied"":-9.0,""ptt_lost_repair_window_applied"":-0.0,""ptt_low_confidence_applied"":-292.5,""ptt_marginal_penalty_applied"":-944.28,""ptt_repair_value"":4.56,""qwen_audit_adjustment"":0.0,""qwen_audit_adjustment_applied"":0.0,""rest_window_penalty"":-0.0,""unknown_soft_risk"":-292.5},""score"":-756.93}",qwen_auditor_called_zero_adjustment,"[""preference_marginal_penalty"",""preference_repair_value"",""preference_soft_penalty"",""ptt_failure_risk_applied"",""ptt_low_confidence_applied"",""ptt_marginal_penalty_applied"",""ptt_repair_value"",""unknown_soft_risk""]",,,,trace_alignment_without_suffix_replay,diagnostic_not_official_counterfactual,False,False,True,unknown,action_type_changed_wait_to_take_order,needs_official_suffix_replay_before_tuning
B9_gold_current_20260529,72,step_bucket_003,f7e1144822cd,wait,wait,cbbf9f12b8d2,d21187e2ae3b,0.0,-1.0,-316.0,"[""048e665ca9b7"",""355f8f7bf174"",""36e6d8533839"",""5898067122eb"",""67a434f963f5"",""69c10ceb2dd4"",""e90080a0e2da""]","{""preference_components"":{""macro_task_repair_value"":744.0,""rest_guard"":1.0},""score"":0.0}","{""preference_components"":{""lost_repair_window_cost"":-0.0,""preference_marginal_penalty"":-0.0,""preference_repair_value"":6231.88,""ptt_repair_value"":6231.88,""ptt_wait_penalty_applied"":-0.0,""qwen_audit_adjustment"":0.0,""qwen_audit_adjustment_applied"":0.0,""unknown_soft_risk"":-0.0},""score"":6196.88}",qwen_auditor_called_zero_adjustment,"[""preference_repair_value"",""ptt_repair_value""]",,,,trace_alignment_without_suffix_replay,diagnostic_not_official_counterfactual,False,False,True,unknown,same_action_type_signature_changed_with_controller_score,needs_official_suffix_replay_before_tuning
B9_gold_current_20260529,73,step_bucket_003,b5fb7363e3f9,take_order,wait,78d99ed0cc99,22a0f3cd257d,-421.76,-19.0,-145.0,"[""048e665ca9b7"",""355f8f7bf174"",""36e6d8533839"",""5898067122eb"",""67a434f963f5"",""69c10ceb2dd4"",""e90080a0e2da""]","{""preference_components"":{""preference_repair_bonus"":0.0,""preference_soft_penalty"":-20.0,""ptt_failure_risk_applied"":-0.0,""ptt_lost_repair_window_applied"":-0.0,""ptt_low_confidence_applied"":-0.0,""ptt_marginal_penalty_applied"":-0.0,""ptt_repair_value"":0.0,""qwen_audit_adjustment_applied"":0.0,""rest_window_penalty"":-0.0},""score"":576.56}","{""preference_components"":{""macro_task_repair_value"":744.0,""rest_guard"":1.0},""score"":0.0}",qwen_auditor_called_zero_adjustment,"[""macro_task_repair_value""]",,,,trace_alignment_without_suffix_replay,diagnostic_not_official_counterfactual,False,False,True,unknown,action_type_changed_take_order_to_wait,needs_official_suffix_replay_before_tuning
B9_gold_current_20260529,74,step_bucket_003,60dedfb9b5bf,wait,reposition,d21187e2ae3b,8675c7e0eac6,0.0,0.0,-121.0,"[""048e665ca9b7"",""355f8f7bf174"",""36e6d8533839"",""5898067122eb"",""67a434f963f5"",""69c10ceb2dd4"",""e90080a0e2da""]","{""preference_components"":{""preference_repair_value"":0.0,""ptt_wait_penalty_applied"":-0.0,""qwen_audit_adjustment_applied"":0.0},""score"":0.0}","{""preference_components"":{""lost_repair_window_cost"":-0.0,""macro_task_repair_value"":55.75,""preference_marginal_penalty"":-0.0,""preference_repair_value"":4263.89,""ptt_repair_value"":4140.0,""ptt_reposition_penalty_applied"":-0.0,""qwen_audit_adjustment"":0.0,""qwen_audit_adjustment_applied"":0.0,""unknown_soft_risk"":-0.0},""score"":4205.57}",qwen_auditor_called_zero_adjustment,"[""macro_task_repair_value"",""preference_repair_value"",""ptt_repair_value""]",,,,trace_alignment_without_suffix_replay,diagnostic_not_official_counterfactual,False,False,True,unknown,action_type_changed_wait_to_reposition,needs_official_suffix_replay_before_tuning
B9_gold_current_20260529,75,step_bucket_003,01c4f5d47487,wait,wait,d21187e2ae3b,4eeb36c52546,0.0,0.0,-54.0,"[""048e665ca9b7"",""355f8f7bf174"",""36e6d8533839"",""5898067122eb"",""67a434f963f5"",""69c10ceb2dd4"",""e90080a0e2da""]","{""preference_components"":{""preference_repair_value"":0.0,""ptt_wait_penalty_applied"":-0.0,""qwen_audit_adjustment_applied"":0.0},""score"":-35.0}","{""preference_components"":{""macro_task_repair_value"":0.0},""score"":0.0}",qwen_auditor_called_zero_adjustment,[],,,,trace_alignment_without_suffix_replay,diagnostic_not_official_counterfactual,False,False,True,unknown,same_action_type_signature_changed,needs_official_suffix_replay_before_tuning
B9_gold_current_20260529,76,step_bucket_003,fbe5122e7093,wait,take_order,2e1466b92a6c,66a6f3a364bb,483.91,2561.56,-48.0,"[""048e665ca9b7"",""355f8f7bf174"",""36e6d8533839"",""5898067122eb"",""67a434f963f5"",""69c10ceb2dd4"",""e90080a0e2da""]","{""preference_components"":{""macro_task_repair_value"":744.0,""rest_guard"":1.0},""score"":0.0}","{""preference_components"":{""lost_repair_window_cost"":-0.0,""preference_marginal_penalty"":-944.28,""preference_repair_bonus"":0.0,""preference_repair_value"":4.56,""preference_soft_penalty"":-80.0,""ptt_failure_risk_applied"":-9.0,""ptt_lost_repair_window_applied"":-0.0,""ptt_low_confidence_applied"":-292.5,""ptt_marginal_penalty_applied"":-944.28,""ptt_repair_value"":4.56,""qwen_audit_adjustment"":0.0,""qwen_audit_adjustment_applied"":0.0,""rest_window_penalty"":-0.0,""unknown_soft_risk"":-292.5},""score"":-557.22}",qwen_auditor_called_zero_adjustment,"[""preference_marginal_penalty"",""preference_repair_value"",""preference_soft_penalty"",""ptt_failure_risk_applied"",""ptt_low_confidence_applied"",""ptt_marginal_penalty_applied"",""ptt_repair_value"",""unknown_soft_risk""]",,,,trace_alignment_without_suffix_replay,diagnostic_not_official_counterfactual,False,False,True,unknown,action_type_changed_wait_to_take_order,needs_official_suffix_replay_before_tuning
B9_gold_current_20260529,77,step_bucket_003,7b5d888bf5ff,take_order,take_order,0f8dd2177eca,ad6fb8642e72,-591.52,2516.58,-328.0,"[""048e665ca9b7"",""355f8f7bf174"",""36e6d8533839"",""5898067122eb"",""67a434f963f5"",""69c10ceb2dd4"",""e90080a0e2da""]","{""preference_components"":{""preference_repair_bonus"":0.0,""preference_soft_penalty"":-20.0,""ptt_failure_risk_applied"":-0.0,""ptt_lost_repair_window_applied"":-0.0,""ptt_low_confidence_applied"":-0.0,""ptt_marginal_penalty_applied"":-0.0,""ptt_repair_value"":0.0,""qwen_audit_adjustment_applied"":0.0,""rest_window_penalty"":-0.0},""score"":1204.76}","{""preference_components"":{""lost_repair_window_cost"":-0.0,""preference_marginal_penalty"":-944.28,""preference_repair_bonus"":0.0,""preference_repair_value"":4.56,""preference_soft_penalty"":-54.02,""ptt_failure_risk_applied"":-9.0,""ptt_lost_repair_window_applied"":-0.0,""ptt_low_confidence_applied"":-292.5,""ptt_marginal_penalty_applied"":-944.28,""ptt_repair_value"":4.56,""qwen_audit_adjustment"":0.0,""qwen_audit_adjustment_applied"":0.0,""rest_window_penalty"":-0.0,""unknown_soft_risk"":-292.5},""score"":-801.35}",qwen_auditor_called_zero_adjustment,"[""preference_marginal_penalty"",""preference_repair_value"",""preference_soft_penalty"",""ptt_failure_risk_applied"",""ptt_low_confidence_applied"",""ptt_marginal_penalty_applied"",""ptt_repair_value"",""unknown_soft_risk""]",,,,trace_alignment_without_suffix_replay,diagnostic_not_official_counterfactual,False,False,True,unknown,same_action_type_signature_changed_with_controller_score,needs_official_suffix_replay_before_tuning
B9_gold_current_20260529,78,step_bucket_003,fff6fc82ea9b,take_order,wait,cb510e8450b1,d21187e2ae3b,-169.23,-20.0,-111.0,"[""048e665ca9b7"",""355f8f7bf174"",""36e6d8533839"",""5898067122eb"",""67a434f963f5"",""69c10ceb2dd4"",""e90080a0e2da""]","{""preference_components"":{""preference_repair_bonus"":0.0,""preference_soft_penalty"":-20.0,""ptt_failure_risk_applied"":-0.0,""ptt_lost_repair_window_applied"":-0.0,""ptt_low_confidence_applied"":-0.0,""ptt_marginal_penalty_applied"":-0.0,""ptt_repair_value"":0.0,""qwen_audit_adjustment_applied"":0.0,""rest_window_penalty"":-0.0},""score"":306.31}","{""preference_components"":{""lost_repair_window_cost"":-0.0,""preference_marginal_penalty"":-0.0,""preference_repair_value"":6231.88,""ptt_repair_value"":6231.88,""ptt_wait_penalty_applied"":-0.0,""qwen_audit_adjustment"":0.0,""qwen_audit_adjustment_applied"":0.0,""unknown_soft_risk"":-0.0},""score"":6231.88}",qwen_auditor_called_zero_adjustment,"[""preference_repair_value"",""ptt_repair_value""]",,,,trace_alignment_without_suffix_replay,diagnostic_not_official_counterfactual,False,False,True,unknown,action_type_changed_take_order_to_wait,needs_official_suffix_replay_before_tuning
B9_gold_current_20260529,79,step_bucket_003,64dbde642c14,wait,wait,d21187e2ae3b,5cc5c1b4d2dc,0.0,1.0,298.0,"[""048e665ca9b7"",""355f8f7bf174"",""36e6d8533839"",""5898067122eb"",""67a434f963f5"",""69c10ceb2dd4"",""e90080a0e2da""]","{""preference_components"":{""preference_repair_value"":0.0,""ptt_wait_penalty_applied"":-0.0,""qwen_audit_adjustment_applied"":0.0},""score"":0.0}","{""preference_components"":{""macro_task_repair_value"":744.0,""rest_guard"":1.0},""score"":0.0}",qwen_auditor_called_zero_adjustment,"[""macro_task_repair_value""]",,,,trace_alignment_without_suffix_replay,diagnostic_not_official_counterfactual,False,False,True,unknown,same_action_type_signature_changed_with_controller_score,needs_official_suffix_replay_before_tuning
B9_gold_current_20260529,80,step_bucket_003,1b25cdeb1d72,wait,take_order,d0e0cb02b508,385c87bfc19c,444.24,2552.79,-154.0,"[""048e665ca9b7"",""355f8f7bf174"",""36e6d8533839"",""5898067122eb"",""67a434f963f5"",""69c10ceb2dd4"",""e90080a0e2da""]","{""preference_components"":{""macro_task_repair_value"":744.0,""rest_guard"":1.0},""score"":0.0}","{""preference_components"":{""lost_repair_window_cost"":-0.0,""preference_marginal_penalty"":-944.28,""preference_repair_bonus"":0.0,""preference_repair_value"":4.56,""preference_soft_penalty"":-71.23,""ptt_failure_risk_applied"":-9.0,""ptt_lost_repair_window_applied"":-0.0,""ptt_low_confidence_applied"":-292.5,""ptt_marginal_penalty_applied"":-944.28,""ptt_repair_value"":4.56,""qwen_audit_adjustment"":0.0,""qwen_audit_adjustment_applied"":0.0,""rest_window_penalty"":-0.0,""unknown_soft_risk"":-292.5},""score"":-505.2}",qwen_auditor_called_zero_adjustment,"[""preference_marginal_penalty"",""preference_repair_value"",""preference_soft_penalty"",""ptt_failure_risk_applied"",""ptt_low_confidence_applied"",""ptt_marginal_penalty_applied"",""ptt_repair_value"",""unknown_soft_risk""]",,,,trace_alignment_without_suffix_replay,diagnostic_not_official_counterfactual,False,False,True,unknown,action_type_changed_wait_to_take_order,needs_official_suffix_replay_before_tuning
B9_gold_current_20260529,81,step_bucket_003,7d670196d5fb,take_order,take_order,b9f8d120f5cf,b077eab40b19,-260.59,2542.56,-14.0,"[""048e665ca9b7"",""355f8f7bf174"",""36e6d8533839"",""5898067122eb"",""67a434f963f5"",""69c10ceb2dd4"",""e90080a0e2da""]","{""preference_components"":{""preference_repair_bonus"":0.0,""preference_soft_penalty"":-20.0,""ptt_failure_risk_applied"":-0.0,""ptt_lost_repair_window_applied"":-0.0,""ptt_low_confidence_applied"":-0.0,""ptt_marginal_penalty_applied"":-0.0,""ptt_repair_value"":0.0,""qwen_audit_adjustment_applied"":0.0,""rest_window_penalty"":-0.0},""score"":910.76}","{""preference_components"":{""lost_repair_window_cost"":-0.0,""preference_marginal_penalty"":-944.28,""preference_repair_bonus"":0.0,""preference_repair_value"":4.56,""preference_soft_penalty"":-80.0,""ptt_failure_risk_applied"":-9.0,""ptt_lost_repair_window_applied"":-0.0,""ptt_low_confidence_applied"":-292.5,""ptt_marginal_penalty_applied"":-944.28,""ptt_repair_value"":4.56,""qwen_audit_adjustment"":0.0,""qwen_audit_adjustment_applied"":0.0,""rest_window_penalty"":-0.0,""unknown_soft_risk"":-292.5},""score"":-819.37}",qwen_auditor_called_zero_adjustment,"[""preference_marginal_penalty"",""preference_repair_value"",""preference_soft_penalty"",""ptt_failure_risk_applied"",""ptt_low_confidence_applied"",""ptt_marginal_penalty_applied"",""ptt_repair_value"",""unknown_soft_risk""]",,,,trace_alignment_without_suffix_replay,diagnostic_not_official_counterfactual,False,False,True,unknown,same_action_type_signature_changed_with_controller_score,needs_official_suffix_replay_before_tuning
B9_gold_current_20260529,82,step_bucket_003,c384b88e0757,take_order,take_order,b7e4f0924eb4,31c006d9ae4a,167.43,2511.18,-117.0,"[""048e665ca9b7"",""355f8f7bf174"",""36e6d8533839"",""5898067122eb"",""67a434f963f5"",""69c10ceb2dd4"",""e90080a0e2da""]","{""preference_components"":{""preference_repair_bonus"":0.0,""preference_soft_penalty"":-20.0,""ptt_failure_risk_applied"":-0.0,""ptt_lost_repair_window_applied"":-0.0,""ptt_low_confidence_applied"":-0.0,""ptt_marginal_penalty_applied"":-0.0,""ptt_repair_value"":0.0,""qwen_audit_adjustment_applied"":0.0,""rest_window_penalty"":-0.0},""score"":123.13}","{""preference_components"":{""lost_repair_window_cost"":-0.0,""preference_marginal_penalty"":-944.28,""preference_repair_bonus"":0.0,""preference_repair_value"":4.56,""preference_soft_penalty"":-48.62,""ptt_failure_risk_applied"":-9.0,""ptt_lost_repair_window_applied"":-0.0,""ptt_low_confidence_applied"":-292.5,""ptt_marginal_penalty_applied"":-944.28,""ptt_repair_value"":4.56,""qwen_audit_adjustment"":0.0,""qwen_audit_adjustment_applied"":0.0,""rest_window_penalty"":-0.0,""unknown_soft_risk"":-292.5},""score"":-342.67}",qwen_auditor_called_zero_adjustment,"[""preference_marginal_penalty"",""preference_repair_value"",""preference_soft_penalty"",""ptt_failure_risk_applied"",""ptt_low_confidence_applied"",""ptt_marginal_penalty_applied"",""ptt_repair_value"",""unknown_soft_risk""]",,,,trace_alignment_without_suffix_replay,diagnostic_not_official_counterfactual,False,False,True,unknown,same_action_type_signature_changed_with_controller_score,needs_official_suffix_replay_before_tuning
B9_gold_current_20260529,83,step_bucket_003,a6b63e67b22e,wait,wait,d21187e2ae3b,5a6c51a5d2c3,0.0,1.0,385.0,"[""048e665ca9b7"",""355f8f7bf174"",""36e6d8533839"",""5898067122eb"",""67a434f963f5"",""69c10ceb2dd4"",""e90080a0e2da""]","{""preference_components"":{""preference_repair_value"":0.0,""ptt_wait_penalty_applied"":-0.0,""qwen_audit_adjustment_applied"":0.0},""score"":0.0}","{""preference_components"":{""macro_task_repair_value"":744.0,""rest_guard"":1.0},""score"":0.0}",qwen_auditor_called_zero_adjustment,"[""macro_task_repair_value""]",,,,trace_alignment_without_suffix_replay,diagnostic_not_official_counterfactual,False,False,True,unknown,same_action_type_signature_changed_with_controller_score,needs_official_suffix_replay_before_tuning
B9_gold_current_20260529,84,step_bucket_003,8cc2db923477,wait,take_order,d21187e2ae3b,8d2cb75cdbc3,509.02,2562.56,224.0,"[""048e665ca9b7"",""355f8f7bf174"",""36e6d8533839"",""5898067122eb"",""67a434f963f5"",""69c10ceb2dd4"",""e90080a0e2da""]","{""preference_components"":{""preference_repair_value"":0.0,""ptt_wait_penalty_applied"":-0.0,""qwen_audit_adjustment_applied"":0.0},""score"":-35.0}","{""preference_components"":{""lost_repair_window_cost"":-0.0,""preference_marginal_penalty"":-944.28,""preference_repair_bonus"":0.0,""preference_repair_value"":4.56,""preference_soft_penalty"":-80.0,""ptt_failure_risk_applied"":-9.0,""ptt_lost_repair_window_applied"":-0.0,""ptt_low_confidence_applied"":-292.5,""ptt_marginal_penalty_applied"":-944.28,""ptt_repair_value"":4.56,""qwen_audit_adjustment"":0.0,""qwen_audit_adjustment_applied"":0.0,""rest_window_penalty"":-0.0,""unknown_soft_risk"":-292.5},""score"":-479.95}",qwen_auditor_called_zero_adjustment,"[""preference_marginal_penalty"",""preference_repair_value"",""preference_soft_penalty"",""ptt_failure_risk_applied"",""ptt_low_confidence_applied"",""ptt_marginal_penalty_applied"",""ptt_repair_value"",""unknown_soft_risk""]",,,,trace_alignment_without_suffix_replay,diagnostic_not_official_counterfactual,False,False,True,unknown,action_type_changed_wait_to_take_order,needs_official_suffix_replay_before_tuning
B9_gold_current_20260529,85,step_bucket_003,1ab3d1a0bf9b,wait,take_order,18230058056d,63df8c46195c,295.82,2561.56,41.0,"[""048e665ca9b7"",""355f8f7bf174"",""36e6d8533839"",""5898067122eb"",""67a434f963f5"",""69c10ceb2dd4"",""e90080a0e2da""]","{""preference_components"":{""macro_task_repair_value"":744.0,""rest_guard"":1.0},""score"":0.0}","{""preference_components"":{""lost_repair_window_cost"":-0.0,""preference_marginal_penalty"":-944.28,""preference_repair_bonus"":0.0,""preference_repair_value"":4.56,""preference_soft_penalty"":-80.0,""ptt_failure_risk_applied"":-9.0,""ptt_lost_repair_window_applied"":-0.0,""ptt_low_confidence_applied"":-292.5,""ptt_marginal_penalty_applied"":-944.28,""ptt_repair_value"":4.56,""qwen_audit_adjustment"":0.0,""qwen_audit_adjustment_applied"":0.0,""rest_window_penalty"":-0.0,""unknown_soft_risk"":-292.5},""score"":-852.78}",qwen_auditor_called_zero_adjustment,"[""preference_marginal_penalty"",""preference_repair_value"",""preference_soft_penalty"",""ptt_failure_risk_applied"",""ptt_low_confidence_applied"",""ptt_marginal_penalty_applied"",""ptt_repair_value"",""unknown_soft_risk""]",,,,trace_alignment_without_suffix_replay,diagnostic_not_official_counterfactual,False,False,True,unknown,action_type_changed_wait_to_take_order,needs_official_suffix_replay_before_tuning
B9_gold_current_20260529,86,step_bucket_003,865af4737c6e,take_order,wait,514b9ad2b4d1,d21187e2ae3b,-505.96,-20.0,-373.0,"[""048e665ca9b7"",""355f8f7bf174"",""36e6d8533839"",""5898067122eb"",""67a434f963f5"",""69c10ceb2dd4"",""e90080a0e2da""]","{""preference_components"":{""preference_repair_bonus"":0.0,""preference_soft_penalty"":-20.0,""ptt_failure_risk_applied"":-0.0,""ptt_lost_repair_window_applied"":-0.0,""ptt_low_confidence_applied"":-0.0,""ptt_marginal_penalty_applied"":-0.0,""ptt_repair_value"":0.0,""qwen_audit_adjustment_applied"":0.0,""rest_window_penalty"":-0.0},""score"":742.64}","{""preference_components"":{""lost_repair_window_cost"":-0.0,""preference_marginal_penalty"":-0.0,""preference_repair_value"":6231.88,""ptt_repair_value"":6231.88,""ptt_wait_penalty_applied"":-0.0,""qwen_audit_adjustment"":0.0,""qwen_audit_adjustment_applied"":0.0,""unknown_soft_risk"":-0.0},""score"":6231.88}",qwen_auditor_called_zero_adjustment,"[""preference_repair_value"",""ptt_repair_value""]",,,,trace_alignment_without_suffix_replay,diagnostic_not_official_counterfactual,False,False,True,unknown,action_type_changed_take_order_to_wait,needs_official_suffix_replay_before_tuning
B9_gold_current_20260529,87,step_bucket_003,60dbc4eb5788,take_order,wait,cc8ec79388a8,bba0b12b8676,-412.92,-19.0,160.0,"[""048e665ca9b7"",""355f8f7bf174"",""36e6d8533839"",""5898067122eb"",""67a434f963f5"",""69c10ceb2dd4"",""e90080a0e2da""]","{""preference_components"":{""preference_repair_bonus"":0.0,""preference_soft_penalty"":-20.0,""ptt_failure_risk_applied"":-0.0,""ptt_lost_repair_window_applied"":-0.0,""ptt_low_confidence_applied"":-0.0,""ptt_marginal_penalty_applied"":-0.0,""ptt_repair_value"":0.0,""qwen_audit_adjustment_applied"":0.0,""rest_window_penalty"":-0.0},""score"":758.89}","{""preference_components"":{""macro_task_repair_value"":744.0,""rest_guard"":1.0},""score"":0.0}",qwen_auditor_called_zero_adjustment,"[""macro_task_repair_value""]",,,,trace_alignment_without_suffix_replay,diagnostic_not_official_counterfactual,False,False,True,unknown,action_type_changed_take_order_to_wait,needs_official_suffix_replay_before_tuning
B9_gold_current_20260529,88,step_bucket_003,d11f3159b84a,wait,take_order,d21187e2ae3b,7755d052f69c,276.32,2553.85,135.0,"[""048e665ca9b7"",""355f8f7bf174"",""36e6d8533839"",""5898067122eb"",""67a434f963f5"",""69c10ceb2dd4"",""e90080a0e2da""]","{""preference_components"":{""preference_repair_value"":0.0,""ptt_wait_penalty_applied"":-0.0,""qwen_audit_adjustment_applied"":0.0},""score"":0.0}","{""preference_components"":{""lost_repair_window_cost"":-0.0,""preference_marginal_penalty"":-944.28,""preference_repair_bonus"":0.0,""preference_repair_value"":4.56,""preference_soft_penalty"":-71.29,""ptt_failure_risk_applied"":-9.0,""ptt_lost_repair_window_applied"":-0.0,""ptt_low_confidence_applied"":-292.5,""ptt_marginal_penalty_applied"":-944.28,""ptt_repair_value"":4.56,""qwen_audit_adjustment"":0.0,""qwen_audit_adjustment_applied"":0.0,""rest_window_penalty"":-0.0,""unknown_soft_risk"":-292.5},""score"":-799.89}",qwen_auditor_called_zero_adjustment,"[""preference_marginal_penalty"",""preference_repair_value"",""preference_soft_penalty"",""ptt_failure_risk_applied"",""ptt_low_confidence_applied"",""ptt_marginal_penalty_applied"",""ptt_repair_value"",""unknown_soft_risk""]",,,,trace_alignment_without_suffix_replay,diagnostic_not_official_counterfactual,False,False,True,unknown,action_type_changed_wait_to_take_order,needs_official_suffix_replay_before_tuning
B9_gold_current_20260529,89,step_bucket_003,6dd0bfa272f0,wait,take_order,4c3d44d6eb5a,1984a8bab50a,389.94,2561.56,-34.0,"[""048e665ca9b7"",""355f8f7bf174"",""36e6d8533839"",""5898067122eb"",""67a434f963f5"",""69c10ceb2dd4"",""e90080a0e2da""]","{""preference_components"":{""macro_task_repair_value"":744.0,""rest_guard"":1.0},""score"":0.0}","{""preference_components"":{""lost_repair_window_cost"":-0.0,""preference_marginal_penalty"":-944.28,""preference_repair_bonus"":0.0,""preference_repair_value"":4.56,""preference_soft_penalty"":-80.0,""ptt_failure_risk_applied"":-9.0,""ptt_lost_repair_window_applied"":-0.0,""ptt_low_confidence_applied"":-292.5,""ptt_marginal_penalty_applied"":-944.28,""ptt_repair_value"":4.56,""qwen_audit_adjustment"":0.0,""qwen_audit_adjustment_applied"":0.0,""rest_window_penalty"":-0.0,""unknown_soft_risk"":-292.5},""score"":-698.98}",qwen_auditor_called_zero_adjustment,"[""preference_marginal_penalty"",""preference_repair_value"",""preference_soft_penalty"",""ptt_failure_risk_applied"",""ptt_low_confidence_applied"",""ptt_marginal_penalty_applied"",""ptt_repair_value"",""unknown_soft_risk""]",,,,trace_alignment_without_suffix_replay,diagnostic_not_official_counterfactual,False,False,True,unknown,action_type_changed_wait_to_take_order,needs_official_suffix_replay_before_tuning
B9_gold_current_20260529,90,step_bucket_003,0df28209fdef,take_order,wait,147a2c9d94d1,d21187e2ae3b,-524.8,-20.0,-260.0,"[""048e665ca9b7"",""355f8f7bf174"",""36e6d8533839"",""5898067122eb"",""67a434f963f5"",""69c10ceb2dd4"",""e90080a0e2da""]","{""preference_components"":{""preference_repair_bonus"":0.0,""preference_soft_penalty"":-20.0,""ptt_failure_risk_applied"":-0.0,""ptt_lost_repair_window_applied"":-0.0,""ptt_low_confidence_applied"":-0.0,""ptt_marginal_penalty_applied"":-0.0,""ptt_repair_value"":0.0,""qwen_audit_adjustment_applied"":0.0,""rest_window_penalty"":-0.0},""score"":817.6}","{""preference_components"":{""lost_repair_window_cost"":-0.0,""preference_marginal_penalty"":-0.0,""preference_repair_value"":6231.88,""ptt_repair_value"":6231.88,""ptt_wait_penalty_applied"":-0.0,""qwen_audit_adjustment"":0.0,""qwen_audit_adjustment_applied"":0.0,""unknown_soft_risk"":-0.0},""score"":6231.88}",qwen_auditor_called_zero_adjustment,"[""preference_repair_value"",""ptt_repair_value""]",,,,trace_alignment_without_suffix_replay,diagnostic_not_official_counterfactual,False,False,True,unknown,action_type_changed_take_order_to_wait,needs_official_suffix_replay_before_tuning
B9_gold_current_20260529,91,step_bucket_003,9833c5e5236c,take_order,wait,eaba9e81d4e3,d21187e2ae3b,-159.58,-20.0,-202.0,"[""048e665ca9b7"",""355f8f7bf174"",""36e6d8533839"",""5898067122eb"",""67a434f963f5"",""69c10ceb2dd4"",""e90080a0e2da""]","{""preference_components"":{""preference_repair_bonus"":0.0,""preference_soft_penalty"":-20.0,""ptt_failure_risk_applied"":-0.0,""ptt_lost_repair_window_applied"":-0.0,""ptt_low_confidence_applied"":-0.0,""ptt_marginal_penalty_applied"":-0.0,""ptt_repair_value"":0.0,""qwen_audit_adjustment_applied"":0.0,""rest_window_penalty"":-0.0},""score"":249.92}","{""preference_components"":{""lost_repair_window_cost"":-0.0,""preference_marginal_penalty"":-0.0,""preference_repair_value"":6231.88,""ptt_repair_value"":6231.88,""ptt_wait_penalty_applied"":-0.0,""qwen_audit_adjustment"":0.0,""qwen_audit_adjustment_applied"":0.0,""unknown_soft_risk"":-0.0},""score"":6196.88}",qwen_auditor_called_zero_adjustment,"[""preference_repair_value"",""ptt_repair_value""]",,,,trace_alignment_without_suffix_replay,diagnostic_not_official_counterfactual,False,False,True,unknown,action_type_changed_take_order_to_wait,needs_official_suffix_replay_before_tuning
B9_gold_current_20260529,92,step_bucket_003,b43778f2571e,wait,wait,d21187e2ae3b,df7e80cecc51,0.0,1.0,232.0,"[""048e665ca9b7"",""355f8f7bf174"",""36e6d8533839"",""5898067122eb"",""67a434f963f5"",""69c10ceb2dd4"",""e90080a0e2da""]","{""preference_components"":{""preference_repair_value"":0.0,""ptt_wait_penalty_applied"":-0.0,""qwen_audit_adjustment_applied"":0.0},""score"":0.0}","{""preference_components"":{""macro_task_repair_value"":744.0,""rest_guard"":1.0},""score"":0.0}",qwen_auditor_called_zero_adjustment,"[""macro_task_repair_value""]",,,,trace_alignment_without_suffix_replay,diagnostic_not_official_counterfactual,False,False,True,unknown,same_action_type_signature_changed_with_controller_score,needs_official_suffix_replay_before_tuning
B9_gold_current_20260529,93,step_bucket_003,6e9287fe7999,wait,take_order,f1d80d86d0a0,b3d8965ed47f,298.2,2560.47,-96.0,"[""048e665ca9b7"",""355f8f7bf174"",""36e6d8533839"",""5898067122eb"",""67a434f963f5"",""69c10ceb2dd4"",""e90080a0e2da""]","{""preference_components"":{""macro_task_repair_value"":744.0,""rest_guard"":1.0},""score"":0.0}","{""preference_components"":{""lost_repair_window_cost"":-0.0,""preference_marginal_penalty"":-944.28,""preference_repair_bonus"":0.0,""preference_repair_value"":4.56,""preference_soft_penalty"":-78.91,""ptt_failure_risk_applied"":-9.0,""ptt_lost_repair_window_applied"":-0.0,""ptt_low_confidence_applied"":-292.5,""ptt_marginal_penalty_applied"":-944.28,""ptt_repair_value"":4.56,""qwen_audit_adjustment"":0.0,""qwen_audit_adjustment_applied"":0.0,""rest_window_penalty"":-0.0,""unknown_soft_risk"":-292.5},""score"":-798.11}",qwen_auditor_called_zero_adjustment,"[""preference_marginal_penalty"",""preference_repair_value"",""preference_soft_penalty"",""ptt_failure_risk_applied"",""ptt_low_confidence_applied"",""ptt_marginal_penalty_applied"",""ptt_repair_value"",""unknown_soft_risk""]",,,,trace_alignment_without_suffix_replay,diagnostic_not_official_counterfactual,False,False,True,unknown,action_type_changed_wait_to_take_order,needs_official_suffix_replay_before_tuning
B9_gold_current_20260529,94,step_bucket_003,b6a941d0887d,take_order,take_order,fbd0176af656,1cd34981e0cf,-442.02,2542.56,-260.0,"[""048e665ca9b7"",""355f8f7bf174"",""36e6d8533839"",""5898067122eb"",""67a434f963f5"",""69c10ceb2dd4"",""e90080a0e2da""]","{""preference_components"":{""preference_repair_bonus"":0.0,""preference_soft_penalty"":-20.0,""ptt_failure_risk_applied"":-0.0,""ptt_lost_repair_window_applied"":-0.0,""ptt_low_confidence_applied"":-0.0,""ptt_marginal_penalty_applied"":-0.0,""ptt_repair_value"":0.0,""qwen_audit_adjustment_applied"":0.0,""rest_window_penalty"":-0.0},""score"":1373.06}","{""preference_components"":{""lost_repair_window_cost"":-0.0,""preference_marginal_penalty"":-944.28,""preference_repair_bonus"":0.0,""preference_repair_value"":4.56,""preference_soft_penalty"":-80.0,""ptt_failure_risk_applied"":-9.0,""ptt_lost_repair_window_applied"":-0.0,""ptt_low_confidence_applied"":-292.5,""ptt_marginal_penalty_applied"":-944.28,""ptt_repair_value"":4.56,""qwen_audit_adjustment"":0.0,""qwen_audit_adjustment_applied"":0.0,""rest_window_penalty"":-0.0,""unknown_soft_risk"":-292.5},""score"":-380.89}",qwen_auditor_called_zero_adjustment,"[""preference_marginal_penalty"",""preference_repair_value"",""preference_soft_penalty"",""ptt_failure_risk_applied"",""ptt_low_confidence_applied"",""ptt_marginal_penalty_applied"",""ptt_repair_value"",""unknown_soft_risk""]",,,,trace_alignment_without_suffix_replay,diagnostic_not_official_counterfactual,False,False,True,unknown,same_action_type_signature_changed_with_controller_score,needs_official_suffix_replay_before_tuning
B9_gold_current_20260529,96,step_bucket_004,80ab594a2413,wait,wait,a5942f01c996,f74ca0dd2482,0.0,0.0,-128.0,"[""048e665ca9b7"",""355f8f7bf174"",""36e6d8533839"",""5898067122eb"",""67a434f963f5"",""69c10ceb2dd4"",""e90080a0e2da""]","{""preference_components"":{""macro_task_repair_value"":744.0,""rest_guard"":1.0},""score"":0.0}","{""preference_components"":{""macro_task_repair_value"":744.0,""rest_guard"":1.0},""score"":0.0}",qwen_auditor_called_zero_adjustment,"[""macro_task_repair_value""]",,,,trace_alignment_without_suffix_replay,diagnostic_not_official_counterfactual,False,False,True,unknown,same_action_type_signature_changed_with_controller_score,needs_official_suffix_replay_before_tuning
B9_gold_current_20260529,97,step_bucket_004,8b182edfd425,take_order,take_order,54634232b946,718c1c3a82f6,-67.5,2542.56,-13.0,"[""048e665ca9b7"",""355f8f7bf174"",""36e6d8533839"",""5898067122eb"",""67a434f963f5"",""69c10ceb2dd4"",""e90080a0e2da""]","{""preference_components"":{""preference_repair_bonus"":0.0,""preference_soft_penalty"":-20.0,""ptt_failure_risk_applied"":-0.0,""ptt_lost_repair_window_applied"":-0.0,""ptt_low_confidence_applied"":-0.0,""ptt_marginal_penalty_applied"":-0.0,""ptt_repair_value"":0.0,""qwen_audit_adjustment_applied"":0.0,""rest_window_penalty"":-0.0},""score"":600.95}","{""preference_components"":{""lost_repair_window_cost"":-0.0,""preference_marginal_penalty"":-944.28,""preference_repair_bonus"":0.0,""preference_repair_value"":4.56,""preference_soft_penalty"":-80.0,""ptt_failure_risk_applied"":-9.0,""ptt_lost_repair_window_applied"":-0.0,""ptt_low_confidence_applied"":-292.5,""ptt_marginal_penalty_applied"":-944.28,""ptt_repair_value"":4.56,""qwen_audit_adjustment"":0.0,""qwen_audit_adjustment_applied"":0.0,""rest_window_penalty"":-0.0,""unknown_soft_risk"":-292.5},""score"":-787.14}",qwen_auditor_called_zero_adjustment,"[""preference_marginal_penalty"",""preference_repair_value"",""preference_soft_penalty"",""ptt_failure_risk_applied"",""ptt_low_confidence_applied"",""ptt_marginal_penalty_applied"",""ptt_repair_value"",""unknown_soft_risk""]",,,,trace_alignment_without_suffix_replay,diagnostic_not_official_counterfactual,False,False,True,unknown,same_action_type_signature_changed_with_controller_score,needs_official_suffix_replay_before_tuning
B9_gold_current_20260529,98,step_bucket_004,92afcf77a58b,take_order,take_order,fe6f0f6cddb0,0155fafe39b4,83.38,2542.56,132.0,"[""048e665ca9b7"",""355f8f7bf174"",""36e6d8533839"",""5898067122eb"",""67a434f963f5"",""69c10ceb2dd4"",""e90080a0e2da""]","{""preference_components"":{""preference_repair_bonus"":0.0,""preference_soft_penalty"":-20.0,""ptt_failure_risk_applied"":-0.0,""ptt_lost_repair_window_applied"":-0.0,""ptt_low_confidence_applied"":-0.0,""ptt_marginal_penalty_applied"":-0.0,""ptt_repair_value"":0.0,""qwen_audit_adjustment_applied"":0.0,""rest_window_penalty"":-0.0},""score"":210.58}","{""preference_components"":{""lost_repair_window_cost"":-0.0,""preference_marginal_penalty"":-944.28,""preference_repair_bonus"":0.0,""preference_repair_value"":4.56,""preference_soft_penalty"":-80.0,""ptt_failure_risk_applied"":-9.0,""ptt_lost_repair_window_applied"":-0.0,""ptt_low_confidence_applied"":-292.5,""ptt_marginal_penalty_applied"":-944.28,""ptt_repair_value"":4.56,""qwen_audit_adjustment"":0.0,""qwen_audit_adjustment_applied"":0.0,""rest_window_penalty"":-0.0,""unknown_soft_risk"":-292.5},""score"":-1005.39}",qwen_auditor_called_zero_adjustment,"[""preference_marginal_penalty"",""preference_repair_value"",""preference_soft_penalty"",""ptt_failure_risk_applied"",""ptt_low_confidence_applied"",""ptt_marginal_penalty_applied"",""ptt_repair_value"",""unknown_soft_risk""]",,,,trace_alignment_without_suffix_replay,diagnostic_not_official_counterfactual,False,False,True,unknown,same_action_type_signature_changed_with_controller_score,needs_official_suffix_replay_before_tuning
B9_gold_current_20260529,100,step_bucket_004,b91ce5b9faa6,wait,wait,d21187e2ae3b,5247ca4e3b2d,0.0,1.0,275.0,"[""048e665ca9b7"",""355f8f7bf174"",""36e6d8533839"",""5898067122eb"",""67a434f963f5"",""69c10ceb2dd4"",""e90080a0e2da""]","{""preference_components"":{""preference_repair_value"":0.0,""ptt_wait_penalty_applied"":-0.0,""qwen_audit_adjustment_applied"":0.0},""score"":-35.0}","{""preference_components"":{""macro_task_repair_value"":744.0,""rest_guard"":1.0},""score"":0.0}",qwen_auditor_called_zero_adjustment,"[""macro_task_repair_value""]",,,,trace_alignment_without_suffix_replay,diagnostic_not_official_counterfactual,False,False,True,unknown,same_action_type_signature_changed_with_controller_score,needs_official_suffix_replay_before_tuning
B9_gold_current_20260529,101,step_bucket_004,f6db56e6d3a2,wait,take_order,df7e80cecc51,69356d9b8175,390.58,2561.56,1.0,"[""048e665ca9b7"",""355f8f7bf174"",""36e6d8533839"",""5898067122eb"",""67a434f963f5"",""69c10ceb2dd4"",""e90080a0e2da""]","{""preference_components"":{""macro_task_repair_value"":744.0,""rest_guard"":1.0},""score"":0.0}","{""preference_components"":{""lost_repair_window_cost"":-0.0,""preference_marginal_penalty"":-944.28,""preference_repair_bonus"":0.0,""preference_repair_value"":4.56,""preference_soft_penalty"":-80.0,""ptt_failure_risk_applied"":-9.0,""ptt_lost_repair_window_applied"":-0.0,""ptt_low_confidence_applied"":-292.5,""ptt_marginal_penalty_applied"":-944.28,""ptt_repair_value"":4.56,""qwen_audit_adjustment"":0.0,""qwen_audit_adjustment_applied"":0.0,""rest_window_penalty"":-0.0,""unknown_soft_risk"":-292.5},""score"":-684.29}",qwen_auditor_called_zero_adjustment,"[""preference_marginal_penalty"",""preference_repair_value"",""preference_soft_penalty"",""ptt_failure_risk_applied"",""ptt_low_confidence_applied"",""ptt_marginal_penalty_applied"",""ptt_repair_value"",""unknown_soft_risk""]",,,,trace_alignment_without_suffix_replay,diagnostic_not_official_counterfactual,False,False,True,unknown,action_type_changed_wait_to_take_order,needs_official_suffix_replay_before_tuning
B9_gold_current_20260529,102,step_bucket_004,3c2fd372a815,take_order,take_order,e30367debf81,6da0aa4a7217,-547.27,2542.56,-261.0,"[""048e665ca9b7"",""355f8f7bf174"",""36e6d8533839"",""5898067122eb"",""67a434f963f5"",""69c10ceb2dd4"",""e90080a0e2da""]","{""preference_components"":{""preference_repair_bonus"":0.0,""preference_soft_penalty"":-20.0,""ptt_failure_risk_applied"":-0.0,""ptt_lost_repair_window_applied"":-0.0,""ptt_low_confidence_applied"":-0.0,""ptt_marginal_penalty_applied"":-0.0,""ptt_repair_value"":0.0,""qwen_audit_adjustment_applied"":0.0,""rest_window_penalty"":-0.0},""score"":1184.36}","{""preference_components"":{""lost_repair_window_cost"":-0.0,""preference_marginal_penalty"":-944.28,""preference_repair_bonus"":0.0,""preference_repair_value"":4.56,""preference_soft_penalty"":-80.0,""ptt_failure_risk_applied"":-9.0,""ptt_lost_repair_window_applied"":-0.0,""ptt_low_confidence_applied"":-292.5,""ptt_marginal_penalty_applied"":-944.28,""ptt_repair_value"":4.56,""qwen_audit_adjustment"":0.0,""qwen_audit_adjustment_applied"":0.0,""rest_window_penalty"":-0.0,""unknown_soft_risk"":-292.5},""score"":-796.59}",qwen_auditor_called_zero_adjustment,"[""preference_marginal_penalty"",""preference_repair_value"",""preference_soft_penalty"",""ptt_failure_risk_applied"",""ptt_low_confidence_applied"",""ptt_marginal_penalty_applied"",""ptt_repair_value"",""unknown_soft_risk""]",,,,trace_alignment_without_suffix_replay,diagnostic_not_official_counterfactual,False,False,True,unknown,same_action_type_signature_changed_with_controller_score,needs_official_suffix_replay_before_tuning
B9_gold_current_20260529,104,step_bucket_004,e6e4066102a8,wait,wait,d21187e2ae3b,206f939139ab,0.0,1.0,341.0,"[""048e665ca9b7"",""355f8f7bf174"",""36e6d8533839"",""5898067122eb"",""67a434f963f5"",""69c10ceb2dd4"",""e90080a0e2da""]","{""preference_components"":{""preference_repair_value"":0.0,""ptt_wait_penalty_applied"":-0.0,""qwen_audit_adjustment_applied"":0.0},""score"":-35.0}","{""preference_components"":{""macro_task_repair_value"":744.0,""rest_guard"":1.0},""score"":0.0}",qwen_auditor_called_zero_adjustment,"[""macro_task_repair_value""]",,,,trace_alignment_without_suffix_replay,diagnostic_not_official_counterfactual,False,False,True,unknown,same_action_type_signature_changed_with_controller_score,needs_official_suffix_replay_before_tuning
B9_gold_current_20260529,105,step_bucket_004,4cedd355f1df,wait,take_order,192988dde7ef,6deeec6c3ea0,220.01,2561.56,-31.0,"[""048e665ca9b7"",""355f8f7bf174"",""36e6d8533839"",""5898067122eb"",""67a434f963f5"",""69c10ceb2dd4"",""e90080a0e2da""]","{""preference_components"":{""macro_task_repair_value"":744.0,""rest_guard"":1.0},""score"":0.0}","{""preference_components"":{""lost_repair_window_cost"":-0.0,""preference_marginal_penalty"":-944.28,""preference_repair_bonus"":0.0,""preference_repair_value"":4.56,""preference_soft_penalty"":-80.0,""ptt_failure_risk_applied"":-9.0,""ptt_lost_repair_window_applied"":-0.0,""ptt_low_confidence_applied"":-292.5,""ptt_marginal_penalty_applied"":-944.28,""ptt_repair_value"":4.56,""qwen_audit_adjustment"":0.0,""qwen_audit_adjustment_applied"":0.0,""rest_window_penalty"":-0.0,""unknown_soft_risk"":-292.5},""score"":-951.6}",qwen_auditor_called_zero_adjustment,"[""preference_marginal_penalty"",""preference_repair_value"",""preference_soft_penalty"",""ptt_failure_risk_applied"",""ptt_low_confidence_applied"",""ptt_marginal_penalty_applied"",""ptt_repair_value"",""unknown_soft_risk""]",,,,trace_alignment_without_suffix_replay,diagnostic_not_official_counterfactual,False,False,True,unknown,action_type_changed_wait_to_take_order,needs_official_suffix_replay_before_tuning
B9_gold_current_20260529,106,step_bucket_004,8e4cf2001d95,take_order,take_order,a025bc468571,5126e6e4dbdc,-526.55,2542.56,-154.0,"[""048e665ca9b7"",""355f8f7bf174"",""36e6d8533839"",""5898067122eb"",""67a434f963f5"",""69c10ceb2dd4"",""e90080a0e2da""]","{""preference_components"":{""preference_repair_bonus"":0.0,""preference_soft_penalty"":-20.0,""ptt_failure_risk_applied"":-0.0,""ptt_lost_repair_window_applied"":-0.0,""ptt_low_confidence_applied"":-0.0,""ptt_marginal_penalty_applied"":-0.0,""ptt_repair_value"":0.0,""qwen_audit_adjustment_applied"":0.0,""rest_window_penalty"":-0.0},""score"":1446.05}","{""preference_components"":{""lost_repair_window_cost"":-0.0,""preference_marginal_penalty"":-944.28,""preference_repair_bonus"":0.0,""preference_repair_value"":4.56,""preference_soft_penalty"":-80.0,""ptt_failure_risk_applied"":-9.0,""ptt_lost_repair_window_applied"":-0.0,""ptt_low_confidence_applied"":-292.5,""ptt_marginal_penalty_applied"":-944.28,""ptt_repair_value"":4.56,""qwen_audit_adjustment"":0.0,""qwen_audit_adjustment_applied"":0.0,""rest_window_penalty"":-0.0,""unknown_soft_risk"":-292.5},""score"":-537.42}",qwen_auditor_called_zero_adjustment,"[""preference_marginal_penalty"",""preference_repair_value"",""preference_soft_penalty"",""ptt_failure_risk_applied"",""ptt_low_confidence_applied"",""ptt_marginal_penalty_applied"",""ptt_repair_value"",""unknown_soft_risk""]",,,,trace_alignment_without_suffix_replay,diagnostic_not_official_counterfactual,False,False,True,unknown,same_action_type_signature_changed_with_controller_score,needs_official_suffix_replay_before_tuning
B9_gold_current_20260529,108,step_bucket_004,3608462ba077,wait,wait,d21187e2ae3b,96b83877ac0d,0.0,1.0,262.0,"[""048e665ca9b7"",""355f8f7bf174"",""36e6d8533839"",""5898067122eb"",""67a434f963f5"",""69c10ceb2dd4"",""e90080a0e2da""]","{""preference_components"":{""preference_repair_value"":0.0,""ptt_wait_penalty_applied"":-0.0,""qwen_audit_adjustment_applied"":0.0},""score"":-35.0}","{""preference_components"":{""macro_task_repair_value"":744.0,""rest_guard"":1.0},""score"":0.0}",qwen_auditor_called_zero_adjustment,"[""macro_task_repair_value""]",,,,trace_alignment_without_suffix_replay,diagnostic_not_official_counterfactual,False,False,True,unknown,same_action_type_signature_changed_with_controller_score,needs_official_suffix_replay_before_tuning
B9_gold_current_20260529,109,step_bucket_004,660891590a1b,wait,take_order,d21187e2ae3b,6f6a120f8304,343.63,2562.56,224.0,"[""048e665ca9b7"",""355f8f7bf174"",""36e6d8533839"",""5898067122eb"",""67a434f963f5"",""69c10ceb2dd4"",""e90080a0e2da""]","{""preference_components"":{""preference_repair_value"":0.0,""ptt_wait_penalty_applied"":-0.0,""qwen_audit_adjustment_applied"":0.0},""score"":-70.0}","{""preference_components"":{""lost_repair_window_cost"":-0.0,""preference_marginal_penalty"":-944.28,""preference_repair_bonus"":0.0,""preference_repair_value"":4.56,""preference_soft_penalty"":-80.0,""ptt_failure_risk_applied"":-9.0,""ptt_lost_repair_window_applied"":-0.0,""ptt_low_confidence_applied"":-292.5,""ptt_marginal_penalty_applied"":-944.28,""ptt_repair_value"":4.56,""qwen_audit_adjustment"":0.0,""qwen_audit_adjustment_applied"":0.0,""rest_window_penalty"":-0.0,""unknown_soft_risk"":-292.5},""score"":-727.48}",qwen_auditor_called_zero_adjustment,"[""preference_marginal_penalty"",""preference_repair_value"",""preference_soft_penalty"",""ptt_failure_risk_applied"",""ptt_low_confidence_applied"",""ptt_marginal_penalty_applied"",""ptt_repair_value"",""unknown_soft_risk""]",,,,trace_alignment_without_suffix_replay,diagnostic_not_official_counterfactual,False,False,True,unknown,action_type_changed_wait_to_take_order,needs_official_suffix_replay_before_tuning
B9_gold_current_20260529,110,step_bucket_004,b4f646faf4c8,wait,take_order,a23dc9bd2858,ad185a94be18,432.69,2561.56,22.0,"[""048e665ca9b7"",""355f8f7bf174"",""36e6d8533839"",""5898067122eb"",""67a434f963f5"",""69c10ceb2dd4"",""e90080a0e2da""]","{""preference_components"":{""macro_task_repair_value"":744.0,""rest_guard"":1.0},""score"":0.0}","{""preference_components"":{""lost_repair_window_cost"":-0.0,""preference_marginal_penalty"":-944.28,""preference_repair_bonus"":0.0,""preference_repair_value"":4.56,""preference_soft_penalty"":-80.0,""ptt_failure_risk_applied"":-9.0,""ptt_lost_repair_window_applied"":-0.0,""ptt_low_confidence_applied"":-292.5,""ptt_marginal_penalty_applied"":-944.28,""ptt_repair_value"":4.56,""qwen_audit_adjustment"":0.0,""qwen_audit_adjustment_applied"":0.0,""rest_window_penalty"":-0.0,""unknown_soft_risk"":-292.5},""score"":-626.88}",qwen_auditor_called_zero_adjustment,"[""preference_marginal_penalty"",""preference_repair_value"",""preference_soft_penalty"",""ptt_failure_risk_applied"",""ptt_low_confidence_applied"",""ptt_marginal_penalty_applied"",""ptt_repair_value"",""unknown_soft_risk""]",,,,trace_alignment_without_suffix_replay,diagnostic_not_official_counterfactual,False,False,True,unknown,action_type_changed_wait_to_take_order,needs_official_suffix_replay_before_tuning
B9_gold_current_20260529,111,step_bucket_004,49e39382c54e,take_order,wait,3d4bf0596b20,d21187e2ae3b,-445.29,-20.0,-523.0,"[""048e665ca9b7"",""355f8f7bf174"",""36e6d8533839"",""5898067122eb"",""67a434f963f5"",""69c10ceb2dd4"",""e90080a0e2da""]","{""preference_components"":{""preference_repair_bonus"":0.0,""preference_soft_penalty"":-20.0,""ptt_failure_risk_applied"":-0.0,""ptt_lost_repair_window_applied"":-0.0,""ptt_low_confidence_applied"":-0.0,""ptt_marginal_penalty_applied"":-0.0,""ptt_repair_value"":0.0,""qwen_audit_adjustment_applied"":0.0,""rest_window_penalty"":-0.0},""score"":591.12}","{""preference_components"":{""lost_repair_window_cost"":-0.0,""preference_marginal_penalty"":-0.0,""preference_repair_value"":6231.88,""ptt_repair_value"":6231.88,""ptt_wait_penalty_applied"":-0.0,""qwen_audit_adjustment"":0.0,""qwen_audit_adjustment_applied"":0.0,""unknown_soft_risk"":-0.0},""score"":6231.88}",qwen_auditor_called_zero_adjustment,"[""preference_repair_value"",""ptt_repair_value""]",,,,trace_alignment_without_suffix_replay,diagnostic_not_official_counterfactual,False,False,True,unknown,action_type_changed_take_order_to_wait,needs_official_suffix_replay_before_tuning
B9_gold_current_20260529,112,step_bucket_004,c0a459b33eee,wait,wait,d21187e2ae3b,3971c76f5171,0.0,1.0,294.0,"[""048e665ca9b7"",""355f8f7bf174"",""36e6d8533839"",""5898067122eb"",""67a434f963f5"",""69c10ceb2dd4"",""e90080a0e2da""]","{""preference_components"":{""preference_repair_value"":0.0,""ptt_wait_penalty_applied"":-0.0,""qwen_audit_adjustment_applied"":0.0},""score"":0.0}","{""preference_components"":{""macro_task_repair_value"":744.0,""rest_guard"":1.0},""score"":0.0}",qwen_auditor_called_zero_adjustment,"[""macro_task_repair_value""]",,,,trace_alignment_without_suffix_replay,diagnostic_not_official_counterfactual,False,False,True,unknown,same_action_type_signature_changed_with_controller_score,needs_official_suffix_replay_before_tuning
B9_gold_current_20260529,113,step_bucket_004,1acb9a1589a3,wait,take_order,d21187e2ae3b,b630be03e2f6,420.21,2562.56,222.0,"[""048e665ca9b7"",""355f8f7bf174"",""36e6d8533839"",""5898067122eb"",""67a434f963f5"",""69c10ceb2dd4"",""e90080a0e2da""]","{""preference_components"":{""preference_repair_value"":0.0,""ptt_wait_penalty_applied"":-0.0,""qwen_audit_adjustment_applied"":0.0},""score"":-35.0}","{""preference_components"":{""lost_repair_window_cost"":-0.0,""preference_marginal_penalty"":-944.28,""preference_repair_bonus"":0.0,""preference_repair_value"":4.56,""preference_soft_penalty"":-80.0,""ptt_failure_risk_applied"":-9.0,""ptt_lost_repair_window_applied"":-0.0,""ptt_low_confidence_applied"":-292.5,""ptt_marginal_penalty_applied"":-944.28,""ptt_repair_value"":4.56,""qwen_audit_adjustment"":0.0,""qwen_audit_adjustment_applied"":0.0,""rest_window_penalty"":-0.0,""unknown_soft_risk"":-292.5},""score"":-624.3}",qwen_auditor_called_zero_adjustment,"[""preference_marginal_penalty"",""preference_repair_value"",""preference_soft_penalty"",""ptt_failure_risk_applied"",""ptt_low_confidence_applied"",""ptt_marginal_penalty_applied"",""ptt_repair_value"",""unknown_soft_risk""]",,,,trace_alignment_without_suffix_replay,diagnostic_not_official_counterfactual,False,False,True,unknown,action_type_changed_wait_to_take_order,needs_official_suffix_replay_before_tuning
B9_gold_current_20260529,114,step_bucket_004,25ce59c7438b,wait,take_order,3da132eba66b,20d17a188fbb,260.44,2561.56,37.0,"[""048e665ca9b7"",""355f8f7bf174"",""36e6d8533839"",""5898067122eb"",""67a434f963f5"",""69c10ceb2dd4"",""e90080a0e2da""]","{""preference_components"":{""macro_task_repair_value"":744.0,""rest_guard"":1.0},""score"":0.0}","{""preference_components"":{""lost_repair_window_cost"":-0.0,""preference_marginal_penalty"":-944.28,""preference_repair_bonus"":0.0,""preference_repair_value"":4.56,""preference_soft_penalty"":-80.0,""ptt_failure_risk_applied"":-9.0,""ptt_lost_repair_window_applied"":-0.0,""ptt_low_confidence_applied"":-292.5,""ptt_marginal_penalty_applied"":-944.28,""ptt_repair_value"":4.56,""qwen_audit_adjustment"":0.0,""qwen_audit_adjustment_applied"":0.0,""rest_window_penalty"":-0.0,""unknown_soft_risk"":-292.5},""score"":-921.27}",qwen_auditor_called_zero_adjustment,"[""preference_marginal_penalty"",""preference_repair_value"",""preference_soft_penalty"",""ptt_failure_risk_applied"",""ptt_low_confidence_applied"",""ptt_marginal_penalty_applied"",""ptt_repair_value"",""unknown_soft_risk""]",,,,trace_alignment_without_suffix_replay,diagnostic_not_official_counterfactual,False,False,True,unknown,action_type_changed_wait_to_take_order,needs_official_suffix_replay_before_tuning
B9_gold_current_20260529,115,step_bucket_004,c231a4b4a915,take_order,wait,bf82bc6c810e,d21187e2ae3b,-368.3,-48.62,-356.0,"[""048e665ca9b7"",""355f8f7bf174"",""36e6d8533839"",""5898067122eb"",""67a434f963f5"",""69c10ceb2dd4"",""e90080a0e2da""]","{""preference_components"":{""preference_repair_bonus"":0.0,""preference_soft_penalty"":-48.62,""ptt_failure_risk_applied"":-0.0,""ptt_lost_repair_window_applied"":-0.0,""ptt_low_confidence_applied"":-0.0,""ptt_marginal_penalty_applied"":-0.0,""ptt_repair_value"":0.0,""qwen_audit_adjustment_applied"":0.0,""rest_window_penalty"":-0.0},""score"":502.6}","{""preference_components"":{""lost_repair_window_cost"":-0.0,""preference_marginal_penalty"":-0.0,""preference_repair_value"":6231.88,""ptt_repair_value"":6231.88,""ptt_wait_penalty_applied"":-0.0,""qwen_audit_adjustment"":0.0,""qwen_audit_adjustment_applied"":0.0,""unknown_soft_risk"":-0.0},""score"":6231.88}",qwen_auditor_called_zero_adjustment,"[""preference_repair_value"",""ptt_repair_value""]",,,,trace_alignment_without_suffix_replay,diagnostic_not_official_counterfactual,False,False,True,unknown,action_type_changed_take_order_to_wait,needs_official_suffix_replay_before_tuning
B9_gold_current_20260529,116,step_bucket_004,0497b1513d3e,take_order,wait,9807dcd4a5c5,f74ca0dd2482,-330.74,-47.62,89.0,"[""048e665ca9b7"",""355f8f7bf174"",""36e6d8533839"",""5898067122eb"",""67a434f963f5"",""69c10ceb2dd4"",""e90080a0e2da""]","{""preference_components"":{""preference_repair_bonus"":0.0,""preference_soft_penalty"":-48.62,""ptt_failure_risk_applied"":-0.0,""ptt_lost_repair_window_applied"":-0.0,""ptt_low_confidence_applied"":-0.0,""ptt_marginal_penalty_applied"":-0.0,""ptt_repair_value"":0.0,""qwen_audit_adjustment_applied"":0.0,""rest_window_penalty"":-0.0},""score"":545.12}","{""preference_components"":{""macro_task_repair_value"":744.0,""rest_guard"":1.0},""score"":0.0}",qwen_auditor_called_zero_adjustment,"[""macro_task_repair_value""]",,,,trace_alignment_without_suffix_replay,diagnostic_not_official_counterfactual,False,False,True,unknown,action_type_changed_take_order_to_wait,needs_official_suffix_replay_before_tuning
B9_gold_current_20260529,117,step_bucket_004,9fd70498449c,wait,take_order,1770e69ef111,ac77880e6966,282.9,2549.97,246.0,"[""048e665ca9b7"",""355f8f7bf174"",""36e6d8533839"",""5898067122eb"",""67a434f963f5"",""69c10ceb2dd4"",""e90080a0e2da""]","{""preference_components"":{""preference_repair_value"":0.0,""ptt_wait_penalty_applied"":-0.0,""qwen_audit_adjustment_applied"":0.0},""score"":0.0}","{""preference_components"":{""lost_repair_window_cost"":-0.0,""preference_marginal_penalty"":-944.28,""preference_repair_bonus"":0.0,""preference_repair_value"":4.56,""preference_soft_penalty"":-67.41,""ptt_failure_risk_applied"":-9.0,""ptt_lost_repair_window_applied"":-0.0,""ptt_low_confidence_applied"":-292.5,""ptt_marginal_penalty_applied"":-944.28,""ptt_repair_value"":4.56,""qwen_audit_adjustment"":0.0,""qwen_audit_adjustment_applied"":0.0,""rest_window_penalty"":-0.0,""unknown_soft_risk"":-292.5},""score"":-776.13}",qwen_auditor_called_zero_adjustment,"[""preference_marginal_penalty"",""preference_repair_value"",""preference_soft_penalty"",""ptt_failure_risk_applied"",""ptt_low_confidence_applied"",""ptt_marginal_penalty_applied"",""ptt_repair_value"",""unknown_soft_risk""]",,,,trace_alignment_without_suffix_replay,diagnostic_not_official_counterfactual,False,False,True,unknown,action_type_changed_wait_to_take_order,needs_official_suffix_replay_before_tuning
B9_gold_current_20260529,118,step_bucket_004,ba7d82d0c1a5,wait,take_order,1770e69ef111,dd96e7fe37d5,465.0,2562.56,411.0,"[""048e665ca9b7"",""355f8f7bf174"",""36e6d8533839"",""5898067122eb"",""67a434f963f5"",""69c10ceb2dd4"",""e90080a0e2da""]","{""preference_components"":{""preference_repair_value"":0.0,""ptt_wait_penalty_applied"":-0.0,""qwen_audit_adjustment_applied"":0.0},""score"":-35.0}","{""preference_components"":{""lost_repair_window_cost"":-0.0,""preference_marginal_penalty"":-944.28,""preference_repair_bonus"":0.0,""preference_repair_value"":4.56,""preference_soft_penalty"":-80.0,""ptt_failure_risk_applied"":-9.0,""ptt_lost_repair_window_applied"":-0.0,""ptt_low_confidence_applied"":-292.5,""ptt_marginal_penalty_applied"":-944.28,""ptt_repair_value"":4.56,""qwen_audit_adjustment"":0.0,""qwen_audit_adjustment_applied"":0.0,""rest_window_penalty"":-0.0,""unknown_soft_risk"":-292.5},""score"":-599.16}",qwen_auditor_called_zero_adjustment,"[""preference_marginal_penalty"",""preference_repair_value"",""preference_soft_penalty"",""ptt_failure_risk_applied"",""ptt_low_confidence_applied"",""ptt_marginal_penalty_applied"",""ptt_repair_value"",""unknown_soft_risk""]",,,,trace_alignment_without_suffix_replay,diagnostic_not_official_counterfactual,False,False,True,unknown,action_type_changed_wait_to_take_order,needs_official_suffix_replay_before_tuning
B9_gold_current_20260529,119,step_bucket_004,ed07e1c2c097,wait,wait,f6b6a04d8d27,d21187e2ae3b,0.0,-1.0,-1255.0,"[""048e665ca9b7"",""355f8f7bf174"",""36e6d8533839"",""5898067122eb"",""67a434f963f5"",""69c10ceb2dd4"",""e90080a0e2da""]","{""preference_components"":{""macro_task_repair_value"":3100.0,""rest_guard"":1.0},""score"":0.0}","{""preference_components"":{""lost_repair_window_cost"":-0.0,""preference_marginal_penalty"":-0.0,""preference_repair_value"":6231.88,""ptt_repair_value"":6231.88,""ptt_wait_penalty_applied"":-0.0,""qwen_audit_adjustment"":0.0,""qwen_audit_adjustment_applied"":0.0,""unknown_soft_risk"":-0.0},""score"":6231.88}",qwen_auditor_called_zero_adjustment,"[""preference_repair_value"",""ptt_repair_value""]",,,,trace_alignment_without_suffix_replay,diagnostic_not_official_counterfactual,False,False,True,unknown,same_action_type_signature_changed_with_controller_score,needs_official_suffix_replay_before_tuning
B9_gold_current_20260529,120,step_bucket_005,9ac4df91320b,wait,wait,9b7a8b9c91dc,6b0f758eb4c1,0.0,0.0,-11.0,"[""048e665ca9b7"",""355f8f7bf174"",""36e6d8533839"",""5898067122eb"",""67a434f963f5"",""69c10ceb2dd4"",""e90080a0e2da""]","{""preference_components"":{""macro_task_repair_value"":744.0,""rest_guard"":1.0},""score"":0.0}","{""preference_components"":{""macro_task_repair_value"":744.0,""rest_guard"":1.0},""score"":0.0}",qwen_auditor_called_zero_adjustment,"[""macro_task_repair_value""]",,,,trace_alignment_without_suffix_replay,diagnostic_not_official_counterfactual,False,False,True,unknown,same_action_type_signature_changed_with_controller_score,needs_official_suffix_replay_before_tuning
B9_gold_current_20260529,121,step_bucket_005,c63d810866cc,take_order,take_order,98214cb16771,98d0f227d10b,-341.72,4163.94,-39.0,"[""048e665ca9b7"",""355f8f7bf174"",""36e6d8533839"",""5898067122eb"",""67a434f963f5"",""69c10ceb2dd4"",""e90080a0e2da""]","{""preference_components"":{""preference_repair_bonus"":0.0,""preference_soft_penalty"":-48.62,""ptt_failure_risk_applied"":-0.0,""ptt_lost_repair_window_applied"":-0.0,""ptt_low_confidence_applied"":-0.0,""ptt_marginal_penalty_applied"":-0.0,""ptt_repair_value"":0.0,""qwen_audit_adjustment_applied"":0.0,""rest_window_penalty"":-0.0},""score"":1049.85}","{""preference_components"":{""lost_repair_window_cost"":-0.0,""preference_marginal_penalty"":-1656.78,""preference_repair_bonus"":0.0,""preference_repair_value"":4.56,""preference_soft_penalty"":-80.0,""ptt_failure_risk_applied"":-9.0,""ptt_lost_repair_window_applied"":-0.0,""ptt_low_confidence_applied"":-405.0,""ptt_marginal_penalty_applied"":-1656.78,""ptt_repair_value"":4.56,""qwen_audit_adjustment"":0.0,""qwen_audit_adjustment_applied"":0.0,""rest_window_penalty"":-0.0,""unknown_soft_risk"":-405.0},""score"":-1562.44}",qwen_auditor_called_zero_adjustment,"[""preference_marginal_penalty"",""preference_repair_value"",""preference_soft_penalty"",""ptt_failure_risk_applied"",""ptt_low_confidence_applied"",""ptt_marginal_penalty_applied"",""ptt_repair_value"",""unknown_soft_risk""]",,,,trace_alignment_without_suffix_replay,diagnostic_not_official_counterfactual,False,False,True,unknown,same_action_type_signature_changed_with_controller_score,needs_official_suffix_replay_before_tuning
B9_gold_current_20260529,122,step_bucket_005,af5bebfe77c3,take_order,take_order,6d3b8582e493,2ce1bc9a28b8,-153.39,4163.94,148.0,"[""048e665ca9b7"",""355f8f7bf174"",""36e6d8533839"",""5898067122eb"",""67a434f963f5"",""69c10ceb2dd4"",""e90080a0e2da""]","{""preference_components"":{""preference_repair_bonus"":0.0,""preference_soft_penalty"":-48.62,""ptt_failure_risk_applied"":-0.0,""ptt_lost_repair_window_applied"":-0.0,""ptt_low_confidence_applied"":-0.0,""ptt_marginal_penalty_applied"":-0.0,""ptt_repair_value"":0.0,""qwen_audit_adjustment_applied"":0.0,""rest_window_penalty"":-0.0},""score"":671.29}","{""preference_components"":{""lost_repair_window_cost"":-0.0,""preference_marginal_penalty"":-1656.78,""preference_repair_bonus"":0.0,""preference_repair_value"":4.56,""preference_soft_penalty"":-80.0,""ptt_failure_risk_applied"":-9.0,""ptt_lost_repair_window_applied"":-0.0,""ptt_low_confidence_applied"":-405.0,""ptt_marginal_penalty_applied"":-1656.78,""ptt_repair_value"":4.56,""qwen_audit_adjustment"":0.0,""qwen_audit_adjustment_applied"":0.0,""rest_window_penalty"":-0.0,""unknown_soft_risk"":-405.0},""score"":-1767.92}",qwen_auditor_called_zero_adjustment,"[""preference_marginal_penalty"",""preference_repair_value"",""preference_soft_penalty"",""ptt_failure_risk_applied"",""ptt_low_confidence_applied"",""ptt_marginal_penalty_applied"",""ptt_repair_value"",""unknown_soft_risk""]",,,,trace_alignment_without_suffix_replay,diagnostic_not_official_counterfactual,False,False,True,unknown,same_action_type_signature_changed_with_controller_score,needs_official_suffix_replay_before_tuning
B9_gold_current_20260529,125,step_bucket_005,4d1e59b1f120,wait,wait,1770e69ef111,b7cc16bb1a76,0.0,1.0,1396.0,"[""048e665ca9b7"",""355f8f7bf174"",""36e6d8533839"",""5898067122eb"",""67a434f963f5"",""69c10ceb2dd4"",""e90080a0e2da""]","{""preference_components"":{""preference_repair_value"":0.0,""ptt_wait_penalty_applied"":-0.0,""qwen_audit_adjustment_applied"":0.0},""score"":-70.0}","{""preference_components"":{""macro_task_repair_value"":3100.0,""rest_guard"":1.0},""score"":0.0}",qwen_auditor_called_zero_adjustment,"[""macro_task_repair_value""]",,,,trace_alignment_without_suffix_replay,diagnostic_not_official_counterfactual,False,False,True,unknown,same_action_type_signature_changed_with_controller_score,needs_official_suffix_replay_before_tuning
B9_gold_current_20260529,126,step_bucket_005,7ad2d2ffd4ea,wait,wait,1770e69ef111,9b7a8b9c91dc,0.0,1.0,506.0,"[""048e665ca9b7"",""355f8f7bf174"",""36e6d8533839"",""5898067122eb"",""67a434f963f5"",""69c10ceb2dd4"",""e90080a0e2da""]","{""preference_components"":{""preference_repair_value"":0.0,""ptt_wait_penalty_applied"":-0.0,""qwen_audit_adjustment_applied"":0.0},""score"":-105.0}","{""preference_components"":{""macro_task_repair_value"":744.0,""rest_guard"":1.0},""score"":0.0}",qwen_auditor_called_zero_adjustment,"[""macro_task_repair_value""]",,,,trace_alignment_without_suffix_replay,diagnostic_not_official_counterfactual,False,False,True,unknown,same_action_type_signature_changed_with_controller_score,needs_official_suffix_replay_before_tuning
B9_gold_current_20260529,127,step_bucket_005,2a0369338cb0,wait,wait,13a0f07675b5,08cf7213202d,0.0,0.0,25.0,"[""048e665ca9b7"",""355f8f7bf174"",""36e6d8533839"",""5898067122eb"",""67a434f963f5"",""69c10ceb2dd4"",""e90080a0e2da""]","{""preference_components"":{""preference_repair_value"":0.0,""ptt_wait_penalty_applied"":-0.0,""qwen_audit_adjustment_applied"":0.0},""score"":-140.0}","{""preference_components"":{""lost_repair_window_cost"":-0.0,""macro_task_repair_value"":43.46,""preference_marginal_penalty"":-0.0,""preference_repair_value"":7799.07,""ptt_repair_value"":7702.5,""ptt_reposition_penalty_applied"":-0.0,""qwen_audit_adjustment"":0.0,""qwen_audit_adjustment_applied"":0.0,""unknown_soft_risk"":-0.0},""score"":7743.67}",qwen_auditor_called_zero_adjustment,"[""macro_task_repair_value"",""preference_repair_value"",""ptt_repair_value""]",,,,trace_alignment_without_suffix_replay,diagnostic_not_official_counterfactual,False,False,True,unknown,same_action_type_signature_changed_with_controller_score,needs_official_suffix_replay_before_tuning
B9_gold_current_20260529,128,step_bucket_005,818b09fa1946,,wait,293ae9825a2a,8598fce3faf0,0.0,0.0,20.0,"[""048e665ca9b7"",""355f8f7bf174"",""36e6d8533839"",""5898067122eb"",""67a434f963f5"",""69c10ceb2dd4"",""e90080a0e2da""]","{""preference_components"":{},""score"":0.0}","{""preference_components"":{""macro_task_repair_value"":0.0},""score"":-15.4}",qwen_auditor_called_zero_adjustment,[],,,,trace_alignment_without_suffix_replay,diagnostic_not_official_counterfactual,False,False,True,unknown,new_decision_without_b0_aligned_step,needs_official_suffix_replay_before_tuning
B9_gold_current_20260529,129,step_bucket_005,70f6d47b787c,,wait,293ae9825a2a,8598fce3faf0,0.0,0.0,20.0,"[""048e665ca9b7"",""355f8f7bf174"",""36e6d8533839"",""5898067122eb"",""67a434f963f5"",""69c10ceb2dd4"",""e90080a0e2da""]","{""preference_components"":{},""score"":0.0}","{""preference_components"":{""macro_task_repair_value"":0.0},""score"":-15.4}",qwen_auditor_called_zero_adjustment,[],,,,trace_alignment_without_suffix_replay,diagnostic_not_official_counterfactual,False,False,True,unknown,new_decision_without_b0_aligned_step,needs_official_suffix_replay_before_tuning
B9_gold_current_20260529,130,step_bucket_005,c52d18c2175b,,wait,293ae9825a2a,8598fce3faf0,0.0,0.0,20.0,"[""048e665ca9b7"",""355f8f7bf174"",""36e6d8533839"",""5898067122eb"",""67a434f963f5"",""69c10ceb2dd4"",""e90080a0e2da""]","{""preference_components"":{},""score"":0.0}","{""preference_components"":{""macro_task_repair_value"":0.0},""score"":-15.4}",qwen_auditor_called_zero_adjustment,[],,,,trace_alignment_without_suffix_replay,diagnostic_not_official_counterfactual,False,False,True,unknown,new_decision_without_b0_aligned_step,needs_official_suffix_replay_before_tuning
B9_gold_current_20260529,131,step_bucket_005,e3bfaa3342a1,,wait,293ae9825a2a,8598fce3faf0,0.0,0.0,20.0,"[""048e665ca9b7"",""355f8f7bf174"",""36e6d8533839"",""5898067122eb"",""67a434f963f5"",""69c10ceb2dd4"",""e90080a0e2da""]","{""preference_components"":{},""score"":0.0}","{""preference_components"":{""macro_task_repair_value"":0.0},""score"":-15.4}",qwen_auditor_called_zero_adjustment,[],,,,trace_alignment_without_suffix_replay,diagnostic_not_official_counterfactual,False,False,True,unknown,new_decision_without_b0_aligned_step,needs_official_suffix_replay_before_tuning
B9_gold_current_20260529,132,step_bucket_005,90c6bf77cacd,,wait,293ae9825a2a,8598fce3faf0,0.0,0.0,20.0,"[""048e665ca9b7"",""355f8f7bf174"",""36e6d8533839"",""5898067122eb"",""67a434f963f5"",""69c10ceb2dd4"",""e90080a0e2da""]","{""preference_components"":{},""score"":0.0}","{""preference_components"":{""macro_task_repair_value"":0.0},""score"":-15.4}",qwen_auditor_called_zero_adjustment,[],,,,trace_alignment_without_suffix_replay,diagnostic_not_official_counterfactual,False,False,True,unknown,new_decision_without_b0_aligned_step,needs_official_suffix_replay_before_tuning
B9_gold_current_20260529,133,step_bucket_005,28acf72c19f1,,wait,293ae9825a2a,8598fce3faf0,0.0,0.0,20.0,"[""048e665ca9b7"",""355f8f7bf174"",""36e6d8533839"",""5898067122eb"",""67a434f963f5"",""69c10ceb2dd4"",""e90080a0e2da""]","{""preference_components"":{},""score"":0.0}","{""preference_components"":{""macro_task_repair_value"":0.0},""score"":-15.4}",qwen_auditor_called_zero_adjustment,[],,,,trace_alignment_without_suffix_replay,diagnostic_not_official_counterfactual,False,False,True,unknown,new_decision_without_b0_aligned_step,needs_official_suffix_replay_before_tuning
B9_gold_current_20260529,134,step_bucket_005,a23932b8b2a0,,wait,293ae9825a2a,8598fce3faf0,0.0,0.0,20.0,"[""048e665ca9b7"",""355f8f7bf174"",""36e6d8533839"",""5898067122eb"",""67a434f963f5"",""69c10ceb2dd4"",""e90080a0e2da""]","{""preference_components"":{},""score"":0.0}","{""preference_components"":{""macro_task_repair_value"":0.0},""score"":-15.4}",qwen_auditor_called_zero_adjustment,[],,,,trace_alignment_without_suffix_replay,diagnostic_not_official_counterfactual,False,False,True,unknown,new_decision_without_b0_aligned_step,needs_official_suffix_replay_before_tuning
B9_gold_current_20260529,135,step_bucket_005,711df740fa80,,wait,293ae9825a2a,8598fce3faf0,0.0,0.0,20.0,"[""048e665ca9b7"",""355f8f7bf174"",""36e6d8533839"",""5898067122eb"",""67a434f963f5"",""69c10ceb2dd4"",""e90080a0e2da""]","{""preference_components"":{},""score"":0.0}","{""preference_components"":{""macro_task_repair_value"":0.0},""score"":-15.4}",qwen_auditor_called_zero_adjustment,[],,,,trace_alignment_without_suffix_replay,diagnostic_not_official_counterfactual,False,False,True,unknown,new_decision_without_b0_aligned_step,needs_official_suffix_replay_before_tuning
B9_gold_current_20260529,136,step_bucket_005,07fd32d99e4f,,wait,293ae9825a2a,8598fce3faf0,0.0,0.0,20.0,"[""048e665ca9b7"",""355f8f7bf174"",""36e6d8533839"",""5898067122eb"",""67a434f963f5"",""69c10ceb2dd4"",""e90080a0e2da""]","{""preference_components"":{},""score"":0.0}","{""preference_components"":{""macro_task_repair_value"":0.0},""score"":-15.4}",qwen_auditor_called_zero_adjustment,[],,,,trace_alignment_without_suffix_replay,diagnostic_not_official_counterfactual,False,False,True,unknown,new_decision_without_b0_aligned_step,needs_official_suffix_replay_before_tuning
B9_gold_current_20260529,137,step_bucket_005,8c9c763913a3,,wait,293ae9825a2a,8598fce3faf0,0.0,0.0,20.0,"[""048e665ca9b7"",""355f8f7bf174"",""36e6d8533839"",""5898067122eb"",""67a434f963f5"",""69c10ceb2dd4"",""e90080a0e2da""]","{""preference_components"":{},""score"":0.0}","{""preference_components"":{""macro_task_repair_value"":0.0},""score"":-15.4}",qwen_auditor_called_zero_adjustment,[],,,,trace_alignment_without_suffix_replay,diagnostic_not_official_counterfactual,False,False,True,unknown,new_decision_without_b0_aligned_step,needs_official_suffix_replay_before_tuning
B9_gold_current_20260529,138,step_bucket_005,29c6dc7db167,,wait,293ae9825a2a,8598fce3faf0,0.0,0.0,20.0,"[""048e665ca9b7"",""355f8f7bf174"",""36e6d8533839"",""5898067122eb"",""67a434f963f5"",""69c10ceb2dd4"",""e90080a0e2da""]","{""preference_components"":{},""score"":0.0}","{""preference_components"":{""macro_task_repair_value"":0.0},""score"":-15.4}",qwen_auditor_called_zero_adjustment,[],,,,trace_alignment_without_suffix_replay,diagnostic_not_official_counterfactual,False,False,True,unknown,new_decision_without_b0_aligned_step,needs_official_suffix_replay_before_tuning
B9_gold_current_20260529,139,step_bucket_005,98ac734e71b8,,wait,293ae9825a2a,8598fce3faf0,0.0,0.0,20.0,"[""048e665ca9b7"",""355f8f7bf174"",""36e6d8533839"",""5898067122eb"",""67a434f963f5"",""69c10ceb2dd4"",""e90080a0e2da""]","{""preference_components"":{},""score"":0.0}","{""preference_components"":{""macro_task_repair_value"":0.0},""score"":-15.4}",qwen_auditor_called_zero_adjustment,[],,,,trace_alignment_without_suffix_replay,diagnostic_not_official_counterfactual,False,False,True,unknown,new_decision_without_b0_aligned_step,needs_official_suffix_replay_before_tuning
B9_gold_current_20260529,140,step_bucket_005,ae49814d8b3a,,wait,293ae9825a2a,8598fce3faf0,0.0,0.0,20.0,"[""048e665ca9b7"",""355f8f7bf174"",""36e6d8533839"",""5898067122eb"",""67a434f963f5"",""69c10ceb2dd4"",""e90080a0e2da""]","{""preference_components"":{},""score"":0.0}","{""preference_components"":{""macro_task_repair_value"":0.0},""score"":-15.4}",qwen_auditor_called_zero_adjustment,[],,,,trace_alignment_without_suffix_replay,diagnostic_not_official_counterfactual,False,False,True,unknown,new_decision_without_b0_aligned_step,needs_official_suffix_replay_before_tuning
B9_gold_current_20260529,141,step_bucket_005,c209c34a6f5c,,wait,293ae9825a2a,8598fce3faf0,0.0,0.0,20.0,"[""048e665ca9b7"",""355f8f7bf174"",""36e6d8533839"",""5898067122eb"",""67a434f963f5"",""69c10ceb2dd4"",""e90080a0e2da""]","{""preference_components"":{},""score"":0.0}","{""preference_components"":{""macro_task_repair_value"":0.0},""score"":-15.4}",qwen_auditor_called_zero_adjustment,[],,,,trace_alignment_without_suffix_replay,diagnostic_not_official_counterfactual,False,False,True,unknown,new_decision_without_b0_aligned_step,needs_official_suffix_replay_before_tuning
B9_gold_current_20260529,142,step_bucket_005,d83f57d7c560,,wait,293ae9825a2a,8598fce3faf0,0.0,0.0,20.0,"[""048e665ca9b7"",""355f8f7bf174"",""36e6d8533839"",""5898067122eb"",""67a434f963f5"",""69c10ceb2dd4"",""e90080a0e2da""]","{""preference_components"":{},""score"":0.0}","{""preference_components"":{""macro_task_repair_value"":0.0},""score"":-15.4}",qwen_auditor_called_zero_adjustment,[],,,,trace_alignment_without_suffix_replay,diagnostic_not_official_counterfactual,False,False,True,unknown,new_decision_without_b0_aligned_step,needs_official_suffix_replay_before_tuning
B9_gold_current_20260529,143,step_bucket_005,8ddd8e72ed3d,,wait,293ae9825a2a,8598fce3faf0,0.0,0.0,20.0,"[""048e665ca9b7"",""355f8f7bf174"",""36e6d8533839"",""5898067122eb"",""67a434f963f5"",""69c10ceb2dd4"",""e90080a0e2da""]","{""preference_components"":{},""score"":0.0}","{""preference_components"":{""macro_task_repair_value"":0.0},""score"":-15.4}",qwen_auditor_called_zero_adjustment,[],,,,trace_alignment_without_suffix_replay,diagnostic_not_official_counterfactual,False,False,True,unknown,new_decision_without_b0_aligned_step,needs_official_suffix_replay_before_tuning
B9_gold_current_20260529,144,step_bucket_006,8d55404bf517,,wait,293ae9825a2a,8598fce3faf0,0.0,0.0,20.0,"[""048e665ca9b7"",""355f8f7bf174"",""36e6d8533839"",""5898067122eb"",""67a434f963f5"",""69c10ceb2dd4"",""e90080a0e2da""]","{""preference_components"":{},""score"":0.0}","{""preference_components"":{""macro_task_repair_value"":0.0},""score"":-15.4}",qwen_auditor_called_zero_adjustment,[],,,,trace_alignment_without_suffix_replay,diagnostic_not_official_counterfactual,False,False,True,unknown,new_decision_without_b0_aligned_step,needs_official_suffix_replay_before_tuning
B9_gold_current_20260529,145,step_bucket_006,ee0c23101494,,wait,293ae9825a2a,8598fce3faf0,0.0,0.0,20.0,"[""048e665ca9b7"",""355f8f7bf174"",""36e6d8533839"",""5898067122eb"",""67a434f963f5"",""69c10ceb2dd4"",""e90080a0e2da""]","{""preference_components"":{},""score"":0.0}","{""preference_components"":{""macro_task_repair_value"":0.0},""score"":-15.4}",qwen_auditor_called_zero_adjustment,[],,,,trace_alignment_without_suffix_replay,diagnostic_not_official_counterfactual,False,False,True,unknown,new_decision_without_b0_aligned_step,needs_official_suffix_replay_before_tuning
B9_gold_current_20260529,146,step_bucket_006,3e6073de405a,,wait,293ae9825a2a,08cf7213202d,0.0,0.0,60.0,"[""048e665ca9b7"",""355f8f7bf174"",""36e6d8533839"",""5898067122eb"",""67a434f963f5"",""69c10ceb2dd4"",""e90080a0e2da""]","{""preference_components"":{},""score"":0.0}","{""preference_components"":{""lost_repair_window_cost"":-0.0,""macro_task_repair_value"":27.95,""preference_marginal_penalty"":-0.0,""preference_repair_value"":7764.6,""ptt_repair_value"":7702.5,""ptt_reposition_penalty_applied"":-0.0,""qwen_audit_adjustment"":0.0,""qwen_audit_adjustment_applied"":0.0,""unknown_soft_risk"":-0.0},""score"":7699.21}",qwen_auditor_called_zero_adjustment,"[""macro_task_repair_value"",""preference_repair_value"",""ptt_repair_value""]",,,,trace_alignment_without_suffix_replay,diagnostic_not_official_counterfactual,False,False,True,unknown,new_decision_without_b0_aligned_step,needs_official_suffix_replay_before_tuning
B9_gold_current_20260529,147,step_bucket_006,45c6a6424946,,wait,293ae9825a2a,8598fce3faf0,0.0,0.0,20.0,"[""048e665ca9b7"",""355f8f7bf174"",""36e6d8533839"",""5898067122eb"",""67a434f963f5"",""69c10ceb2dd4"",""e90080a0e2da""]","{""preference_components"":{},""score"":0.0}","{""preference_components"":{""macro_task_repair_value"":0.0},""score"":-25.39}",qwen_auditor_called_zero_adjustment,[],,,,trace_alignment_without_suffix_replay,diagnostic_not_official_counterfactual,False,False,True,unknown,new_decision_without_b0_aligned_step,needs_official_suffix_replay_before_tuning
B9_gold_current_20260529,148,step_bucket_006,390463e7f4f9,,wait,293ae9825a2a,8598fce3faf0,0.0,0.0,20.0,"[""048e665ca9b7"",""355f8f7bf174"",""36e6d8533839"",""5898067122eb"",""67a434f963f5"",""69c10ceb2dd4"",""e90080a0e2da""]","{""preference_components"":{},""score"":0.0}","{""preference_components"":{""macro_task_repair_value"":0.0},""score"":-25.39}",qwen_auditor_called_zero_adjustment,[],,,,trace_alignment_without_suffix_replay,diagnostic_not_official_counterfactual,False,False,True,unknown,new_decision_without_b0_aligned_step,needs_official_suffix_replay_before_tuning
B9_gold_current_20260529,149,step_bucket_006,0e1bd7ff27c9,,wait,293ae9825a2a,8598fce3faf0,0.0,0.0,20.0,"[""048e665ca9b7"",""355f8f7bf174"",""36e6d8533839"",""5898067122eb"",""67a434f963f5"",""69c10ceb2dd4"",""e90080a0e2da""]","{""preference_components"":{},""score"":0.0}","{""preference_components"":{""macro_task_repair_value"":0.0},""score"":-25.39}",qwen_auditor_called_zero_adjustment,[],,,,trace_alignment_without_suffix_replay,diagnostic_not_official_counterfactual,False,False,True,unknown,new_decision_without_b0_aligned_step,needs_official_suffix_replay_before_tuning
B9_gold_current_20260529,150,step_bucket_006,58f2926ada45,,wait,293ae9825a2a,8598fce3faf0,0.0,0.0,20.0,"[""048e665ca9b7"",""355f8f7bf174"",""36e6d8533839"",""5898067122eb"",""67a434f963f5"",""69c10ceb2dd4"",""e90080a0e2da""]","{""preference_components"":{},""score"":0.0}","{""preference_components"":{""macro_task_repair_value"":0.0},""score"":-25.39}",qwen_auditor_called_zero_adjustment,[],,,,trace_alignment_without_suffix_replay,diagnostic_not_official_counterfactual,False,False,True,unknown,new_decision_without_b0_aligned_step,needs_official_suffix_replay_before_tuning
B9_gold_current_20260529,151,step_bucket_006,4aabaee2e035,,wait,293ae9825a2a,8598fce3faf0,0.0,0.0,20.0,"[""048e665ca9b7"",""355f8f7bf174"",""36e6d8533839"",""5898067122eb"",""67a434f963f5"",""69c10ceb2dd4"",""e90080a0e2da""]","{""preference_components"":{},""score"":0.0}","{""preference_components"":{""macro_task_repair_value"":0.0},""score"":-25.39}",qwen_auditor_called_zero_adjustment,[],,,,trace_alignment_without_suffix_replay,diagnostic_not_official_counterfactual,False,False,True,unknown,new_decision_without_b0_aligned_step,needs_official_suffix_replay_before_tuning
B9_gold_current_20260529,152,step_bucket_006,6bde07dc738d,,wait,293ae9825a2a,8598fce3faf0,0.0,0.0,20.0,"[""048e665ca9b7"",""355f8f7bf174"",""36e6d8533839"",""5898067122eb"",""67a434f963f5"",""69c10ceb2dd4"",""e90080a0e2da""]","{""preference_components"":{},""score"":0.0}","{""preference_components"":{""macro_task_repair_value"":0.0},""score"":-25.39}",qwen_auditor_called_zero_adjustment,[],,,,trace_alignment_without_suffix_replay,diagnostic_not_official_counterfactual,False,False,True,unknown,new_decision_without_b0_aligned_step,needs_official_suffix_replay_before_tuning
B9_gold_current_20260529,153,step_bucket_006,fc7edf754087,,wait,293ae9825a2a,8598fce3faf0,0.0,0.0,20.0,"[""048e665ca9b7"",""355f8f7bf174"",""36e6d8533839"",""5898067122eb"",""67a434f963f5"",""69c10ceb2dd4"",""e90080a0e2da""]","{""preference_components"":{},""score"":0.0}","{""preference_components"":{""macro_task_repair_value"":0.0},""score"":-25.39}",qwen_auditor_called_zero_adjustment,[],,,,trace_alignment_without_suffix_replay,diagnostic_not_official_counterfactual,False,False,True,unknown,new_decision_without_b0_aligned_step,needs_official_suffix_replay_before_tuning
B9_gold_current_20260529,154,step_bucket_006,6e87ac9b7391,,wait,293ae9825a2a,8598fce3faf0,0.0,0.0,20.0,"[""048e665ca9b7"",""355f8f7bf174"",""36e6d8533839"",""5898067122eb"",""67a434f963f5"",""69c10ceb2dd4"",""e90080a0e2da""]","{""preference_components"":{},""score"":0.0}","{""preference_components"":{""macro_task_repair_value"":0.0},""score"":-25.39}",qwen_auditor_called_zero_adjustment,[],,,,trace_alignment_without_suffix_replay,diagnostic_not_official_counterfactual,False,False,True,unknown,new_decision_without_b0_aligned_step,needs_official_suffix_replay_before_tuning
B9_gold_current_20260529,155,step_bucket_006,2b009fd244f8,,wait,293ae9825a2a,8598fce3faf0,0.0,0.0,20.0,"[""048e665ca9b7"",""355f8f7bf174"",""36e6d8533839"",""5898067122eb"",""67a434f963f5"",""69c10ceb2dd4"",""e90080a0e2da""]","{""preference_components"":{},""score"":0.0}","{""preference_components"":{""macro_task_repair_value"":0.0},""score"":-25.39}",qwen_auditor_called_zero_adjustment,[],,,,trace_alignment_without_suffix_replay,diagnostic_not_official_counterfactual,False,False,True,unknown,new_decision_without_b0_aligned_step,needs_official_suffix_replay_before_tuning
B9_gold_current_20260529,156,step_bucket_006,f57b05694d39,,wait,293ae9825a2a,8598fce3faf0,0.0,0.0,20.0,"[""048e665ca9b7"",""355f8f7bf174"",""36e6d8533839"",""5898067122eb"",""67a434f963f5"",""69c10ceb2dd4"",""e90080a0e2da""]","{""preference_components"":{},""score"":0.0}","{""preference_components"":{""macro_task_repair_value"":0.0},""score"":-25.39}",qwen_auditor_called_zero_adjustment,[],,,,trace_alignment_without_suffix_replay,diagnostic_not_official_counterfactual,False,False,True,unknown,new_decision_without_b0_aligned_step,needs_official_suffix_replay_before_tuning
B9_gold_current_20260529,157,step_bucket_006,a962d6ab3a50,,wait,293ae9825a2a,8598fce3faf0,0.0,0.0,20.0,"[""048e665ca9b7"",""355f8f7bf174"",""36e6d8533839"",""5898067122eb"",""67a434f963f5"",""69c10ceb2dd4"",""e90080a0e2da""]","{""preference_components"":{},""score"":0.0}","{""preference_components"":{""macro_task_repair_value"":0.0},""score"":-25.39}",qwen_auditor_called_zero_adjustment,[],,,,trace_alignment_without_suffix_replay,diagnostic_not_official_counterfactual,False,False,True,unknown,new_decision_without_b0_aligned_step,needs_official_suffix_replay_before_tuning
B9_gold_current_20260529,158,step_bucket_006,b0b73790dd61,,wait,293ae9825a2a,8598fce3faf0,0.0,0.0,20.0,"[""048e665ca9b7"",""355f8f7bf174"",""36e6d8533839"",""5898067122eb"",""67a434f963f5"",""69c10ceb2dd4"",""e90080a0e2da""]","{""preference_components"":{},""score"":0.0}","{""preference_components"":{""macro_task_repair_value"":0.0},""score"":-25.39}",qwen_auditor_called_zero_adjustment,[],,,,trace_alignment_without_suffix_replay,diagnostic_not_official_counterfactual,False,False,True,unknown,new_decision_without_b0_aligned_step,needs_official_suffix_replay_before_tuning
B9_gold_current_20260529,159,step_bucket_006,a44cd7493628,,wait,293ae9825a2a,8598fce3faf0,0.0,0.0,20.0,"[""048e665ca9b7"",""355f8f7bf174"",""36e6d8533839"",""5898067122eb"",""67a434f963f5"",""69c10ceb2dd4"",""e90080a0e2da""]","{""preference_components"":{},""score"":0.0}","{""preference_components"":{""macro_task_repair_value"":0.0},""score"":-25.39}",qwen_auditor_called_zero_adjustment,[],,,,trace_alignment_without_suffix_replay,diagnostic_not_official_counterfactual,False,False,True,unknown,new_decision_without_b0_aligned_step,needs_official_suffix_replay_before_tuning
B9_gold_current_20260529,160,step_bucket_006,2f16e4cd3042,,wait,293ae9825a2a,8598fce3faf0,0.0,0.0,20.0,"[""048e665ca9b7"",""355f8f7bf174"",""36e6d8533839"",""5898067122eb"",""67a434f963f5"",""69c10ceb2dd4"",""e90080a0e2da""]","{""preference_components"":{},""score"":0.0}","{""preference_components"":{""macro_task_repair_value"":0.0},""score"":-25.39}",qwen_auditor_called_zero_adjustment,[],,,,trace_alignment_without_suffix_replay,diagnostic_not_official_counterfactual,False,False,True,unknown,new_decision_without_b0_aligned_step,needs_official_suffix_replay_before_tuning
B9_gold_current_20260529,161,step_bucket_006,724428b9987c,,wait,293ae9825a2a,8598fce3faf0,0.0,0.0,20.0,"[""048e665ca9b7"",""355f8f7bf174"",""36e6d8533839"",""5898067122eb"",""67a434f963f5"",""69c10ceb2dd4"",""e90080a0e2da""]","{""preference_components"":{},""score"":0.0}","{""preference_components"":{""macro_task_repair_value"":0.0},""score"":-25.39}",qwen_auditor_called_zero_adjustment,[],,,,trace_alignment_without_suffix_replay,diagnostic_not_official_counterfactual,False,False,True,unknown,new_decision_without_b0_aligned_step,needs_official_suffix_replay_before_tuning
B9_gold_current_20260529,162,step_bucket_006,4a091e4513ca,,wait,293ae9825a2a,8598fce3faf0,0.0,0.0,20.0,"[""048e665ca9b7"",""355f8f7bf174"",""36e6d8533839"",""5898067122eb"",""67a434f963f5"",""69c10ceb2dd4"",""e90080a0e2da""]","{""preference_components"":{},""score"":0.0}","{""preference_components"":{""macro_task_repair_value"":0.0},""score"":-25.39}",qwen_auditor_called_zero_adjustment,[],,,,trace_alignment_without_suffix_replay,diagnostic_not_official_counterfactual,False,False,True,unknown,new_decision_without_b0_aligned_step,needs_official_suffix_replay_before_tuning
B9_gold_current_20260529,163,step_bucket_006,2982774ce443,,wait,293ae9825a2a,8598fce3faf0,0.0,0.0,20.0,"[""048e665ca9b7"",""355f8f7bf174"",""36e6d8533839"",""5898067122eb"",""67a434f963f5"",""69c10ceb2dd4"",""e90080a0e2da""]","{""preference_components"":{},""score"":0.0}","{""preference_components"":{""macro_task_repair_value"":0.0},""score"":-25.39}",qwen_auditor_called_zero_adjustment,[],,,,trace_alignment_without_suffix_replay,diagnostic_not_official_counterfactual,False,False,True,unknown,new_decision_without_b0_aligned_step,needs_official_suffix_replay_before_tuning
B9_gold_current_20260529,164,step_bucket_006,343d68d3e88b,,wait,293ae9825a2a,8598fce3faf0,0.0,0.0,20.0,"[""048e665ca9b7"",""355f8f7bf174"",""36e6d8533839"",""5898067122eb"",""67a434f963f5"",""69c10ceb2dd4"",""e90080a0e2da""]","{""preference_components"":{},""score"":0.0}","{""preference_components"":{""macro_task_repair_value"":0.0},""score"":-25.39}",qwen_auditor_called_zero_adjustment,[],,,,trace_alignment_without_suffix_replay,diagnostic_not_official_counterfactual,False,False,True,unknown,new_decision_without_b0_aligned_step,needs_official_suffix_replay_before_tuning
B9_gold_current_20260529,165,step_bucket_006,6c3e7488bb69,,wait,293ae9825a2a,1770e69ef111,0.0,0.0,64.0,"[""048e665ca9b7"",""355f8f7bf174"",""36e6d8533839"",""5898067122eb"",""67a434f963f5"",""69c10ceb2dd4"",""e90080a0e2da""]","{""preference_components"":{},""score"":0.0}","{""preference_components"":{""lost_repair_window_cost"":-0.0,""preference_marginal_penalty"":-0.0,""preference_repair_value"":1384.38,""ptt_repair_value"":1384.38,""ptt_wait_penalty_applied"":-0.0,""qwen_audit_adjustment"":0.0,""qwen_audit_adjustment_applied"":0.0,""unknown_soft_risk"":-0.0},""score"":1034.38}",qwen_auditor_called_zero_adjustment,"[""preference_repair_value"",""ptt_repair_value""]",,,,trace_alignment_without_suffix_replay,diagnostic_not_official_counterfactual,False,False,True,unknown,new_decision_without_b0_aligned_step,needs_official_suffix_replay_before_tuning
B9_gold_current_20260529,166,step_bucket_006,100a5b7ae1c0,,wait,293ae9825a2a,1770e69ef111,0.0,0.0,46.0,"[""048e665ca9b7"",""355f8f7bf174"",""36e6d8533839"",""5898067122eb"",""67a434f963f5"",""69c10ceb2dd4"",""e90080a0e2da""]","{""preference_components"":{},""score"":0.0}","{""preference_components"":{""lost_repair_window_cost"":-0.0,""preference_marginal_penalty"":-0.0,""preference_repair_value"":1384.38,""ptt_repair_value"":1384.38,""ptt_wait_penalty_applied"":-0.0,""qwen_audit_adjustment"":0.0,""qwen_audit_adjustment_applied"":0.0,""unknown_soft_risk"":-0.0},""score"":1034.38}",qwen_auditor_called_zero_adjustment,"[""preference_repair_value"",""ptt_repair_value""]",,,,trace_alignment_without_suffix_replay,diagnostic_not_official_counterfactual,False,False,True,unknown,new_decision_without_b0_aligned_step,needs_official_suffix_replay_before_tuning
B9_gold_current_20260529,167,step_bucket_006,6f3719c815bd,,wait,293ae9825a2a,ececca10825a,0.0,0.0,17.0,"[""048e665ca9b7"",""355f8f7bf174"",""36e6d8533839"",""5898067122eb"",""67a434f963f5"",""69c10ceb2dd4"",""e90080a0e2da""]","{""preference_components"":{},""score"":0.0}","{""preference_components"":{""lost_repair_window_cost"":-0.0,""preference_marginal_penalty"":-0.0,""preference_repair_value"":599.89,""ptt_repair_value"":599.89,""ptt_wait_penalty_applied"":-0.0,""qwen_audit_adjustment"":0.0,""qwen_audit_adjustment_applied"":0.0,""unknown_soft_risk"":-0.0},""score"":249.89}",qwen_auditor_called_zero_adjustment,"[""preference_repair_value"",""ptt_repair_value""]",,,,trace_alignment_without_suffix_replay,diagnostic_not_official_counterfactual,False,False,True,unknown,new_decision_without_b0_aligned_step,needs_official_suffix_replay_before_tuning
B9_gold_current_20260529,2,step_bucket_000,bd5efed2a184,take_order,take_order,0331f5d031b3,04b57c64b5ed,-87.68,13939.24,-272.0,"[""4d7e4e30a7ba"",""6235345edaf5"",""674070057b2f"",""887d908c573d"",""cee0faecaf6b""]","{""preference_components"":{""preference_repair_bonus"":0.0,""preference_soft_penalty"":-16.0,""ptt_failure_risk_applied"":-0.0,""ptt_lost_repair_window_applied"":-0.0,""ptt_low_confidence_applied"":-0.0,""ptt_marginal_penalty_applied"":-0.0,""ptt_repair_value"":0.0,""qwen_audit_adjustment_applied"":0.0,""rest_window_penalty"":-0.0},""score"":421.35}","{""preference_components"":{""lost_repair_window_cost"":-2375.0,""preference_marginal_penalty"":-4460.82,""preference_repair_bonus"":0.0,""preference_repair_value"":0.0,""preference_soft_penalty"":-78.1,""ptt_failure_risk_applied"":-75.0,""ptt_lost_repair_window_applied"":-2375.0,""ptt_low_confidence_applied"":-65.25,""ptt_marginal_penalty_applied"":-4460.82,""ptt_repair_value"":0.0,""qwen_audit_adjustment"":0.0,""qwen_audit_adjustment_applied"":0.0,""rest_window_penalty"":-0.0,""unknown_soft_risk"":-65.25},""score"":-6656.79}",qwen_auditor_called_zero_adjustment,"[""lost_repair_window_cost"",""preference_marginal_penalty"",""preference_soft_penalty"",""ptt_failure_risk_applied"",""ptt_lost_repair_window_applied"",""ptt_low_confidence_applied"",""ptt_marginal_penalty_applied"",""unknown_soft_risk""]",,,,trace_alignment_without_suffix_replay,diagnostic_not_official_counterfactual,False,True,True,unknown,same_action_type_signature_changed_with_controller_score,needs_official_suffix_replay_before_tuning
B9_gold_current_20260529,3,step_bucket_000,0b6af5923b2d,wait,take_order,d21187e2ae3b,fe46fac88a35,377.07,591.14,254.0,"[""4d7e4e30a7ba"",""6235345edaf5"",""674070057b2f"",""887d908c573d"",""cee0faecaf6b""]","{""preference_components"":{""preference_repair_value"":0.0,""ptt_wait_penalty_applied"":-0.0,""qwen_audit_adjustment_applied"":0.0},""score"":0.0}","{""preference_components"":{""lost_repair_window_cost"":-0.0,""preference_marginal_penalty"":-185.82,""preference_repair_bonus"":0.0,""preference_repair_value"":0.0,""preference_soft_penalty"":-80.0,""ptt_failure_risk_applied"":-9.0,""ptt_lost_repair_window_applied"":-0.0,""ptt_low_confidence_applied"":-65.25,""ptt_marginal_penalty_applied"":-185.82,""ptt_repair_value"":0.0,""qwen_audit_adjustment"":0.0,""qwen_audit_adjustment_applied"":0.0,""rest_window_penalty"":-0.0,""unknown_soft_risk"":-65.25},""score"":266.7}",qwen_auditor_called_zero_adjustment,"[""preference_marginal_penalty"",""preference_soft_penalty"",""ptt_failure_risk_applied"",""ptt_low_confidence_applied"",""ptt_marginal_penalty_applied"",""unknown_soft_risk""]",,,,trace_alignment_without_suffix_replay,diagnostic_not_official_counterfactual,False,False,True,unknown,action_type_changed_wait_to_take_order,needs_official_suffix_replay_before_tuning
B9_gold_current_20260529,5,step_bucket_000,909a92c04acc,wait,wait,281ee5a75b88,021d30aa293f,0.0,0.0,18.0,"[""4d7e4e30a7ba"",""6235345edaf5"",""674070057b2f"",""887d908c573d"",""cee0faecaf6b""]","{""preference_components"":{""macro_task_repair_value"":744.0,""rest_guard"":1.0},""score"":0.0}","{""preference_components"":{""macro_task_repair_value"":744.0,""rest_guard"":1.0},""score"":0.0}",qwen_auditor_called_zero_adjustment,"[""macro_task_repair_value""]",,,,trace_alignment_without_suffix_replay,diagnostic_not_official_counterfactual,False,False,True,unknown,same_action_type_signature_changed_with_controller_score,needs_official_suffix_replay_before_tuning
B9_gold_current_20260529,6,step_bucket_000,83d109620159,take_order,take_order,92e8c4309926,c8f0b8a58997,-423.18,14898.74,59.0,"[""4d7e4e30a7ba"",""6235345edaf5"",""674070057b2f"",""887d908c573d"",""cee0faecaf6b""]","{""preference_components"":{""preference_repair_bonus"":0.0,""preference_soft_penalty"":-16.0,""ptt_failure_risk_applied"":-0.0,""ptt_lost_repair_window_applied"":-0.0,""ptt_low_confidence_applied"":-0.0,""ptt_marginal_penalty_applied"":-0.0,""ptt_repair_value"":0.0,""qwen_audit_adjustment_applied"":0.0,""rest_window_penalty"":-0.0},""score"":1296.95}","{""preference_components"":{""lost_repair_window_cost"":-2511.8,""preference_marginal_penalty"":-4802.82,""preference_repair_bonus"":0.0,""preference_repair_value"":0.0,""preference_soft_penalty"":-80.0,""ptt_failure_risk_applied"":-75.0,""ptt_lost_repair_window_applied"":-2511.8,""ptt_low_confidence_applied"":-65.25,""ptt_marginal_penalty_applied"":-4802.82,""ptt_repair_value"":0.0,""qwen_audit_adjustment"":0.0,""qwen_audit_adjustment_applied"":0.0,""rest_window_penalty"":-0.0,""unknown_soft_risk"":-65.25},""score"":-6858.74}",qwen_auditor_called_zero_adjustment,"[""lost_repair_window_cost"",""preference_marginal_penalty"",""preference_soft_penalty"",""ptt_failure_risk_applied"",""ptt_lost_repair_window_applied"",""ptt_low_confidence_applied"",""ptt_marginal_penalty_applied"",""unknown_soft_risk""]",,,,trace_alignment_without_suffix_replay,diagnostic_not_official_counterfactual,False,False,True,unknown,same_action_type_signature_changed_with_controller_score,needs_official_suffix_replay_before_tuning
B9_gold_current_20260529,9,step_bucket_000,7d03e9618d64,wait,wait,6465a8220ce8,ed1bbb003592,0.0,0.0,-67.0,"[""4d7e4e30a7ba"",""6235345edaf5"",""674070057b2f"",""887d908c573d"",""cee0faecaf6b""]","{""preference_components"":{""macro_task_repair_value"":744.0,""rest_guard"":1.0},""score"":0.0}","{""preference_components"":{""macro_task_repair_value"":744.0,""rest_guard"":1.0},""score"":0.0}",qwen_auditor_called_zero_adjustment,"[""macro_task_repair_value""]",,,,trace_alignment_without_suffix_replay,diagnostic_not_official_counterfactual,False,False,True,unknown,same_action_type_signature_changed_with_controller_score,needs_official_suffix_replay_before_tuning
B9_gold_current_20260529,10,step_bucket_000,be830fc650b0,take_order,take_order,ee142ea808ad,3d0b3b8cd2d3,-281.98,13937.14,-364.0,"[""4d7e4e30a7ba"",""6235345edaf5"",""674070057b2f"",""887d908c573d"",""cee0faecaf6b""]","{""preference_components"":{""preference_repair_bonus"":0.0,""preference_soft_penalty"":-20.0,""ptt_failure_risk_applied"":-0.0,""ptt_lost_repair_window_applied"":-0.0,""ptt_low_confidence_applied"":-0.0,""ptt_marginal_penalty_applied"":-0.0,""ptt_repair_value"":0.0,""qwen_audit_adjustment_applied"":0.0,""rest_window_penalty"":-0.0},""score"":524.13}","{""preference_components"":{""lost_repair_window_cost"":-2375.0,""preference_marginal_penalty"":-4460.82,""preference_repair_bonus"":0.0,""preference_repair_value"":0.0,""preference_soft_penalty"":-80.0,""ptt_failure_risk_applied"":-75.0,""ptt_lost_repair_window_applied"":-2375.0,""ptt_low_confidence_applied"":-65.25,""ptt_marginal_penalty_applied"":-4460.82,""ptt_repair_value"":0.0,""qwen_audit_adjustment"":0.0,""qwen_audit_adjustment_applied"":0.0,""rest_window_penalty"":-0.0,""unknown_soft_risk"":-65.25},""score"":-6366.11}",qwen_auditor_called_zero_adjustment,"[""lost_repair_window_cost"",""preference_marginal_penalty"",""preference_soft_penalty"",""ptt_failure_risk_applied"",""ptt_lost_repair_window_applied"",""ptt_low_confidence_applied"",""ptt_marginal_penalty_applied"",""unknown_soft_risk""]",,,,trace_alignment_without_suffix_replay,diagnostic_not_official_counterfactual,False,True,True,unknown,same_action_type_signature_changed_with_controller_score,needs_official_suffix_replay_before_tuning
B9_gold_current_20260529,11,step_bucket_000,275a079b956a,wait,take_order,d21187e2ae3b,14b7da36b9fd,469.6,591.14,274.0,"[""4d7e4e30a7ba"",""6235345edaf5"",""674070057b2f"",""887d908c573d"",""cee0faecaf6b""]","{""preference_components"":{""preference_repair_value"":0.0,""ptt_wait_penalty_applied"":-0.0,""qwen_audit_adjustment_applied"":0.0},""score"":0.0}","{""preference_components"":{""lost_repair_window_cost"":-0.0,""preference_marginal_penalty"":-185.82,""preference_repair_bonus"":0.0,""preference_repair_value"":0.0,""preference_soft_penalty"":-80.0,""ptt_failure_risk_applied"":-9.0,""ptt_lost_repair_window_applied"":-0.0,""ptt_low_confidence_applied"":-65.25,""ptt_marginal_penalty_applied"":-185.82,""ptt_repair_value"":0.0,""qwen_audit_adjustment"":0.0,""qwen_audit_adjustment_applied"":0.0,""rest_window_penalty"":-0.0,""unknown_soft_risk"":-65.25},""score"":397.67}",qwen_auditor_called_zero_adjustment,"[""preference_marginal_penalty"",""preference_soft_penalty"",""ptt_failure_risk_applied"",""ptt_low_confidence_applied"",""ptt_marginal_penalty_applied"",""unknown_soft_risk""]",,,,trace_alignment_without_suffix_replay,diagnostic_not_official_counterfactual,False,False,True,unknown,action_type_changed_wait_to_take_order,needs_official_suffix_replay_before_tuning
B9_gold_current_20260529,13,step_bucket_000,5cd151a52f1e,wait,wait,fb1625e4e5f2,53833ffd5880,0.0,0.0,90.0,"[""4d7e4e30a7ba"",""6235345edaf5"",""674070057b2f"",""887d908c573d"",""cee0faecaf6b""]","{""preference_components"":{""macro_task_repair_value"":744.0,""rest_guard"":1.0},""score"":0.0}","{""preference_components"":{""macro_task_repair_value"":744.0,""rest_guard"":1.0},""score"":0.0}",qwen_auditor_called_zero_adjustment,"[""macro_task_repair_value""]",,,,trace_alignment_without_suffix_replay,diagnostic_not_official_counterfactual,False,False,True,unknown,same_action_type_signature_changed_with_controller_score,needs_official_suffix_replay_before_tuning
B9_gold_current_20260529,14,step_bucket_000,b8d46194143d,take_order,take_order,0b02093127d8,1cb926183c15,111.35,13937.14,-308.0,"[""4d7e4e30a7ba"",""6235345edaf5"",""674070057b2f"",""887d908c573d"",""cee0faecaf6b""]","{""preference_components"":{""preference_repair_bonus"":0.0,""preference_soft_penalty"":-20.0,""ptt_failure_risk_applied"":-0.0,""ptt_lost_repair_window_applied"":-0.0,""ptt_low_confidence_applied"":-0.0,""ptt_marginal_penalty_applied"":-0.0,""ptt_repair_value"":0.0,""qwen_audit_adjustment_applied"":0.0,""rest_window_penalty"":-0.0},""score"":645.29}","{""preference_components"":{""lost_repair_window_cost"":-2375.0,""preference_marginal_penalty"":-4460.82,""preference_repair_bonus"":0.0,""preference_repair_value"":0.0,""preference_soft_penalty"":-80.0,""ptt_failure_risk_applied"":-75.0,""ptt_lost_repair_window_applied"":-2375.0,""ptt_low_confidence_applied"":-65.25,""ptt_marginal_penalty_applied"":-4460.82,""ptt_repair_value"":0.0,""qwen_audit_adjustment"":0.0,""qwen_audit_adjustment_applied"":0.0,""rest_window_penalty"":-0.0,""unknown_soft_risk"":-65.25},""score"":-6009.63}",qwen_auditor_called_zero_adjustment,"[""lost_repair_window_cost"",""preference_marginal_penalty"",""preference_soft_penalty"",""ptt_failure_risk_applied"",""ptt_lost_repair_window_applied"",""ptt_low_confidence_applied"",""ptt_marginal_penalty_applied"",""unknown_soft_risk""]",,,,trace_alignment_without_suffix_replay,diagnostic_not_official_counterfactual,False,False,True,unknown,same_action_type_signature_changed_with_controller_score,needs_official_suffix_replay_before_tuning
B9_gold_current_20260529,15,step_bucket_000,a432128a0d10,wait,take_order,d21187e2ae3b,f8fdc9d32312,243.43,591.14,188.0,"[""4d7e4e30a7ba"",""6235345edaf5"",""674070057b2f"",""887d908c573d"",""cee0faecaf6b""]","{""preference_components"":{""preference_repair_value"":0.0,""ptt_wait_penalty_applied"":-0.0,""qwen_audit_adjustment_applied"":0.0},""score"":0.0}","{""preference_components"":{""lost_repair_window_cost"":-0.0,""preference_marginal_penalty"":-185.82,""preference_repair_bonus"":0.0,""preference_repair_value"":0.0,""preference_soft_penalty"":-80.0,""ptt_failure_risk_applied"":-9.0,""ptt_lost_repair_window_applied"":-0.0,""ptt_low_confidence_applied"":-65.25,""ptt_marginal_penalty_applied"":-185.82,""ptt_repair_value"":0.0,""qwen_audit_adjustment"":0.0,""qwen_audit_adjustment_applied"":0.0,""rest_window_penalty"":-0.0,""unknown_soft_risk"":-65.25},""score"":76.91}",qwen_auditor_called_zero_adjustment,"[""preference_marginal_penalty"",""preference_soft_penalty"",""ptt_failure_risk_applied"",""ptt_low_confidence_applied"",""ptt_marginal_penalty_applied"",""unknown_soft_risk""]",,,,trace_alignment_without_suffix_replay,diagnostic_not_official_counterfactual,False,False,True,unknown,action_type_changed_wait_to_take_order,needs_official_suffix_replay_before_tuning
B9_gold_current_20260529,16,step_bucket_000,e20e54433ac8,wait,take_order,d21187e2ae3b,6e2ce9b71c9d,159.32,565.62,42.0,"[""4d7e4e30a7ba"",""6235345edaf5"",""674070057b2f"",""887d908c573d"",""cee0faecaf6b""]","{""preference_components"":{""preference_repair_value"":0.0,""ptt_wait_penalty_applied"":-0.0,""qwen_audit_adjustment_applied"":0.0},""score"":-35.0}","{""preference_components"":{""lost_repair_window_cost"":-0.0,""preference_marginal_penalty"":-185.82,""preference_repair_bonus"":0.0,""preference_repair_value"":0.0,""preference_soft_penalty"":-54.48,""ptt_failure_risk_applied"":-9.0,""ptt_lost_repair_window_applied"":-0.0,""ptt_low_confidence_applied"":-65.25,""ptt_marginal_penalty_applied"":-185.82,""ptt_repair_value"":0.0,""qwen_audit_adjustment"":0.0,""qwen_audit_adjustment_applied"":0.0,""rest_window_penalty"":-0.0,""unknown_soft_risk"":-65.25},""score"":44.94}",qwen_auditor_called_zero_adjustment,"[""preference_marginal_penalty"",""preference_soft_penalty"",""ptt_failure_risk_applied"",""ptt_low_confidence_applied"",""ptt_marginal_penalty_applied"",""unknown_soft_risk""]",,,,trace_alignment_without_suffix_replay,diagnostic_not_official_counterfactual,False,False,True,unknown,action_type_changed_wait_to_take_order,needs_official_suffix_replay_before_tuning
B9_gold_current_20260529,17,step_bucket_000,cc7873371a09,wait,wait,996401fcb53f,d21187e2ae3b,0.0,-1.0,-327.0,"[""4d7e4e30a7ba"",""6235345edaf5"",""674070057b2f"",""887d908c573d"",""cee0faecaf6b""]","{""preference_components"":{""macro_task_repair_value"":744.0,""rest_guard"":1.0},""score"":0.0}","{""preference_components"":{""lost_repair_window_cost"":-0.0,""preference_marginal_penalty"":-0.0,""preference_repair_value"":4951.88,""ptt_repair_value"":4951.88,""ptt_wait_penalty_applied"":-0.0,""qwen_audit_adjustment"":0.0,""qwen_audit_adjustment_applied"":0.0,""unknown_soft_risk"":-0.0},""score"":4951.88}",qwen_auditor_called_zero_adjustment,"[""preference_repair_value"",""ptt_repair_value""]",,,,trace_alignment_without_suffix_replay,diagnostic_not_official_counterfactual,False,False,True,unknown,same_action_type_signature_changed_with_controller_score,needs_official_suffix_replay_before_tuning
B9_gold_current_20260529,18,step_bucket_000,a7c8221e37f2,take_order,wait,fda13a8a3061,cfd0fda3d023,-565.81,-19.0,-282.0,"[""4d7e4e30a7ba"",""6235345edaf5"",""674070057b2f"",""887d908c573d"",""cee0faecaf6b""]","{""preference_components"":{""preference_repair_bonus"":0.0,""preference_soft_penalty"":-20.0,""ptt_failure_risk_applied"":-0.0,""ptt_lost_repair_window_applied"":-0.0,""ptt_low_confidence_applied"":-0.0,""ptt_marginal_penalty_applied"":-0.0,""ptt_repair_value"":0.0,""qwen_audit_adjustment_applied"":0.0,""rest_window_penalty"":-0.0},""score"":742.06}","{""preference_components"":{""macro_task_repair_value"":744.0,""rest_guard"":1.0},""score"":0.0}",qwen_auditor_called_zero_adjustment,"[""macro_task_repair_value""]",,,,trace_alignment_without_suffix_replay,diagnostic_not_official_counterfactual,False,False,True,unknown,action_type_changed_take_order_to_wait,needs_official_suffix_replay_before_tuning
B9_gold_current_20260529,19,step_bucket_000,4f52d0352303,wait,take_order,d21187e2ae3b,9254dfd5c4fd,371.04,13956.61,135.0,"[""4d7e4e30a7ba"",""6235345edaf5"",""674070057b2f"",""887d908c573d"",""cee0faecaf6b""]","{""preference_components"":{""preference_repair_value"":0.0,""ptt_wait_penalty_applied"":-0.0,""qwen_audit_adjustment_applied"":0.0},""score"":0.0}","{""preference_components"":{""lost_repair_window_cost"":-2375.0,""preference_marginal_penalty"":-4460.82,""preference_repair_bonus"":0.0,""preference_repair_value"":0.0,""preference_soft_penalty"":-79.47,""ptt_failure_risk_applied"":-75.0,""ptt_lost_repair_window_applied"":-2375.0,""ptt_low_confidence_applied"":-65.25,""ptt_marginal_penalty_applied"":-4460.82,""ptt_repair_value"":0.0,""qwen_audit_adjustment"":0.0,""qwen_audit_adjustment_applied"":0.0,""rest_window_penalty"":-0.0,""unknown_soft_risk"":-65.25},""score"":-6342.45}",qwen_auditor_called_zero_adjustment,"[""lost_repair_window_cost"",""preference_marginal_penalty"",""preference_soft_penalty"",""ptt_failure_risk_applied"",""ptt_lost_repair_window_applied"",""ptt_low_confidence_applied"",""ptt_marginal_penalty_applied"",""unknown_soft_risk""]",,,,trace_alignment_without_suffix_replay,diagnostic_not_official_counterfactual,False,False,True,unknown,action_type_changed_wait_to_take_order,needs_official_suffix_replay_before_tuning
B9_gold_current_20260529,20,step_bucket_000,2f6bbd775265,wait,take_order,d21187e2ae3b,1eb34ee6b177,371.95,591.14,276.0,"[""4d7e4e30a7ba"",""6235345edaf5"",""674070057b2f"",""887d908c573d"",""cee0faecaf6b""]","{""preference_components"":{""preference_repair_value"":0.0,""ptt_wait_penalty_applied"":-0.0,""qwen_audit_adjustment_applied"":0.0},""score"":-35.0}","{""preference_components"":{""lost_repair_window_cost"":-0.0,""preference_marginal_penalty"":-185.82,""preference_repair_bonus"":0.0,""preference_repair_value"":0.0,""preference_soft_penalty"":-80.0,""ptt_failure_risk_applied"":-9.0,""ptt_lost_repair_window_applied"":-0.0,""ptt_low_confidence_applied"":-65.25,""ptt_marginal_penalty_applied"":-185.82,""ptt_repair_value"":0.0,""qwen_audit_adjustment"":0.0,""qwen_audit_adjustment_applied"":0.0,""rest_window_penalty"":-0.0,""unknown_soft_risk"":-65.25},""score"":261.13}",qwen_auditor_called_zero_adjustment,"[""preference_marginal_penalty"",""preference_soft_penalty"",""ptt_failure_risk_applied"",""ptt_low_confidence_applied"",""ptt_marginal_penalty_applied"",""unknown_soft_risk""]",,,,trace_alignment_without_suffix_replay,diagnostic_not_official_counterfactual,False,False,True,unknown,action_type_changed_wait_to_take_order,needs_official_suffix_replay_before_tuning
B9_gold_current_20260529,21,step_bucket_000,3b07b24f3d9f,wait,wait,f6f9470ab2f7,d21187e2ae3b,0.0,-1.0,-283.0,"[""4d7e4e30a7ba"",""6235345edaf5"",""674070057b2f"",""887d908c573d"",""cee0faecaf6b""]","{""preference_components"":{""macro_task_repair_value"":744.0,""rest_guard"":1.0},""score"":0.0}","{""preference_components"":{""lost_repair_window_cost"":-0.0,""preference_marginal_penalty"":-0.0,""preference_repair_value"":4951.88,""ptt_repair_value"":4951.88,""ptt_wait_penalty_applied"":-0.0,""qwen_audit_adjustment"":0.0,""qwen_audit_adjustment_applied"":0.0,""unknown_soft_risk"":-0.0},""score"":4951.88}",qwen_auditor_called_zero_adjustment,"[""preference_repair_value"",""ptt_repair_value""]",,,,trace_alignment_without_suffix_replay,diagnostic_not_official_counterfactual,False,False,True,unknown,same_action_type_signature_changed_with_controller_score,needs_official_suffix_replay_before_tuning
B9_gold_current_20260529,22,step_bucket_000,c823ed672714,take_order,wait,7695ce406849,6cfb81fc3546,-716.03,-15.0,-112.0,"[""4d7e4e30a7ba"",""6235345edaf5"",""674070057b2f"",""887d908c573d"",""cee0faecaf6b""]","{""preference_components"":{""preference_repair_bonus"":0.0,""preference_soft_penalty"":-16.0,""ptt_failure_risk_applied"":-0.0,""ptt_lost_repair_window_applied"":-0.0,""ptt_low_confidence_applied"":-0.0,""ptt_marginal_penalty_applied"":-0.0,""ptt_repair_value"":0.0,""qwen_audit_adjustment_applied"":0.0,""rest_window_penalty"":-0.0},""score"":977.68}","{""preference_components"":{""macro_task_repair_value"":744.0,""rest_guard"":1.0},""score"":0.0}",qwen_auditor_called_zero_adjustment,"[""macro_task_repair_value""]",,,,trace_alignment_without_suffix_replay,diagnostic_not_official_counterfactual,False,False,True,unknown,action_type_changed_take_order_to_wait,needs_official_suffix_replay_before_tuning
B9_gold_current_20260529,23,step_bucket_000,64fffabad5c7,wait,take_order,d21187e2ae3b,42cc932e6537,612.75,13948.58,163.0,"[""4d7e4e30a7ba"",""6235345edaf5"",""674070057b2f"",""887d908c573d"",""cee0faecaf6b""]","{""preference_components"":{""preference_repair_value"":0.0,""ptt_wait_penalty_applied"":-0.0,""qwen_audit_adjustment_applied"":0.0},""score"":0.0}","{""preference_components"":{""lost_repair_window_cost"":-2375.0,""preference_marginal_penalty"":-4460.82,""preference_repair_bonus"":0.0,""preference_repair_value"":0.0,""preference_soft_penalty"":-71.44,""ptt_failure_risk_applied"":-75.0,""ptt_lost_repair_window_applied"":-2375.0,""ptt_low_confidence_applied"":-65.25,""ptt_marginal_penalty_applied"":-4460.82,""ptt_repair_value"":0.0,""qwen_audit_adjustment"":0.0,""qwen_audit_adjustment_applied"":0.0,""rest_window_penalty"":-0.0,""unknown_soft_risk"":-65.25},""score"":-5959.31}",qwen_auditor_called_zero_adjustment,"[""lost_repair_window_cost"",""preference_marginal_penalty"",""preference_soft_penalty"",""ptt_failure_risk_applied"",""ptt_lost_repair_window_applied"",""ptt_low_confidence_applied"",""ptt_marginal_penalty_applied"",""unknown_soft_risk""]",,,,trace_alignment_without_suffix_replay,diagnostic_not_official_counterfactual,False,False,True,unknown,action_type_changed_wait_to_take_order,needs_official_suffix_replay_before_tuning
B9_gold_current_20260529,24,step_bucket_001,589d48b2c094,wait,take_order,d21187e2ae3b,8e07683ebc7a,819.65,591.14,323.0,"[""4d7e4e30a7ba"",""6235345edaf5"",""674070057b2f"",""887d908c573d"",""cee0faecaf6b""]","{""preference_components"":{""preference_repair_value"":0.0,""ptt_wait_penalty_applied"":-0.0,""qwen_audit_adjustment_applied"":0.0},""score"":-35.0}","{""preference_components"":{""lost_repair_window_cost"":-0.0,""preference_marginal_penalty"":-185.82,""preference_repair_bonus"":0.0,""preference_repair_value"":0.0,""preference_soft_penalty"":-80.0,""ptt_failure_risk_applied"":-9.0,""ptt_lost_repair_window_applied"":-0.0,""ptt_low_confidence_applied"":-65.25,""ptt_marginal_penalty_applied"":-185.82,""ptt_repair_value"":0.0,""qwen_audit_adjustment"":0.0,""qwen_audit_adjustment_applied"":0.0,""rest_window_penalty"":-0.0,""unknown_soft_risk"":-65.25},""score"":900.24}",qwen_auditor_called_zero_adjustment,"[""preference_marginal_penalty"",""preference_soft_penalty"",""ptt_failure_risk_applied"",""ptt_low_confidence_applied"",""ptt_marginal_penalty_applied"",""unknown_soft_risk""]",,,,trace_alignment_without_suffix_replay,diagnostic_not_official_counterfactual,False,False,True,unknown,action_type_changed_wait_to_take_order,needs_official_suffix_replay_before_tuning
B9_gold_current_20260529,25,step_bucket_001,71c338a37f4c,wait,wait,4bcb47785bdd,d21187e2ae3b,0.0,-1.0,-307.0,"[""4d7e4e30a7ba"",""6235345edaf5"",""674070057b2f"",""887d908c573d"",""cee0faecaf6b""]","{""preference_components"":{""macro_task_repair_value"":744.0,""rest_guard"":1.0},""score"":0.0}","{""preference_components"":{""lost_repair_window_cost"":-0.0,""preference_marginal_penalty"":-0.0,""preference_repair_value"":4061.25,""ptt_repair_value"":4061.25,""ptt_wait_penalty_applied"":-0.0,""qwen_audit_adjustment"":0.0,""qwen_audit_adjustment_applied"":0.0,""unknown_soft_risk"":-0.0},""score"":4061.25}",qwen_auditor_called_zero_adjustment,"[""preference_repair_value"",""ptt_repair_value""]",,,,trace_alignment_without_suffix_replay,diagnostic_not_official_counterfactual,False,False,True,unknown,same_action_type_signature_changed_with_controller_score,needs_official_suffix_replay_before_tuning
B9_gold_current_20260529,26,step_bucket_001,d28e504fa228,take_order,wait,ae4b528a8e2d,97e42d2ae322,-526.3,-15.0,-10.0,"[""4d7e4e30a7ba"",""6235345edaf5"",""674070057b2f"",""887d908c573d"",""cee0faecaf6b""]","{""preference_components"":{""preference_repair_bonus"":0.0,""preference_soft_penalty"":-16.0,""ptt_failure_risk_applied"":-0.0,""ptt_lost_repair_window_applied"":-0.0,""ptt_low_confidence_applied"":-0.0,""ptt_marginal_penalty_applied"":-0.0,""ptt_repair_value"":0.0,""qwen_audit_adjustment_applied"":0.0,""rest_window_penalty"":-0.0},""score"":800.32}","{""preference_components"":{""macro_task_repair_value"":744.0,""rest_guard"":1.0},""score"":0.0}",qwen_auditor_called_zero_adjustment,"[""macro_task_repair_value""]",,,,trace_alignment_without_suffix_replay,diagnostic_not_official_counterfactual,False,False,True,unknown,action_type_changed_take_order_to_wait,needs_official_suffix_replay_before_tuning
B9_gold_current_20260529,27,step_bucket_001,04176cb22f6c,take_order,take_order,2692e3a49360,7ace4f4f0897,388.79,13941.14,169.0,"[""4d7e4e30a7ba"",""6235345edaf5"",""674070057b2f"",""887d908c573d"",""cee0faecaf6b""]","{""preference_components"":{""preference_repair_bonus"":0.0,""preference_soft_penalty"":-16.0,""ptt_failure_risk_applied"":-0.0,""ptt_lost_repair_window_applied"":-0.0,""ptt_low_confidence_applied"":-0.0,""ptt_marginal_penalty_applied"":-0.0,""ptt_repair_value"":0.0,""qwen_audit_adjustment_applied"":0.0,""rest_window_penalty"":-0.0},""score"":639.78}","{""preference_components"":{""lost_repair_window_cost"":-2375.0,""preference_marginal_penalty"":-4460.82,""preference_repair_bonus"":0.0,""preference_repair_value"":0.0,""preference_soft_penalty"":-80.0,""ptt_failure_risk_applied"":-75.0,""ptt_lost_repair_window_applied"":-2375.0,""ptt_low_confidence_applied"":-65.25,""ptt_marginal_penalty_applied"":-4460.82,""ptt_repair_value"":0.0,""qwen_audit_adjustment"":0.0,""qwen_audit_adjustment_applied"":0.0,""rest_window_penalty"":-0.0,""unknown_soft_risk"":-65.25},""score"":-5915.56}",qwen_auditor_called_zero_adjustment,"[""lost_repair_window_cost"",""preference_marginal_penalty"",""preference_soft_penalty"",""ptt_failure_risk_applied"",""ptt_lost_repair_window_applied"",""ptt_low_confidence_applied"",""ptt_marginal_penalty_applied"",""unknown_soft_risk""]",,,,trace_alignment_without_suffix_replay,diagnostic_not_official_counterfactual,False,False,True,unknown,same_action_type_signature_changed_with_controller_score,needs_official_suffix_replay_before_tuning
B9_gold_current_20260529,28,step_bucket_001,4443bbdc0a3e,wait,take_order,d21187e2ae3b,f08a84782d7a,229.81,564.09,82.0,"[""4d7e4e30a7ba"",""6235345edaf5"",""674070057b2f"",""887d908c573d"",""cee0faecaf6b""]","{""preference_components"":{""preference_repair_value"":0.0,""ptt_wait_penalty_applied"":-0.0,""qwen_audit_adjustment_applied"":0.0},""score"":0.0}","{""preference_components"":{""lost_repair_window_cost"":-0.0,""preference_marginal_penalty"":-185.82,""preference_repair_bonus"":0.0,""preference_repair_value"":0.0,""preference_soft_penalty"":-52.95,""ptt_failure_risk_applied"":-9.0,""ptt_lost_repair_window_applied"":-0.0,""ptt_low_confidence_applied"":-65.25,""ptt_marginal_penalty_applied"":-185.82,""ptt_repair_value"":0.0,""qwen_audit_adjustment"":0.0,""qwen_audit_adjustment_applied"":0.0,""rest_window_penalty"":-0.0,""unknown_soft_risk"":-65.25},""score"":156.53}",qwen_auditor_called_zero_adjustment,"[""preference_marginal_penalty"",""preference_soft_penalty"",""ptt_failure_risk_applied"",""ptt_low_confidence_applied"",""ptt_marginal_penalty_applied"",""unknown_soft_risk""]",,,,trace_alignment_without_suffix_replay,diagnostic_not_official_counterfactual,False,False,True,unknown,action_type_changed_wait_to_take_order,needs_official_suffix_replay_before_tuning
B9_gold_current_20260529,29,step_bucket_001,682b79373af4,wait,take_order,adca507764f8,fbe0c618a5f1,57.81,552.11,-321.0,"[""4d7e4e30a7ba"",""6235345edaf5"",""674070057b2f"",""887d908c573d"",""cee0faecaf6b""]","{""preference_components"":{""macro_task_repair_value"":744.0,""rest_guard"":1.0},""score"":0.0}","{""preference_components"":{""lost_repair_window_cost"":-0.0,""preference_marginal_penalty"":-185.82,""preference_repair_bonus"":0.0,""preference_repair_value"":0.0,""preference_soft_penalty"":-41.97,""ptt_failure_risk_applied"":-9.0,""ptt_lost_repair_window_applied"":-0.0,""ptt_low_confidence_applied"":-65.25,""ptt_marginal_penalty_applied"":-185.82,""ptt_repair_value"":0.0,""qwen_audit_adjustment"":0.0,""qwen_audit_adjustment_applied"":0.0,""rest_window_penalty"":-0.0,""unknown_soft_risk"":-65.25},""score"":-159.53}",qwen_auditor_called_zero_adjustment,"[""preference_marginal_penalty"",""preference_soft_penalty"",""ptt_failure_risk_applied"",""ptt_low_confidence_applied"",""ptt_marginal_penalty_applied"",""unknown_soft_risk""]",,,,trace_alignment_without_suffix_replay,diagnostic_not_official_counterfactual,False,False,True,unknown,action_type_changed_wait_to_take_order,needs_official_suffix_replay_before_tuning
B9_gold_current_20260529,30,step_bucket_001,d9c7acb34472,take_order,wait,c0858fbacb99,34b4b968321a,-574.14,-15.0,75.0,"[""4d7e4e30a7ba"",""6235345edaf5"",""674070057b2f"",""887d908c573d"",""cee0faecaf6b""]","{""preference_components"":{""preference_repair_bonus"":0.0,""preference_soft_penalty"":-16.0,""ptt_failure_risk_applied"":-0.0,""ptt_lost_repair_window_applied"":-0.0,""ptt_low_confidence_applied"":-0.0,""ptt_marginal_penalty_applied"":-0.0,""ptt_repair_value"":0.0,""qwen_audit_adjustment_applied"":0.0,""rest_window_penalty"":-0.0},""score"":939.91}","{""preference_components"":{""macro_task_repair_value"":744.0,""rest_guard"":1.0},""score"":0.0}",qwen_auditor_called_zero_adjustment,"[""macro_task_repair_value""]",,,,trace_alignment_without_suffix_replay,diagnostic_not_official_counterfactual,False,False,True,unknown,action_type_changed_take_order_to_wait,needs_official_suffix_replay_before_tuning
B9_gold_current_20260529,31,step_bucket_001,7063ce32efdf,take_order,take_order,87de3cbece6a,81d2b46a3ec0,161.0,13941.14,21.0,"[""4d7e4e30a7ba"",""6235345edaf5"",""674070057b2f"",""887d908c573d"",""cee0faecaf6b""]","{""preference_components"":{""preference_repair_bonus"":0.0,""preference_soft_penalty"":-16.0,""ptt_failure_risk_applied"":-0.0,""ptt_lost_repair_window_applied"":-0.0,""ptt_low_confidence_applied"":-0.0,""ptt_marginal_penalty_applied"":-0.0,""ptt_repair_value"":0.0,""qwen_audit_adjustment_applied"":0.0,""rest_window_penalty"":-0.0},""score"":570.83}","{""preference_components"":{""lost_repair_window_cost"":-2375.0,""preference_marginal_penalty"":-4460.82,""preference_repair_bonus"":0.0,""preference_repair_value"":0.0,""preference_soft_penalty"":-80.0,""ptt_failure_risk_applied"":-75.0,""ptt_lost_repair_window_applied"":-2375.0,""ptt_low_confidence_applied"":-65.25,""ptt_marginal_penalty_applied"":-4460.82,""ptt_repair_value"":0.0,""qwen_audit_adjustment"":0.0,""qwen_audit_adjustment_applied"":0.0,""rest_window_penalty"":-0.0,""unknown_soft_risk"":-65.25},""score"":-6223.73}",qwen_auditor_called_zero_adjustment,"[""lost_repair_window_cost"",""preference_marginal_penalty"",""preference_soft_penalty"",""ptt_failure_risk_applied"",""ptt_lost_repair_window_applied"",""ptt_low_confidence_applied"",""ptt_marginal_penalty_applied"",""unknown_soft_risk""]",,,,trace_alignment_without_suffix_replay,diagnostic_not_official_counterfactual,False,False,True,unknown,same_action_type_signature_changed_with_controller_score,needs_official_suffix_replay_before_tuning
B9_gold_current_20260529,32,step_bucket_001,70cffdf39d09,wait,take_order,d21187e2ae3b,0fe217b3268a,294.9,552.53,24.0,"[""4d7e4e30a7ba"",""6235345edaf5"",""674070057b2f"",""887d908c573d"",""cee0faecaf6b""]","{""preference_components"":{""preference_repair_value"":0.0,""ptt_wait_penalty_applied"":-0.0,""qwen_audit_adjustment_applied"":0.0},""score"":0.0}","{""preference_components"":{""lost_repair_window_cost"":-0.0,""preference_marginal_penalty"":-185.82,""preference_repair_bonus"":0.0,""preference_repair_value"":0.0,""preference_soft_penalty"":-41.39,""ptt_failure_risk_applied"":-9.0,""ptt_lost_repair_window_applied"":-0.0,""ptt_low_confidence_applied"":-65.25,""ptt_marginal_penalty_applied"":-185.82,""ptt_repair_value"":0.0,""qwen_audit_adjustment"":0.0,""qwen_audit_adjustment_applied"":0.0,""rest_window_penalty"":-0.0,""unknown_soft_risk"":-65.25},""score"":403.39}",qwen_auditor_called_zero_adjustment,"[""preference_marginal_penalty"",""preference_soft_penalty"",""ptt_failure_risk_applied"",""ptt_low_confidence_applied"",""ptt_marginal_penalty_applied"",""unknown_soft_risk""]",,,,trace_alignment_without_suffix_replay,diagnostic_not_official_counterfactual,False,True,True,unknown,action_type_changed_wait_to_take_order,needs_official_suffix_replay_before_tuning
B9_gold_current_20260529,33,step_bucket_001,c40042627b9c,wait,wait,81e7de077b7d,d21187e2ae3b,0.0,-1.0,-240.0,"[""4d7e4e30a7ba"",""6235345edaf5"",""674070057b2f"",""887d908c573d"",""cee0faecaf6b""]","{""preference_components"":{""macro_task_repair_value"":744.0,""rest_guard"":1.0},""score"":0.0}","{""preference_components"":{""lost_repair_window_cost"":-0.0,""preference_marginal_penalty"":-0.0,""preference_repair_value"":4061.25,""ptt_repair_value"":4061.25,""ptt_wait_penalty_applied"":-0.0,""qwen_audit_adjustment"":0.0,""qwen_audit_adjustment_applied"":0.0,""unknown_soft_risk"":-0.0},""score"":4061.25}",qwen_auditor_called_zero_adjustment,"[""preference_repair_value"",""ptt_repair_value""]",,,,trace_alignment_without_suffix_replay,diagnostic_not_official_counterfactual,False,False,True,unknown,same_action_type_signature_changed_with_controller_score,needs_official_suffix_replay_before_tuning
B9_gold_current_20260529,34,step_bucket_001,a29a76932988,take_order,wait,9cba537288d9,d21187e2ae3b,-604.1,-16.0,-397.0,"[""4d7e4e30a7ba"",""6235345edaf5"",""674070057b2f"",""887d908c573d"",""cee0faecaf6b""]","{""preference_components"":{""preference_repair_bonus"":0.0,""preference_soft_penalty"":-16.0,""ptt_failure_risk_applied"":-0.0,""ptt_lost_repair_window_applied"":-0.0,""ptt_low_confidence_applied"":-0.0,""ptt_marginal_penalty_applied"":-0.0,""ptt_repair_value"":0.0,""qwen_audit_adjustment_applied"":0.0,""rest_window_penalty"":-0.0},""score"":861.39}","{""preference_components"":{""lost_repair_window_cost"":-0.0,""preference_marginal_penalty"":-0.0,""preference_repair_value"":4061.25,""ptt_repair_value"":4061.25,""ptt_wait_penalty_applied"":-0.0,""qwen_audit_adjustment"":0.0,""qwen_audit_adjustment_applied"":0.0,""unknown_soft_risk"":-0.0},""score"":4026.25}",qwen_auditor_called_zero_adjustment,"[""preference_repair_value"",""ptt_repair_value""]",,,,trace_alignment_without_suffix_replay,diagnostic_not_official_counterfactual,False,False,True,unknown,action_type_changed_take_order_to_wait,needs_official_suffix_replay_before_tuning
B9_gold_current_20260529,35,step_bucket_001,3c53e4ada6dd,take_order,wait,20f6367653fb,53c94b2a49ea,-202.91,-15.0,232.0,"[""4d7e4e30a7ba"",""6235345edaf5"",""674070057b2f"",""887d908c573d"",""cee0faecaf6b""]","{""preference_components"":{""preference_repair_bonus"":0.0,""preference_soft_penalty"":-16.0,""ptt_failure_risk_applied"":-0.0,""ptt_lost_repair_window_applied"":-0.0,""ptt_low_confidence_applied"":-0.0,""ptt_marginal_penalty_applied"":-0.0,""ptt_repair_value"":0.0,""qwen_audit_adjustment_applied"":0.0,""rest_window_penalty"":-0.0},""score"":389.61}","{""preference_components"":{""macro_task_repair_value"":744.0,""rest_guard"":1.0},""score"":0.0}",qwen_auditor_called_zero_adjustment,"[""macro_task_repair_value""]",,,,trace_alignment_without_suffix_replay,diagnostic_not_official_counterfactual,False,False,True,unknown,action_type_changed_take_order_to_wait,needs_official_suffix_replay_before_tuning
B9_gold_current_20260529,36,step_bucket_001,cdfbe8d9a5fe,wait,take_order,d21187e2ae3b,834cb972d13c,486.91,13957.14,337.0,"[""4d7e4e30a7ba"",""6235345edaf5"",""674070057b2f"",""887d908c573d"",""cee0faecaf6b""]","{""preference_components"":{""preference_repair_value"":0.0,""ptt_wait_penalty_applied"":-0.0,""qwen_audit_adjustment_applied"":0.0},""score"":0.0}","{""preference_components"":{""lost_repair_window_cost"":-2375.0,""preference_marginal_penalty"":-4460.82,""preference_repair_bonus"":0.0,""preference_repair_value"":0.0,""preference_soft_penalty"":-80.0,""ptt_failure_risk_applied"":-75.0,""ptt_lost_repair_window_applied"":-2375.0,""ptt_low_confidence_applied"":-65.25,""ptt_marginal_penalty_applied"":-4460.82,""ptt_repair_value"":0.0,""qwen_audit_adjustment"":0.0,""qwen_audit_adjustment_applied"":0.0,""rest_window_penalty"":-0.0,""unknown_soft_risk"":-65.25},""score"":-6291.72}",qwen_auditor_called_zero_adjustment,"[""lost_repair_window_cost"",""preference_marginal_penalty"",""preference_soft_penalty"",""ptt_failure_risk_applied"",""ptt_lost_repair_window_applied"",""ptt_low_confidence_applied"",""ptt_marginal_penalty_applied"",""unknown_soft_risk""]",,,,trace_alignment_without_suffix_replay,diagnostic_not_official_counterfactual,False,False,True,unknown,action_type_changed_wait_to_take_order,needs_official_suffix_replay_before_tuning
B9_gold_current_20260529,37,step_bucket_001,5e29a7e0bc97,wait,take_order,4e2faa652243,de499e496325,353.79,588.34,-90.0,"[""4d7e4e30a7ba"",""6235345edaf5"",""674070057b2f"",""887d908c573d"",""cee0faecaf6b""]","{""preference_components"":{""macro_task_repair_value"":744.0,""rest_guard"":1.0},""score"":0.0}","{""preference_components"":{""lost_repair_window_cost"":-0.0,""preference_marginal_penalty"":-185.82,""preference_repair_bonus"":0.0,""preference_repair_value"":0.0,""preference_soft_penalty"":-78.2,""ptt_failure_risk_applied"":-9.0,""ptt_lost_repair_window_applied"":-0.0,""ptt_low_confidence_applied"":-65.25,""ptt_marginal_penalty_applied"":-185.82,""ptt_repair_value"":0.0,""qwen_audit_adjustment"":0.0,""qwen_audit_adjustment_applied"":0.0,""rest_window_penalty"":-0.0,""unknown_soft_risk"":-65.25},""score"":258.67}",qwen_auditor_called_zero_adjustment,"[""preference_marginal_penalty"",""preference_soft_penalty"",""ptt_failure_risk_applied"",""ptt_low_confidence_applied"",""ptt_marginal_penalty_applied"",""unknown_soft_risk""]",,,,trace_alignment_without_suffix_replay,diagnostic_not_official_counterfactual,False,True,True,unknown,action_type_changed_wait_to_take_order,needs_official_suffix_replay_before_tuning
B9_gold_current_20260529,38,step_bucket_001,dfe9d561aa16,take_order,wait,ad8f8152d891,d21187e2ae3b,-383.0,-16.0,-343.0,"[""4d7e4e30a7ba"",""6235345edaf5"",""674070057b2f"",""887d908c573d"",""cee0faecaf6b""]","{""preference_components"":{""preference_repair_bonus"":0.0,""preference_soft_penalty"":-16.0,""ptt_failure_risk_applied"":-0.0,""ptt_lost_repair_window_applied"":-0.0,""ptt_low_confidence_applied"":-0.0,""ptt_marginal_penalty_applied"":-0.0,""ptt_repair_value"":0.0,""qwen_audit_adjustment_applied"":0.0,""rest_window_penalty"":-0.0},""score"":558.01}","{""preference_components"":{""lost_repair_window_cost"":-0.0,""preference_marginal_penalty"":-0.0,""preference_repair_value"":4061.25,""ptt_repair_value"":4061.25,""ptt_wait_penalty_applied"":-0.0,""qwen_audit_adjustment"":0.0,""qwen_audit_adjustment_applied"":0.0,""unknown_soft_risk"":-0.0},""score"":4061.25}",qwen_auditor_called_zero_adjustment,"[""preference_repair_value"",""ptt_repair_value""]",,,,trace_alignment_without_suffix_replay,diagnostic_not_official_counterfactual,False,False,True,unknown,action_type_changed_take_order_to_wait,needs_official_suffix_replay_before_tuning
B9_gold_current_20260529,39,step_bucket_001,3c3973c121d6,take_order,wait,c852bb37aa39,96b83877ac0d,-219.91,-15.0,52.0,"[""4d7e4e30a7ba"",""6235345edaf5"",""674070057b2f"",""887d908c573d"",""cee0faecaf6b""]","{""preference_components"":{""preference_repair_bonus"":0.0,""preference_soft_penalty"":-16.0,""ptt_failure_risk_applied"":-0.0,""ptt_lost_repair_window_applied"":-0.0,""ptt_low_confidence_applied"":-0.0,""ptt_marginal_penalty_applied"":-0.0,""ptt_repair_value"":0.0,""qwen_audit_adjustment_applied"":0.0,""rest_window_penalty"":-0.0},""score"":353.28}","{""preference_components"":{""macro_task_repair_value"":744.0,""rest_guard"":1.0},""score"":0.0}",qwen_auditor_called_zero_adjustment,"[""macro_task_repair_value""]",,,,trace_alignment_without_suffix_replay,diagnostic_not_official_counterfactual,False,False,True,unknown,action_type_changed_take_order_to_wait,needs_official_suffix_replay_before_tuning
B9_gold_current_20260529,40,step_bucket_001,f75c5ddca643,wait,take_order,d21187e2ae3b,15103256d0f6,354.06,13943.33,144.0,"[""4d7e4e30a7ba"",""6235345edaf5"",""674070057b2f"",""887d908c573d"",""cee0faecaf6b""]","{""preference_components"":{""preference_repair_value"":0.0,""ptt_wait_penalty_applied"":-0.0,""qwen_audit_adjustment_applied"":0.0},""score"":0.0}","{""preference_components"":{""lost_repair_window_cost"":-2375.0,""preference_marginal_penalty"":-4460.82,""preference_repair_bonus"":0.0,""preference_repair_value"":0.0,""preference_soft_penalty"":-66.19,""ptt_failure_risk_applied"":-75.0,""ptt_lost_repair_window_applied"":-2375.0,""ptt_low_confidence_applied"":-65.25,""ptt_marginal_penalty_applied"":-4460.82,""ptt_repair_value"":0.0,""qwen_audit_adjustment"":0.0,""qwen_audit_adjustment_applied"":0.0,""rest_window_penalty"":-0.0,""unknown_soft_risk"":-65.25},""score"":-6397.58}",qwen_auditor_called_zero_adjustment,"[""lost_repair_window_cost"",""preference_marginal_penalty"",""preference_soft_penalty"",""ptt_failure_risk_applied"",""ptt_lost_repair_window_applied"",""ptt_low_confidence_applied"",""ptt_marginal_penalty_applied"",""unknown_soft_risk""]",,,,trace_alignment_without_suffix_replay,diagnostic_not_official_counterfactual,False,False,True,unknown,action_type_changed_wait_to_take_order,needs_official_suffix_replay_before_tuning
B9_gold_current_20260529,41,step_bucket_001,6c6cfc9806a7,wait,take_order,1a49875b6d50,ab4025a761f9,456.33,576.76,-100.0,"[""4d7e4e30a7ba"",""6235345edaf5"",""674070057b2f"",""887d908c573d"",""cee0faecaf6b""]","{""preference_components"":{""macro_task_repair_value"":744.0,""rest_guard"":1.0},""score"":0.0}","{""preference_components"":{""lost_repair_window_cost"":-0.0,""preference_marginal_penalty"":-185.82,""preference_repair_bonus"":0.0,""preference_repair_value"":0.0,""preference_soft_penalty"":-66.62,""ptt_failure_risk_applied"":-9.0,""ptt_lost_repair_window_applied"":-0.0,""ptt_low_confidence_applied"":-65.25,""ptt_marginal_penalty_applied"":-185.82,""ptt_repair_value"":0.0,""qwen_audit_adjustment"":0.0,""qwen_audit_adjustment_applied"":0.0,""rest_window_penalty"":-0.0,""unknown_soft_risk"":-65.25},""score"":516.01}",qwen_auditor_called_zero_adjustment,"[""preference_marginal_penalty"",""preference_soft_penalty"",""ptt_failure_risk_applied"",""ptt_low_confidence_applied"",""ptt_marginal_penalty_applied"",""unknown_soft_risk""]",,,,trace_alignment_without_suffix_replay,diagnostic_not_official_counterfactual,False,False,True,unknown,action_type_changed_wait_to_take_order,needs_official_suffix_replay_before_tuning
B9_gold_current_20260529,42,step_bucket_001,e6342947965c,take_order,take_order,ad430a9729a4,b2d0e2d5261a,-607.95,557.77,-372.0,"[""4d7e4e30a7ba"",""6235345edaf5"",""674070057b2f"",""887d908c573d"",""cee0faecaf6b""]","{""preference_components"":{""preference_repair_bonus"":0.0,""preference_soft_penalty"":-16.0,""ptt_failure_risk_applied"":-0.0,""ptt_lost_repair_window_applied"":-0.0,""ptt_low_confidence_applied"":-0.0,""ptt_marginal_penalty_applied"":-0.0,""ptt_repair_value"":0.0,""qwen_audit_adjustment_applied"":0.0,""rest_window_penalty"":-0.0},""score"":873.06}","{""preference_components"":{""lost_repair_window_cost"":-0.0,""preference_marginal_penalty"":-185.82,""preference_repair_bonus"":0.0,""preference_repair_value"":0.0,""preference_soft_penalty"":-62.63,""ptt_failure_risk_applied"":-9.0,""ptt_lost_repair_window_applied"":-0.0,""ptt_low_confidence_applied"":-65.25,""ptt_marginal_penalty_applied"":-185.82,""ptt_repair_value"":0.0,""qwen_audit_adjustment"":0.0,""qwen_audit_adjustment_applied"":0.0,""rest_window_penalty"":-0.0,""unknown_soft_risk"":-65.25},""score"":-219.94}",qwen_auditor_called_zero_adjustment,"[""preference_marginal_penalty"",""preference_soft_penalty"",""ptt_failure_risk_applied"",""ptt_low_confidence_applied"",""ptt_marginal_penalty_applied"",""unknown_soft_risk""]",,,,trace_alignment_without_suffix_replay,diagnostic_not_official_counterfactual,False,False,True,unknown,same_action_type_signature_changed_with_controller_score,needs_official_suffix_replay_before_tuning
B9_gold_current_20260529,43,step_bucket_001,b5f36321772b,wait,wait,d21187e2ae3b,6cfb81fc3546,0.0,1.0,381.0,"[""4d7e4e30a7ba"",""6235345edaf5"",""674070057b2f"",""887d908c573d"",""cee0faecaf6b""]","{""preference_components"":{""preference_repair_value"":0.0,""ptt_wait_penalty_applied"":-0.0,""qwen_audit_adjustment_applied"":0.0},""score"":0.0}","{""preference_components"":{""macro_task_repair_value"":744.0,""rest_guard"":1.0},""score"":0.0}",qwen_auditor_called_zero_adjustment,"[""macro_task_repair_value""]",,,,trace_alignment_without_suffix_replay,diagnostic_not_official_counterfactual,False,False,True,unknown,same_action_type_signature_changed_with_controller_score,needs_official_suffix_replay_before_tuning
B9_gold_current_20260529,44,step_bucket_001,f456f561bc40,wait,take_order,d21187e2ae3b,b9819029aa93,721.45,13957.14,326.0,"[""4d7e4e30a7ba"",""6235345edaf5"",""674070057b2f"",""887d908c573d"",""cee0faecaf6b""]","{""preference_components"":{""preference_repair_value"":0.0,""ptt_wait_penalty_applied"":-0.0,""qwen_audit_adjustment_applied"":0.0},""score"":-35.0}","{""preference_components"":{""lost_repair_window_cost"":-2375.0,""preference_marginal_penalty"":-4460.82,""preference_repair_bonus"":0.0,""preference_repair_value"":0.0,""preference_soft_penalty"":-80.0,""ptt_failure_risk_applied"":-75.0,""ptt_lost_repair_window_applied"":-2375.0,""ptt_low_confidence_applied"":-65.25,""ptt_marginal_penalty_applied"":-4460.82,""ptt_repair_value"":0.0,""qwen_audit_adjustment"":0.0,""qwen_audit_adjustment_applied"":0.0,""rest_window_penalty"":-0.0,""unknown_soft_risk"":-65.25},""score"":-5941.27}",qwen_auditor_called_zero_adjustment,"[""lost_repair_window_cost"",""preference_marginal_penalty"",""preference_soft_penalty"",""ptt_failure_risk_applied"",""ptt_lost_repair_window_applied"",""ptt_low_confidence_applied"",""ptt_marginal_penalty_applied"",""unknown_soft_risk""]",,,,trace_alignment_without_suffix_replay,diagnostic_not_official_counterfactual,False,False,True,unknown,action_type_changed_wait_to_take_order,needs_official_suffix_replay_before_tuning
B9_gold_current_20260529,45,step_bucket_001,44a4ebba7a1a,wait,wait,d1083011f318,d21187e2ae3b,0.0,-1.0,-292.0,"[""4d7e4e30a7ba"",""6235345edaf5"",""674070057b2f"",""887d908c573d"",""cee0faecaf6b""]","{""preference_components"":{""macro_task_repair_value"":744.0,""rest_guard"":1.0},""score"":0.0}","{""preference_components"":{""lost_repair_window_cost"":-0.0,""preference_marginal_penalty"":-0.0,""preference_repair_value"":4061.25,""ptt_repair_value"":4061.25,""ptt_wait_penalty_applied"":-0.0,""qwen_audit_adjustment"":0.0,""qwen_audit_adjustment_applied"":0.0,""unknown_soft_risk"":-0.0},""score"":4061.25}",qwen_auditor_called_zero_adjustment,"[""preference_repair_value"",""ptt_repair_value""]",,,,trace_alignment_without_suffix_replay,diagnostic_not_official_counterfactual,False,False,True,unknown,same_action_type_signature_changed_with_controller_score,needs_official_suffix_replay_before_tuning
B9_gold_current_20260529,46,step_bucket_001,2c6c7c41d2d3,take_order,wait,47e29afa2e36,d21187e2ae3b,-627.51,-16.0,-249.0,"[""4d7e4e30a7ba"",""6235345edaf5"",""674070057b2f"",""887d908c573d"",""cee0faecaf6b""]","{""preference_components"":{""preference_repair_bonus"":0.0,""preference_soft_penalty"":-16.0,""ptt_failure_risk_applied"":-0.0,""ptt_lost_repair_window_applied"":-0.0,""ptt_low_confidence_applied"":-0.0,""ptt_marginal_penalty_applied"":-0.0,""ptt_repair_value"":0.0,""qwen_audit_adjustment_applied"":0.0,""rest_window_penalty"":-0.0},""score"":1010.05}","{""preference_components"":{""lost_repair_window_cost"":-0.0,""preference_marginal_penalty"":-0.0,""preference_repair_value"":4061.25,""ptt_repair_value"":4061.25,""ptt_wait_penalty_applied"":-0.0,""qwen_audit_adjustment"":0.0,""qwen_audit_adjustment_applied"":0.0,""unknown_soft_risk"":-0.0},""score"":4026.25}",qwen_auditor_called_zero_adjustment,"[""preference_repair_value"",""ptt_repair_value""]",,,,trace_alignment_without_suffix_replay,diagnostic_not_official_counterfactual,False,False,True,unknown,action_type_changed_take_order_to_wait,needs_official_suffix_replay_before_tuning
B9_gold_current_20260529,47,step_bucket_001,9f9b8e6ea7fd,take_order,wait,4590265af33c,d21187e2ae3b,-737.81,-16.0,-317.0,"[""4d7e4e30a7ba"",""6235345edaf5"",""674070057b2f"",""887d908c573d"",""cee0faecaf6b""]","{""preference_components"":{""preference_repair_bonus"":0.0,""preference_soft_penalty"":-16.0,""ptt_failure_risk_applied"":-0.0,""ptt_lost_repair_window_applied"":-0.0,""ptt_low_confidence_applied"":-0.0,""ptt_marginal_penalty_applied"":-0.0,""ptt_repair_value"":0.0,""qwen_audit_adjustment_applied"":0.0,""rest_window_penalty"":-0.0},""score"":1105.16}","{""preference_components"":{""lost_repair_window_cost"":-0.0,""preference_marginal_penalty"":-0.0,""preference_repair_value"":4061.25,""ptt_repair_value"":4061.25,""ptt_wait_penalty_applied"":-0.0,""qwen_audit_adjustment"":0.0,""qwen_audit_adjustment_applied"":0.0,""unknown_soft_risk"":-0.0},""score"":3991.25}",qwen_auditor_called_zero_adjustment,"[""preference_repair_value"",""ptt_repair_value""]",,,,trace_alignment_without_suffix_replay,diagnostic_not_official_counterfactual,False,False,True,unknown,action_type_changed_take_order_to_wait,needs_official_suffix_replay_before_tuning
B9_gold_current_20260529,48,step_bucket_002,404666049de4,wait,wait,d21187e2ae3b,dc3656b60036,0.0,1.0,312.0,"[""4d7e4e30a7ba"",""6235345edaf5"",""674070057b2f"",""887d908c573d"",""cee0faecaf6b""]","{""preference_components"":{""preference_repair_value"":0.0,""ptt_wait_penalty_applied"":-0.0,""qwen_audit_adjustment_applied"":0.0},""score"":0.0}","{""preference_components"":{""macro_task_repair_value"":744.0,""rest_guard"":1.0},""score"":0.0}",qwen_auditor_called_zero_adjustment,"[""macro_task_repair_value""]",,,,trace_alignment_without_suffix_replay,diagnostic_not_official_counterfactual,False,False,True,unknown,same_action_type_signature_changed_with_controller_score,needs_official_suffix_replay_before_tuning
B9_gold_current_20260529,49,step_bucket_002,da69225c8fb0,wait,take_order,e467f46f3291,47e29afa2e36,677.73,13956.14,2.0,"[""4d7e4e30a7ba"",""6235345edaf5"",""674070057b2f"",""887d908c573d"",""cee0faecaf6b""]","{""preference_components"":{""macro_task_repair_value"":744.0,""rest_guard"":1.0},""score"":0.0}","{""preference_components"":{""lost_repair_window_cost"":-2375.0,""preference_marginal_penalty"":-4460.82,""preference_repair_bonus"":0.0,""preference_repair_value"":0.0,""preference_soft_penalty"":-80.0,""ptt_failure_risk_applied"":-75.0,""ptt_lost_repair_window_applied"":-2375.0,""ptt_low_confidence_applied"":-65.25,""ptt_marginal_penalty_applied"":-4460.82,""ptt_repair_value"":0.0,""qwen_audit_adjustment"":0.0,""qwen_audit_adjustment_applied"":0.0,""rest_window_penalty"":-0.0,""unknown_soft_risk"":-65.25},""score"":-5933.39}",qwen_auditor_called_zero_adjustment,"[""lost_repair_window_cost"",""preference_marginal_penalty"",""preference_soft_penalty"",""ptt_failure_risk_applied"",""ptt_lost_repair_window_applied"",""ptt_low_confidence_applied"",""ptt_marginal_penalty_applied"",""unknown_soft_risk""]",,,,trace_alignment_without_suffix_replay,diagnostic_not_official_counterfactual,False,False,True,unknown,action_type_changed_wait_to_take_order,needs_official_suffix_replay_before_tuning
B9_gold_current_20260529,50,step_bucket_002,d4c232ade7e0,take_order,take_order,6aeb5aabe902,4590265af33c,246.23,575.14,86.0,"[""4d7e4e30a7ba"",""6235345edaf5"",""674070057b2f"",""887d908c573d"",""cee0faecaf6b""]","{""preference_components"":{""preference_repair_bonus"":0.0,""preference_soft_penalty"":-16.0,""ptt_failure_risk_applied"":-0.0,""ptt_lost_repair_window_applied"":-0.0,""ptt_low_confidence_applied"":-0.0,""ptt_marginal_penalty_applied"":-0.0,""ptt_repair_value"":0.0,""qwen_audit_adjustment_applied"":0.0,""rest_window_penalty"":-0.0},""score"":802.84}","{""preference_components"":{""lost_repair_window_cost"":-0.0,""preference_marginal_penalty"":-185.82,""preference_repair_bonus"":0.0,""preference_repair_value"":0.0,""preference_soft_penalty"":-80.0,""ptt_failure_risk_applied"":-9.0,""ptt_lost_repair_window_applied"":-0.0,""ptt_low_confidence_applied"":-65.25,""ptt_marginal_penalty_applied"":-185.82,""ptt_repair_value"":0.0,""qwen_audit_adjustment"":0.0,""qwen_audit_adjustment_applied"":0.0,""rest_window_penalty"":-0.0,""unknown_soft_risk"":-65.25},""score"":781.52}",qwen_auditor_called_zero_adjustment,"[""preference_marginal_penalty"",""preference_soft_penalty"",""ptt_failure_risk_applied"",""ptt_low_confidence_applied"",""ptt_marginal_penalty_applied"",""unknown_soft_risk""]",,,,trace_alignment_without_suffix_replay,diagnostic_not_official_counterfactual,False,False,True,unknown,same_action_type_signature_changed_with_controller_score,needs_official_suffix_replay_before_tuning
B9_gold_current_20260529,51,step_bucket_002,c67726185dc0,take_order,wait,c8cd6006c51f,d21187e2ae3b,-639.54,-16.0,-315.0,"[""4d7e4e30a7ba"",""6235345edaf5"",""674070057b2f"",""887d908c573d"",""cee0faecaf6b""]","{""preference_components"":{""preference_repair_bonus"":0.0,""preference_soft_penalty"":-16.0,""ptt_failure_risk_applied"":-0.0,""ptt_lost_repair_window_applied"":-0.0,""ptt_low_confidence_applied"":-0.0,""ptt_marginal_penalty_applied"":-0.0,""ptt_repair_value"":0.0,""qwen_audit_adjustment_applied"":0.0,""rest_window_penalty"":-0.0},""score"":956.13}","{""preference_components"":{""lost_repair_window_cost"":-0.0,""preference_marginal_penalty"":-0.0,""preference_repair_value"":4061.25,""ptt_repair_value"":4061.25,""ptt_wait_penalty_applied"":-0.0,""qwen_audit_adjustment"":0.0,""qwen_audit_adjustment_applied"":0.0,""unknown_soft_risk"":-0.0},""score"":4061.25}",qwen_auditor_called_zero_adjustment,"[""preference_repair_value"",""ptt_repair_value""]",,,,trace_alignment_without_suffix_replay,diagnostic_not_official_counterfactual,False,False,True,unknown,action_type_changed_take_order_to_wait,needs_official_suffix_replay_before_tuning
B9_gold_current_20260529,52,step_bucket_002,0f2f5022dca2,wait,wait,d21187e2ae3b,460b6d1a62dc,0.0,1.0,247.0,"[""4d7e4e30a7ba"",""6235345edaf5"",""674070057b2f"",""887d908c573d"",""cee0faecaf6b""]","{""preference_components"":{""preference_repair_value"":0.0,""ptt_wait_penalty_applied"":-0.0,""qwen_audit_adjustment_applied"":0.0},""score"":0.0}","{""preference_components"":{""macro_task_repair_value"":744.0,""rest_guard"":1.0},""score"":0.0}",qwen_auditor_called_zero_adjustment,"[""macro_task_repair_value""]",,,,trace_alignment_without_suffix_replay,diagnostic_not_official_counterfactual,False,False,True,unknown,same_action_type_signature_changed_with_controller_score,needs_official_suffix_replay_before_tuning
B9_gold_current_20260529,53,step_bucket_002,87e972665a6a,wait,take_order,ddb2fa55dc5d,6aeb5aabe902,491.58,13956.14,-15.0,"[""4d7e4e30a7ba"",""6235345edaf5"",""674070057b2f"",""887d908c573d"",""cee0faecaf6b""]","{""preference_components"":{""macro_task_repair_value"":744.0,""rest_guard"":1.0},""score"":0.0}","{""preference_components"":{""lost_repair_window_cost"":-2375.0,""preference_marginal_penalty"":-4460.82,""preference_repair_bonus"":0.0,""preference_repair_value"":0.0,""preference_soft_penalty"":-80.0,""ptt_failure_risk_applied"":-75.0,""ptt_lost_repair_window_applied"":-2375.0,""ptt_low_confidence_applied"":-65.25,""ptt_marginal_penalty_applied"":-4460.82,""ptt_repair_value"":0.0,""qwen_audit_adjustment"":0.0,""qwen_audit_adjustment_applied"":0.0,""rest_window_penalty"":-0.0,""unknown_soft_risk"":-65.25},""score"":-6237.23}",qwen_auditor_called_zero_adjustment,"[""lost_repair_window_cost"",""preference_marginal_penalty"",""preference_soft_penalty"",""ptt_failure_risk_applied"",""ptt_lost_repair_window_applied"",""ptt_low_confidence_applied"",""ptt_marginal_penalty_applied"",""unknown_soft_risk""]",,,,trace_alignment_without_suffix_replay,diagnostic_not_official_counterfactual,False,False,True,unknown,action_type_changed_wait_to_take_order,needs_official_suffix_replay_before_tuning
B9_gold_current_20260529,54,step_bucket_002,db5f7d148001,take_order,take_order,e874c584125a,c8cd6006c51f,119.29,575.14,-223.0,"[""4d7e4e30a7ba"",""6235345edaf5"",""674070057b2f"",""887d908c573d"",""cee0faecaf6b""]","{""preference_components"":{""preference_repair_bonus"":0.0,""preference_soft_penalty"":-16.0,""ptt_failure_risk_applied"":-0.0,""ptt_lost_repair_window_applied"":-0.0,""ptt_low_confidence_applied"":-0.0,""ptt_marginal_penalty_applied"":-0.0,""ptt_repair_value"":0.0,""qwen_audit_adjustment_applied"":0.0,""rest_window_penalty"":-0.0},""score"":586.35}","{""preference_components"":{""lost_repair_window_cost"":-0.0,""preference_marginal_penalty"":-185.82,""preference_repair_bonus"":0.0,""preference_repair_value"":0.0,""preference_soft_penalty"":-80.0,""ptt_failure_risk_applied"":-9.0,""ptt_lost_repair_window_applied"":-0.0,""ptt_low_confidence_applied"":-65.25,""ptt_marginal_penalty_applied"":-185.82,""ptt_repair_value"":0.0,""qwen_audit_adjustment"":0.0,""qwen_audit_adjustment_applied"":0.0,""rest_window_penalty"":-0.0,""unknown_soft_risk"":-65.25},""score"":632.06}",qwen_auditor_called_zero_adjustment,"[""preference_marginal_penalty"",""preference_soft_penalty"",""ptt_failure_risk_applied"",""ptt_low_confidence_applied"",""ptt_marginal_penalty_applied"",""unknown_soft_risk""]",,,,trace_alignment_without_suffix_replay,diagnostic_not_official_counterfactual,False,False,True,unknown,same_action_type_signature_changed_with_controller_score,needs_official_suffix_replay_before_tuning
B9_gold_current_20260529,56,step_bucket_002,78ec2c097bf0,wait,wait,d21187e2ae3b,ddb2fa55dc5d,0.0,1.0,246.0,"[""4d7e4e30a7ba"",""6235345edaf5"",""674070057b2f"",""887d908c573d"",""cee0faecaf6b""]","{""preference_components"":{""preference_repair_value"":0.0,""ptt_wait_penalty_applied"":-0.0,""qwen_audit_adjustment_applied"":0.0},""score"":-35.0}","{""preference_components"":{""macro_task_repair_value"":744.0,""rest_guard"":1.0},""score"":0.0}",qwen_auditor_called_zero_adjustment,"[""macro_task_repair_value""]",,,,trace_alignment_without_suffix_replay,diagnostic_not_official_counterfactual,False,False,True,unknown,same_action_type_signature_changed_with_controller_score,needs_official_suffix_replay_before_tuning
B9_gold_current_20260529,57,step_bucket_002,ead70985e772,wait,take_order,4158068174bf,d64357eeecbe,231.96,13956.14,-893.0,"[""4d7e4e30a7ba"",""6235345edaf5"",""674070057b2f"",""887d908c573d"",""cee0faecaf6b""]","{""preference_components"":{""macro_task_repair_value"":3100.0,""rest_guard"":1.0},""score"":0.0}","{""preference_components"":{""lost_repair_window_cost"":-2375.0,""preference_marginal_penalty"":-4460.82,""preference_repair_bonus"":0.0,""preference_repair_value"":0.0,""preference_soft_penalty"":-80.0,""ptt_failure_risk_applied"":-75.0,""ptt_lost_repair_window_applied"":-2375.0,""ptt_low_confidence_applied"":-65.25,""ptt_marginal_penalty_applied"":-4460.82,""ptt_repair_value"":0.0,""qwen_audit_adjustment"":0.0,""qwen_audit_adjustment_applied"":0.0,""rest_window_penalty"":-0.0,""unknown_soft_risk"":-65.25},""score"":-6659.07}",qwen_auditor_called_zero_adjustment,"[""lost_repair_window_cost"",""preference_marginal_penalty"",""preference_soft_penalty"",""ptt_failure_risk_applied"",""ptt_lost_repair_window_applied"",""ptt_low_confidence_applied"",""ptt_marginal_penalty_applied"",""unknown_soft_risk""]",,,,trace_alignment_without_suffix_replay,diagnostic_not_official_counterfactual,False,False,True,unknown,action_type_changed_wait_to_take_order,needs_official_suffix_replay_before_tuning
B9_gold_current_20260529,58,step_bucket_002,9ad9937f689e,wait,take_order,9b7a8b9c91dc,b1cc05d9b1ed,175.9,590.14,-180.0,"[""4d7e4e30a7ba"",""6235345edaf5"",""674070057b2f"",""887d908c573d"",""cee0faecaf6b""]","{""preference_components"":{""macro_task_repair_value"":744.0,""rest_guard"":1.0},""score"":0.0}","{""preference_components"":{""lost_repair_window_cost"":-0.0,""preference_marginal_penalty"":-185.82,""preference_repair_bonus"":0.0,""preference_repair_value"":0.0,""preference_soft_penalty"":-80.0,""ptt_failure_risk_applied"":-9.0,""ptt_lost_repair_window_applied"":-0.0,""ptt_low_confidence_applied"":-65.25,""ptt_marginal_penalty_applied"":-185.82,""ptt_repair_value"":0.0,""qwen_audit_adjustment"":0.0,""qwen_audit_adjustment_applied"":0.0,""rest_window_penalty"":-0.0,""unknown_soft_risk"":-65.25},""score"":-42.09}",qwen_auditor_called_zero_adjustment,"[""preference_marginal_penalty"",""preference_soft_penalty"",""ptt_failure_risk_applied"",""ptt_low_confidence_applied"",""ptt_marginal_penalty_applied"",""unknown_soft_risk""]",,,,trace_alignment_without_suffix_replay,diagnostic_not_official_counterfactual,False,False,True,unknown,action_type_changed_wait_to_take_order,needs_official_suffix_replay_before_tuning
B9_gold_current_20260529,59,step_bucket_002,0f3a4d3ecc69,take_order,wait,c5583af99f27,d21187e2ae3b,-601.76,-16.0,-534.0,"[""4d7e4e30a7ba"",""6235345edaf5"",""674070057b2f"",""887d908c573d"",""cee0faecaf6b""]","{""preference_components"":{""preference_repair_bonus"":0.0,""preference_soft_penalty"":-16.0,""ptt_failure_risk_applied"":-0.0,""ptt_lost_repair_window_applied"":-0.0,""ptt_low_confidence_applied"":-0.0,""ptt_marginal_penalty_applied"":-0.0,""ptt_repair_value"":0.0,""qwen_audit_adjustment_applied"":0.0,""rest_window_penalty"":-0.0},""score"":788.25}","{""preference_components"":{""lost_repair_window_cost"":-0.0,""preference_marginal_penalty"":-0.0,""preference_repair_value"":4061.25,""ptt_repair_value"":4061.25,""ptt_wait_penalty_applied"":-0.0,""qwen_audit_adjustment"":0.0,""qwen_audit_adjustment_applied"":0.0,""unknown_soft_risk"":-0.0},""score"":4061.25}",qwen_auditor_called_zero_adjustment,"[""preference_repair_value"",""ptt_repair_value""]",,,,trace_alignment_without_suffix_replay,diagnostic_not_official_counterfactual,False,False,True,unknown,action_type_changed_take_order_to_wait,needs_official_suffix_replay_before_tuning
B9_gold_current_20260529,60,step_bucket_002,87daee016702,wait,wait,d21187e2ae3b,2a64c1e35314,0.0,1.0,1225.0,"[""4d7e4e30a7ba"",""6235345edaf5"",""674070057b2f"",""887d908c573d"",""cee0faecaf6b""]","{""preference_components"":{""preference_repair_value"":0.0,""ptt_wait_penalty_applied"":-0.0,""qwen_audit_adjustment_applied"":0.0},""score"":0.0}","{""preference_components"":{""macro_task_repair_value"":3100.0,""rest_guard"":1.0},""score"":0.0}",qwen_auditor_called_zero_adjustment,"[""macro_task_repair_value""]",,,,trace_alignment_without_suffix_replay,diagnostic_not_official_counterfactual,False,False,True,unknown,same_action_type_signature_changed_with_controller_score,needs_official_suffix_replay_before_tuning
B9_gold_current_20260529,61,step_bucket_002,123b5a306c2f,wait,wait,d21187e2ae3b,34b4b968321a,0.0,1.0,378.0,"[""4d7e4e30a7ba"",""6235345edaf5"",""674070057b2f"",""887d908c573d"",""cee0faecaf6b""]","{""preference_components"":{""preference_repair_value"":0.0,""ptt_wait_penalty_applied"":-0.0,""qwen_audit_adjustment_applied"":0.0},""score"":-35.0}","{""preference_components"":{""macro_task_repair_value"":744.0,""rest_guard"":1.0},""score"":0.0}",qwen_auditor_called_zero_adjustment,"[""macro_task_repair_value""]",,,,trace_alignment_without_suffix_replay,diagnostic_not_official_counterfactual,False,False,True,unknown,same_action_type_signature_changed_with_controller_score,needs_official_suffix_replay_before_tuning
B9_gold_current_20260529,62,step_bucket_002,714ad45b38fa,wait,take_order,086cfee5ba86,39c55d85542e,413.05,13956.14,19.0,"[""4d7e4e30a7ba"",""6235345edaf5"",""674070057b2f"",""887d908c573d"",""cee0faecaf6b""]","{""preference_components"":{""macro_task_repair_value"":744.0,""rest_guard"":1.0},""score"":0.0}","{""preference_components"":{""lost_repair_window_cost"":-2375.0,""preference_marginal_penalty"":-4460.82,""preference_repair_bonus"":0.0,""preference_repair_value"":0.0,""preference_soft_penalty"":-80.0,""ptt_failure_risk_applied"":-75.0,""ptt_lost_repair_window_applied"":-2375.0,""ptt_low_confidence_applied"":-65.25,""ptt_marginal_penalty_applied"":-4460.82,""ptt_repair_value"":0.0,""qwen_audit_adjustment"":0.0,""qwen_audit_adjustment_applied"":0.0,""rest_window_penalty"":-0.0,""unknown_soft_risk"":-65.25},""score"":-6401.09}",qwen_auditor_called_zero_adjustment,"[""lost_repair_window_cost"",""preference_marginal_penalty"",""preference_soft_penalty"",""ptt_failure_risk_applied"",""ptt_lost_repair_window_applied"",""ptt_low_confidence_applied"",""ptt_marginal_penalty_applied"",""unknown_soft_risk""]",,,,trace_alignment_without_suffix_replay,diagnostic_not_official_counterfactual,False,False,True,unknown,action_type_changed_wait_to_take_order,needs_official_suffix_replay_before_tuning
B9_gold_current_20260529,63,step_bucket_002,2a52f324a90a,take_order,take_order,b9aa226638c3,c1d25f5fc423,-243.76,575.14,-25.0,"[""4d7e4e30a7ba"",""6235345edaf5"",""674070057b2f"",""887d908c573d"",""cee0faecaf6b""]","{""preference_components"":{""preference_repair_bonus"":0.0,""preference_soft_penalty"":-16.0,""ptt_failure_risk_applied"":-0.0,""ptt_lost_repair_window_applied"":-0.0,""ptt_low_confidence_applied"":-0.0,""ptt_marginal_penalty_applied"":-0.0,""ptt_repair_value"":0.0,""qwen_audit_adjustment_applied"":0.0,""rest_window_penalty"":-0.0},""score"":655.73}","{""preference_components"":{""lost_repair_window_cost"":-0.0,""preference_marginal_penalty"":-185.82,""preference_repair_bonus"":0.0,""preference_repair_value"":0.0,""preference_soft_penalty"":-80.0,""ptt_failure_risk_applied"":-9.0,""ptt_lost_repair_window_applied"":-0.0,""ptt_low_confidence_applied"":-65.25,""ptt_marginal_penalty_applied"":-185.82,""ptt_repair_value"":0.0,""qwen_audit_adjustment"":0.0,""qwen_audit_adjustment_applied"":0.0,""rest_window_penalty"":-0.0,""unknown_soft_risk"":-65.25},""score"":-386.96}",qwen_auditor_called_zero_adjustment,"[""preference_marginal_penalty"",""preference_soft_penalty"",""ptt_failure_risk_applied"",""ptt_low_confidence_applied"",""ptt_marginal_penalty_applied"",""unknown_soft_risk""]",,,,trace_alignment_without_suffix_replay,diagnostic_not_official_counterfactual,False,False,True,unknown,same_action_type_signature_changed_with_controller_score,needs_official_suffix_replay_before_tuning
B9_gold_current_20260529,64,step_bucket_002,89115dcee8d9,take_order,wait,e676a36678d5,d21187e2ae3b,-276.39,-16.0,-190.0,"[""4d7e4e30a7ba"",""6235345edaf5"",""674070057b2f"",""887d908c573d"",""cee0faecaf6b""]","{""preference_components"":{""preference_repair_bonus"":0.0,""preference_soft_penalty"":-16.0,""ptt_failure_risk_applied"":-0.0,""ptt_lost_repair_window_applied"":-0.0,""ptt_low_confidence_applied"":-0.0,""ptt_marginal_penalty_applied"":-0.0,""ptt_repair_value"":0.0,""qwen_audit_adjustment_applied"":0.0,""rest_window_penalty"":-0.0},""score"":428.32}","{""preference_components"":{""lost_repair_window_cost"":-0.0,""preference_marginal_penalty"":-0.0,""preference_repair_value"":4061.25,""ptt_repair_value"":4061.25,""ptt_wait_penalty_applied"":-0.0,""qwen_audit_adjustment"":0.0,""qwen_audit_adjustment_applied"":0.0,""unknown_soft_risk"":-0.0},""score"":4061.25}",qwen_auditor_called_zero_adjustment,"[""preference_repair_value"",""ptt_repair_value""]",,,,trace_alignment_without_suffix_replay,diagnostic_not_official_counterfactual,False,False,True,unknown,action_type_changed_take_order_to_wait,needs_official_suffix_replay_before_tuning
B9_gold_current_20260529,65,step_bucket_002,73768b7f0dae,wait,wait,d21187e2ae3b,478885f04688,0.0,1.0,231.0,"[""4d7e4e30a7ba"",""6235345edaf5"",""674070057b2f"",""887d908c573d"",""cee0faecaf6b""]","{""preference_components"":{""preference_repair_value"":0.0,""ptt_wait_penalty_applied"":-0.0,""qwen_audit_adjustment_applied"":0.0},""score"":0.0}","{""preference_components"":{""macro_task_repair_value"":744.0,""rest_guard"":1.0},""score"":0.0}",qwen_auditor_called_zero_adjustment,"[""macro_task_repair_value""]",,,,trace_alignment_without_suffix_replay,diagnostic_not_official_counterfactual,False,False,True,unknown,same_action_type_signature_changed_with_controller_score,needs_official_suffix_replay_before_tuning
B9_gold_current_20260529,66,step_bucket_002,429cba7d72eb,wait,take_order,30f702b62a7a,b9aa226638c3,384.59,13956.14,14.0,"[""4d7e4e30a7ba"",""6235345edaf5"",""674070057b2f"",""887d908c573d"",""cee0faecaf6b""]","{""preference_components"":{""macro_task_repair_value"":744.0,""rest_guard"":1.0},""score"":0.0}","{""preference_components"":{""lost_repair_window_cost"":-2375.0,""preference_marginal_penalty"":-4460.82,""preference_repair_bonus"":0.0,""preference_repair_value"":0.0,""preference_soft_penalty"":-80.0,""ptt_failure_risk_applied"":-75.0,""ptt_lost_repair_window_applied"":-2375.0,""ptt_low_confidence_applied"":-65.25,""ptt_marginal_penalty_applied"":-4460.82,""ptt_repair_value"":0.0,""qwen_audit_adjustment"":0.0,""qwen_audit_adjustment_applied"":0.0,""rest_window_penalty"":-0.0,""unknown_soft_risk"":-65.25},""score"":-6566.63}",qwen_auditor_called_zero_adjustment,"[""lost_repair_window_cost"",""preference_marginal_penalty"",""preference_soft_penalty"",""ptt_failure_risk_applied"",""ptt_lost_repair_window_applied"",""ptt_low_confidence_applied"",""ptt_marginal_penalty_applied"",""unknown_soft_risk""]",,,,trace_alignment_without_suffix_replay,diagnostic_not_official_counterfactual,False,False,True,unknown,action_type_changed_wait_to_take_order,needs_official_suffix_replay_before_tuning
B9_gold_current_20260529,67,step_bucket_002,254840ec00a0,take_order,take_order,d17922196426,2b7ae7645720,-337.56,567.82,-304.0,"[""4d7e4e30a7ba"",""6235345edaf5"",""674070057b2f"",""887d908c573d"",""cee0faecaf6b""]","{""preference_components"":{""preference_repair_bonus"":0.0,""preference_soft_penalty"":-16.0,""ptt_failure_risk_applied"":-0.0,""ptt_lost_repair_window_applied"":-0.0,""ptt_low_confidence_applied"":-0.0,""ptt_marginal_penalty_applied"":-0.0,""ptt_repair_value"":0.0,""qwen_audit_adjustment_applied"":0.0,""rest_window_penalty"":-0.0},""score"":718.1}","{""preference_components"":{""lost_repair_window_cost"":-0.0,""preference_marginal_penalty"":-185.82,""preference_repair_bonus"":0.0,""preference_repair_value"":0.0,""preference_soft_penalty"":-72.68,""ptt_failure_risk_applied"":-9.0,""ptt_lost_repair_window_applied"":-0.0,""ptt_low_confidence_applied"":-65.25,""ptt_marginal_penalty_applied"":-185.82,""ptt_repair_value"":0.0,""qwen_audit_adjustment"":0.0,""qwen_audit_adjustment_applied"":0.0,""rest_window_penalty"":-0.0,""unknown_soft_risk"":-65.25},""score"":13.6}",qwen_auditor_called_zero_adjustment,"[""preference_marginal_penalty"",""preference_soft_penalty"",""ptt_failure_risk_applied"",""ptt_low_confidence_applied"",""ptt_marginal_penalty_applied"",""unknown_soft_risk""]",,,,trace_alignment_without_suffix_replay,diagnostic_not_official_counterfactual,False,False,True,unknown,same_action_type_signature_changed_with_controller_score,needs_official_suffix_replay_before_tuning
B9_gold_current_20260529,69,step_bucket_002,314dc19433a4,wait,wait,d21187e2ae3b,97e42d2ae322,0.0,1.0,306.0,"[""4d7e4e30a7ba"",""6235345edaf5"",""674070057b2f"",""887d908c573d"",""cee0faecaf6b""]","{""preference_components"":{""preference_repair_value"":0.0,""ptt_wait_penalty_applied"":-0.0,""qwen_audit_adjustment_applied"":0.0},""score"":-35.0}","{""preference_components"":{""macro_task_repair_value"":744.0,""rest_guard"":1.0},""score"":0.0}",qwen_auditor_called_zero_adjustment,"[""macro_task_repair_value""]",,,,trace_alignment_without_suffix_replay,diagnostic_not_official_counterfactual,False,False,True,unknown,same_action_type_signature_changed_with_controller_score,needs_official_suffix_replay_before_tuning
B9_gold_current_20260529,70,step_bucket_002,e6c36fbf94a1,wait,take_order,a3de64c94f33,d17922196426,571.67,14913.74,158.0,"[""4d7e4e30a7ba"",""6235345edaf5"",""674070057b2f"",""887d908c573d"",""cee0faecaf6b""]","{""preference_components"":{""macro_task_repair_value"":744.0,""rest_guard"":1.0},""score"":0.0}","{""preference_components"":{""lost_repair_window_cost"":-2511.8,""preference_marginal_penalty"":-4802.82,""preference_repair_bonus"":0.0,""preference_repair_value"":0.0,""preference_soft_penalty"":-80.0,""ptt_failure_risk_applied"":-75.0,""ptt_lost_repair_window_applied"":-2511.8,""ptt_low_confidence_applied"":-65.25,""ptt_marginal_penalty_applied"":-4802.82,""ptt_repair_value"":0.0,""qwen_audit_adjustment"":0.0,""qwen_audit_adjustment_applied"":0.0,""rest_window_penalty"":-0.0,""unknown_soft_risk"":-65.25},""score"":-6749.68}",qwen_auditor_called_zero_adjustment,"[""lost_repair_window_cost"",""preference_marginal_penalty"",""preference_soft_penalty"",""ptt_failure_risk_applied"",""ptt_lost_repair_window_applied"",""ptt_low_confidence_applied"",""ptt_marginal_penalty_applied"",""unknown_soft_risk""]",,,,trace_alignment_without_suffix_replay,diagnostic_not_official_counterfactual,False,False,True,unknown,action_type_changed_wait_to_take_order,needs_official_suffix_replay_before_tuning
B9_gold_current_20260529,71,step_bucket_002,9c1c496b75bf,take_order,wait,78d99ed0cc99,d21187e2ae3b,-421.76,-16.0,-465.0,"[""4d7e4e30a7ba"",""6235345edaf5"",""674070057b2f"",""887d908c573d"",""cee0faecaf6b""]","{""preference_components"":{""preference_repair_bonus"":0.0,""preference_soft_penalty"":-16.0,""ptt_failure_risk_applied"":-0.0,""ptt_lost_repair_window_applied"":-0.0,""ptt_low_confidence_applied"":-0.0,""ptt_marginal_penalty_applied"":-0.0,""ptt_repair_value"":0.0,""qwen_audit_adjustment_applied"":0.0,""rest_window_penalty"":-0.0},""score"":580.56}","{""preference_components"":{""lost_repair_window_cost"":-0.0,""preference_marginal_penalty"":-0.0,""preference_repair_value"":4061.25,""ptt_repair_value"":4061.25,""ptt_wait_penalty_applied"":-0.0,""qwen_audit_adjustment"":0.0,""qwen_audit_adjustment_applied"":0.0,""unknown_soft_risk"":-0.0},""score"":4061.25}",qwen_auditor_called_zero_adjustment,"[""preference_repair_value"",""ptt_repair_value""]",,,,trace_alignment_without_suffix_replay,diagnostic_not_official_counterfactual,False,False,True,unknown,action_type_changed_take_order_to_wait,needs_official_suffix_replay_before_tuning
B9_gold_current_20260529,73,step_bucket_003,f705a3473519,wait,wait,d21187e2ae3b,a3de64c94f33,0.0,1.0,317.0,"[""4d7e4e30a7ba"",""6235345edaf5"",""674070057b2f"",""887d908c573d"",""cee0faecaf6b""]","{""preference_components"":{""preference_repair_value"":0.0,""ptt_wait_penalty_applied"":-0.0,""qwen_audit_adjustment_applied"":0.0},""score"":-35.0}","{""preference_components"":{""macro_task_repair_value"":744.0,""rest_guard"":1.0},""score"":0.0}",qwen_auditor_called_zero_adjustment,"[""macro_task_repair_value""]",,,,trace_alignment_without_suffix_replay,diagnostic_not_official_counterfactual,False,False,True,unknown,same_action_type_signature_changed_with_controller_score,needs_official_suffix_replay_before_tuning
B9_gold_current_20260529,74,step_bucket_003,84cf7b69010a,wait,take_order,2e1466b92a6c,78d99ed0cc99,421.76,14913.74,130.0,"[""4d7e4e30a7ba"",""6235345edaf5"",""674070057b2f"",""887d908c573d"",""cee0faecaf6b""]","{""preference_components"":{""macro_task_repair_value"":744.0,""rest_guard"":1.0},""score"":0.0}","{""preference_components"":{""lost_repair_window_cost"":-2511.8,""preference_marginal_penalty"":-4802.82,""preference_repair_bonus"":0.0,""preference_repair_value"":0.0,""preference_soft_penalty"":-80.0,""ptt_failure_risk_applied"":-75.0,""ptt_lost_repair_window_applied"":-2511.8,""ptt_low_confidence_applied"":-65.25,""ptt_marginal_penalty_applied"":-4802.82,""ptt_repair_value"":0.0,""qwen_audit_adjustment"":0.0,""qwen_audit_adjustment_applied"":0.0,""rest_window_penalty"":-0.0,""unknown_soft_risk"":-65.25},""score"":-6938.31}",qwen_auditor_called_zero_adjustment,"[""lost_repair_window_cost"",""preference_marginal_penalty"",""preference_soft_penalty"",""ptt_failure_risk_applied"",""ptt_lost_repair_window_applied"",""ptt_low_confidence_applied"",""ptt_marginal_penalty_applied"",""unknown_soft_risk""]",,,,trace_alignment_without_suffix_replay,diagnostic_not_official_counterfactual,False,False,True,unknown,action_type_changed_wait_to_take_order,needs_official_suffix_replay_before_tuning
B9_gold_current_20260529,75,step_bucket_003,b7d3e0624274,take_order,wait,0f8dd2177eca,d21187e2ae3b,-822.32,-16.0,-390.0,"[""4d7e4e30a7ba"",""6235345edaf5"",""674070057b2f"",""887d908c573d"",""cee0faecaf6b""]","{""preference_components"":{""preference_repair_bonus"":0.0,""preference_soft_penalty"":-16.0,""ptt_failure_risk_applied"":-0.0,""ptt_lost_repair_window_applied"":-0.0,""ptt_low_confidence_applied"":-0.0,""ptt_marginal_penalty_applied"":-0.0,""ptt_repair_value"":0.0,""qwen_audit_adjustment_applied"":0.0,""rest_window_penalty"":-0.0},""score"":1208.76}","{""preference_components"":{""lost_repair_window_cost"":-0.0,""preference_marginal_penalty"":-0.0,""preference_repair_value"":4061.25,""ptt_repair_value"":4061.25,""ptt_wait_penalty_applied"":-0.0,""qwen_audit_adjustment"":0.0,""qwen_audit_adjustment_applied"":0.0,""unknown_soft_risk"":-0.0},""score"":4061.25}",qwen_auditor_called_zero_adjustment,"[""preference_repair_value"",""ptt_repair_value""]",,,,trace_alignment_without_suffix_replay,diagnostic_not_official_counterfactual,False,False,True,unknown,action_type_changed_take_order_to_wait,needs_official_suffix_replay_before_tuning
B9_gold_current_20260529,76,step_bucket_003,6e1fdd245324,take_order,wait,cb510e8450b1,d21187e2ae3b,-169.23,-16.0,-111.0,"[""4d7e4e30a7ba"",""6235345edaf5"",""674070057b2f"",""887d908c573d"",""cee0faecaf6b""]","{""preference_components"":{""preference_repair_bonus"":0.0,""preference_soft_penalty"":-16.0,""ptt_failure_risk_applied"":-0.0,""ptt_lost_repair_window_applied"":-0.0,""ptt_low_confidence_applied"":-0.0,""ptt_marginal_penalty_applied"":-0.0,""ptt_repair_value"":0.0,""qwen_audit_adjustment_applied"":0.0,""rest_window_penalty"":-0.0},""score"":310.31}","{""preference_components"":{""lost_repair_window_cost"":-0.0,""preference_marginal_penalty"":-0.0,""preference_repair_value"":4061.25,""ptt_repair_value"":4061.25,""ptt_wait_penalty_applied"":-0.0,""qwen_audit_adjustment"":0.0,""qwen_audit_adjustment_applied"":0.0,""unknown_soft_risk"":-0.0},""score"":4026.25}",qwen_auditor_called_zero_adjustment,"[""preference_repair_value"",""ptt_repair_value""]",,,,trace_alignment_without_suffix_replay,diagnostic_not_official_counterfactual,False,False,True,unknown,action_type_changed_take_order_to_wait,needs_official_suffix_replay_before_tuning
B9_gold_current_20260529,77,step_bucket_003,f5e40326d9c8,wait,wait,d21187e2ae3b,2e1466b92a6c,0.0,1.0,335.0,"[""4d7e4e30a7ba"",""6235345edaf5"",""674070057b2f"",""887d908c573d"",""cee0faecaf6b""]","{""preference_components"":{""preference_repair_value"":0.0,""ptt_wait_penalty_applied"":-0.0,""qwen_audit_adjustment_applied"":0.0},""score"":0.0}","{""preference_components"":{""macro_task_repair_value"":744.0,""rest_guard"":1.0},""score"":0.0}",qwen_auditor_called_zero_adjustment,"[""macro_task_repair_value""]",,,,trace_alignment_without_suffix_replay,diagnostic_not_official_counterfactual,False,False,True,unknown,same_action_type_signature_changed_with_controller_score,needs_official_suffix_replay_before_tuning
B9_gold_current_20260529,78,step_bucket_003,90db21ea123c,wait,take_order,d0e0cb02b508,0f8dd2177eca,822.32,14913.74,91.0,"[""4d7e4e30a7ba"",""6235345edaf5"",""674070057b2f"",""887d908c573d"",""cee0faecaf6b""]","{""preference_components"":{""macro_task_repair_value"":744.0,""rest_guard"":1.0},""score"":0.0}","{""preference_components"":{""lost_repair_window_cost"":-2511.8,""preference_marginal_penalty"":-4802.82,""preference_repair_bonus"":0.0,""preference_repair_value"":0.0,""preference_soft_penalty"":-80.0,""ptt_failure_risk_applied"":-75.0,""ptt_lost_repair_window_applied"":-2511.8,""ptt_low_confidence_applied"":-65.25,""ptt_marginal_penalty_applied"":-4802.82,""ptt_repair_value"":0.0,""qwen_audit_adjustment"":0.0,""qwen_audit_adjustment_applied"":0.0,""rest_window_penalty"":-0.0,""unknown_soft_risk"":-65.25},""score"":-6310.11}",qwen_auditor_called_zero_adjustment,"[""lost_repair_window_cost"",""preference_marginal_penalty"",""preference_soft_penalty"",""ptt_failure_risk_applied"",""ptt_lost_repair_window_applied"",""ptt_low_confidence_applied"",""ptt_marginal_penalty_applied"",""unknown_soft_risk""]",,,,trace_alignment_without_suffix_replay,diagnostic_not_official_counterfactual,False,False,True,unknown,action_type_changed_wait_to_take_order,needs_official_suffix_replay_before_tuning
B9_gold_current_20260529,79,step_bucket_003,60367a6c4ddb,take_order,take_order,b9f8d120f5cf,cb510e8450b1,-394.61,555.25,-122.0,"[""4d7e4e30a7ba"",""6235345edaf5"",""674070057b2f"",""887d908c573d"",""cee0faecaf6b""]","{""preference_components"":{""preference_repair_bonus"":0.0,""preference_soft_penalty"":-16.0,""ptt_failure_risk_applied"":-0.0,""ptt_lost_repair_window_applied"":-0.0,""ptt_low_confidence_applied"":-0.0,""ptt_marginal_penalty_applied"":-0.0,""ptt_repair_value"":0.0,""qwen_audit_adjustment_applied"":0.0,""rest_window_penalty"":-0.0},""score"":914.76}","{""preference_components"":{""lost_repair_window_cost"":-0.0,""preference_marginal_penalty"":-185.82,""preference_repair_bonus"":0.0,""preference_repair_value"":0.0,""preference_soft_penalty"":-60.11,""ptt_failure_risk_applied"":-9.0,""ptt_lost_repair_window_applied"":-0.0,""ptt_low_confidence_applied"":-65.25,""ptt_marginal_penalty_applied"":-185.82,""ptt_repair_value"":0.0,""qwen_audit_adjustment"":0.0,""qwen_audit_adjustment_applied"":0.0,""rest_window_penalty"":-0.0,""unknown_soft_risk"":-65.25},""score"":6.12}",qwen_auditor_called_zero_adjustment,"[""preference_marginal_penalty"",""preference_soft_penalty"",""ptt_failure_risk_applied"",""ptt_low_confidence_applied"",""ptt_marginal_penalty_applied"",""unknown_soft_risk""]",,,,trace_alignment_without_suffix_replay,diagnostic_not_official_counterfactual,False,False,True,unknown,same_action_type_signature_changed_with_controller_score,needs_official_suffix_replay_before_tuning
B9_gold_current_20260529,80,step_bucket_003,e47f24c30c22,take_order,wait,b7e4f0924eb4,d21187e2ae3b,-254.45,-16.0,-160.0,"[""4d7e4e30a7ba"",""6235345edaf5"",""674070057b2f"",""887d908c573d"",""cee0faecaf6b""]","{""preference_components"":{""preference_repair_bonus"":0.0,""preference_soft_penalty"":-16.0,""ptt_failure_risk_applied"":-0.0,""ptt_lost_repair_window_applied"":-0.0,""ptt_low_confidence_applied"":-0.0,""ptt_marginal_penalty_applied"":-0.0,""ptt_repair_value"":0.0,""qwen_audit_adjustment_applied"":0.0,""rest_window_penalty"":-0.0},""score"":127.13}","{""preference_components"":{""lost_repair_window_cost"":-0.0,""preference_marginal_penalty"":-0.0,""preference_repair_value"":4061.25,""ptt_repair_value"":4061.25,""ptt_wait_penalty_applied"":-0.0,""qwen_audit_adjustment"":0.0,""qwen_audit_adjustment_applied"":0.0,""unknown_soft_risk"":-0.0},""score"":4061.25}",qwen_auditor_called_zero_adjustment,"[""preference_repair_value"",""ptt_repair_value""]",,,,trace_alignment_without_suffix_replay,diagnostic_not_official_counterfactual,False,False,True,unknown,action_type_changed_take_order_to_wait,needs_official_suffix_replay_before_tuning
B9_gold_current_20260529,81,step_bucket_003,ea10e0f0b045,wait,wait,d21187e2ae3b,d0e0cb02b508,0.0,1.0,299.0,"[""4d7e4e30a7ba"",""6235345edaf5"",""674070057b2f"",""887d908c573d"",""cee0faecaf6b""]","{""preference_components"":{""preference_repair_value"":0.0,""ptt_wait_penalty_applied"":-0.0,""qwen_audit_adjustment_applied"":0.0},""score"":0.0}","{""preference_components"":{""macro_task_repair_value"":744.0,""rest_guard"":1.0},""score"":0.0}",qwen_auditor_called_zero_adjustment,"[""macro_task_repair_value""]",,,,trace_alignment_without_suffix_replay,diagnostic_not_official_counterfactual,False,False,True,unknown,same_action_type_signature_changed_with_controller_score,needs_official_suffix_replay_before_tuning
B9_gold_current_20260529,82,step_bucket_003,0788d27aa570,wait,take_order,d21187e2ae3b,b9f8d120f5cf,563.84,13957.14,233.0,"[""4d7e4e30a7ba"",""6235345edaf5"",""674070057b2f"",""887d908c573d"",""cee0faecaf6b""]","{""preference_components"":{""preference_repair_value"":0.0,""ptt_wait_penalty_applied"":-0.0,""qwen_audit_adjustment_applied"":0.0},""score"":-35.0}","{""preference_components"":{""lost_repair_window_cost"":-2375.0,""preference_marginal_penalty"":-4460.82,""preference_repair_bonus"":0.0,""preference_repair_value"":0.0,""preference_soft_penalty"":-80.0,""ptt_failure_risk_applied"":-75.0,""ptt_lost_repair_window_applied"":-2375.0,""ptt_low_confidence_applied"":-65.25,""ptt_marginal_penalty_applied"":-4460.82,""ptt_repair_value"":0.0,""qwen_audit_adjustment"":0.0,""qwen_audit_adjustment_applied"":0.0,""rest_window_penalty"":-0.0,""unknown_soft_risk"":-65.25},""score"":-6125.31}",qwen_auditor_called_zero_adjustment,"[""lost_repair_window_cost"",""preference_marginal_penalty"",""preference_soft_penalty"",""ptt_failure_risk_applied"",""ptt_lost_repair_window_applied"",""ptt_low_confidence_applied"",""ptt_marginal_penalty_applied"",""unknown_soft_risk""]",,,,trace_alignment_without_suffix_replay,diagnostic_not_official_counterfactual,False,False,True,unknown,action_type_changed_wait_to_take_order,needs_official_suffix_replay_before_tuning
B9_gold_current_20260529,83,step_bucket_003,bd250ad1a5d6,wait,take_order,18230058056d,b7e4f0924eb4,254.45,581.39,-77.0,"[""4d7e4e30a7ba"",""6235345edaf5"",""674070057b2f"",""887d908c573d"",""cee0faecaf6b""]","{""preference_components"":{""macro_task_repair_value"":744.0,""rest_guard"":1.0},""score"":0.0}","{""preference_components"":{""lost_repair_window_cost"":-0.0,""preference_marginal_penalty"":-185.82,""preference_repair_bonus"":0.0,""preference_repair_value"":0.0,""preference_soft_penalty"":-71.25,""ptt_failure_risk_applied"":-9.0,""ptt_lost_repair_window_applied"":-0.0,""ptt_low_confidence_applied"":-65.25,""ptt_marginal_penalty_applied"":-185.82,""ptt_repair_value"":0.0,""qwen_audit_adjustment"":0.0,""qwen_audit_adjustment_applied"":0.0,""rest_window_penalty"":-0.0,""unknown_soft_risk"":-65.25},""score"":-188.19}",qwen_auditor_called_zero_adjustment,"[""preference_marginal_penalty"",""preference_soft_penalty"",""ptt_failure_risk_applied"",""ptt_low_confidence_applied"",""ptt_marginal_penalty_applied"",""unknown_soft_risk""]",,,,trace_alignment_without_suffix_replay,diagnostic_not_official_counterfactual,False,False,True,unknown,action_type_changed_wait_to_take_order,needs_official_suffix_replay_before_tuning
B9_gold_current_20260529,84,step_bucket_003,8d39001ba04e,take_order,wait,514b9ad2b4d1,d21187e2ae3b,-505.96,-16.0,-373.0,"[""4d7e4e30a7ba"",""6235345edaf5"",""674070057b2f"",""887d908c573d"",""cee0faecaf6b""]","{""preference_components"":{""preference_repair_bonus"":0.0,""preference_soft_penalty"":-16.0,""ptt_failure_risk_applied"":-0.0,""ptt_lost_repair_window_applied"":-0.0,""ptt_low_confidence_applied"":-0.0,""ptt_marginal_penalty_applied"":-0.0,""ptt_repair_value"":0.0,""qwen_audit_adjustment_applied"":0.0,""rest_window_penalty"":-0.0},""score"":746.64}","{""preference_components"":{""lost_repair_window_cost"":-0.0,""preference_marginal_penalty"":-0.0,""preference_repair_value"":4061.25,""ptt_repair_value"":4061.25,""ptt_wait_penalty_applied"":-0.0,""qwen_audit_adjustment"":0.0,""qwen_audit_adjustment_applied"":0.0,""unknown_soft_risk"":-0.0},""score"":4061.25}",qwen_auditor_called_zero_adjustment,"[""preference_repair_value"",""ptt_repair_value""]",,,,trace_alignment_without_suffix_replay,diagnostic_not_official_counterfactual,False,False,True,unknown,action_type_changed_take_order_to_wait,needs_official_suffix_replay_before_tuning
B9_gold_current_20260529,85,step_bucket_003,1a496755ca03,take_order,wait,cc8ec79388a8,d21187e2ae3b,-412.92,-16.0,-130.0,"[""4d7e4e30a7ba"",""6235345edaf5"",""674070057b2f"",""887d908c573d"",""cee0faecaf6b""]","{""preference_components"":{""preference_repair_bonus"":0.0,""preference_soft_penalty"":-16.0,""ptt_failure_risk_applied"":-0.0,""ptt_lost_repair_window_applied"":-0.0,""ptt_low_confidence_applied"":-0.0,""ptt_marginal_penalty_applied"":-0.0,""ptt_repair_value"":0.0,""qwen_audit_adjustment_applied"":0.0,""rest_window_penalty"":-0.0},""score"":762.89}","{""preference_components"":{""lost_repair_window_cost"":-0.0,""preference_marginal_penalty"":-0.0,""preference_repair_value"":4061.25,""ptt_repair_value"":4061.25,""ptt_wait_penalty_applied"":-0.0,""qwen_audit_adjustment"":0.0,""qwen_audit_adjustment_applied"":0.0,""unknown_soft_risk"":-0.0},""score"":4026.25}",qwen_auditor_called_zero_adjustment,"[""preference_repair_value"",""ptt_repair_value""]",,,,trace_alignment_without_suffix_replay,diagnostic_not_official_counterfactual,False,False,True,unknown,action_type_changed_take_order_to_wait,needs_official_suffix_replay_before_tuning
B9_gold_current_20260529,86,step_bucket_003,2304084bc1b2,wait,wait,d21187e2ae3b,18230058056d,0.0,1.0,237.0,"[""4d7e4e30a7ba"",""6235345edaf5"",""674070057b2f"",""887d908c573d"",""cee0faecaf6b""]","{""preference_components"":{""preference_repair_value"":0.0,""ptt_wait_penalty_applied"":-0.0,""qwen_audit_adjustment_applied"":0.0},""score"":0.0}","{""preference_components"":{""macro_task_repair_value"":744.0,""rest_guard"":1.0},""score"":0.0}",qwen_auditor_called_zero_adjustment,"[""macro_task_repair_value""]",,,,trace_alignment_without_suffix_replay,diagnostic_not_official_counterfactual,False,False,True,unknown,same_action_type_signature_changed_with_controller_score,needs_official_suffix_replay_before_tuning
B9_gold_current_20260529,87,step_bucket_003,fc475b53012f,wait,take_order,4c3d44d6eb5a,03c048b60a7d,459.9,13956.14,-61.0,"[""4d7e4e30a7ba"",""6235345edaf5"",""674070057b2f"",""887d908c573d"",""cee0faecaf6b""]","{""preference_components"":{""macro_task_repair_value"":744.0,""rest_guard"":1.0},""score"":0.0}","{""preference_components"":{""lost_repair_window_cost"":-2375.0,""preference_marginal_penalty"":-4460.82,""preference_repair_bonus"":0.0,""preference_repair_value"":0.0,""preference_soft_penalty"":-80.0,""ptt_failure_risk_applied"":-75.0,""ptt_lost_repair_window_applied"":-2375.0,""ptt_low_confidence_applied"":-65.25,""ptt_marginal_penalty_applied"":-4460.82,""ptt_repair_value"":0.0,""qwen_audit_adjustment"":0.0,""qwen_audit_adjustment_applied"":0.0,""rest_window_penalty"":-0.0,""unknown_soft_risk"":-65.25},""score"":-6296.53}",qwen_auditor_called_zero_adjustment,"[""lost_repair_window_cost"",""preference_marginal_penalty"",""preference_soft_penalty"",""ptt_failure_risk_applied"",""ptt_lost_repair_window_applied"",""ptt_low_confidence_applied"",""ptt_marginal_penalty_applied"",""unknown_soft_risk""]",,,,trace_alignment_without_suffix_replay,diagnostic_not_official_counterfactual,False,False,True,unknown,action_type_changed_wait_to_take_order,needs_official_suffix_replay_before_tuning
B9_gold_current_20260529,88,step_bucket_003,c8287969437f,take_order,take_order,147a2c9d94d1,d52098aa61c5,-113.78,575.14,57.0,"[""4d7e4e30a7ba"",""6235345edaf5"",""674070057b2f"",""887d908c573d"",""cee0faecaf6b""]","{""preference_components"":{""preference_repair_bonus"":0.0,""preference_soft_penalty"":-16.0,""ptt_failure_risk_applied"":-0.0,""ptt_lost_repair_window_applied"":-0.0,""ptt_low_confidence_applied"":-0.0,""ptt_marginal_penalty_applied"":-0.0,""ptt_repair_value"":0.0,""qwen_audit_adjustment_applied"":0.0,""rest_window_penalty"":-0.0},""score"":821.6}","{""preference_components"":{""lost_repair_window_cost"":-0.0,""preference_marginal_penalty"":-185.82,""preference_repair_bonus"":0.0,""preference_repair_value"":0.0,""preference_soft_penalty"":-80.0,""ptt_failure_risk_applied"":-9.0,""ptt_lost_repair_window_applied"":-0.0,""ptt_low_confidence_applied"":-65.25,""ptt_marginal_penalty_applied"":-185.82,""ptt_repair_value"":0.0,""qwen_audit_adjustment"":0.0,""qwen_audit_adjustment_applied"":0.0,""rest_window_penalty"":-0.0,""unknown_soft_risk"":-65.25},""score"":346.79}",qwen_auditor_called_zero_adjustment,"[""preference_marginal_penalty"",""preference_soft_penalty"",""ptt_failure_risk_applied"",""ptt_low_confidence_applied"",""ptt_marginal_penalty_applied"",""unknown_soft_risk""]",,,,trace_alignment_without_suffix_replay,diagnostic_not_official_counterfactual,False,False,True,unknown,same_action_type_signature_changed_with_controller_score,needs_official_suffix_replay_before_tuning
B9_gold_current_20260529,89,step_bucket_003,dd897dd042f0,take_order,wait,eaba9e81d4e3,d21187e2ae3b,-159.58,-16.0,-202.0,"[""4d7e4e30a7ba"",""6235345edaf5"",""674070057b2f"",""887d908c573d"",""cee0faecaf6b""]","{""preference_components"":{""preference_repair_bonus"":0.0,""preference_soft_penalty"":-16.0,""ptt_failure_risk_applied"":-0.0,""ptt_lost_repair_window_applied"":-0.0,""ptt_low_confidence_applied"":-0.0,""ptt_marginal_penalty_applied"":-0.0,""ptt_repair_value"":0.0,""qwen_audit_adjustment_applied"":0.0,""rest_window_penalty"":-0.0},""score"":253.92}","{""preference_components"":{""lost_repair_window_cost"":-0.0,""preference_marginal_penalty"":-0.0,""preference_repair_value"":4061.25,""ptt_repair_value"":4061.25,""ptt_wait_penalty_applied"":-0.0,""qwen_audit_adjustment"":0.0,""qwen_audit_adjustment_applied"":0.0,""unknown_soft_risk"":-0.0},""score"":4061.25}",qwen_auditor_called_zero_adjustment,"[""preference_repair_value"",""ptt_repair_value""]",,,,trace_alignment_without_suffix_replay,diagnostic_not_official_counterfactual,False,False,True,unknown,action_type_changed_take_order_to_wait,needs_official_suffix_replay_before_tuning
B9_gold_current_20260529,90,step_bucket_003,6d70eb256789,wait,wait,d21187e2ae3b,460b6d1a62dc,0.0,1.0,247.0,"[""4d7e4e30a7ba"",""6235345edaf5"",""674070057b2f"",""887d908c573d"",""cee0faecaf6b""]","{""preference_components"":{""preference_repair_value"":0.0,""ptt_wait_penalty_applied"":-0.0,""qwen_audit_adjustment_applied"":0.0},""score"":0.0}","{""preference_components"":{""macro_task_repair_value"":744.0,""rest_guard"":1.0},""score"":0.0}",qwen_auditor_called_zero_adjustment,"[""macro_task_repair_value""]",,,,trace_alignment_without_suffix_replay,diagnostic_not_official_counterfactual,False,False,True,unknown,same_action_type_signature_changed_with_controller_score,needs_official_suffix_replay_before_tuning
B9_gold_current_20260529,91,step_bucket_003,23401db59186,wait,take_order,f1d80d86d0a0,31e9394ffd09,637.17,14913.74,149.0,"[""4d7e4e30a7ba"",""6235345edaf5"",""674070057b2f"",""887d908c573d"",""cee0faecaf6b""]","{""preference_components"":{""macro_task_repair_value"":744.0,""rest_guard"":1.0},""score"":0.0}","{""preference_components"":{""lost_repair_window_cost"":-2511.8,""preference_marginal_penalty"":-4802.82,""preference_repair_bonus"":0.0,""preference_repair_value"":0.0,""preference_soft_penalty"":-80.0,""ptt_failure_risk_applied"":-75.0,""ptt_lost_repair_window_applied"":-2511.8,""ptt_low_confidence_applied"":-65.25,""ptt_marginal_penalty_applied"":-4802.82,""ptt_repair_value"":0.0,""qwen_audit_adjustment"":0.0,""qwen_audit_adjustment_applied"":0.0,""rest_window_penalty"":-0.0,""unknown_soft_risk"":-65.25},""score"":-6588.9}",qwen_auditor_called_zero_adjustment,"[""lost_repair_window_cost"",""preference_marginal_penalty"",""preference_soft_penalty"",""ptt_failure_risk_applied"",""ptt_lost_repair_window_applied"",""ptt_low_confidence_applied"",""ptt_marginal_penalty_applied"",""unknown_soft_risk""]",,,,trace_alignment_without_suffix_replay,diagnostic_not_official_counterfactual,False,False,True,unknown,action_type_changed_wait_to_take_order,needs_official_suffix_replay_before_tuning
B9_gold_current_20260529,92,step_bucket_003,1309660c3bf5,take_order,wait,fbd0176af656,d21187e2ae3b,-1049.0,-16.0,-570.0,"[""4d7e4e30a7ba"",""6235345edaf5"",""674070057b2f"",""887d908c573d"",""cee0faecaf6b""]","{""preference_components"":{""preference_repair_bonus"":0.0,""preference_soft_penalty"":-16.0,""ptt_failure_risk_applied"":-0.0,""ptt_lost_repair_window_applied"":-0.0,""ptt_low_confidence_applied"":-0.0,""ptt_marginal_penalty_applied"":-0.0,""ptt_repair_value"":0.0,""qwen_audit_adjustment_applied"":0.0,""rest_window_penalty"":-0.0},""score"":1377.06}","{""preference_components"":{""lost_repair_window_cost"":-0.0,""preference_marginal_penalty"":-0.0,""preference_repair_value"":4061.25,""ptt_repair_value"":4061.25,""ptt_wait_penalty_applied"":-0.0,""qwen_audit_adjustment"":0.0,""qwen_audit_adjustment_applied"":0.0,""unknown_soft_risk"":-0.0},""score"":4061.25}",qwen_auditor_called_zero_adjustment,"[""preference_repair_value"",""ptt_repair_value""]",,,,trace_alignment_without_suffix_replay,diagnostic_not_official_counterfactual,False,False,True,unknown,action_type_changed_take_order_to_wait,needs_official_suffix_replay_before_tuning
B9_gold_current_20260529,94,step_bucket_003,06294b7329ce,wait,wait,a5942f01c996,13c9f5712181,0.0,0.0,-71.0,"[""4d7e4e30a7ba"",""6235345edaf5"",""674070057b2f"",""887d908c573d"",""cee0faecaf6b""]","{""preference_components"":{""macro_task_repair_value"":744.0,""rest_guard"":1.0},""score"":0.0}","{""preference_components"":{""macro_task_repair_value"":744.0,""rest_guard"":1.0},""score"":0.0}",qwen_auditor_called_zero_adjustment,"[""macro_task_repair_value""]",,,,trace_alignment_without_suffix_replay,diagnostic_not_official_counterfactual,False,False,True,unknown,same_action_type_signature_changed_with_controller_score,needs_official_suffix_replay_before_tuning
B9_gold_current_20260529,95,step_bucket_003,9f41b7b2357c,take_order,take_order,54634232b946,d8ad74cb8a4a,390.94,14898.74,84.0,"[""4d7e4e30a7ba"",""6235345edaf5"",""674070057b2f"",""887d908c573d"",""cee0faecaf6b""]","{""preference_components"":{""preference_repair_bonus"":0.0,""preference_soft_penalty"":-16.0,""ptt_failure_risk_applied"":-0.0,""ptt_lost_repair_window_applied"":-0.0,""ptt_low_confidence_applied"":-0.0,""ptt_marginal_penalty_applied"":-0.0,""ptt_repair_value"":0.0,""qwen_audit_adjustment_applied"":0.0,""rest_window_penalty"":-0.0},""score"":604.95}","{""preference_components"":{""lost_repair_window_cost"":-2511.8,""preference_marginal_penalty"":-4802.82,""preference_repair_bonus"":0.0,""preference_repair_value"":0.0,""preference_soft_penalty"":-80.0,""ptt_failure_risk_applied"":-75.0,""ptt_lost_repair_window_applied"":-2511.8,""ptt_low_confidence_applied"":-65.25,""ptt_marginal_penalty_applied"":-4802.82,""ptt_repair_value"":0.0,""qwen_audit_adjustment"":0.0,""qwen_audit_adjustment_applied"":0.0,""rest_window_penalty"":-0.0,""unknown_soft_risk"":-65.25},""score"":-6387.68}",qwen_auditor_called_zero_adjustment,"[""lost_repair_window_cost"",""preference_marginal_penalty"",""preference_soft_penalty"",""ptt_failure_risk_applied"",""ptt_lost_repair_window_applied"",""ptt_low_confidence_applied"",""ptt_marginal_penalty_applied"",""unknown_soft_risk""]",,,,trace_alignment_without_suffix_replay,diagnostic_not_official_counterfactual,False,False,True,unknown,same_action_type_signature_changed_with_controller_score,needs_official_suffix_replay_before_tuning
B9_gold_current_20260529,96,step_bucket_004,1bfb7cb0f96c,take_order,wait,fe6f0f6cddb0,d21187e2ae3b,-100.59,-16.0,-56.0,"[""4d7e4e30a7ba"",""6235345edaf5"",""674070057b2f"",""887d908c573d"",""cee0faecaf6b""]","{""preference_components"":{""preference_repair_bonus"":0.0,""preference_soft_penalty"":-16.0,""ptt_failure_risk_applied"":-0.0,""ptt_lost_repair_window_applied"":-0.0,""ptt_low_confidence_applied"":-0.0,""ptt_marginal_penalty_applied"":-0.0,""ptt_repair_value"":0.0,""qwen_audit_adjustment_applied"":0.0,""rest_window_penalty"":-0.0},""score"":214.58}","{""preference_components"":{""lost_repair_window_cost"":-0.0,""preference_marginal_penalty"":-0.0,""preference_repair_value"":4061.25,""ptt_repair_value"":4061.25,""ptt_wait_penalty_applied"":-0.0,""qwen_audit_adjustment"":0.0,""qwen_audit_adjustment_applied"":0.0,""unknown_soft_risk"":-0.0},""score"":4061.25}",qwen_auditor_called_zero_adjustment,"[""preference_repair_value"",""ptt_repair_value""]",,,,trace_alignment_without_suffix_replay,diagnostic_not_official_counterfactual,False,False,True,unknown,action_type_changed_take_order_to_wait,needs_official_suffix_replay_before_tuning
B9_gold_current_20260529,98,step_bucket_004,6106ed52fd09,wait,wait,d21187e2ae3b,b6edca4e257a,0.0,1.0,374.0,"[""4d7e4e30a7ba"",""6235345edaf5"",""674070057b2f"",""887d908c573d"",""cee0faecaf6b""]","{""preference_components"":{""preference_repair_value"":0.0,""ptt_wait_penalty_applied"":-0.0,""qwen_audit_adjustment_applied"":0.0},""score"":-35.0}","{""preference_components"":{""macro_task_repair_value"":744.0,""rest_guard"":1.0},""score"":0.0}",qwen_auditor_called_zero_adjustment,"[""macro_task_repair_value""]",,,,trace_alignment_without_suffix_replay,diagnostic_not_official_counterfactual,False,False,True,unknown,same_action_type_signature_changed_with_controller_score,needs_official_suffix_replay_before_tuning
B9_gold_current_20260529,99,step_bucket_004,21ee25b31443,wait,take_order,df7e80cecc51,1d6e9df87ee2,306.6,13956.14,78.0,"[""4d7e4e30a7ba"",""6235345edaf5"",""674070057b2f"",""887d908c573d"",""cee0faecaf6b""]","{""preference_components"":{""macro_task_repair_value"":744.0,""rest_guard"":1.0},""score"":0.0}","{""preference_components"":{""lost_repair_window_cost"":-2375.0,""preference_marginal_penalty"":-4460.82,""preference_repair_bonus"":0.0,""preference_repair_value"":0.0,""preference_soft_penalty"":-80.0,""ptt_failure_risk_applied"":-75.0,""ptt_lost_repair_window_applied"":-2375.0,""ptt_low_confidence_applied"":-65.25,""ptt_marginal_penalty_applied"":-4460.82,""ptt_repair_value"":0.0,""qwen_audit_adjustment"":0.0,""qwen_audit_adjustment_applied"":0.0,""rest_window_penalty"":-0.0,""unknown_soft_risk"":-65.25},""score"":-6597.06}",qwen_auditor_called_zero_adjustment,"[""lost_repair_window_cost"",""preference_marginal_penalty"",""preference_soft_penalty"",""ptt_failure_risk_applied"",""ptt_lost_repair_window_applied"",""ptt_low_confidence_applied"",""ptt_marginal_penalty_applied"",""unknown_soft_risk""]",,,,trace_alignment_without_suffix_replay,diagnostic_not_official_counterfactual,False,False,True,unknown,action_type_changed_wait_to_take_order,needs_official_suffix_replay_before_tuning
B9_gold_current_20260529,100,step_bucket_004,07f9ff6d9bb2,take_order,take_order,e30367debf81,fbb623ff0b3b,-661.88,558.2,-350.0,"[""4d7e4e30a7ba"",""6235345edaf5"",""674070057b2f"",""887d908c573d"",""cee0faecaf6b""]","{""preference_components"":{""preference_repair_bonus"":0.0,""preference_soft_penalty"":-16.0,""ptt_failure_risk_applied"":-0.0,""ptt_lost_repair_window_applied"":-0.0,""ptt_low_confidence_applied"":-0.0,""ptt_marginal_penalty_applied"":-0.0,""ptt_repair_value"":0.0,""qwen_audit_adjustment_applied"":0.0,""rest_window_penalty"":-0.0},""score"":1188.36}","{""preference_components"":{""lost_repair_window_cost"":-0.0,""preference_marginal_penalty"":-185.82,""preference_repair_bonus"":0.0,""preference_repair_value"":0.0,""preference_soft_penalty"":-63.06,""ptt_failure_risk_applied"":-9.0,""ptt_lost_repair_window_applied"":-0.0,""ptt_low_confidence_applied"":-65.25,""ptt_marginal_penalty_applied"":-185.82,""ptt_repair_value"":0.0,""qwen_audit_adjustment"":0.0,""qwen_audit_adjustment_applied"":0.0,""rest_window_penalty"":-0.0,""unknown_soft_risk"":-65.25},""score"":51.51}",qwen_auditor_called_zero_adjustment,"[""preference_marginal_penalty"",""preference_soft_penalty"",""ptt_failure_risk_applied"",""ptt_low_confidence_applied"",""ptt_marginal_penalty_applied"",""unknown_soft_risk""]",,,,trace_alignment_without_suffix_replay,diagnostic_not_official_counterfactual,False,False,True,unknown,same_action_type_signature_changed_with_controller_score,needs_official_suffix_replay_before_tuning
B9_gold_current_20260529,102,step_bucket_004,1e0c9236c55d,wait,wait,d21187e2ae3b,bf0e07476644,0.0,1.0,361.0,"[""4d7e4e30a7ba"",""6235345edaf5"",""674070057b2f"",""887d908c573d"",""cee0faecaf6b""]","{""preference_components"":{""preference_repair_value"":0.0,""ptt_wait_penalty_applied"":-0.0,""qwen_audit_adjustment_applied"":0.0},""score"":-35.0}","{""preference_components"":{""macro_task_repair_value"":744.0,""rest_guard"":1.0},""score"":0.0}",qwen_auditor_called_zero_adjustment,"[""macro_task_repair_value""]",,,,trace_alignment_without_suffix_replay,diagnostic_not_official_counterfactual,False,False,True,unknown,same_action_type_signature_changed_with_controller_score,needs_official_suffix_replay_before_tuning
B9_gold_current_20260529,103,step_bucket_004,e815d95dd58b,wait,take_order,192988dde7ef,486be353a706,488.49,13956.14,-16.0,"[""4d7e4e30a7ba"",""6235345edaf5"",""674070057b2f"",""887d908c573d"",""cee0faecaf6b""]","{""preference_components"":{""macro_task_repair_value"":744.0,""rest_guard"":1.0},""score"":0.0}","{""preference_components"":{""lost_repair_window_cost"":-2375.0,""preference_marginal_penalty"":-4460.82,""preference_repair_bonus"":0.0,""preference_repair_value"":0.0,""preference_soft_penalty"":-80.0,""ptt_failure_risk_applied"":-75.0,""ptt_lost_repair_window_applied"":-2375.0,""ptt_low_confidence_applied"":-65.25,""ptt_marginal_penalty_applied"":-4460.82,""ptt_repair_value"":0.0,""qwen_audit_adjustment"":0.0,""qwen_audit_adjustment_applied"":0.0,""rest_window_penalty"":-0.0,""unknown_soft_risk"":-65.25},""score"":-6308.32}",qwen_auditor_called_zero_adjustment,"[""lost_repair_window_cost"",""preference_marginal_penalty"",""preference_soft_penalty"",""ptt_failure_risk_applied"",""ptt_lost_repair_window_applied"",""ptt_low_confidence_applied"",""ptt_marginal_penalty_applied"",""unknown_soft_risk""]",,,,trace_alignment_without_suffix_replay,diagnostic_not_official_counterfactual,False,False,True,unknown,action_type_changed_wait_to_take_order,needs_official_suffix_replay_before_tuning
B9_gold_current_20260529,104,step_bucket_004,76df19303f65,take_order,take_order,a025bc468571,7fa025d780aa,-694.16,571.11,-206.0,"[""4d7e4e30a7ba"",""6235345edaf5"",""674070057b2f"",""887d908c573d"",""cee0faecaf6b""]","{""preference_components"":{""preference_repair_bonus"":0.0,""preference_soft_penalty"":-16.0,""ptt_failure_risk_applied"":-0.0,""ptt_lost_repair_window_applied"":-0.0,""ptt_low_confidence_applied"":-0.0,""ptt_marginal_penalty_applied"":-0.0,""ptt_repair_value"":0.0,""qwen_audit_adjustment_applied"":0.0,""rest_window_penalty"":-0.0},""score"":1450.05}","{""preference_components"":{""lost_repair_window_cost"":-0.0,""preference_marginal_penalty"":-185.82,""preference_repair_bonus"":0.0,""preference_repair_value"":0.0,""preference_soft_penalty"":-75.97,""ptt_failure_risk_applied"":-9.0,""ptt_lost_repair_window_applied"":-0.0,""ptt_low_confidence_applied"":-65.25,""ptt_marginal_penalty_applied"":-185.82,""ptt_repair_value"":0.0,""qwen_audit_adjustment"":0.0,""qwen_audit_adjustment_applied"":0.0,""rest_window_penalty"":-0.0,""unknown_soft_risk"":-65.25},""score"":197.71}",qwen_auditor_called_zero_adjustment,"[""preference_marginal_penalty"",""preference_soft_penalty"",""ptt_failure_risk_applied"",""ptt_low_confidence_applied"",""ptt_marginal_penalty_applied"",""unknown_soft_risk""]",,,,trace_alignment_without_suffix_replay,diagnostic_not_official_counterfactual,False,False,True,unknown,same_action_type_signature_changed_with_controller_score,needs_official_suffix_replay_before_tuning
B9_gold_current_20260529,106,step_bucket_004,1e791d082a55,wait,wait,d21187e2ae3b,d0e0cb02b508,0.0,1.0,299.0,"[""4d7e4e30a7ba"",""6235345edaf5"",""674070057b2f"",""887d908c573d"",""cee0faecaf6b""]","{""preference_components"":{""preference_repair_value"":0.0,""ptt_wait_penalty_applied"":-0.0,""qwen_audit_adjustment_applied"":0.0},""score"":-35.0}","{""preference_components"":{""macro_task_repair_value"":744.0,""rest_guard"":1.0},""score"":0.0}",qwen_auditor_called_zero_adjustment,"[""macro_task_repair_value""]",,,,trace_alignment_without_suffix_replay,diagnostic_not_official_counterfactual,False,False,True,unknown,same_action_type_signature_changed_with_controller_score,needs_official_suffix_replay_before_tuning
B9_gold_current_20260529,107,step_bucket_004,44a376afd5fd,wait,take_order,d21187e2ae3b,0dd82f6850f4,385.46,13957.14,255.0,"[""4d7e4e30a7ba"",""6235345edaf5"",""674070057b2f"",""887d908c573d"",""cee0faecaf6b""]","{""preference_components"":{""preference_repair_value"":0.0,""ptt_wait_penalty_applied"":-0.0,""qwen_audit_adjustment_applied"":0.0},""score"":-70.0}","{""preference_components"":{""lost_repair_window_cost"":-2375.0,""preference_marginal_penalty"":-4460.82,""preference_repair_bonus"":0.0,""preference_repair_value"":0.0,""preference_soft_penalty"":-80.0,""ptt_failure_risk_applied"":-75.0,""ptt_lost_repair_window_applied"":-2375.0,""ptt_low_confidence_applied"":-65.25,""ptt_marginal_penalty_applied"":-4460.82,""ptt_repair_value"":0.0,""qwen_audit_adjustment"":0.0,""qwen_audit_adjustment_applied"":0.0,""rest_window_penalty"":-0.0,""unknown_soft_risk"":-65.25},""score"":-6440.58}",qwen_auditor_called_zero_adjustment,"[""lost_repair_window_cost"",""preference_marginal_penalty"",""preference_soft_penalty"",""ptt_failure_risk_applied"",""ptt_lost_repair_window_applied"",""ptt_low_confidence_applied"",""ptt_marginal_penalty_applied"",""unknown_soft_risk""]",,,,trace_alignment_without_suffix_replay,diagnostic_not_official_counterfactual,False,False,True,unknown,action_type_changed_wait_to_take_order,needs_official_suffix_replay_before_tuning
B9_gold_current_20260529,108,step_bucket_004,33f535d99fa5,wait,take_order,a23dc9bd2858,b37248984533,590.52,590.14,59.0,"[""4d7e4e30a7ba"",""6235345edaf5"",""674070057b2f"",""887d908c573d"",""cee0faecaf6b""]","{""preference_components"":{""macro_task_repair_value"":744.0,""rest_guard"":1.0},""score"":0.0}","{""preference_components"":{""lost_repair_window_cost"":-0.0,""preference_marginal_penalty"":-185.82,""preference_repair_bonus"":0.0,""preference_repair_value"":0.0,""preference_soft_penalty"":-80.0,""ptt_failure_risk_applied"":-9.0,""ptt_lost_repair_window_applied"":-0.0,""ptt_low_confidence_applied"":-65.25,""ptt_marginal_penalty_applied"":-185.82,""ptt_repair_value"":0.0,""qwen_audit_adjustment"":0.0,""qwen_audit_adjustment_applied"":0.0,""rest_window_penalty"":-0.0,""unknown_soft_risk"":-65.25},""score"":573.58}",qwen_auditor_called_zero_adjustment,"[""preference_marginal_penalty"",""preference_soft_penalty"",""ptt_failure_risk_applied"",""ptt_low_confidence_applied"",""ptt_marginal_penalty_applied"",""unknown_soft_risk""]",,,,trace_alignment_without_suffix_replay,diagnostic_not_official_counterfactual,False,False,True,unknown,action_type_changed_wait_to_take_order,needs_official_suffix_replay_before_tuning
B9_gold_current_20260529,109,step_bucket_004,2498fe84105a,take_order,wait,3d4bf0596b20,0f63b4324937,-445.29,-15.0,-135.0,"[""4d7e4e30a7ba"",""6235345edaf5"",""674070057b2f"",""887d908c573d"",""cee0faecaf6b""]","{""preference_components"":{""preference_repair_bonus"":0.0,""preference_soft_penalty"":-16.0,""ptt_failure_risk_applied"":-0.0,""ptt_lost_repair_window_applied"":-0.0,""ptt_low_confidence_applied"":-0.0,""ptt_marginal_penalty_applied"":-0.0,""ptt_repair_value"":0.0,""qwen_audit_adjustment_applied"":0.0,""rest_window_penalty"":-0.0},""score"":595.12}","{""preference_components"":{""macro_task_repair_value"":744.0,""rest_guard"":1.0},""score"":0.0}",qwen_auditor_called_zero_adjustment,"[""macro_task_repair_value""]",,,,trace_alignment_without_suffix_replay,diagnostic_not_official_counterfactual,False,False,True,unknown,action_type_changed_take_order_to_wait,needs_official_suffix_replay_before_tuning
B9_gold_current_20260529,110,step_bucket_004,aa036084b0a7,wait,take_order,d21187e2ae3b,d57cc79ce1db,517.19,13954.44,188.0,"[""4d7e4e30a7ba"",""6235345edaf5"",""674070057b2f"",""887d908c573d"",""cee0faecaf6b""]","{""preference_components"":{""preference_repair_value"":0.0,""ptt_wait_penalty_applied"":-0.0,""qwen_audit_adjustment_applied"":0.0},""score"":0.0}","{""preference_components"":{""lost_repair_window_cost"":-2375.0,""preference_marginal_penalty"":-4460.82,""preference_repair_bonus"":0.0,""preference_repair_value"":0.0,""preference_soft_penalty"":-77.3,""ptt_failure_risk_applied"":-75.0,""ptt_lost_repair_window_applied"":-2375.0,""ptt_low_confidence_applied"":-65.25,""ptt_marginal_penalty_applied"":-4460.82,""ptt_repair_value"":0.0,""qwen_audit_adjustment"":0.0,""qwen_audit_adjustment_applied"":0.0,""rest_window_penalty"":-0.0,""unknown_soft_risk"":-65.25},""score"":-6167.34}",qwen_auditor_called_zero_adjustment,"[""lost_repair_window_cost"",""preference_marginal_penalty"",""preference_soft_penalty"",""ptt_failure_risk_applied"",""ptt_lost_repair_window_applied"",""ptt_low_confidence_applied"",""ptt_marginal_penalty_applied"",""unknown_soft_risk""]",,,,trace_alignment_without_suffix_replay,diagnostic_not_official_counterfactual,False,False,True,unknown,action_type_changed_wait_to_take_order,needs_official_suffix_replay_before_tuning
B9_gold_current_20260529,111,step_bucket_004,9e412edf9d5f,wait,take_order,d21187e2ae3b,f5283ebc0d4b,889.38,591.14,315.0,"[""4d7e4e30a7ba"",""6235345edaf5"",""674070057b2f"",""887d908c573d"",""cee0faecaf6b""]","{""preference_components"":{""preference_repair_value"":0.0,""ptt_wait_penalty_applied"":-0.0,""qwen_audit_adjustment_applied"":0.0},""score"":-35.0}","{""preference_components"":{""lost_repair_window_cost"":-0.0,""preference_marginal_penalty"":-185.82,""preference_repair_bonus"":0.0,""preference_repair_value"":0.0,""preference_soft_penalty"":-80.0,""ptt_failure_risk_applied"":-9.0,""ptt_lost_repair_window_applied"":-0.0,""ptt_low_confidence_applied"":-65.25,""ptt_marginal_penalty_applied"":-185.82,""ptt_repair_value"":0.0,""qwen_audit_adjustment"":0.0,""qwen_audit_adjustment_applied"":0.0,""rest_window_penalty"":-0.0,""unknown_soft_risk"":-65.25},""score"":1012.27}",qwen_auditor_called_zero_adjustment,"[""preference_marginal_penalty"",""preference_soft_penalty"",""ptt_failure_risk_applied"",""ptt_low_confidence_applied"",""ptt_marginal_penalty_applied"",""unknown_soft_risk""]",,,,trace_alignment_without_suffix_replay,diagnostic_not_official_counterfactual,False,False,True,unknown,action_type_changed_wait_to_take_order,needs_official_suffix_replay_before_tuning
B9_gold_current_20260529,112,step_bucket_004,6ad3593f7394,wait,wait,3da132eba66b,d21187e2ae3b,0.0,-1.0,-277.0,"[""4d7e4e30a7ba"",""6235345edaf5"",""674070057b2f"",""887d908c573d"",""cee0faecaf6b""]","{""preference_components"":{""macro_task_repair_value"":744.0,""rest_guard"":1.0},""score"":0.0}","{""preference_components"":{""lost_repair_window_cost"":-0.0,""preference_marginal_penalty"":-0.0,""preference_repair_value"":4061.25,""ptt_repair_value"":4061.25,""ptt_wait_penalty_applied"":-0.0,""qwen_audit_adjustment"":0.0,""qwen_audit_adjustment_applied"":0.0,""unknown_soft_risk"":-0.0},""score"":4061.25}",qwen_auditor_called_zero_adjustment,"[""preference_repair_value"",""ptt_repair_value""]",,,,trace_alignment_without_suffix_replay,diagnostic_not_official_counterfactual,False,False,True,unknown,same_action_type_signature_changed_with_controller_score,needs_official_suffix_replay_before_tuning
B9_gold_current_20260529,113,step_bucket_004,c743b79ae355,take_order,wait,bf82bc6c810e,fde63d54ee88,-368.3,-15.0,-67.0,"[""4d7e4e30a7ba"",""6235345edaf5"",""674070057b2f"",""887d908c573d"",""cee0faecaf6b""]","{""preference_components"":{""preference_repair_bonus"":0.0,""preference_soft_penalty"":-16.0,""ptt_failure_risk_applied"":-0.0,""ptt_lost_repair_window_applied"":-0.0,""ptt_low_confidence_applied"":-0.0,""ptt_marginal_penalty_applied"":-0.0,""ptt_repair_value"":0.0,""qwen_audit_adjustment_applied"":0.0,""rest_window_penalty"":-0.0},""score"":535.22}","{""preference_components"":{""macro_task_repair_value"":744.0,""rest_guard"":1.0},""score"":0.0}",qwen_auditor_called_zero_adjustment,"[""macro_task_repair_value""]",,,,trace_alignment_without_suffix_replay,diagnostic_not_official_counterfactual,False,False,True,unknown,action_type_changed_take_order_to_wait,needs_official_suffix_replay_before_tuning
B9_gold_current_20260529,114,step_bucket_004,ba0db9b8d03d,take_order,take_order,9807dcd4a5c5,bf82bc6c810e,53.77,13941.14,162.0,"[""4d7e4e30a7ba"",""6235345edaf5"",""674070057b2f"",""887d908c573d"",""cee0faecaf6b""]","{""preference_components"":{""preference_repair_bonus"":0.0,""preference_soft_penalty"":-16.0,""ptt_failure_risk_applied"":-0.0,""ptt_lost_repair_window_applied"":-0.0,""ptt_low_confidence_applied"":-0.0,""ptt_marginal_penalty_applied"":-0.0,""ptt_repair_value"":0.0,""qwen_audit_adjustment_applied"":0.0,""rest_window_penalty"":-0.0},""score"":577.74}","{""preference_components"":{""lost_repair_window_cost"":-2375.0,""preference_marginal_penalty"":-4460.82,""preference_repair_bonus"":0.0,""preference_repair_value"":0.0,""preference_soft_penalty"":-80.0,""ptt_failure_risk_applied"":-75.0,""ptt_lost_repair_window_applied"":-2375.0,""ptt_low_confidence_applied"":-65.25,""ptt_marginal_penalty_applied"":-4460.82,""ptt_repair_value"":0.0,""qwen_audit_adjustment"":0.0,""qwen_audit_adjustment_applied"":0.0,""rest_window_penalty"":-0.0,""unknown_soft_risk"":-65.25},""score"":-6475.31}",qwen_auditor_called_zero_adjustment,"[""lost_repair_window_cost"",""preference_marginal_penalty"",""preference_soft_penalty"",""ptt_failure_risk_applied"",""ptt_lost_repair_window_applied"",""ptt_low_confidence_applied"",""ptt_marginal_penalty_applied"",""unknown_soft_risk""]",,,,trace_alignment_without_suffix_replay,diagnostic_not_official_counterfactual,False,False,True,unknown,same_action_type_signature_changed_with_controller_score,needs_official_suffix_replay_before_tuning
B9_gold_current_20260529,115,step_bucket_004,19f8a51232d9,wait,take_order,bd1b45525cb0,9807dcd4a5c5,330.74,581.99,297.0,"[""4d7e4e30a7ba"",""6235345edaf5"",""674070057b2f"",""887d908c573d"",""cee0faecaf6b""]","{""preference_components"":{""preference_repair_value"":0.0,""ptt_wait_penalty_applied"":-0.0,""qwen_audit_adjustment_applied"":0.0},""score"":0.0}","{""preference_components"":{""lost_repair_window_cost"":-0.0,""preference_marginal_penalty"":-185.82,""preference_repair_bonus"":0.0,""preference_repair_value"":0.0,""preference_soft_penalty"":-70.85,""ptt_failure_risk_applied"":-9.0,""ptt_lost_repair_window_applied"":-0.0,""ptt_low_confidence_applied"":-65.25,""ptt_marginal_penalty_applied"":-185.82,""ptt_repair_value"":0.0,""qwen_audit_adjustment"":0.0,""qwen_audit_adjustment_applied"":0.0,""rest_window_penalty"":-0.0,""unknown_soft_risk"":-65.25},""score"":263.45}",qwen_auditor_called_zero_adjustment,"[""preference_marginal_penalty"",""preference_soft_penalty"",""ptt_failure_risk_applied"",""ptt_low_confidence_applied"",""ptt_marginal_penalty_applied"",""unknown_soft_risk""]",,,,trace_alignment_without_suffix_replay,diagnostic_not_official_counterfactual,False,False,True,unknown,action_type_changed_wait_to_take_order,needs_official_suffix_replay_before_tuning
B9_gold_current_20260529,116,step_bucket_004,180034f2ac3c,wait,wait,bd1b45525cb0,1770e69ef111,0.0,0.0,10.0,"[""4d7e4e30a7ba"",""6235345edaf5"",""674070057b2f"",""887d908c573d"",""cee0faecaf6b""]","{""preference_components"":{""preference_repair_value"":0.0,""ptt_wait_penalty_applied"":-0.0,""qwen_audit_adjustment_applied"":0.0},""score"":-35.0}","{""preference_components"":{""lost_repair_window_cost"":-0.0,""preference_marginal_penalty"":-0.0,""preference_repair_value"":831.25,""ptt_repair_value"":831.25,""ptt_wait_penalty_applied"":-0.0,""qwen_audit_adjustment"":0.0,""qwen_audit_adjustment_applied"":0.0,""unknown_soft_risk"":-0.0},""score"":831.25}",qwen_auditor_called_zero_adjustment,"[""preference_repair_value"",""ptt_repair_value""]",,,,trace_alignment_without_suffix_replay,diagnostic_not_official_counterfactual,False,True,True,unknown,same_action_type_signature_changed_with_controller_score,needs_official_suffix_replay_before_tuning
B9_gold_current_20260529,117,step_bucket_004,9efc8bca7179,wait,wait,833e022e1375,1770e69ef111,0.0,-1.0,-1395.0,"[""4d7e4e30a7ba"",""6235345edaf5"",""674070057b2f"",""887d908c573d"",""cee0faecaf6b""]","{""preference_components"":{""macro_task_repair_value"":3100.0,""rest_guard"":1.0},""score"":0.0}","{""preference_components"":{""lost_repair_window_cost"":-0.0,""preference_marginal_penalty"":-0.0,""preference_repair_value"":831.25,""ptt_repair_value"":831.25,""ptt_wait_penalty_applied"":-0.0,""qwen_audit_adjustment"":0.0,""qwen_audit_adjustment_applied"":0.0,""unknown_soft_risk"":-0.0},""score"":796.25}",qwen_auditor_called_zero_adjustment,"[""preference_repair_value"",""ptt_repair_value""]",,,,trace_alignment_without_suffix_replay,diagnostic_not_official_counterfactual,False,False,True,unknown,same_action_type_signature_changed_with_controller_score,needs_official_suffix_replay_before_tuning
B9_gold_current_20260529,118,step_bucket_004,8499f6af6b2a,wait,wait,9b7a8b9c91dc,f05a316f84e2,0.0,0.0,888.0,"[""4d7e4e30a7ba"",""6235345edaf5"",""674070057b2f"",""887d908c573d"",""cee0faecaf6b""]","{""preference_components"":{""macro_task_repair_value"":744.0,""rest_guard"":1.0},""score"":0.0}","{""preference_components"":{""macro_task_repair_value"":3100.0,""rest_guard"":1.0},""score"":0.0}",qwen_auditor_called_zero_adjustment,"[""macro_task_repair_value""]",,,,trace_alignment_without_suffix_replay,diagnostic_not_official_counterfactual,False,False,True,unknown,same_action_type_signature_changed_with_controller_score,needs_official_suffix_replay_before_tuning
B9_gold_current_20260529,119,step_bucket_004,4f55703a2d40,take_order,wait,98214cb16771,9b7a8b9c91dc,-705.5,-15.0,74.0,"[""4d7e4e30a7ba"",""6235345edaf5"",""674070057b2f"",""887d908c573d"",""cee0faecaf6b""]","{""preference_components"":{""preference_repair_bonus"":0.0,""preference_soft_penalty"":-16.0,""ptt_failure_risk_applied"":-0.0,""ptt_lost_repair_window_applied"":-0.0,""ptt_low_confidence_applied"":-0.0,""ptt_marginal_penalty_applied"":-0.0,""ptt_repair_value"":0.0,""qwen_audit_adjustment_applied"":0.0,""rest_window_penalty"":-0.0},""score"":1082.47}","{""preference_components"":{""macro_task_repair_value"":744.0,""rest_guard"":1.0},""score"":0.0}",qwen_auditor_called_zero_adjustment,"[""macro_task_repair_value""]",,,,trace_alignment_without_suffix_replay,diagnostic_not_official_counterfactual,False,False,True,unknown,action_type_changed_take_order_to_wait,needs_official_suffix_replay_before_tuning
B9_gold_current_20260529,120,step_bucket_005,6f25843c1fec,take_order,take_order,6d3b8582e493,98214cb16771,360.72,13941.14,239.0,"[""4d7e4e30a7ba"",""6235345edaf5"",""674070057b2f"",""887d908c573d"",""cee0faecaf6b""]","{""preference_components"":{""preference_repair_bonus"":0.0,""preference_soft_penalty"":-16.0,""ptt_failure_risk_applied"":-0.0,""ptt_lost_repair_window_applied"":-0.0,""ptt_low_confidence_applied"":-0.0,""ptt_marginal_penalty_applied"":-0.0,""ptt_repair_value"":0.0,""qwen_audit_adjustment_applied"":0.0,""rest_window_penalty"":-0.0},""score"":703.91}","{""preference_components"":{""lost_repair_window_cost"":-2375.0,""preference_marginal_penalty"":-4460.82,""preference_repair_bonus"":0.0,""preference_repair_value"":0.0,""preference_soft_penalty"":-80.0,""ptt_failure_risk_applied"":-75.0,""ptt_lost_repair_window_applied"":-2375.0,""ptt_low_confidence_applied"":-65.25,""ptt_marginal_penalty_applied"":-4460.82,""ptt_repair_value"":0.0,""qwen_audit_adjustment"":0.0,""qwen_audit_adjustment_applied"":0.0,""rest_window_penalty"":-0.0,""unknown_soft_risk"":-65.25},""score"":-5957.6}",qwen_auditor_called_zero_adjustment,"[""lost_repair_window_cost"",""preference_marginal_penalty"",""preference_soft_penalty"",""ptt_failure_risk_applied"",""ptt_lost_repair_window_applied"",""ptt_low_confidence_applied"",""ptt_marginal_penalty_applied"",""unknown_soft_risk""]",,,,trace_alignment_without_suffix_replay,diagnostic_not_official_counterfactual,False,False,True,unknown,same_action_type_signature_changed_with_controller_score,needs_official_suffix_replay_before_tuning
B9_gold_current_20260529,121,step_bucket_005,da781049115a,wait,take_order,1770e69ef111,6d3b8582e493,344.78,562.76,193.0,"[""4d7e4e30a7ba"",""6235345edaf5"",""674070057b2f"",""887d908c573d"",""cee0faecaf6b""]","{""preference_components"":{""preference_repair_value"":0.0,""ptt_wait_penalty_applied"":-0.0,""qwen_audit_adjustment_applied"":0.0},""score"":0.0}","{""preference_components"":{""lost_repair_window_cost"":-0.0,""preference_marginal_penalty"":-185.82,""preference_repair_bonus"":0.0,""preference_repair_value"":0.0,""preference_soft_penalty"":-51.62,""ptt_failure_risk_applied"":-9.0,""ptt_lost_repair_window_applied"":-0.0,""ptt_low_confidence_applied"":-65.25,""ptt_marginal_penalty_applied"":-185.82,""ptt_repair_value"":0.0,""qwen_audit_adjustment"":0.0,""qwen_audit_adjustment_applied"":0.0,""rest_window_penalty"":-0.0,""unknown_soft_risk"":-65.25},""score"":408.21}",qwen_auditor_called_zero_adjustment,"[""preference_marginal_penalty"",""preference_soft_penalty"",""ptt_failure_risk_applied"",""ptt_low_confidence_applied"",""ptt_marginal_penalty_applied"",""unknown_soft_risk""]",,,,trace_alignment_without_suffix_replay,diagnostic_not_official_counterfactual,False,False,True,unknown,action_type_changed_wait_to_take_order,needs_official_suffix_replay_before_tuning
B9_gold_current_20260529,125,step_bucket_005,919f7fcaa76b,wait,wait,13a0f07675b5,1770e69ef111,0.0,0.0,19.0,"[""4d7e4e30a7ba"",""6235345edaf5"",""674070057b2f"",""887d908c573d"",""cee0faecaf6b""]","{""preference_components"":{""preference_repair_value"":0.0,""ptt_wait_penalty_applied"":-0.0,""qwen_audit_adjustment_applied"":0.0},""score"":-140.0}","{""preference_components"":{""lost_repair_window_cost"":-0.0,""preference_marginal_penalty"":-0.0,""preference_repair_value"":831.25,""ptt_repair_value"":831.25,""ptt_wait_penalty_applied"":-0.0,""qwen_audit_adjustment"":0.0,""qwen_audit_adjustment_applied"":0.0,""unknown_soft_risk"":-0.0},""score"":726.25}",qwen_auditor_called_zero_adjustment,"[""preference_repair_value"",""ptt_repair_value""]",,,,trace_alignment_without_suffix_replay,diagnostic_not_official_counterfactual,False,True,True,unknown,same_action_type_signature_changed_with_controller_score,needs_official_suffix_replay_before_tuning
B9_gold_current_20260529,126,step_bucket_005,e7a087d5f525,,wait,293ae9825a2a,13a0f07675b5,0.0,0.0,35.0,"[""4d7e4e30a7ba"",""6235345edaf5"",""674070057b2f"",""887d908c573d"",""cee0faecaf6b""]","{""preference_components"":{},""score"":0.0}","{""preference_components"":{""lost_repair_window_cost"":-0.0,""preference_marginal_penalty"":-0.0,""preference_repair_value"":748.12,""ptt_repair_value"":748.12,""ptt_wait_penalty_applied"":-0.0,""qwen_audit_adjustment"":0.0,""qwen_audit_adjustment_applied"":0.0,""unknown_soft_risk"":-0.0},""score"":608.12}",qwen_auditor_called_zero_adjustment,"[""preference_repair_value"",""ptt_repair_value""]",,,,trace_alignment_without_suffix_replay,diagnostic_not_official_counterfactual,False,False,True,unknown,new_decision_without_b0_aligned_step,needs_official_suffix_replay_before_tuning
