run_id,dataset,driver_hash,step_hash,action,candidate_type,freight_direct_net,route_segment_value,terminal_value,macro_task_repair_value,predicted_marginal_preference_cost,broken_macro_task_cost,lost_repair_window_cost,time_cost,query_cost,reposition_cost,execution_risk,low_confidence_risk,final_score,chosen_flag,why_not_chosen,wait_reason,query_k,query_minutes,macro_payload,notes
runs/delta_mpc/20260509/delta_mpc_fallback,20260509,e7a52d984e7e,e557847be02a,wait,wait,0.0,0.0,0.0,0.0,-0.0,-0.0,-0.0,-0.0,-0.0,0.0,-0.0,-0.0,0.0,True,,daily_rest_guard,0,0,"{""macro_aborted_count"":0,""macro_broken_by_query_count"":0,""macro_completed_count"":1,""macro_started_count"":1,""official_delta_measured_macro_gain"":0.0,""query_skipped_due_to_macro"":1}",runtime_top5_decomposition
runs/delta_mpc/20260509/delta_mpc_fallback,20260509,e7a52d984e7e,62c6133b4890,take_order,take_order,382.14,0.0,0.0,0.0,6.2,-0.0,-0.0,-0.0,-0.0,0.0,-0.0,0.15,611.97,True,,,120,12,"{""macro_aborted_count"":0,""macro_broken_by_query_count"":0,""macro_completed_count"":1,""macro_started_count"":1,""official_delta_measured_macro_gain"":0.0,""query_skipped_due_to_macro"":1}",runtime_top5_decomposition
runs/delta_mpc/20260509/delta_mpc_fallback,20260509,e7a52d984e7e,62c6133b4890,take_order,take_order,251.79,0.0,0.0,0.0,6.2,-0.0,-0.0,-0.0,-0.0,0.0,-0.0,0.15,522.63,False,lower_delta_mpc_score,,120,12,"{""macro_aborted_count"":0,""macro_broken_by_query_count"":0,""macro_completed_count"":1,""macro_started_count"":1,""official_delta_measured_macro_gain"":0.0,""query_skipped_due_to_macro"":1}",runtime_top5_decomposition
runs/delta_mpc/20260509/delta_mpc_fallback,20260509,e7a52d984e7e,62c6133b4890,take_order,take_order,313.39,0.0,0.0,0.0,6.2,-0.0,-0.0,14.08,-0.0,0.0,-0.0,0.15,425.37,False,lower_delta_mpc_score,,120,12,"{""macro_aborted_count"":0,""macro_broken_by_query_count"":0,""macro_completed_count"":1,""macro_started_count"":1,""official_delta_measured_macro_gain"":0.0,""query_skipped_due_to_macro"":1}",runtime_top5_decomposition
runs/delta_mpc/20260509/delta_mpc_fallback,20260509,e7a52d984e7e,62c6133b4890,take_order,take_order,269.01,0.0,0.0,0.0,6.2,-0.0,-0.0,6.0,-0.0,0.0,-0.0,0.15,378.74,False,lower_delta_mpc_score,,120,12,"{""macro_aborted_count"":0,""macro_broken_by_query_count"":0,""macro_completed_count"":1,""macro_started_count"":1,""official_delta_measured_macro_gain"":0.0,""query_skipped_due_to_macro"":1}",runtime_top5_decomposition
runs/delta_mpc/20260509/delta_mpc_fallback,20260509,e7a52d984e7e,62c6133b4890,take_order,take_order,227.97,0.0,0.0,0.0,6.2,-0.0,-0.0,-0.0,-0.0,0.0,-0.0,0.15,353.95,False,lower_delta_mpc_score,,120,12,"{""macro_aborted_count"":0,""macro_broken_by_query_count"":0,""macro_completed_count"":1,""macro_started_count"":1,""official_delta_measured_macro_gain"":0.0,""query_skipped_due_to_macro"":1}",runtime_top5_decomposition
runs/delta_mpc/20260509/delta_mpc_fallback,20260509,e7a52d984e7e,947fcc43de88,take_order,take_order,495.65,0.0,0.0,0.0,6.2,-0.0,-0.0,-0.0,-0.0,0.0,-0.0,0.15,814.02,True,,,120,12,"{""macro_aborted_count"":0,""macro_broken_by_query_count"":0,""macro_completed_count"":1,""macro_started_count"":1,""official_delta_measured_macro_gain"":0.0,""query_skipped_due_to_macro"":1}",runtime_top5_decomposition
runs/delta_mpc/20260509/delta_mpc_fallback,20260509,e7a52d984e7e,947fcc43de88,take_order,take_order,298.16,0.0,0.0,0.0,6.2,-0.0,-0.0,-0.0,-0.0,0.0,-0.0,0.15,485.9,False,lower_delta_mpc_score,,120,12,"{""macro_aborted_count"":0,""macro_broken_by_query_count"":0,""macro_completed_count"":1,""macro_started_count"":1,""official_delta_measured_macro_gain"":0.0,""query_skipped_due_to_macro"":1}",runtime_top5_decomposition
runs/delta_mpc/20260509/delta_mpc_fallback,20260509,e7a52d984e7e,947fcc43de88,take_order,take_order,305.75,0.0,0.0,0.0,6.2,-0.0,-0.0,-0.0,-0.0,0.0,-0.0,0.15,482.25,False,lower_delta_mpc_score,,120,12,"{""macro_aborted_count"":0,""macro_broken_by_query_count"":0,""macro_completed_count"":1,""macro_started_count"":1,""official_delta_measured_macro_gain"":0.0,""query_skipped_due_to_macro"":1}",runtime_top5_decomposition
runs/delta_mpc/20260509/delta_mpc_fallback,20260509,e7a52d984e7e,947fcc43de88,take_order,take_order,229.06,0.0,0.0,0.0,6.2,-0.0,-0.0,-0.0,-0.0,0.0,-0.0,0.15,360.53,False,lower_delta_mpc_score,,120,12,"{""macro_aborted_count"":0,""macro_broken_by_query_count"":0,""macro_completed_count"":1,""macro_started_count"":1,""official_delta_measured_macro_gain"":0.0,""query_skipped_due_to_macro"":1}",runtime_top5_decomposition
runs/delta_mpc/20260509/delta_mpc_fallback,20260509,e7a52d984e7e,947fcc43de88,take_order,take_order,234.68,0.0,0.0,0.0,6.2,-0.0,-0.0,-0.0,-0.0,0.0,-0.0,0.15,358.47,False,lower_delta_mpc_score,,120,12,"{""macro_aborted_count"":0,""macro_broken_by_query_count"":0,""macro_completed_count"":1,""macro_started_count"":1,""official_delta_measured_macro_gain"":0.0,""query_skipped_due_to_macro"":1}",runtime_top5_decomposition
runs/delta_mpc/20260509/delta_mpc_fallback,20260509,e7a52d984e7e,c4534a851e11,wait,wait,0.0,0.0,0.0,0.0,-0.0,-0.0,-0.0,-0.0,-0.0,0.0,-0.0,-0.0,0.0,True,,positive_orders_failed_threshold_or_soft_risk,120,12,"{""macro_aborted_count"":0,""macro_broken_by_query_count"":0,""macro_completed_count"":1,""macro_started_count"":1,""official_delta_measured_macro_gain"":0.0,""query_skipped_due_to_macro"":1}",runtime_top5_decomposition
runs/delta_mpc/20260509/delta_mpc_fallback,20260509,e7a52d984e7e,c4534a851e11,wait,take_order,197.73,0.0,0.0,0.0,12326.2,-0.0,-0.0,-0.0,-0.0,0.0,-0.0,0.15,-21934.76,False,rest_window_overlap,positive_orders_failed_threshold_or_soft_risk,120,12,"{""macro_aborted_count"":0,""macro_broken_by_query_count"":0,""macro_completed_count"":1,""macro_started_count"":1,""official_delta_measured_macro_gain"":0.0,""query_skipped_due_to_macro"":1}",runtime_top5_decomposition
runs/delta_mpc/20260509/delta_mpc_fallback,20260509,e7a52d984e7e,c4534a851e11,wait,take_order,215.3,0.0,0.0,0.0,19446.2,-0.0,-0.0,-0.0,-0.0,0.0,-0.0,0.15,-29074.9,False,rest_window_overlap,positive_orders_failed_threshold_or_soft_risk,120,12,"{""macro_aborted_count"":0,""macro_broken_by_query_count"":0,""macro_completed_count"":1,""macro_started_count"":1,""official_delta_measured_macro_gain"":0.0,""query_skipped_due_to_macro"":1}",runtime_top5_decomposition
runs/delta_mpc/20260509/delta_mpc_fallback,20260509,e7a52d984e7e,c4534a851e11,wait,take_order,275.27,0.0,0.0,0.0,25006.2,-0.0,-0.0,-0.0,-0.0,0.0,-0.0,0.15,-34568.18,False,rest_window_overlap,positive_orders_failed_threshold_or_soft_risk,120,12,"{""macro_aborted_count"":0,""macro_broken_by_query_count"":0,""macro_completed_count"":1,""macro_started_count"":1,""official_delta_measured_macro_gain"":0.0,""query_skipped_due_to_macro"":1}",runtime_top5_decomposition
runs/delta_mpc/20260509/delta_mpc_fallback,20260509,e7a52d984e7e,c4534a851e11,wait,take_order,278.79,0.0,0.0,0.0,25006.2,-0.0,-0.0,2.08,-0.0,0.0,-0.0,0.15,-34594.1,False,rest_window_overlap,positive_orders_failed_threshold_or_soft_risk,120,12,"{""macro_aborted_count"":0,""macro_broken_by_query_count"":0,""macro_completed_count"":1,""macro_started_count"":1,""official_delta_measured_macro_gain"":0.0,""query_skipped_due_to_macro"":1}",runtime_top5_decomposition
runs/delta_mpc/20260509/delta_mpc_fallback,20260509,e7a52d984e7e,da5275b14ff3,wait,wait,0.0,0.0,0.0,0.0,-0.0,-0.0,-0.0,-0.0,-0.0,0.0,-0.0,-0.0,0.0,True,,daily_rest_guard,0,0,"{""macro_aborted_count"":0,""macro_broken_by_query_count"":0,""macro_completed_count"":2,""macro_started_count"":2,""official_delta_measured_macro_gain"":0.0,""query_skipped_due_to_macro"":2}",runtime_top5_decomposition
runs/delta_mpc/20260509/delta_mpc_fallback,20260509,e7a52d984e7e,e9de8953a73a,take_order,take_order,807.81,0.0,0.0,0.0,6.2,-0.0,-0.0,16.32,-0.0,0.0,-0.0,0.15,1074.34,True,,,120,12,"{""macro_aborted_count"":0,""macro_broken_by_query_count"":0,""macro_completed_count"":2,""macro_started_count"":2,""official_delta_measured_macro_gain"":0.0,""query_skipped_due_to_macro"":2}",runtime_top5_decomposition
runs/delta_mpc/20260509/delta_mpc_fallback,20260509,e7a52d984e7e,e9de8953a73a,take_order,take_order,376.99,0.0,0.0,0.0,6.2,-0.0,-0.0,1.36,-0.0,0.0,-0.0,0.15,557.08,False,lower_delta_mpc_score,,120,12,"{""macro_aborted_count"":0,""macro_broken_by_query_count"":0,""macro_completed_count"":2,""macro_started_count"":2,""official_delta_measured_macro_gain"":0.0,""query_skipped_due_to_macro"":2}",runtime_top5_decomposition
runs/delta_mpc/20260509/delta_mpc_fallback,20260509,e7a52d984e7e,e9de8953a73a,take_order,take_order,230.34,0.0,0.0,0.0,6.2,-0.0,-0.0,-0.0,-0.0,0.0,-0.0,0.15,417.14,False,lower_delta_mpc_score,,120,12,"{""macro_aborted_count"":0,""macro_broken_by_query_count"":0,""macro_completed_count"":2,""macro_started_count"":2,""official_delta_measured_macro_gain"":0.0,""query_skipped_due_to_macro"":2}",runtime_top5_decomposition
runs/delta_mpc/20260509/delta_mpc_fallback,20260509,e7a52d984e7e,e9de8953a73a,take_order,take_order,256.63,0.0,0.0,0.0,6.2,-0.0,-0.0,-0.0,-0.0,0.0,-0.0,0.15,412.75,False,lower_delta_mpc_score,,120,12,"{""macro_aborted_count"":0,""macro_broken_by_query_count"":0,""macro_completed_count"":2,""macro_started_count"":2,""official_delta_measured_macro_gain"":0.0,""query_skipped_due_to_macro"":2}",runtime_top5_decomposition
runs/delta_mpc/20260509/delta_mpc_fallback,20260509,e7a52d984e7e,e9de8953a73a,take_order,take_order,281.12,0.0,0.0,0.0,6.2,-0.0,-0.0,2.0,-0.0,0.0,-0.0,0.15,410.12,False,lower_delta_mpc_score,,120,12,"{""macro_aborted_count"":0,""macro_broken_by_query_count"":0,""macro_completed_count"":2,""macro_started_count"":2,""official_delta_measured_macro_gain"":0.0,""query_skipped_due_to_macro"":2}",runtime_top5_decomposition
runs/delta_mpc/20260509/delta_mpc_fallback,20260509,e7a52d984e7e,2b76c38d79be,wait,wait,0.0,0.0,0.0,0.0,-0.0,-0.0,-0.0,-0.0,-0.0,0.0,-0.0,-0.0,0.0,True,,positive_orders_failed_threshold_or_soft_risk,120,12,"{""macro_aborted_count"":0,""macro_broken_by_query_count"":0,""macro_completed_count"":2,""macro_started_count"":2,""official_delta_measured_macro_gain"":0.0,""query_skipped_due_to_macro"":2}",runtime_top5_decomposition
runs/delta_mpc/20260509/delta_mpc_fallback,20260509,e7a52d984e7e,2b76c38d79be,wait,take_order,49.62,0.0,0.0,0.0,22406.2,-0.0,-0.0,-0.0,-0.0,0.0,-0.0,0.15,-32276.95,False,rest_window_overlap,positive_orders_failed_threshold_or_soft_risk,120,12,"{""macro_aborted_count"":0,""macro_broken_by_query_count"":0,""macro_completed_count"":2,""macro_started_count"":2,""official_delta_measured_macro_gain"":0.0,""query_skipped_due_to_macro"":2}",runtime_top5_decomposition
runs/delta_mpc/20260509/delta_mpc_fallback,20260509,e7a52d984e7e,2b76c38d79be,wait,take_order,354.78,0.0,0.0,0.0,25006.2,-0.0,-0.0,956.48,-0.0,0.0,45.58,0.15,-35549.23,False,rest_window_overlap,positive_orders_failed_threshold_or_soft_risk,120,12,"{""macro_aborted_count"":0,""macro_broken_by_query_count"":0,""macro_completed_count"":2,""macro_started_count"":2,""official_delta_measured_macro_gain"":0.0,""query_skipped_due_to_macro"":2}",runtime_top5_decomposition
runs/delta_mpc/20260509/delta_mpc_fallback,20260509,e7a52d984e7e,2b76c38d79be,wait,take_order,313.6,0.0,0.0,0.0,25006.2,-0.0,-0.0,1578.64,-0.0,0.0,410.07,0.15,-36574.48,False,rest_window_overlap,positive_orders_failed_threshold_or_soft_risk,120,12,"{""macro_aborted_count"":0,""macro_broken_by_query_count"":0,""macro_completed_count"":2,""macro_started_count"":2,""official_delta_measured_macro_gain"":0.0,""query_skipped_due_to_macro"":2}",runtime_top5_decomposition
runs/delta_mpc/20260509/delta_mpc_fallback,20260509,e7a52d984e7e,2b76c38d79be,wait,take_order,270.28,0.0,0.0,0.0,25006.2,-0.0,-0.0,1699.84,-0.0,0.0,377.53,0.15,-36718.99,False,rest_window_overlap,positive_orders_failed_threshold_or_soft_risk,120,12,"{""macro_aborted_count"":0,""macro_broken_by_query_count"":0,""macro_completed_count"":2,""macro_started_count"":2,""official_delta_measured_macro_gain"":0.0,""query_skipped_due_to_macro"":2}",runtime_top5_decomposition
runs/delta_mpc/20260509/delta_mpc_fallback,20260509,e7a52d984e7e,916475978d61,wait,wait,0.0,0.0,0.0,0.0,-0.0,-0.0,-0.0,-0.0,-0.0,0.0,-0.0,-0.0,-35.0,True,,positive_orders_failed_threshold_or_soft_risk,120,12,"{""macro_aborted_count"":0,""macro_broken_by_query_count"":0,""macro_completed_count"":2,""macro_started_count"":2,""official_delta_measured_macro_gain"":0.0,""query_skipped_due_to_macro"":2}",runtime_top5_decomposition
runs/delta_mpc/20260509/delta_mpc_fallback,20260509,e7a52d984e7e,916475978d61,wait,take_order,144.42,0.0,0.0,0.0,25006.2,-0.0,-0.0,4.64,-0.0,0.0,-0.0,0.15,-34752.99,False,rest_window_overlap,positive_orders_failed_threshold_or_soft_risk,120,12,"{""macro_aborted_count"":0,""macro_broken_by_query_count"":0,""macro_completed_count"":2,""macro_started_count"":2,""official_delta_measured_macro_gain"":0.0,""query_skipped_due_to_macro"":2}",runtime_top5_decomposition
runs/delta_mpc/20260509/delta_mpc_fallback,20260509,e7a52d984e7e,916475978d61,wait,take_order,49.62,0.0,0.0,0.0,25006.2,-0.0,-0.0,-0.0,-0.0,0.0,-0.0,0.15,-34882.35,False,rest_window_overlap,positive_orders_failed_threshold_or_soft_risk,120,12,"{""macro_aborted_count"":0,""macro_broken_by_query_count"":0,""macro_completed_count"":2,""macro_started_count"":2,""official_delta_measured_macro_gain"":0.0,""query_skipped_due_to_macro"":2}",runtime_top5_decomposition
runs/delta_mpc/20260509/delta_mpc_fallback,20260509,e7a52d984e7e,916475978d61,wait,take_order,270.28,0.0,0.0,0.0,25006.2,-0.0,-0.0,390.88,-0.0,0.0,377.53,0.15,-35400.65,False,rest_window_overlap,positive_orders_failed_threshold_or_soft_risk,120,12,"{""macro_aborted_count"":0,""macro_broken_by_query_count"":0,""macro_completed_count"":2,""macro_started_count"":2,""official_delta_measured_macro_gain"":0.0,""query_skipped_due_to_macro"":2}",runtime_top5_decomposition
runs/delta_mpc/20260509/delta_mpc_fallback,20260509,e7a52d984e7e,916475978d61,wait,take_order,90.16,0.0,0.0,0.0,25006.2,-0.0,-0.0,495.92,-0.0,0.0,280.39,0.15,-35643.57,False,rest_window_overlap,positive_orders_failed_threshold_or_soft_risk,120,12,"{""macro_aborted_count"":0,""macro_broken_by_query_count"":0,""macro_completed_count"":2,""macro_started_count"":2,""official_delta_measured_macro_gain"":0.0,""query_skipped_due_to_macro"":2}",runtime_top5_decomposition
runs/delta_mpc/20260509/delta_mpc_fallback,20260509,e7a52d984e7e,f26bfd24a017,wait,wait,0.0,0.0,0.0,0.0,-0.0,-0.0,-0.0,-0.0,-0.0,0.0,-0.0,-0.0,0.0,True,,daily_rest_guard,0,0,"{""macro_aborted_count"":0,""macro_broken_by_query_count"":0,""macro_completed_count"":3,""macro_started_count"":3,""official_delta_measured_macro_gain"":0.0,""query_skipped_due_to_macro"":3}",runtime_top5_decomposition
runs/delta_mpc/20260509/delta_mpc_fallback,20260509,e7a52d984e7e,d4acd0b148c9,take_order,take_order,814.44,0.0,0.0,0.0,6.2,-0.0,-0.0,13.28,-0.0,0.0,-0.0,0.15,1127.13,True,,,120,12,"{""macro_aborted_count"":0,""macro_broken_by_query_count"":0,""macro_completed_count"":3,""macro_started_count"":3,""official_delta_measured_macro_gain"":0.0,""query_skipped_due_to_macro"":3}",runtime_top5_decomposition
runs/delta_mpc/20260509/delta_mpc_fallback,20260509,e7a52d984e7e,d4acd0b148c9,take_order,take_order,518.18,0.0,0.0,0.0,6.2,-0.0,-0.0,15.04,-0.0,0.0,-0.0,0.15,694.71,False,lower_delta_mpc_score,,120,12,"{""macro_aborted_count"":0,""macro_broken_by_query_count"":0,""macro_completed_count"":3,""macro_started_count"":3,""official_delta_measured_macro_gain"":0.0,""query_skipped_due_to_macro"":3}",runtime_top5_decomposition
runs/delta_mpc/20260509/delta_mpc_fallback,20260509,e7a52d984e7e,d4acd0b148c9,take_order,take_order,59.01,0.0,0.0,0.0,6.2,-0.0,-0.0,-0.0,-0.0,0.0,-0.0,0.15,106.99,False,lower_delta_mpc_score,,120,12,"{""macro_aborted_count"":0,""macro_broken_by_query_count"":0,""macro_completed_count"":3,""macro_started_count"":3,""official_delta_measured_macro_gain"":0.0,""query_skipped_due_to_macro"":3}",runtime_top5_decomposition
runs/delta_mpc/20260509/delta_mpc_fallback,20260509,e7a52d984e7e,d4acd0b148c9,take_order,take_order,49.62,0.0,0.0,0.0,6.2,-0.0,-0.0,-0.0,-0.0,0.0,-0.0,0.15,98.25,False,lower_delta_mpc_score,,120,12,"{""macro_aborted_count"":0,""macro_broken_by_query_count"":0,""macro_completed_count"":3,""macro_started_count"":3,""official_delta_measured_macro_gain"":0.0,""query_skipped_due_to_macro"":3}",runtime_top5_decomposition
runs/delta_mpc/20260509/delta_mpc_fallback,20260509,e7a52d984e7e,d4acd0b148c9,take_order,reposition,-23.88,0.0,0.0,148.64,-0.0,-0.0,-0.0,-0.0,-0.0,87.77,-0.0,0.15,84.76,False,lower_delta_mpc_score_or_reposition_gate,,120,12,"{""macro_aborted_count"":0,""macro_broken_by_query_count"":0,""macro_completed_count"":3,""macro_started_count"":3,""official_delta_measured_macro_gain"":0.0,""query_skipped_due_to_macro"":3}",runtime_top5_decomposition
runs/delta_mpc/20260509/delta_mpc_fallback,20260509,e7a52d984e7e,0b6fb8a7a942,wait,wait,0.0,0.0,0.0,0.0,-0.0,-0.0,-0.0,-0.0,-0.0,0.0,-0.0,-0.0,0.0,True,,positive_orders_failed_threshold_or_soft_risk,120,12,"{""macro_aborted_count"":0,""macro_broken_by_query_count"":0,""macro_completed_count"":3,""macro_started_count"":3,""official_delta_measured_macro_gain"":0.0,""query_skipped_due_to_macro"":3}",runtime_top5_decomposition
runs/delta_mpc/20260509/delta_mpc_fallback,20260509,e7a52d984e7e,0b6fb8a7a942,wait,take_order,126.98,0.0,0.0,0.0,6406.2,-0.0,-0.0,-0.0,-0.0,0.0,-0.0,0.15,-16177.24,False,rest_window_overlap,positive_orders_failed_threshold_or_soft_risk,120,12,"{""macro_aborted_count"":0,""macro_broken_by_query_count"":0,""macro_completed_count"":3,""macro_started_count"":3,""official_delta_measured_macro_gain"":0.0,""query_skipped_due_to_macro"":3}",runtime_top5_decomposition
runs/delta_mpc/20260509/delta_mpc_fallback,20260509,e7a52d984e7e,0b6fb8a7a942,wait,take_order,15.75,0.0,0.0,0.0,14886.2,-0.0,-0.0,-0.0,-0.0,0.0,-0.0,0.15,-24857.7,False,rest_window_overlap,positive_orders_failed_threshold_or_soft_risk,120,12,"{""macro_aborted_count"":0,""macro_broken_by_query_count"":0,""macro_completed_count"":3,""macro_started_count"":3,""official_delta_measured_macro_gain"":0.0,""query_skipped_due_to_macro"":3}",runtime_top5_decomposition
runs/delta_mpc/20260509/delta_mpc_fallback,20260509,e7a52d984e7e,0b6fb8a7a942,wait,take_order,51.19,0.0,0.0,0.0,17126.2,-0.0,-0.0,-0.0,-0.0,0.0,-0.0,0.15,-27041.68,False,rest_window_overlap,positive_orders_failed_threshold_or_soft_risk,120,12,"{""macro_aborted_count"":0,""macro_broken_by_query_count"":0,""macro_completed_count"":3,""macro_started_count"":3,""official_delta_measured_macro_gain"":0.0,""query_skipped_due_to_macro"":3}",runtime_top5_decomposition
runs/delta_mpc/20260509/delta_mpc_fallback,20260509,e7a52d984e7e,0b6fb8a7a942,wait,take_order,187.1,0.0,0.0,0.0,19286.2,-0.0,-0.0,-0.0,-0.0,0.0,-0.0,0.15,-28996.1,False,rest_window_overlap,positive_orders_failed_threshold_or_soft_risk,120,12,"{""macro_aborted_count"":0,""macro_broken_by_query_count"":0,""macro_completed_count"":3,""macro_started_count"":3,""official_delta_measured_macro_gain"":0.0,""query_skipped_due_to_macro"":3}",runtime_top5_decomposition
runs/delta_mpc/20260509/delta_mpc_fallback,20260509,e7a52d984e7e,24aeec80573c,wait,wait,0.0,0.0,0.0,0.0,-0.0,-0.0,-0.0,-0.0,-0.0,0.0,-0.0,-0.0,-35.0,True,,positive_orders_failed_threshold_or_soft_risk,120,12,"{""macro_aborted_count"":0,""macro_broken_by_query_count"":0,""macro_completed_count"":3,""macro_started_count"":3,""official_delta_measured_macro_gain"":0.0,""query_skipped_due_to_macro"":3}",runtime_top5_decomposition
runs/delta_mpc/20260509/delta_mpc_fallback,20260509,e7a52d984e7e,24aeec80573c,wait,take_order,387.16,0.0,0.0,0.0,25006.2,-0.0,-0.0,-0.0,-0.0,0.0,-0.0,0.15,-34392.88,False,rest_window_overlap,positive_orders_failed_threshold_or_soft_risk,120,12,"{""macro_aborted_count"":0,""macro_broken_by_query_count"":0,""macro_completed_count"":3,""macro_started_count"":3,""official_delta_measured_macro_gain"":0.0,""query_skipped_due_to_macro"":3}",runtime_top5_decomposition
runs/delta_mpc/20260509/delta_mpc_fallback,20260509,e7a52d984e7e,24aeec80573c,wait,take_order,249.21,0.0,0.0,0.0,25006.2,-0.0,-0.0,-0.0,-0.0,0.0,-0.0,0.15,-34615.67,False,rest_window_overlap,positive_orders_failed_threshold_or_soft_risk,120,12,"{""macro_aborted_count"":0,""macro_broken_by_query_count"":0,""macro_completed_count"":3,""macro_started_count"":3,""official_delta_measured_macro_gain"":0.0,""query_skipped_due_to_macro"":3}",runtime_top5_decomposition
runs/delta_mpc/20260509/delta_mpc_fallback,20260509,e7a52d984e7e,24aeec80573c,wait,take_order,187.1,0.0,0.0,0.0,25006.2,-0.0,-0.0,-0.0,-0.0,0.0,-0.0,0.15,-34721.5,False,rest_window_overlap,positive_orders_failed_threshold_or_soft_risk,120,12,"{""macro_aborted_count"":0,""macro_broken_by_query_count"":0,""macro_completed_count"":3,""macro_started_count"":3,""official_delta_measured_macro_gain"":0.0,""query_skipped_due_to_macro"":3}",runtime_top5_decomposition
runs/delta_mpc/20260509/delta_mpc_fallback,20260509,e7a52d984e7e,24aeec80573c,wait,take_order,172.14,0.0,0.0,0.0,25006.2,-0.0,-0.0,16.88,-0.0,0.0,-0.0,0.15,-34764.88,False,rest_window_overlap,positive_orders_failed_threshold_or_soft_risk,120,12,"{""macro_aborted_count"":0,""macro_broken_by_query_count"":0,""macro_completed_count"":3,""macro_started_count"":3,""official_delta_measured_macro_gain"":0.0,""query_skipped_due_to_macro"":3}",runtime_top5_decomposition
runs/delta_mpc/20260509/delta_mpc_fallback,20260509,e7a52d984e7e,688c70b7dd88,wait,wait,0.0,0.0,0.0,0.0,-0.0,-0.0,-0.0,-0.0,-0.0,0.0,-0.0,-0.0,0.0,True,,daily_rest_guard,0,0,"{""macro_aborted_count"":0,""macro_broken_by_query_count"":0,""macro_completed_count"":4,""macro_started_count"":4,""official_delta_measured_macro_gain"":0.0,""query_skipped_due_to_macro"":4}",runtime_top5_decomposition
runs/delta_mpc/20260509/delta_mpc_fallback,20260509,e7a52d984e7e,6db5e21c6711,take_order,take_order,733.89,0.0,0.0,0.0,6.2,-0.0,-0.0,9.68,-0.0,0.0,-0.0,0.15,1012.67,True,,,120,12,"{""macro_aborted_count"":0,""macro_broken_by_query_count"":0,""macro_completed_count"":4,""macro_started_count"":4,""official_delta_measured_macro_gain"":0.0,""query_skipped_due_to_macro"":4}",runtime_top5_decomposition
runs/delta_mpc/20260509/delta_mpc_fallback,20260509,e7a52d984e7e,6db5e21c6711,take_order,take_order,295.95,0.0,0.0,0.0,6.2,-0.0,-0.0,-0.0,-0.0,0.0,-0.0,0.15,720.66,False,lower_delta_mpc_score,,120,12,"{""macro_aborted_count"":0,""macro_broken_by_query_count"":0,""macro_completed_count"":4,""macro_started_count"":4,""official_delta_measured_macro_gain"":0.0,""query_skipped_due_to_macro"":4}",runtime_top5_decomposition
runs/delta_mpc/20260509/delta_mpc_fallback,20260509,e7a52d984e7e,6db5e21c6711,take_order,take_order,860.6,0.0,0.0,0.0,6.2,-0.0,-0.0,423.2,-0.0,0.0,-0.0,0.15,705.04,False,lower_delta_mpc_score,,120,12,"{""macro_aborted_count"":0,""macro_broken_by_query_count"":0,""macro_completed_count"":4,""macro_started_count"":4,""official_delta_measured_macro_gain"":0.0,""query_skipped_due_to_macro"":4}",runtime_top5_decomposition
runs/delta_mpc/20260509/delta_mpc_fallback,20260509,e7a52d984e7e,6db5e21c6711,take_order,take_order,790.75,0.0,0.0,0.0,6.2,-0.0,-0.0,342.4,-0.0,0.0,-0.0,0.15,701.46,False,lower_delta_mpc_score,,120,12,"{""macro_aborted_count"":0,""macro_broken_by_query_count"":0,""macro_completed_count"":4,""macro_started_count"":4,""official_delta_measured_macro_gain"":0.0,""query_skipped_due_to_macro"":4}",runtime_top5_decomposition
runs/delta_mpc/20260509/delta_mpc_fallback,20260509,e7a52d984e7e,6db5e21c6711,take_order,take_order,358.5,0.0,0.0,0.0,6.2,-0.0,-0.0,3.68,-0.0,0.0,-0.0,0.15,527.79,False,lower_delta_mpc_score,,120,12,"{""macro_aborted_count"":0,""macro_broken_by_query_count"":0,""macro_completed_count"":4,""macro_started_count"":4,""official_delta_measured_macro_gain"":0.0,""query_skipped_due_to_macro"":4}",runtime_top5_decomposition
runs/delta_mpc/20260509/delta_mpc_fallback,20260509,e7a52d984e7e,2ea56df7863c,wait,wait,0.0,0.0,0.0,0.0,-0.0,-0.0,-0.0,-0.0,-0.0,0.0,-0.0,-0.0,0.0,True,,positive_orders_failed_threshold_or_soft_risk,120,12,"{""macro_aborted_count"":0,""macro_broken_by_query_count"":0,""macro_completed_count"":4,""macro_started_count"":4,""official_delta_measured_macro_gain"":0.0,""query_skipped_due_to_macro"":4}",runtime_top5_decomposition
runs/delta_mpc/20260509/delta_mpc_fallback,20260509,e7a52d984e7e,2ea56df7863c,wait,take_order,-4.67,0.0,0.0,0.0,11926.2,-0.0,-0.0,-0.0,-0.0,0.0,-0.0,0.15,-21924.35,False,rest_window_overlap,positive_orders_failed_threshold_or_soft_risk,120,12,"{""macro_aborted_count"":0,""macro_broken_by_query_count"":0,""macro_completed_count"":4,""macro_started_count"":4,""official_delta_measured_macro_gain"":0.0,""query_skipped_due_to_macro"":4}",runtime_top5_decomposition
runs/delta_mpc/20260509/delta_mpc_fallback,20260509,e7a52d984e7e,2ea56df7863c,wait,take_order,115.68,0.0,0.0,0.0,18726.2,-0.0,-0.0,2.32,-0.0,0.0,431.14,0.15,-28980.27,False,rest_window_overlap,positive_orders_failed_threshold_or_soft_risk,120,12,"{""macro_aborted_count"":0,""macro_broken_by_query_count"":0,""macro_completed_count"":4,""macro_started_count"":4,""official_delta_measured_macro_gain"":0.0,""query_skipped_due_to_macro"":4}",runtime_top5_decomposition
runs/delta_mpc/20260509/delta_mpc_fallback,20260509,e7a52d984e7e,2ea56df7863c,wait,take_order,533.01,0.0,0.0,0.0,25006.2,-0.0,-0.0,13.28,-0.0,0.0,-0.0,0.15,-34231.29,False,rest_window_overlap,positive_orders_failed_threshold_or_soft_risk,120,12,"{""macro_aborted_count"":0,""macro_broken_by_query_count"":0,""macro_completed_count"":4,""macro_started_count"":4,""official_delta_measured_macro_gain"":0.0,""query_skipped_due_to_macro"":4}",runtime_top5_decomposition
runs/delta_mpc/20260509/delta_mpc_fallback,20260509,e7a52d984e7e,2ea56df7863c,wait,take_order,457.34,0.0,0.0,0.0,25006.2,-0.0,-0.0,12.32,-0.0,0.0,-0.0,0.15,-34378.89,False,rest_window_overlap,positive_orders_failed_threshold_or_soft_risk,120,12,"{""macro_aborted_count"":0,""macro_broken_by_query_count"":0,""macro_completed_count"":4,""macro_started_count"":4,""official_delta_measured_macro_gain"":0.0,""query_skipped_due_to_macro"":4}",runtime_top5_decomposition
runs/delta_mpc/20260509/delta_mpc_fallback,20260509,e7a52d984e7e,a62e25ccf42d,wait,wait,0.0,0.0,0.0,0.0,-0.0,-0.0,-0.0,-0.0,-0.0,0.0,-0.0,-0.0,-35.0,True,,positive_orders_failed_threshold_or_soft_risk,120,12,"{""macro_aborted_count"":0,""macro_broken_by_query_count"":0,""macro_completed_count"":4,""macro_started_count"":4,""official_delta_measured_macro_gain"":0.0,""query_skipped_due_to_macro"":4}",runtime_top5_decomposition
runs/delta_mpc/20260509/delta_mpc_fallback,20260509,e7a52d984e7e,a62e25ccf42d,wait,take_order,533.01,0.0,0.0,0.0,25006.2,-0.0,-0.0,13.28,-0.0,0.0,-0.0,0.15,-34236.68,False,rest_window_overlap,positive_orders_failed_threshold_or_soft_risk,120,12,"{""macro_aborted_count"":0,""macro_broken_by_query_count"":0,""macro_completed_count"":4,""macro_started_count"":4,""official_delta_measured_macro_gain"":0.0,""query_skipped_due_to_macro"":4}",runtime_top5_decomposition
runs/delta_mpc/20260509/delta_mpc_fallback,20260509,e7a52d984e7e,a62e25ccf42d,wait,take_order,457.34,0.0,0.0,0.0,25006.2,-0.0,-0.0,12.32,-0.0,0.0,-0.0,0.15,-34384.29,False,rest_window_overlap,positive_orders_failed_threshold_or_soft_risk,120,12,"{""macro_aborted_count"":0,""macro_broken_by_query_count"":0,""macro_completed_count"":4,""macro_started_count"":4,""official_delta_measured_macro_gain"":0.0,""query_skipped_due_to_macro"":4}",runtime_top5_decomposition
runs/delta_mpc/20260509/delta_mpc_fallback,20260509,e7a52d984e7e,a62e25ccf42d,wait,take_order,629.29,0.0,0.0,0.0,25006.2,-0.0,-0.0,8.8,-0.0,0.0,463.61,0.15,-34541.58,False,rest_window_overlap,positive_orders_failed_threshold_or_soft_risk,120,12,"{""macro_aborted_count"":0,""macro_broken_by_query_count"":0,""macro_completed_count"":4,""macro_started_count"":4,""official_delta_measured_macro_gain"":0.0,""query_skipped_due_to_macro"":4}",runtime_top5_decomposition
runs/delta_mpc/20260509/delta_mpc_fallback,20260509,e7a52d984e7e,a62e25ccf42d,wait,take_order,160.29,0.0,0.0,0.0,25006.2,-0.0,-0.0,16.48,-0.0,0.0,-0.0,0.15,-34754.55,False,rest_window_overlap,positive_orders_failed_threshold_or_soft_risk,120,12,"{""macro_aborted_count"":0,""macro_broken_by_query_count"":0,""macro_completed_count"":4,""macro_started_count"":4,""official_delta_measured_macro_gain"":0.0,""query_skipped_due_to_macro"":4}",runtime_top5_decomposition
runs/delta_mpc/20260509/delta_mpc_fallback,20260509,e7a52d984e7e,3aa6abb7d008,wait,wait,0.0,0.0,0.0,0.0,-0.0,-0.0,-0.0,-0.0,-0.0,0.0,-0.0,-0.0,0.0,True,,daily_rest_guard,0,0,"{""macro_aborted_count"":0,""macro_broken_by_query_count"":0,""macro_completed_count"":5,""macro_started_count"":5,""official_delta_measured_macro_gain"":0.0,""query_skipped_due_to_macro"":5}",runtime_top5_decomposition
runs/delta_mpc/20260509/delta_mpc_fallback,20260509,e7a52d984e7e,15ce13a8b443,take_order,take_order,745.23,0.0,0.0,0.0,6.2,-0.0,-0.0,132.32,-0.0,0.0,-0.0,0.15,859.97,True,,,120,12,"{""macro_aborted_count"":0,""macro_broken_by_query_count"":0,""macro_completed_count"":5,""macro_started_count"":5,""official_delta_measured_macro_gain"":0.0,""query_skipped_due_to_macro"":5}",runtime_top5_decomposition
runs/delta_mpc/20260509/delta_mpc_fallback,20260509,e7a52d984e7e,15ce13a8b443,take_order,take_order,582.16,0.0,0.0,0.0,6.2,-0.0,-0.0,12.48,-0.0,0.0,-0.0,0.15,788.76,False,lower_delta_mpc_score,,120,12,"{""macro_aborted_count"":0,""macro_broken_by_query_count"":0,""macro_completed_count"":5,""macro_started_count"":5,""official_delta_measured_macro_gain"":0.0,""query_skipped_due_to_macro"":5}",runtime_top5_decomposition
runs/delta_mpc/20260509/delta_mpc_fallback,20260509,e7a52d984e7e,15ce13a8b443,take_order,take_order,575.09,0.0,0.0,0.0,6.2,-0.0,-0.0,14.88,-0.0,0.0,-0.0,0.15,786.84,False,lower_delta_mpc_score,,120,12,"{""macro_aborted_count"":0,""macro_broken_by_query_count"":0,""macro_completed_count"":5,""macro_started_count"":5,""official_delta_measured_macro_gain"":0.0,""query_skipped_due_to_macro"":5}",runtime_top5_decomposition
runs/delta_mpc/20260509/delta_mpc_fallback,20260509,e7a52d984e7e,15ce13a8b443,take_order,take_order,853.4,0.0,0.0,0.0,6.2,-0.0,-0.0,75.76,-0.0,0.0,354.12,0.15,704.64,False,lower_delta_mpc_score,,120,12,"{""macro_aborted_count"":0,""macro_broken_by_query_count"":0,""macro_completed_count"":5,""macro_started_count"":5,""official_delta_measured_macro_gain"":0.0,""query_skipped_due_to_macro"":5}",runtime_top5_decomposition
runs/delta_mpc/20260509/delta_mpc_fallback,20260509,e7a52d984e7e,15ce13a8b443,take_order,take_order,458.34,0.0,0.0,0.0,6.2,-0.0,-0.0,4.96,-0.0,0.0,105.49,0.15,574.24,False,lower_delta_mpc_score,,120,12,"{""macro_aborted_count"":0,""macro_broken_by_query_count"":0,""macro_completed_count"":5,""macro_started_count"":5,""official_delta_measured_macro_gain"":0.0,""query_skipped_due_to_macro"":5}",runtime_top5_decomposition
runs/delta_mpc/20260509/delta_mpc_fallback,20260509,e7a52d984e7e,14d308bbd754,wait,wait,0.0,0.0,0.0,0.0,-0.0,-0.0,-0.0,-0.0,-0.0,0.0,-0.0,-0.0,0.0,True,,positive_orders_failed_threshold_or_soft_risk,120,12,"{""macro_aborted_count"":0,""macro_broken_by_query_count"":0,""macro_completed_count"":5,""macro_started_count"":5,""official_delta_measured_macro_gain"":0.0,""query_skipped_due_to_macro"":5}",runtime_top5_decomposition
runs/delta_mpc/20260509/delta_mpc_fallback,20260509,e7a52d984e7e,14d308bbd754,wait,take_order,71.14,0.0,0.0,0.0,18086.2,-0.0,-0.0,-0.0,-0.0,0.0,-0.0,0.15,-27963.94,False,rest_window_overlap,positive_orders_failed_threshold_or_soft_risk,120,12,"{""macro_aborted_count"":0,""macro_broken_by_query_count"":0,""macro_completed_count"":5,""macro_started_count"":5,""official_delta_measured_macro_gain"":0.0,""query_skipped_due_to_macro"":5}",runtime_top5_decomposition
runs/delta_mpc/20260509/delta_mpc_fallback,20260509,e7a52d984e7e,14d308bbd754,wait,take_order,186.6,0.0,0.0,0.0,18326.2,-0.0,-0.0,-0.0,-0.0,0.0,-0.0,0.15,-28014.15,False,rest_window_overlap,positive_orders_failed_threshold_or_soft_risk,120,12,"{""macro_aborted_count"":0,""macro_broken_by_query_count"":0,""macro_completed_count"":5,""macro_started_count"":5,""official_delta_measured_macro_gain"":0.0,""query_skipped_due_to_macro"":5}",runtime_top5_decomposition
runs/delta_mpc/20260509/delta_mpc_fallback,20260509,e7a52d984e7e,14d308bbd754,wait,take_order,241.15,0.0,0.0,0.0,20406.2,-0.0,-0.0,-0.0,-0.0,0.0,-0.0,0.15,-30014.53,False,rest_window_overlap,positive_orders_failed_threshold_or_soft_risk,120,12,"{""macro_aborted_count"":0,""macro_broken_by_query_count"":0,""macro_completed_count"":5,""macro_started_count"":5,""official_delta_measured_macro_gain"":0.0,""query_skipped_due_to_macro"":5}",runtime_top5_decomposition
runs/delta_mpc/20260509/delta_mpc_fallback,20260509,e7a52d984e7e,14d308bbd754,wait,take_order,144.82,0.0,0.0,0.0,24486.2,-0.0,-0.0,-0.0,-0.0,0.0,-0.0,0.15,-34259.07,False,rest_window_overlap,positive_orders_failed_threshold_or_soft_risk,120,12,"{""macro_aborted_count"":0,""macro_broken_by_query_count"":0,""macro_completed_count"":5,""macro_started_count"":5,""official_delta_measured_macro_gain"":0.0,""query_skipped_due_to_macro"":5}",runtime_top5_decomposition
runs/delta_mpc/20260509/delta_mpc_fallback,20260509,e7a52d984e7e,91d3d8b0bdae,wait,wait,0.0,0.0,0.0,0.0,-0.0,-0.0,-0.0,-0.0,-0.0,0.0,-0.0,-0.0,0.0,True,,daily_rest_guard,0,0,"{""macro_aborted_count"":0,""macro_broken_by_query_count"":0,""macro_completed_count"":6,""macro_started_count"":6,""official_delta_measured_macro_gain"":0.0,""query_skipped_due_to_macro"":6}",runtime_top5_decomposition
runs/delta_mpc/20260509/delta_mpc_fallback,20260509,e7a52d984e7e,337a02843e8c,take_order,take_order,361.39,0.0,0.0,0.0,6.2,-0.0,-0.0,-0.0,-0.0,0.0,-0.0,0.15,579.82,True,,,120,12,"{""macro_aborted_count"":0,""macro_broken_by_query_count"":0,""macro_completed_count"":6,""macro_started_count"":6,""official_delta_measured_macro_gain"":0.0,""query_skipped_due_to_macro"":6}",runtime_top5_decomposition
runs/delta_mpc/20260509/delta_mpc_fallback,20260509,e7a52d984e7e,337a02843e8c,take_order,take_order,371.69,0.0,0.0,0.0,6.2,-0.0,-0.0,-0.0,-0.0,0.0,-0.0,0.15,578.29,False,lower_delta_mpc_score,,120,12,"{""macro_aborted_count"":0,""macro_broken_by_query_count"":0,""macro_completed_count"":6,""macro_started_count"":6,""official_delta_measured_macro_gain"":0.0,""query_skipped_due_to_macro"":6}",runtime_top5_decomposition
runs/delta_mpc/20260509/delta_mpc_fallback,20260509,e7a52d984e7e,337a02843e8c,take_order,take_order,318.01,0.0,0.0,0.0,6.2,-0.0,-0.0,-0.0,-0.0,0.0,-0.0,0.15,530.33,False,lower_delta_mpc_score,,120,12,"{""macro_aborted_count"":0,""macro_broken_by_query_count"":0,""macro_completed_count"":6,""macro_started_count"":6,""official_delta_measured_macro_gain"":0.0,""query_skipped_due_to_macro"":6}",runtime_top5_decomposition
runs/delta_mpc/20260509/delta_mpc_fallback,20260509,e7a52d984e7e,337a02843e8c,take_order,take_order,409.81,0.0,0.0,0.0,6.2,-0.0,-0.0,18.8,-0.0,0.0,-0.0,0.15,529.96,False,lower_delta_mpc_score,,120,12,"{""macro_aborted_count"":0,""macro_broken_by_query_count"":0,""macro_completed_count"":6,""macro_started_count"":6,""official_delta_measured_macro_gain"":0.0,""query_skipped_due_to_macro"":6}",runtime_top5_decomposition
runs/delta_mpc/20260509/delta_mpc_fallback,20260509,e7a52d984e7e,337a02843e8c,take_order,take_order,342.8,0.0,0.0,0.0,6.2,-0.0,-0.0,1.84,-0.0,0.0,-0.0,0.15,505.92,False,lower_delta_mpc_score,,120,12,"{""macro_aborted_count"":0,""macro_broken_by_query_count"":0,""macro_completed_count"":6,""macro_started_count"":6,""official_delta_measured_macro_gain"":0.0,""query_skipped_due_to_macro"":6}",runtime_top5_decomposition
runs/delta_mpc/20260509/delta_mpc_fallback,20260509,e7a52d984e7e,b021015fae50,take_order,take_order,282.04,0.0,0.0,0.0,6.2,-0.0,-0.0,-0.0,-0.0,0.0,-0.0,0.15,459.87,True,,,120,12,"{""macro_aborted_count"":0,""macro_broken_by_query_count"":0,""macro_completed_count"":6,""macro_started_count"":6,""official_delta_measured_macro_gain"":0.0,""query_skipped_due_to_macro"":6}",runtime_top5_decomposition
runs/delta_mpc/20260509/delta_mpc_fallback,20260509,e7a52d984e7e,b021015fae50,take_order,take_order,265.55,0.0,0.0,0.0,6.2,-0.0,-0.0,-0.0,-0.0,0.0,-0.0,0.15,419.51,False,lower_delta_mpc_score,,120,12,"{""macro_aborted_count"":0,""macro_broken_by_query_count"":0,""macro_completed_count"":6,""macro_started_count"":6,""official_delta_measured_macro_gain"":0.0,""query_skipped_due_to_macro"":6}",runtime_top5_decomposition
runs/delta_mpc/20260509/delta_mpc_fallback,20260509,e7a52d984e7e,b021015fae50,take_order,take_order,246.3,0.0,0.0,0.0,6.2,-0.0,-0.0,-0.0,-0.0,0.0,-0.0,0.15,417.45,False,lower_delta_mpc_score,,120,12,"{""macro_aborted_count"":0,""macro_broken_by_query_count"":0,""macro_completed_count"":6,""macro_started_count"":6,""official_delta_measured_macro_gain"":0.0,""query_skipped_due_to_macro"":6}",runtime_top5_decomposition
runs/delta_mpc/20260509/delta_mpc_fallback,20260509,e7a52d984e7e,b021015fae50,take_order,take_order,247.3,0.0,0.0,0.0,6.2,-0.0,-0.0,-0.0,-0.0,0.0,-0.0,0.15,396.5,False,lower_delta_mpc_score,,120,12,"{""macro_aborted_count"":0,""macro_broken_by_query_count"":0,""macro_completed_count"":6,""macro_started_count"":6,""official_delta_measured_macro_gain"":0.0,""query_skipped_due_to_macro"":6}",runtime_top5_decomposition
runs/delta_mpc/20260509/delta_mpc_fallback,20260509,e7a52d984e7e,b021015fae50,take_order,take_order,234.45,0.0,0.0,0.0,6.2,-0.0,-0.0,-0.0,-0.0,0.0,-0.0,0.15,380.72,False,lower_delta_mpc_score,,120,12,"{""macro_aborted_count"":0,""macro_broken_by_query_count"":0,""macro_completed_count"":6,""macro_started_count"":6,""official_delta_measured_macro_gain"":0.0,""query_skipped_due_to_macro"":6}",runtime_top5_decomposition
runs/delta_mpc/20260509/delta_mpc_fallback,20260509,e7a52d984e7e,b5884c7bc12f,wait,wait,0.0,0.0,0.0,0.0,-0.0,-0.0,-0.0,-0.0,-0.0,0.0,-0.0,-0.0,0.0,True,,positive_orders_failed_threshold_or_soft_risk,120,12,"{""macro_aborted_count"":0,""macro_broken_by_query_count"":0,""macro_completed_count"":6,""macro_started_count"":6,""official_delta_measured_macro_gain"":0.0,""query_skipped_due_to_macro"":6}",runtime_top5_decomposition
runs/delta_mpc/20260509/delta_mpc_fallback,20260509,e7a52d984e7e,b5884c7bc12f,wait,take_order,21.34,0.0,0.0,0.0,13766.2,-0.0,-0.0,-0.0,-0.0,0.0,-0.0,0.15,-23724.23,False,rest_window_overlap,positive_orders_failed_threshold_or_soft_risk,120,12,"{""macro_aborted_count"":0,""macro_broken_by_query_count"":0,""macro_completed_count"":6,""macro_started_count"":6,""official_delta_measured_macro_gain"":0.0,""query_skipped_due_to_macro"":6}",runtime_top5_decomposition
runs/delta_mpc/20260509/delta_mpc_fallback,20260509,e7a52d984e7e,b5884c7bc12f,wait,take_order,215.63,0.0,0.0,0.0,16646.2,-0.0,-0.0,-0.0,-0.0,0.0,-0.0,0.15,-26257.0,False,rest_window_overlap,positive_orders_failed_threshold_or_soft_risk,120,12,"{""macro_aborted_count"":0,""macro_broken_by_query_count"":0,""macro_completed_count"":6,""macro_started_count"":6,""official_delta_measured_macro_gain"":0.0,""query_skipped_due_to_macro"":6}",runtime_top5_decomposition
runs/delta_mpc/20260509/delta_mpc_fallback,20260509,e7a52d984e7e,b5884c7bc12f,wait,take_order,145.66,0.0,0.0,0.0,22886.2,-0.0,-0.0,-0.0,-0.0,0.0,-0.0,0.15,-32597.0,False,rest_window_overlap,positive_orders_failed_threshold_or_soft_risk,120,12,"{""macro_aborted_count"":0,""macro_broken_by_query_count"":0,""macro_completed_count"":6,""macro_started_count"":6,""official_delta_measured_macro_gain"":0.0,""query_skipped_due_to_macro"":6}",runtime_top5_decomposition
runs/delta_mpc/20260509/delta_mpc_fallback,20260509,e7a52d984e7e,b5884c7bc12f,wait,take_order,514.26,0.0,0.0,0.0,25006.2,-0.0,-0.0,-0.0,-0.0,0.0,-0.0,0.15,-34165.99,False,rest_window_overlap,positive_orders_failed_threshold_or_soft_risk,120,12,"{""macro_aborted_count"":0,""macro_broken_by_query_count"":0,""macro_completed_count"":6,""macro_started_count"":6,""official_delta_measured_macro_gain"":0.0,""query_skipped_due_to_macro"":6}",runtime_top5_decomposition
runs/delta_mpc/20260509/delta_mpc_fallback,20260509,e7a52d984e7e,570483d7d491,wait,wait,0.0,0.0,0.0,0.0,-0.0,-0.0,-0.0,-0.0,-0.0,0.0,-0.0,-0.0,0.0,True,,daily_rest_guard,0,0,"{""macro_aborted_count"":0,""macro_broken_by_query_count"":0,""macro_completed_count"":7,""macro_started_count"":7,""official_delta_measured_macro_gain"":0.0,""query_skipped_due_to_macro"":7}",runtime_top5_decomposition
runs/delta_mpc/20260509/delta_mpc_fallback,20260509,e7a52d984e7e,efc04f275118,take_order,take_order,514.26,0.0,0.0,0.0,6.2,-0.0,-0.0,-0.0,-0.0,0.0,-0.0,0.15,812.55,True,,,120,12,"{""macro_aborted_count"":0,""macro_broken_by_query_count"":0,""macro_completed_count"":7,""macro_started_count"":7,""official_delta_measured_macro_gain"":0.0,""query_skipped_due_to_macro"":7}",runtime_top5_decomposition
runs/delta_mpc/20260509/delta_mpc_fallback,20260509,e7a52d984e7e,efc04f275118,take_order,take_order,471.78,0.0,0.0,0.0,6.2,-0.0,-0.0,-0.0,-0.0,0.0,-0.0,0.15,779.97,False,lower_delta_mpc_score,,120,12,"{""macro_aborted_count"":0,""macro_broken_by_query_count"":0,""macro_completed_count"":7,""macro_started_count"":7,""official_delta_measured_macro_gain"":0.0,""query_skipped_due_to_macro"":7}",runtime_top5_decomposition
runs/delta_mpc/20260509/delta_mpc_fallback,20260509,e7a52d984e7e,efc04f275118,take_order,take_order,485.59,0.0,0.0,0.0,6.2,-0.0,-0.0,1.6,-0.0,0.0,-0.0,0.15,712.47,False,lower_delta_mpc_score,,120,12,"{""macro_aborted_count"":0,""macro_broken_by_query_count"":0,""macro_completed_count"":7,""macro_started_count"":7,""official_delta_measured_macro_gain"":0.0,""query_skipped_due_to_macro"":7}",runtime_top5_decomposition
runs/delta_mpc/20260509/delta_mpc_fallback,20260509,e7a52d984e7e,efc04f275118,take_order,take_order,389.63,0.0,0.0,0.0,6.2,-0.0,-0.0,-0.0,-0.0,0.0,-0.0,0.15,642.53,False,lower_delta_mpc_score,,120,12,"{""macro_aborted_count"":0,""macro_broken_by_query_count"":0,""macro_completed_count"":7,""macro_started_count"":7,""official_delta_measured_macro_gain"":0.0,""query_skipped_due_to_macro"":7}",runtime_top5_decomposition
runs/delta_mpc/20260509/delta_mpc_fallback,20260509,e7a52d984e7e,efc04f275118,take_order,take_order,308.07,0.0,0.0,0.0,6.2,-0.0,-0.0,-0.0,-0.0,0.0,-0.0,0.15,506.65,False,lower_delta_mpc_score,,120,12,"{""macro_aborted_count"":0,""macro_broken_by_query_count"":0,""macro_completed_count"":7,""macro_started_count"":7,""official_delta_measured_macro_gain"":0.0,""query_skipped_due_to_macro"":7}",runtime_top5_decomposition
runs/delta_mpc/20260509/delta_mpc_fallback,20260509,e7a52d984e7e,6ca18d93d155,take_order,take_order,376.15,0.0,0.0,0.0,6.2,-0.0,-0.0,-0.0,-0.0,0.0,-0.0,0.15,596.74,True,,,120,12,"{""macro_aborted_count"":0,""macro_broken_by_query_count"":0,""macro_completed_count"":7,""macro_started_count"":7,""official_delta_measured_macro_gain"":0.0,""query_skipped_due_to_macro"":7}",runtime_top5_decomposition
runs/delta_mpc/20260509/delta_mpc_fallback,20260509,e7a52d984e7e,6ca18d93d155,take_order,take_order,287.82,0.0,0.0,0.0,6.2,-0.0,-0.0,-0.0,-0.0,0.0,-0.0,0.15,471.57,False,lower_delta_mpc_score,,120,12,"{""macro_aborted_count"":0,""macro_broken_by_query_count"":0,""macro_completed_count"":7,""macro_started_count"":7,""official_delta_measured_macro_gain"":0.0,""query_skipped_due_to_macro"":7}",runtime_top5_decomposition
runs/delta_mpc/20260509/delta_mpc_fallback,20260509,e7a52d984e7e,6ca18d93d155,take_order,take_order,201.72,0.0,0.0,0.0,6.2,-0.0,-0.0,-0.0,-0.0,0.0,-0.0,0.15,338.47,False,lower_delta_mpc_score,,120,12,"{""macro_aborted_count"":0,""macro_broken_by_query_count"":0,""macro_completed_count"":7,""macro_started_count"":7,""official_delta_measured_macro_gain"":0.0,""query_skipped_due_to_macro"":7}",runtime_top5_decomposition
runs/delta_mpc/20260509/delta_mpc_fallback,20260509,e7a52d984e7e,6ca18d93d155,take_order,take_order,157.5,0.0,0.0,0.0,6.2,-0.0,-0.0,-0.0,-0.0,0.0,-0.0,0.15,242.26,False,lower_delta_mpc_score,,120,12,"{""macro_aborted_count"":0,""macro_broken_by_query_count"":0,""macro_completed_count"":7,""macro_started_count"":7,""official_delta_measured_macro_gain"":0.0,""query_skipped_due_to_macro"":7}",runtime_top5_decomposition
runs/delta_mpc/20260509/delta_mpc_fallback,20260509,e7a52d984e7e,6ca18d93d155,take_order,take_order,77.6,0.0,0.0,0.0,6.2,-0.0,-0.0,-0.0,-0.0,0.0,-0.0,0.15,125.51,False,lower_delta_mpc_score,,120,12,"{""macro_aborted_count"":0,""macro_broken_by_query_count"":0,""macro_completed_count"":7,""macro_started_count"":7,""official_delta_measured_macro_gain"":0.0,""query_skipped_due_to_macro"":7}",runtime_top5_decomposition
runs/delta_mpc/20260509/delta_mpc_fallback,20260509,e7a52d984e7e,17b60ac9f1ac,wait,wait,0.0,0.0,0.0,0.0,-0.0,-0.0,-0.0,-0.0,-0.0,0.0,-0.0,-0.0,0.0,True,,positive_orders_failed_threshold_or_soft_risk,120,12,"{""macro_aborted_count"":0,""macro_broken_by_query_count"":0,""macro_completed_count"":7,""macro_started_count"":7,""official_delta_measured_macro_gain"":0.0,""query_skipped_due_to_macro"":7}",runtime_top5_decomposition
runs/delta_mpc/20260509/delta_mpc_fallback,20260509,e7a52d984e7e,17b60ac9f1ac,wait,take_order,310.82,0.0,0.0,0.0,25006.2,-0.0,-0.0,164.64,-0.0,0.0,-0.0,0.15,-34746.51,False,rest_window_overlap,positive_orders_failed_threshold_or_soft_risk,120,12,"{""macro_aborted_count"":0,""macro_broken_by_query_count"":0,""macro_completed_count"":7,""macro_started_count"":7,""official_delta_measured_macro_gain"":0.0,""query_skipped_due_to_macro"":7}",runtime_top5_decomposition
runs/delta_mpc/20260509/delta_mpc_fallback,20260509,e7a52d984e7e,17b60ac9f1ac,wait,take_order,136.6,0.0,0.0,0.0,25006.2,-0.0,-0.0,-0.0,-0.0,0.0,-0.0,0.15,-34748.8,False,rest_window_overlap,positive_orders_failed_threshold_or_soft_risk,120,12,"{""macro_aborted_count"":0,""macro_broken_by_query_count"":0,""macro_completed_count"":7,""macro_started_count"":7,""official_delta_measured_macro_gain"":0.0,""query_skipped_due_to_macro"":7}",runtime_top5_decomposition
runs/delta_mpc/20260509/delta_mpc_fallback,20260509,e7a52d984e7e,17b60ac9f1ac,wait,take_order,206.72,0.0,0.0,0.0,25006.2,-0.0,-0.0,172.72,-0.0,0.0,-0.0,0.15,-34880.63,False,rest_window_overlap,positive_orders_failed_threshold_or_soft_risk,120,12,"{""macro_aborted_count"":0,""macro_broken_by_query_count"":0,""macro_completed_count"":7,""macro_started_count"":7,""official_delta_measured_macro_gain"":0.0,""query_skipped_due_to_macro"":7}",runtime_top5_decomposition
runs/delta_mpc/20260509/delta_mpc_fallback,20260509,e7a52d984e7e,17b60ac9f1ac,wait,take_order,85.54,0.0,0.0,0.0,25006.2,-0.0,-0.0,9.92,-0.0,0.0,-0.0,0.15,-34882.16,False,rest_window_overlap,positive_orders_failed_threshold_or_soft_risk,120,12,"{""macro_aborted_count"":0,""macro_broken_by_query_count"":0,""macro_completed_count"":7,""macro_started_count"":7,""official_delta_measured_macro_gain"":0.0,""query_skipped_due_to_macro"":7}",runtime_top5_decomposition
runs/delta_mpc/20260509/delta_mpc_fallback,20260509,e7a52d984e7e,ece985f626bb,wait,wait,0.0,0.0,0.0,0.0,-0.0,-0.0,-0.0,-0.0,-0.0,0.0,-0.0,-0.0,0.0,True,,daily_rest_guard,0,0,"{""macro_aborted_count"":0,""macro_broken_by_query_count"":0,""macro_completed_count"":8,""macro_started_count"":8,""official_delta_measured_macro_gain"":0.0,""query_skipped_due_to_macro"":8}",runtime_top5_decomposition
runs/delta_mpc/20260509/delta_mpc_fallback,20260509,e7a52d984e7e,66bf5b5f310d,take_order,take_order,455.04,0.0,0.0,0.0,6.2,-0.0,-0.0,16.72,-0.0,0.0,-0.0,0.15,594.23,True,,,120,12,"{""macro_aborted_count"":0,""macro_broken_by_query_count"":0,""macro_completed_count"":8,""macro_started_count"":8,""official_delta_measured_macro_gain"":0.0,""query_skipped_due_to_macro"":8}",runtime_top5_decomposition
runs/delta_mpc/20260509/delta_mpc_fallback,20260509,e7a52d984e7e,66bf5b5f310d,take_order,take_order,395.5,0.0,0.0,0.0,6.2,-0.0,-0.0,14.32,-0.0,0.0,-0.0,0.15,548.62,False,lower_delta_mpc_score,,120,12,"{""macro_aborted_count"":0,""macro_broken_by_query_count"":0,""macro_completed_count"":8,""macro_started_count"":8,""official_delta_measured_macro_gain"":0.0,""query_skipped_due_to_macro"":8}",runtime_top5_decomposition
runs/delta_mpc/20260509/delta_mpc_fallback,20260509,e7a52d984e7e,66bf5b5f310d,take_order,take_order,232.35,0.0,0.0,0.0,6.2,-0.0,-0.0,-0.0,-0.0,0.0,-0.0,0.15,509.8,False,lower_delta_mpc_score,,120,12,"{""macro_aborted_count"":0,""macro_broken_by_query_count"":0,""macro_completed_count"":8,""macro_started_count"":8,""official_delta_measured_macro_gain"":0.0,""query_skipped_due_to_macro"":8}",runtime_top5_decomposition
runs/delta_mpc/20260509/delta_mpc_fallback,20260509,e7a52d984e7e,66bf5b5f310d,take_order,take_order,269.7,0.0,0.0,0.0,6.2,-0.0,-0.0,8.0,-0.0,0.0,-0.0,0.15,368.7,False,lower_delta_mpc_score,,120,12,"{""macro_aborted_count"":0,""macro_broken_by_query_count"":0,""macro_completed_count"":8,""macro_started_count"":8,""official_delta_measured_macro_gain"":0.0,""query_skipped_due_to_macro"":8}",runtime_top5_decomposition
runs/delta_mpc/20260509/delta_mpc_fallback,20260509,e7a52d984e7e,66bf5b5f310d,take_order,take_order,256.65,0.0,0.0,0.0,6.2,-0.0,-0.0,12.16,-0.0,0.0,-0.0,0.15,341.35,False,lower_delta_mpc_score,,120,12,"{""macro_aborted_count"":0,""macro_broken_by_query_count"":0,""macro_completed_count"":8,""macro_started_count"":8,""official_delta_measured_macro_gain"":0.0,""query_skipped_due_to_macro"":8}",runtime_top5_decomposition
runs/delta_mpc/20260509/delta_mpc_fallback,20260509,e7a52d984e7e,b144a87704ab,wait,wait,0.0,0.0,0.0,0.0,-0.0,-0.0,-0.0,-0.0,-0.0,0.0,-0.0,-0.0,0.0,True,,positive_orders_failed_threshold_or_soft_risk,120,12,"{""macro_aborted_count"":0,""macro_broken_by_query_count"":0,""macro_completed_count"":8,""macro_started_count"":8,""official_delta_measured_macro_gain"":0.0,""query_skipped_due_to_macro"":8}",runtime_top5_decomposition
runs/delta_mpc/20260509/delta_mpc_fallback,20260509,e7a52d984e7e,b144a87704ab,wait,take_order,59.16,0.0,0.0,0.0,3286.2,-0.0,-0.0,-0.0,-0.0,0.0,-0.0,0.15,-13110.53,False,rest_window_overlap,positive_orders_failed_threshold_or_soft_risk,120,12,"{""macro_aborted_count"":0,""macro_broken_by_query_count"":0,""macro_completed_count"":8,""macro_started_count"":8,""official_delta_measured_macro_gain"":0.0,""query_skipped_due_to_macro"":8}",runtime_top5_decomposition
runs/delta_mpc/20260509/delta_mpc_fallback,20260509,e7a52d984e7e,b144a87704ab,wait,take_order,18.78,0.0,0.0,0.0,7446.2,-0.0,-0.0,-0.0,-0.0,0.0,-0.0,0.15,-17357.09,False,rest_window_overlap,positive_orders_failed_threshold_or_soft_risk,120,12,"{""macro_aborted_count"":0,""macro_broken_by_query_count"":0,""macro_completed_count"":8,""macro_started_count"":8,""official_delta_measured_macro_gain"":0.0,""query_skipped_due_to_macro"":8}",runtime_top5_decomposition
runs/delta_mpc/20260509/delta_mpc_fallback,20260509,e7a52d984e7e,b144a87704ab,wait,take_order,102.63,0.0,0.0,0.0,8086.2,-0.0,-0.0,-0.0,-0.0,0.0,-0.0,0.15,-17891.81,False,rest_window_overlap,positive_orders_failed_threshold_or_soft_risk,120,12,"{""macro_aborted_count"":0,""macro_broken_by_query_count"":0,""macro_completed_count"":8,""macro_started_count"":8,""official_delta_measured_macro_gain"":0.0,""query_skipped_due_to_macro"":8}",runtime_top5_decomposition
runs/delta_mpc/20260509/delta_mpc_fallback,20260509,e7a52d984e7e,b144a87704ab,wait,take_order,219.55,0.0,0.0,0.0,12246.2,-0.0,-0.0,-0.0,-0.0,0.0,-0.0,0.15,-21869.44,False,rest_window_overlap,positive_orders_failed_threshold_or_soft_risk,120,12,"{""macro_aborted_count"":0,""macro_broken_by_query_count"":0,""macro_completed_count"":8,""macro_started_count"":8,""official_delta_measured_macro_gain"":0.0,""query_skipped_due_to_macro"":8}",runtime_top5_decomposition
runs/delta_mpc/20260509/delta_mpc_fallback,20260509,e7a52d984e7e,40be12ba0989,wait,wait,0.0,0.0,0.0,0.0,-0.0,-0.0,-0.0,-0.0,-0.0,0.0,-0.0,-0.0,-35.0,True,,positive_orders_failed_threshold_or_soft_risk,120,12,"{""macro_aborted_count"":0,""macro_broken_by_query_count"":0,""macro_completed_count"":8,""macro_started_count"":8,""official_delta_measured_macro_gain"":0.0,""query_skipped_due_to_macro"":8}",runtime_top5_decomposition
runs/delta_mpc/20260509/delta_mpc_fallback,20260509,e7a52d984e7e,40be12ba0989,wait,take_order,59.16,0.0,0.0,0.0,16246.2,-0.0,-0.0,-0.0,-0.0,0.0,-0.0,0.15,-26075.93,False,rest_window_overlap,positive_orders_failed_threshold_or_soft_risk,120,12,"{""macro_aborted_count"":0,""macro_broken_by_query_count"":0,""macro_completed_count"":8,""macro_started_count"":8,""official_delta_measured_macro_gain"":0.0,""query_skipped_due_to_macro"":8}",runtime_top5_decomposition
runs/delta_mpc/20260509/delta_mpc_fallback,20260509,e7a52d984e7e,40be12ba0989,wait,take_order,18.78,0.0,0.0,0.0,20406.2,-0.0,-0.0,-0.0,-0.0,0.0,-0.0,0.15,-30322.49,False,rest_window_overlap,positive_orders_failed_threshold_or_soft_risk,120,12,"{""macro_aborted_count"":0,""macro_broken_by_query_count"":0,""macro_completed_count"":8,""macro_started_count"":8,""official_delta_measured_macro_gain"":0.0,""query_skipped_due_to_macro"":8}",runtime_top5_decomposition
runs/delta_mpc/20260509/delta_mpc_fallback,20260509,e7a52d984e7e,40be12ba0989,wait,take_order,102.63,0.0,0.0,0.0,21046.2,-0.0,-0.0,-0.0,-0.0,0.0,-0.0,0.15,-30857.21,False,rest_window_overlap,positive_orders_failed_threshold_or_soft_risk,120,12,"{""macro_aborted_count"":0,""macro_broken_by_query_count"":0,""macro_completed_count"":8,""macro_started_count"":8,""official_delta_measured_macro_gain"":0.0,""query_skipped_due_to_macro"":8}",runtime_top5_decomposition
runs/delta_mpc/20260509/delta_mpc_fallback,20260509,e7a52d984e7e,40be12ba0989,wait,take_order,547.15,0.0,0.0,0.0,25006.2,-0.0,-0.0,3.12,-0.0,0.0,-0.0,0.15,-34208.32,False,rest_window_overlap,positive_orders_failed_threshold_or_soft_risk,120,12,"{""macro_aborted_count"":0,""macro_broken_by_query_count"":0,""macro_completed_count"":8,""macro_started_count"":8,""official_delta_measured_macro_gain"":0.0,""query_skipped_due_to_macro"":8}",runtime_top5_decomposition
runs/delta_mpc/20260509/delta_mpc_fallback,20260509,e7a52d984e7e,34930f56675d,wait,wait,0.0,0.0,0.0,0.0,-0.0,-0.0,-0.0,-0.0,-0.0,0.0,-0.0,-0.0,0.0,True,,daily_rest_guard,0,0,"{""macro_aborted_count"":0,""macro_broken_by_query_count"":0,""macro_completed_count"":9,""macro_started_count"":9,""official_delta_measured_macro_gain"":0.0,""query_skipped_due_to_macro"":9}",runtime_top5_decomposition
runs/delta_mpc/20260509/delta_mpc_fallback,20260509,e7a52d984e7e,f32260f2a27d,take_order,take_order,528.23,0.0,0.0,0.0,6.2,-0.0,-0.0,14.88,-0.0,0.0,-0.0,0.15,713.1,True,,,120,12,"{""macro_aborted_count"":0,""macro_broken_by_query_count"":0,""macro_completed_count"":9,""macro_started_count"":9,""official_delta_measured_macro_gain"":0.0,""query_skipped_due_to_macro"":9}",runtime_top5_decomposition
runs/delta_mpc/20260509/delta_mpc_fallback,20260509,e7a52d984e7e,f32260f2a27d,take_order,take_order,368.19,0.0,0.0,0.0,6.2,-0.0,-0.0,-0.0,-0.0,0.0,-0.0,0.15,601.98,False,lower_delta_mpc_score,,120,12,"{""macro_aborted_count"":0,""macro_broken_by_query_count"":0,""macro_completed_count"":9,""macro_started_count"":9,""official_delta_measured_macro_gain"":0.0,""query_skipped_due_to_macro"":9}",runtime_top5_decomposition
runs/delta_mpc/20260509/delta_mpc_fallback,20260509,e7a52d984e7e,f32260f2a27d,take_order,take_order,391.79,0.0,0.0,0.0,6.2,-0.0,-0.0,5.04,-0.0,0.0,-0.0,0.15,567.31,False,lower_delta_mpc_score,,120,12,"{""macro_aborted_count"":0,""macro_broken_by_query_count"":0,""macro_completed_count"":9,""macro_started_count"":9,""official_delta_measured_macro_gain"":0.0,""query_skipped_due_to_macro"":9}",runtime_top5_decomposition
runs/delta_mpc/20260509/delta_mpc_fallback,20260509,e7a52d984e7e,f32260f2a27d,take_order,take_order,386.1,0.0,0.0,0.0,6.2,-0.0,-0.0,18.24,-0.0,0.0,-0.0,0.15,496.14,False,lower_delta_mpc_score,,120,12,"{""macro_aborted_count"":0,""macro_broken_by_query_count"":0,""macro_completed_count"":9,""macro_started_count"":9,""official_delta_measured_macro_gain"":0.0,""query_skipped_due_to_macro"":9}",runtime_top5_decomposition
runs/delta_mpc/20260509/delta_mpc_fallback,20260509,e7a52d984e7e,f32260f2a27d,take_order,take_order,291.14,0.0,0.0,0.0,6.2,-0.0,-0.0,-0.0,-0.0,0.0,-0.0,0.15,482.5,False,lower_delta_mpc_score,,120,12,"{""macro_aborted_count"":0,""macro_broken_by_query_count"":0,""macro_completed_count"":9,""macro_started_count"":9,""official_delta_measured_macro_gain"":0.0,""query_skipped_due_to_macro"":9}",runtime_top5_decomposition
runs/delta_mpc/20260509/delta_mpc_fallback,20260509,e7a52d984e7e,9273b9a06511,wait,wait,0.0,0.0,0.0,0.0,-0.0,-0.0,-0.0,-0.0,-0.0,0.0,-0.0,-0.0,0.0,True,,positive_orders_failed_threshold_or_soft_risk,120,12,"{""macro_aborted_count"":0,""macro_broken_by_query_count"":0,""macro_completed_count"":9,""macro_started_count"":9,""official_delta_measured_macro_gain"":0.0,""query_skipped_due_to_macro"":9}",runtime_top5_decomposition
runs/delta_mpc/20260509/delta_mpc_fallback,20260509,e7a52d984e7e,9273b9a06511,wait,take_order,-51.67,0.0,0.0,0.0,15126.2,-0.0,-0.0,-0.0,-0.0,0.0,1171.42,0.15,-26373.38,False,rest_window_overlap,positive_orders_failed_threshold_or_soft_risk,120,12,"{""macro_aborted_count"":0,""macro_broken_by_query_count"":0,""macro_completed_count"":9,""macro_started_count"":9,""official_delta_measured_macro_gain"":0.0,""query_skipped_due_to_macro"":9}",runtime_top5_decomposition
runs/delta_mpc/20260509/delta_mpc_fallback,20260509,e7a52d984e7e,9273b9a06511,wait,take_order,484.18,0.0,0.0,0.0,25006.2,-0.0,-0.0,18.32,-0.0,0.0,605.3,0.15,-34926.74,False,rest_window_overlap,positive_orders_failed_threshold_or_soft_risk,120,12,"{""macro_aborted_count"":0,""macro_broken_by_query_count"":0,""macro_completed_count"":9,""macro_started_count"":9,""official_delta_measured_macro_gain"":0.0,""query_skipped_due_to_macro"":9}",runtime_top5_decomposition
runs/delta_mpc/20260509/delta_mpc_fallback,20260509,e7a52d984e7e,9273b9a06511,wait,take_order,111.95,0.0,0.0,0.0,25006.2,-0.0,-0.0,7.68,-0.0,0.0,928.43,0.15,-35778.72,False,rest_window_overlap,positive_orders_failed_threshold_or_soft_risk,120,12,"{""macro_aborted_count"":0,""macro_broken_by_query_count"":0,""macro_completed_count"":9,""macro_started_count"":9,""official_delta_measured_macro_gain"":0.0,""query_skipped_due_to_macro"":9}",runtime_top5_decomposition
runs/delta_mpc/20260509/delta_mpc_fallback,20260509,e7a52d984e7e,9273b9a06511,wait,take_order,57.0,0.0,0.0,0.0,25006.2,-0.0,-0.0,8.64,-0.0,0.0,1009.98,0.15,-35939.55,False,rest_window_overlap,positive_orders_failed_threshold_or_soft_risk,120,12,"{""macro_aborted_count"":0,""macro_broken_by_query_count"":0,""macro_completed_count"":9,""macro_started_count"":9,""official_delta_measured_macro_gain"":0.0,""query_skipped_due_to_macro"":9}",runtime_top5_decomposition
runs/delta_mpc/20260509/delta_mpc_fallback,20260509,e7a52d984e7e,7589b2086750,wait,wait,0.0,0.0,0.0,0.0,-0.0,-0.0,-0.0,-0.0,-0.0,0.0,-0.0,-0.0,-35.0,True,,positive_orders_failed_threshold_or_soft_risk,120,12,"{""macro_aborted_count"":0,""macro_broken_by_query_count"":0,""macro_completed_count"":9,""macro_started_count"":9,""official_delta_measured_macro_gain"":0.0,""query_skipped_due_to_macro"":9}",runtime_top5_decomposition
runs/delta_mpc/20260509/delta_mpc_fallback,20260509,e7a52d984e7e,7589b2086750,wait,take_order,459.49,0.0,0.0,0.0,25006.2,-0.0,-0.0,12.8,-0.0,0.0,-0.0,0.15,-34337.6,False,rest_window_overlap,positive_orders_failed_threshold_or_soft_risk,120,12,"{""macro_aborted_count"":0,""macro_broken_by_query_count"":0,""macro_completed_count"":9,""macro_started_count"":9,""official_delta_measured_macro_gain"":0.0,""query_skipped_due_to_macro"":9}",runtime_top5_decomposition
runs/delta_mpc/20260509/delta_mpc_fallback,20260509,e7a52d984e7e,7589b2086750,wait,take_order,484.18,0.0,0.0,0.0,25006.2,-0.0,-0.0,18.32,-0.0,0.0,605.3,0.15,-34932.14,False,rest_window_overlap,positive_orders_failed_threshold_or_soft_risk,120,12,"{""macro_aborted_count"":0,""macro_broken_by_query_count"":0,""macro_completed_count"":9,""macro_started_count"":9,""official_delta_measured_macro_gain"":0.0,""query_skipped_due_to_macro"":9}",runtime_top5_decomposition
runs/delta_mpc/20260509/delta_mpc_fallback,20260509,e7a52d984e7e,7589b2086750,wait,take_order,301.95,0.0,0.0,0.0,25006.2,-0.0,-0.0,1053.44,-0.0,0.0,-0.0,0.15,-35646.64,False,rest_window_overlap,positive_orders_failed_threshold_or_soft_risk,120,12,"{""macro_aborted_count"":0,""macro_broken_by_query_count"":0,""macro_completed_count"":9,""macro_started_count"":9,""official_delta_measured_macro_gain"":0.0,""query_skipped_due_to_macro"":9}",runtime_top5_decomposition
runs/delta_mpc/20260509/delta_mpc_fallback,20260509,e7a52d984e7e,7589b2086750,wait,take_order,556.45,0.0,0.0,0.0,25006.2,-0.0,-0.0,463.6,-0.0,0.0,1187.91,0.15,-35903.33,False,rest_window_overlap,positive_orders_failed_threshold_or_soft_risk,120,12,"{""macro_aborted_count"":0,""macro_broken_by_query_count"":0,""macro_completed_count"":9,""macro_started_count"":9,""official_delta_measured_macro_gain"":0.0,""query_skipped_due_to_macro"":9}",runtime_top5_decomposition
runs/delta_mpc/20260509/delta_mpc_fallback,20260509,e7a52d984e7e,bb802e06105c,wait,wait,0.0,0.0,0.0,0.0,-0.0,-0.0,-0.0,-0.0,-0.0,0.0,-0.0,-0.0,0.0,True,,daily_rest_guard,0,0,"{""macro_aborted_count"":0,""macro_broken_by_query_count"":0,""macro_completed_count"":10,""macro_started_count"":10,""official_delta_measured_macro_gain"":0.0,""query_skipped_due_to_macro"":10}",runtime_top5_decomposition
runs/delta_mpc/20260509/delta_mpc_fallback,20260509,e7a52d984e7e,26086e7ed8ce,take_order,take_order,459.49,0.0,0.0,0.0,6.2,-0.0,-0.0,10.88,-0.0,0.0,-0.0,0.15,651.04,True,,,120,12,"{""macro_aborted_count"":0,""macro_broken_by_query_count"":0,""macro_completed_count"":10,""macro_started_count"":10,""official_delta_measured_macro_gain"":0.0,""query_skipped_due_to_macro"":10}",runtime_top5_decomposition
runs/delta_mpc/20260509/delta_mpc_fallback,20260509,e7a52d984e7e,26086e7ed8ce,take_order,take_order,397.15,0.0,0.0,0.0,6.2,-0.0,-0.0,7.76,-0.0,0.0,-0.0,0.15,553.99,False,lower_delta_mpc_score,,120,12,"{""macro_aborted_count"":0,""macro_broken_by_query_count"":0,""macro_completed_count"":10,""macro_started_count"":10,""official_delta_measured_macro_gain"":0.0,""query_skipped_due_to_macro"":10}",runtime_top5_decomposition
runs/delta_mpc/20260509/delta_mpc_fallback,20260509,e7a52d984e7e,26086e7ed8ce,take_order,take_order,251.79,0.0,0.0,0.0,6.2,-0.0,-0.0,12.08,-0.0,0.0,-0.0,0.15,334.88,False,lower_delta_mpc_score,,120,12,"{""macro_aborted_count"":0,""macro_broken_by_query_count"":0,""macro_completed_count"":10,""macro_started_count"":10,""official_delta_measured_macro_gain"":0.0,""query_skipped_due_to_macro"":10}",runtime_top5_decomposition
runs/delta_mpc/20260509/delta_mpc_fallback,20260509,e7a52d984e7e,26086e7ed8ce,take_order,take_order,815.98,0.0,0.0,0.0,6.2,-0.0,-0.0,835.28,-0.0,0.0,-0.0,0.15,214.63,False,lower_delta_mpc_score,,120,12,"{""macro_aborted_count"":0,""macro_broken_by_query_count"":0,""macro_completed_count"":10,""macro_started_count"":10,""official_delta_measured_macro_gain"":0.0,""query_skipped_due_to_macro"":10}",runtime_top5_decomposition
runs/delta_mpc/20260509/delta_mpc_fallback,20260509,e7a52d984e7e,26086e7ed8ce,take_order,take_order,732.26,0.0,0.0,0.0,6.2,-0.0,-0.0,835.28,-0.0,0.0,-0.0,0.15,110.44,False,lower_delta_mpc_score,,120,12,"{""macro_aborted_count"":0,""macro_broken_by_query_count"":0,""macro_completed_count"":10,""macro_started_count"":10,""official_delta_measured_macro_gain"":0.0,""query_skipped_due_to_macro"":10}",runtime_top5_decomposition
runs/delta_mpc/20260509/delta_mpc_fallback,20260509,e7a52d984e7e,d3716eb84013,wait,wait,0.0,0.0,0.0,0.0,-0.0,-0.0,-0.0,-0.0,-0.0,0.0,-0.0,-0.0,0.0,True,,positive_orders_failed_threshold_or_soft_risk,120,12,"{""macro_aborted_count"":0,""macro_broken_by_query_count"":0,""macro_completed_count"":10,""macro_started_count"":10,""official_delta_measured_macro_gain"":0.0,""query_skipped_due_to_macro"":10}",runtime_top5_decomposition
runs/delta_mpc/20260509/delta_mpc_fallback,20260509,e7a52d984e7e,d3716eb84013,wait,take_order,-75.38,0.0,0.0,0.0,20086.2,-0.0,-0.0,2.48,-0.0,0.0,1509.06,0.15,-31651.87,False,rest_window_overlap,positive_orders_failed_threshold_or_soft_risk,120,12,"{""macro_aborted_count"":0,""macro_broken_by_query_count"":0,""macro_completed_count"":10,""macro_started_count"":10,""official_delta_measured_macro_gain"":0.0,""query_skipped_due_to_macro"":10}",runtime_top5_decomposition
runs/delta_mpc/20260509/delta_mpc_fallback,20260509,e7a52d984e7e,d3716eb84013,wait,take_order,169.42,0.0,0.0,0.0,22406.2,-0.0,-0.0,4.8,-0.0,0.0,-0.0,0.15,-32109.62,False,rest_window_overlap,positive_orders_failed_threshold_or_soft_risk,120,12,"{""macro_aborted_count"":0,""macro_broken_by_query_count"":0,""macro_completed_count"":10,""macro_started_count"":10,""official_delta_measured_macro_gain"":0.0,""query_skipped_due_to_macro"":10}",runtime_top5_decomposition
runs/delta_mpc/20260509/delta_mpc_fallback,20260509,e7a52d984e7e,d3716eb84013,wait,take_order,165.27,0.0,0.0,0.0,22006.2,-0.0,-0.0,4.4,-0.0,0.0,1775.25,0.15,-33537.78,False,rest_window_overlap,positive_orders_failed_threshold_or_soft_risk,120,12,"{""macro_aborted_count"":0,""macro_broken_by_query_count"":0,""macro_completed_count"":10,""macro_started_count"":10,""official_delta_measured_macro_gain"":0.0,""query_skipped_due_to_macro"":10}",runtime_top5_decomposition
runs/delta_mpc/20260509/delta_mpc_fallback,20260509,e7a52d984e7e,d3716eb84013,wait,take_order,470.38,0.0,0.0,0.0,25006.2,-0.0,-0.0,9.12,-0.0,0.0,-0.0,0.15,-34298.22,False,rest_window_overlap,positive_orders_failed_threshold_or_soft_risk,120,12,"{""macro_aborted_count"":0,""macro_broken_by_query_count"":0,""macro_completed_count"":10,""macro_started_count"":10,""official_delta_measured_macro_gain"":0.0,""query_skipped_due_to_macro"":10}",runtime_top5_decomposition
runs/delta_mpc/20260509/delta_mpc_fallback,20260509,e7a52d984e7e,da2e454ee087,wait,wait,0.0,0.0,0.0,0.0,-0.0,-0.0,-0.0,-0.0,-0.0,0.0,-0.0,-0.0,-35.0,True,,positive_orders_failed_threshold_or_soft_risk,120,12,"{""macro_aborted_count"":0,""macro_broken_by_query_count"":0,""macro_completed_count"":10,""macro_started_count"":10,""official_delta_measured_macro_gain"":0.0,""query_skipped_due_to_macro"":10}",runtime_top5_decomposition
runs/delta_mpc/20260509/delta_mpc_fallback,20260509,e7a52d984e7e,da2e454ee087,wait,take_order,390.95,0.0,0.0,0.0,25006.2,-0.0,-0.0,9.68,-0.0,0.0,246.33,0.15,-34663.88,False,rest_window_overlap,positive_orders_failed_threshold_or_soft_risk,120,12,"{""macro_aborted_count"":0,""macro_broken_by_query_count"":0,""macro_completed_count"":10,""macro_started_count"":10,""official_delta_measured_macro_gain"":0.0,""query_skipped_due_to_macro"":10}",runtime_top5_decomposition
runs/delta_mpc/20260509/delta_mpc_fallback,20260509,e7a52d984e7e,da2e454ee087,wait,take_order,169.42,0.0,0.0,0.0,25006.2,-0.0,-0.0,4.8,-0.0,0.0,-0.0,0.15,-34715.02,False,rest_window_overlap,positive_orders_failed_threshold_or_soft_risk,120,12,"{""macro_aborted_count"":0,""macro_broken_by_query_count"":0,""macro_completed_count"":10,""macro_started_count"":10,""official_delta_measured_macro_gain"":0.0,""query_skipped_due_to_macro"":10}",runtime_top5_decomposition
runs/delta_mpc/20260509/delta_mpc_fallback,20260509,e7a52d984e7e,da2e454ee087,wait,take_order,129.56,0.0,0.0,0.0,25006.2,-0.0,-0.0,-0.0,-0.0,0.0,-0.0,0.15,-34758.22,False,rest_window_overlap,positive_orders_failed_threshold_or_soft_risk,120,12,"{""macro_aborted_count"":0,""macro_broken_by_query_count"":0,""macro_completed_count"":10,""macro_started_count"":10,""official_delta_measured_macro_gain"":0.0,""query_skipped_due_to_macro"":10}",runtime_top5_decomposition
runs/delta_mpc/20260509/delta_mpc_fallback,20260509,e7a52d984e7e,da2e454ee087,wait,take_order,278.67,0.0,0.0,0.0,25006.2,-0.0,-0.0,706.0,-0.0,0.0,-0.0,0.15,-35343.19,False,rest_window_overlap,positive_orders_failed_threshold_or_soft_risk,120,12,"{""macro_aborted_count"":0,""macro_broken_by_query_count"":0,""macro_completed_count"":10,""macro_started_count"":10,""official_delta_measured_macro_gain"":0.0,""query_skipped_due_to_macro"":10}",runtime_top5_decomposition
runs/delta_mpc/20260509/delta_mpc_fallback,20260509,e7a52d984e7e,5c4a538c5ddb,wait,wait,0.0,0.0,0.0,0.0,-0.0,-0.0,-0.0,-0.0,-0.0,0.0,-0.0,-0.0,0.0,True,,daily_rest_guard,0,0,"{""macro_aborted_count"":0,""macro_broken_by_query_count"":0,""macro_completed_count"":11,""macro_started_count"":11,""official_delta_measured_macro_gain"":0.0,""query_skipped_due_to_macro"":11}",runtime_top5_decomposition
runs/delta_mpc/20260509/delta_mpc_fallback,20260509,e7a52d984e7e,238178dd91a9,take_order,take_order,353.42,0.0,0.0,0.0,6.2,-0.0,-0.0,-0.0,-0.0,0.0,-0.0,0.15,664.54,True,,,120,12,"{""macro_aborted_count"":0,""macro_broken_by_query_count"":0,""macro_completed_count"":11,""macro_started_count"":11,""official_delta_measured_macro_gain"":0.0,""query_skipped_due_to_macro"":11}",runtime_top5_decomposition
runs/delta_mpc/20260509/delta_mpc_fallback,20260509,e7a52d984e7e,238178dd91a9,take_order,take_order,287.93,0.0,0.0,0.0,6.2,-0.0,-0.0,14.32,-0.0,0.0,-0.0,0.15,389.87,False,lower_delta_mpc_score,,120,12,"{""macro_aborted_count"":0,""macro_broken_by_query_count"":0,""macro_completed_count"":11,""macro_started_count"":11,""official_delta_measured_macro_gain"":0.0,""query_skipped_due_to_macro"":11}",runtime_top5_decomposition
runs/delta_mpc/20260509/delta_mpc_fallback,20260509,e7a52d984e7e,238178dd91a9,take_order,take_order,390.95,0.0,0.0,0.0,6.2,-0.0,-0.0,9.68,-0.0,0.0,246.33,0.15,314.46,False,lower_delta_mpc_score,,120,12,"{""macro_aborted_count"":0,""macro_broken_by_query_count"":0,""macro_completed_count"":11,""macro_started_count"":11,""official_delta_measured_macro_gain"":0.0,""query_skipped_due_to_macro"":11}",runtime_top5_decomposition
runs/delta_mpc/20260509/delta_mpc_fallback,20260509,e7a52d984e7e,238178dd91a9,take_order,take_order,659.76,0.0,0.0,0.0,6.2,-0.0,-0.0,10.56,-0.0,0.0,614.46,0.15,300.86,False,lower_delta_mpc_score,,120,12,"{""macro_aborted_count"":0,""macro_broken_by_query_count"":0,""macro_completed_count"":11,""macro_started_count"":11,""official_delta_measured_macro_gain"":0.0,""query_skipped_due_to_macro"":11}",runtime_top5_decomposition
runs/delta_mpc/20260509/delta_mpc_fallback,20260509,e7a52d984e7e,238178dd91a9,take_order,take_order,169.42,0.0,0.0,0.0,6.2,-0.0,-0.0,4.8,-0.0,0.0,-0.0,0.15,263.32,False,lower_delta_mpc_score,,120,12,"{""macro_aborted_count"":0,""macro_broken_by_query_count"":0,""macro_completed_count"":11,""macro_started_count"":11,""official_delta_measured_macro_gain"":0.0,""query_skipped_due_to_macro"":11}",runtime_top5_decomposition
runs/delta_mpc/20260509/delta_mpc_fallback,20260509,e7a52d984e7e,5d61487612f4,take_order,wait,0.0,0.0,0.0,0.0,-0.0,-0.0,-0.0,-0.0,-0.0,0.0,-0.0,-0.0,0.0,False,lower_delta_mpc_score_or_no_macro_commitment,,120,12,"{""macro_aborted_count"":0,""macro_broken_by_query_count"":0,""macro_completed_count"":11,""macro_started_count"":11,""official_delta_measured_macro_gain"":0.0,""query_skipped_due_to_macro"":11}",runtime_top5_decomposition
runs/delta_mpc/20260509/delta_mpc_fallback,20260509,e7a52d984e7e,5d61487612f4,take_order,take_order,287.37,0.0,0.0,0.0,6.2,-0.0,-0.0,5.36,-0.0,0.0,1342.09,0.15,-932.43,True,,,120,12,"{""macro_aborted_count"":0,""macro_broken_by_query_count"":0,""macro_completed_count"":11,""macro_started_count"":11,""official_delta_measured_macro_gain"":0.0,""query_skipped_due_to_macro"":11}",runtime_top5_decomposition
runs/delta_mpc/20260509/delta_mpc_fallback,20260509,e7a52d984e7e,5d61487612f4,take_order,take_order,161.08,0.0,0.0,0.0,6.2,-0.0,-0.0,5.36,-0.0,0.0,1576.04,0.15,-1288.08,False,lower_delta_mpc_score,,120,12,"{""macro_aborted_count"":0,""macro_broken_by_query_count"":0,""macro_completed_count"":11,""macro_started_count"":11,""official_delta_measured_macro_gain"":0.0,""query_skipped_due_to_macro"":11}",runtime_top5_decomposition
runs/delta_mpc/20260509/delta_mpc_fallback,20260509,e7a52d984e7e,5d61487612f4,take_order,take_order,210.02,0.0,0.0,0.0,6.2,-0.0,-0.0,4.88,-0.0,0.0,1624.23,0.15,-1312.35,False,lower_delta_mpc_score,,120,12,"{""macro_aborted_count"":0,""macro_broken_by_query_count"":0,""macro_completed_count"":11,""macro_started_count"":11,""official_delta_measured_macro_gain"":0.0,""query_skipped_due_to_macro"":11}",runtime_top5_decomposition
runs/delta_mpc/20260509/delta_mpc_fallback,20260509,e7a52d984e7e,5d61487612f4,take_order,take_order,165.66,0.0,0.0,0.0,6.2,-0.0,-0.0,1.52,-0.0,0.0,1697.42,0.15,-1440.04,False,lower_delta_mpc_score,,120,12,"{""macro_aborted_count"":0,""macro_broken_by_query_count"":0,""macro_completed_count"":11,""macro_started_count"":11,""official_delta_measured_macro_gain"":0.0,""query_skipped_due_to_macro"":11}",runtime_top5_decomposition
runs/delta_mpc/20260509/delta_mpc_fallback,20260509,e7a52d984e7e,70819aadd46a,wait,wait,0.0,0.0,0.0,0.0,-0.0,-0.0,-0.0,-0.0,-0.0,0.0,-0.0,-0.0,0.0,True,,positive_orders_failed_threshold_or_soft_risk,120,12,"{""macro_aborted_count"":0,""macro_broken_by_query_count"":0,""macro_completed_count"":11,""macro_started_count"":11,""official_delta_measured_macro_gain"":0.0,""query_skipped_due_to_macro"":11}",runtime_top5_decomposition
runs/delta_mpc/20260509/delta_mpc_fallback,20260509,e7a52d984e7e,70819aadd46a,wait,take_order,397.12,0.0,0.0,0.0,25006.2,-0.0,-0.0,18.0,-0.0,0.0,411.33,0.15,-34880.1,False,rest_window_overlap,positive_orders_failed_threshold_or_soft_risk,120,12,"{""macro_aborted_count"":0,""macro_broken_by_query_count"":0,""macro_completed_count"":11,""macro_started_count"":11,""official_delta_measured_macro_gain"":0.0,""query_skipped_due_to_macro"":11}",runtime_top5_decomposition
runs/delta_mpc/20260509/delta_mpc_fallback,20260509,e7a52d984e7e,70819aadd46a,wait,take_order,1131.04,0.0,0.0,0.0,25006.2,-0.0,-0.0,908.0,-0.0,0.0,544.07,0.15,-34920.18,False,rest_window_overlap,positive_orders_failed_threshold_or_soft_risk,120,12,"{""macro_aborted_count"":0,""macro_broken_by_query_count"":0,""macro_completed_count"":11,""macro_started_count"":11,""official_delta_measured_macro_gain"":0.0,""query_skipped_due_to_macro"":11}",runtime_top5_decomposition
runs/delta_mpc/20260509/delta_mpc_fallback,20260509,e7a52d984e7e,70819aadd46a,wait,take_order,527.55,0.0,0.0,0.0,25006.2,-0.0,-0.0,253.52,-0.0,0.0,791.07,0.15,-35305.08,False,rest_window_overlap,positive_orders_failed_threshold_or_soft_risk,120,12,"{""macro_aborted_count"":0,""macro_broken_by_query_count"":0,""macro_completed_count"":11,""macro_started_count"":11,""official_delta_measured_macro_gain"":0.0,""query_skipped_due_to_macro"":11}",runtime_top5_decomposition
runs/delta_mpc/20260509/delta_mpc_fallback,20260509,e7a52d984e7e,70819aadd46a,wait,take_order,243.27,0.0,0.0,0.0,25006.2,-0.0,-0.0,0.96,-0.0,0.0,754.19,0.15,-35350.29,False,rest_window_overlap,positive_orders_failed_threshold_or_soft_risk,120,12,"{""macro_aborted_count"":0,""macro_broken_by_query_count"":0,""macro_completed_count"":11,""macro_started_count"":11,""official_delta_measured_macro_gain"":0.0,""query_skipped_due_to_macro"":11}",runtime_top5_decomposition
runs/delta_mpc/20260509/delta_mpc_fallback,20260509,e7a52d984e7e,968a584d2b68,wait,wait,0.0,0.0,0.0,0.0,-0.0,-0.0,-0.0,-0.0,-0.0,0.0,-0.0,-0.0,0.0,True,,daily_rest_guard,0,0,"{""macro_aborted_count"":0,""macro_broken_by_query_count"":0,""macro_completed_count"":12,""macro_started_count"":12,""official_delta_measured_macro_gain"":0.0,""query_skipped_due_to_macro"":12}",runtime_top5_decomposition
runs/delta_mpc/20260509/delta_mpc_fallback,20260509,e7a52d984e7e,9a56951cb182,take_order,take_order,377.14,0.0,0.0,0.0,6.2,-0.0,-0.0,11.12,-0.0,0.0,261.84,0.15,253.8,True,,,120,12,"{""macro_aborted_count"":0,""macro_broken_by_query_count"":0,""macro_completed_count"":12,""macro_started_count"":12,""official_delta_measured_macro_gain"":0.0,""query_skipped_due_to_macro"":12}",runtime_top5_decomposition
runs/delta_mpc/20260509/delta_mpc_fallback,20260509,e7a52d984e7e,9a56951cb182,take_order,take_order,1131.04,0.0,0.0,0.0,6.2,-0.0,-0.0,908.0,-0.0,0.0,544.07,0.15,77.42,False,lower_delta_mpc_score,,120,12,"{""macro_aborted_count"":0,""macro_broken_by_query_count"":0,""macro_completed_count"":12,""macro_started_count"":12,""official_delta_measured_macro_gain"":0.0,""query_skipped_due_to_macro"":12}",runtime_top5_decomposition
runs/delta_mpc/20260509/delta_mpc_fallback,20260509,e7a52d984e7e,9a56951cb182,take_order,take_order,165.41,0.0,0.0,0.0,6.2,-0.0,-0.0,0.8,-0.0,0.0,272.4,0.15,-27.38,False,lower_delta_mpc_score,,120,12,"{""macro_aborted_count"":0,""macro_broken_by_query_count"":0,""macro_completed_count"":12,""macro_started_count"":12,""official_delta_measured_macro_gain"":0.0,""query_skipped_due_to_macro"":12}",runtime_top5_decomposition
runs/delta_mpc/20260509/delta_mpc_fallback,20260509,e7a52d984e7e,9a56951cb182,take_order,wait,0.0,0.0,0.0,0.0,-0.0,-0.0,-0.0,-0.0,-0.0,0.0,-0.0,-0.0,-70.0,False,lower_delta_mpc_score_or_no_macro_commitment,,120,12,"{""macro_aborted_count"":0,""macro_broken_by_query_count"":0,""macro_completed_count"":12,""macro_started_count"":12,""official_delta_measured_macro_gain"":0.0,""query_skipped_due_to_macro"":12}",runtime_top5_decomposition
runs/delta_mpc/20260509/delta_mpc_fallback,20260509,e7a52d984e7e,9a56951cb182,take_order,take_order,468.08,0.0,0.0,0.0,6.2,-0.0,-0.0,17.2,-0.0,0.0,732.04,0.15,-108.13,False,lower_delta_mpc_score,,120,12,"{""macro_aborted_count"":0,""macro_broken_by_query_count"":0,""macro_completed_count"":12,""macro_started_count"":12,""official_delta_measured_macro_gain"":0.0,""query_skipped_due_to_macro"":12}",runtime_top5_decomposition
runs/delta_mpc/20260509/delta_mpc_fallback,20260509,e7a52d984e7e,dc261c88200d,wait,wait,0.0,0.0,0.0,0.0,-0.0,-0.0,-0.0,-0.0,-0.0,0.0,-0.0,-0.0,0.0,True,,positive_orders_failed_threshold_or_soft_risk,120,12,"{""macro_aborted_count"":0,""macro_broken_by_query_count"":0,""macro_completed_count"":12,""macro_started_count"":12,""official_delta_measured_macro_gain"":0.0,""query_skipped_due_to_macro"":12}",runtime_top5_decomposition
runs/delta_mpc/20260509/delta_mpc_fallback,20260509,e7a52d984e7e,dc261c88200d,wait,take_order,328.7,0.0,0.0,0.0,8886.2,-0.0,-0.0,-0.0,-0.0,0.0,-0.0,0.15,-18334.57,False,rest_window_overlap,positive_orders_failed_threshold_or_soft_risk,120,12,"{""macro_aborted_count"":0,""macro_broken_by_query_count"":0,""macro_completed_count"":12,""macro_started_count"":12,""official_delta_measured_macro_gain"":0.0,""query_skipped_due_to_macro"":12}",runtime_top5_decomposition
runs/delta_mpc/20260509/delta_mpc_fallback,20260509,e7a52d984e7e,dc261c88200d,wait,take_order,645.49,0.0,0.0,0.0,12406.2,-0.0,-0.0,-0.0,-0.0,0.0,-0.0,0.15,-21328.12,False,rest_window_overlap,positive_orders_failed_threshold_or_soft_risk,120,12,"{""macro_aborted_count"":0,""macro_broken_by_query_count"":0,""macro_completed_count"":12,""macro_started_count"":12,""official_delta_measured_macro_gain"":0.0,""query_skipped_due_to_macro"":12}",runtime_top5_decomposition
runs/delta_mpc/20260509/delta_mpc_fallback,20260509,e7a52d984e7e,dc261c88200d,wait,take_order,300.07,0.0,0.0,0.0,17846.2,-0.0,-0.0,-0.0,-0.0,0.0,-0.0,0.15,-27387.54,False,rest_window_overlap,positive_orders_failed_threshold_or_soft_risk,120,12,"{""macro_aborted_count"":0,""macro_broken_by_query_count"":0,""macro_completed_count"":12,""macro_started_count"":12,""official_delta_measured_macro_gain"":0.0,""query_skipped_due_to_macro"":12}",runtime_top5_decomposition
runs/delta_mpc/20260509/delta_mpc_fallback,20260509,e7a52d984e7e,dc261c88200d,wait,take_order,196.05,0.0,0.0,0.0,20886.2,-0.0,-0.0,3.04,-0.0,0.0,-0.0,0.15,-30593.79,False,rest_window_overlap,positive_orders_failed_threshold_or_soft_risk,120,12,"{""macro_aborted_count"":0,""macro_broken_by_query_count"":0,""macro_completed_count"":12,""macro_started_count"":12,""official_delta_measured_macro_gain"":0.0,""query_skipped_due_to_macro"":12}",runtime_top5_decomposition
runs/delta_mpc/20260509/delta_mpc_fallback,20260509,e7a52d984e7e,890bf8ff0144,wait,wait,0.0,0.0,0.0,0.0,-0.0,-0.0,-0.0,-0.0,-0.0,0.0,-0.0,-0.0,-35.0,True,,positive_orders_failed_threshold_or_soft_risk,120,12,"{""macro_aborted_count"":0,""macro_broken_by_query_count"":0,""macro_completed_count"":12,""macro_started_count"":12,""official_delta_measured_macro_gain"":0.0,""query_skipped_due_to_macro"":12}",runtime_top5_decomposition
runs/delta_mpc/20260509/delta_mpc_fallback,20260509,e7a52d984e7e,890bf8ff0144,wait,take_order,328.7,0.0,0.0,0.0,21846.2,-0.0,-0.0,-0.0,-0.0,0.0,-0.0,0.15,-31299.97,False,rest_window_overlap,positive_orders_failed_threshold_or_soft_risk,120,12,"{""macro_aborted_count"":0,""macro_broken_by_query_count"":0,""macro_completed_count"":12,""macro_started_count"":12,""official_delta_measured_macro_gain"":0.0,""query_skipped_due_to_macro"":12}",runtime_top5_decomposition
runs/delta_mpc/20260509/delta_mpc_fallback,20260509,e7a52d984e7e,890bf8ff0144,wait,take_order,594.14,0.0,0.0,0.0,24246.2,-0.0,-0.0,-0.0,-0.0,0.0,-0.0,0.15,-33213.79,False,rest_window_overlap,positive_orders_failed_threshold_or_soft_risk,120,12,"{""macro_aborted_count"":0,""macro_broken_by_query_count"":0,""macro_completed_count"":12,""macro_started_count"":12,""official_delta_measured_macro_gain"":0.0,""query_skipped_due_to_macro"":12}",runtime_top5_decomposition
runs/delta_mpc/20260509/delta_mpc_fallback,20260509,e7a52d984e7e,890bf8ff0144,wait,take_order,839.37,0.0,0.0,0.0,25006.2,-0.0,-0.0,9.44,-0.0,0.0,-0.0,0.15,-33788.24,False,rest_window_overlap,positive_orders_failed_threshold_or_soft_risk,120,12,"{""macro_aborted_count"":0,""macro_broken_by_query_count"":0,""macro_completed_count"":12,""macro_started_count"":12,""official_delta_measured_macro_gain"":0.0,""query_skipped_due_to_macro"":12}",runtime_top5_decomposition
runs/delta_mpc/20260509/delta_mpc_fallback,20260509,e7a52d984e7e,890bf8ff0144,wait,take_order,549.45,0.0,0.0,0.0,25006.2,-0.0,-0.0,17.6,-0.0,0.0,6.28,0.15,-34289.08,False,rest_window_overlap,positive_orders_failed_threshold_or_soft_risk,120,12,"{""macro_aborted_count"":0,""macro_broken_by_query_count"":0,""macro_completed_count"":12,""macro_started_count"":12,""official_delta_measured_macro_gain"":0.0,""query_skipped_due_to_macro"":12}",runtime_top5_decomposition
runs/delta_mpc/20260509/delta_mpc_fallback,20260509,e7a52d984e7e,92595b192fb6,wait,wait,0.0,0.0,0.0,0.0,-0.0,-0.0,-0.0,-0.0,-0.0,0.0,-0.0,-0.0,0.0,True,,daily_rest_guard,0,0,"{""macro_aborted_count"":0,""macro_broken_by_query_count"":0,""macro_completed_count"":13,""macro_started_count"":13,""official_delta_measured_macro_gain"":0.0,""query_skipped_due_to_macro"":13}",runtime_top5_decomposition
runs/delta_mpc/20260509/delta_mpc_fallback,20260509,e7a52d984e7e,ac15ac840544,take_order,take_order,911.83,0.0,0.0,0.0,6.2,-0.0,-0.0,83.84,-0.0,0.0,-0.0,0.15,1199.99,True,,,120,12,"{""macro_aborted_count"":0,""macro_broken_by_query_count"":0,""macro_completed_count"":13,""macro_started_count"":13,""official_delta_measured_macro_gain"":0.0,""query_skipped_due_to_macro"":13}",runtime_top5_decomposition
runs/delta_mpc/20260509/delta_mpc_fallback,20260509,e7a52d984e7e,ac15ac840544,take_order,take_order,594.14,0.0,0.0,0.0,6.2,-0.0,-0.0,-0.0,-0.0,0.0,-0.0,0.15,1125.51,False,lower_delta_mpc_score,,120,12,"{""macro_aborted_count"":0,""macro_broken_by_query_count"":0,""macro_completed_count"":13,""macro_started_count"":13,""official_delta_measured_macro_gain"":0.0,""query_skipped_due_to_macro"":13}",runtime_top5_decomposition
runs/delta_mpc/20260509/delta_mpc_fallback,20260509,e7a52d984e7e,ac15ac840544,take_order,take_order,714.27,0.0,0.0,0.0,6.2,-0.0,-0.0,1.52,-0.0,0.0,-0.0,0.15,1063.69,False,lower_delta_mpc_score,,120,12,"{""macro_aborted_count"":0,""macro_broken_by_query_count"":0,""macro_completed_count"":13,""macro_started_count"":13,""official_delta_measured_macro_gain"":0.0,""query_skipped_due_to_macro"":13}",runtime_top5_decomposition
runs/delta_mpc/20260509/delta_mpc_fallback,20260509,e7a52d984e7e,ac15ac840544,take_order,take_order,713.43,0.0,0.0,0.0,6.2,-0.0,-0.0,12.24,-0.0,0.0,27.17,0.15,955.91,False,lower_delta_mpc_score,,120,12,"{""macro_aborted_count"":0,""macro_broken_by_query_count"":0,""macro_completed_count"":13,""macro_started_count"":13,""official_delta_measured_macro_gain"":0.0,""query_skipped_due_to_macro"":13}",runtime_top5_decomposition
runs/delta_mpc/20260509/delta_mpc_fallback,20260509,e7a52d984e7e,ac15ac840544,take_order,take_order,530.21,0.0,0.0,0.0,6.2,-0.0,-0.0,15.6,-0.0,0.0,-0.0,0.15,774.52,False,lower_delta_mpc_score,,120,12,"{""macro_aborted_count"":0,""macro_broken_by_query_count"":0,""macro_completed_count"":13,""macro_started_count"":13,""official_delta_measured_macro_gain"":0.0,""query_skipped_due_to_macro"":13}",runtime_top5_decomposition
runs/delta_mpc/20260509/delta_mpc_fallback,20260509,e7a52d984e7e,c9ed6c0013d6,wait,wait,0.0,0.0,0.0,0.0,-0.0,-0.0,-0.0,-0.0,-0.0,0.0,-0.0,-0.0,0.0,True,,positive_orders_failed_threshold_or_soft_risk,120,12,"{""macro_aborted_count"":0,""macro_broken_by_query_count"":0,""macro_completed_count"":13,""macro_started_count"":13,""official_delta_measured_macro_gain"":0.0,""query_skipped_due_to_macro"":13}",runtime_top5_decomposition
runs/delta_mpc/20260509/delta_mpc_fallback,20260509,e7a52d984e7e,c9ed6c0013d6,wait,take_order,464.92,0.0,0.0,0.0,20486.2,-0.0,-0.0,-0.0,-0.0,0.0,-0.0,0.15,-29692.16,False,rest_window_overlap,positive_orders_failed_threshold_or_soft_risk,120,12,"{""macro_aborted_count"":0,""macro_broken_by_query_count"":0,""macro_completed_count"":13,""macro_started_count"":13,""official_delta_measured_macro_gain"":0.0,""query_skipped_due_to_macro"":13}",runtime_top5_decomposition
runs/delta_mpc/20260509/delta_mpc_fallback,20260509,e7a52d984e7e,c9ed6c0013d6,wait,take_order,506.49,0.0,0.0,0.0,25006.2,-0.0,-0.0,43.44,-0.0,0.0,-0.0,0.15,-34370.08,False,rest_window_overlap,positive_orders_failed_threshold_or_soft_risk,120,12,"{""macro_aborted_count"":0,""macro_broken_by_query_count"":0,""macro_completed_count"":13,""macro_started_count"":13,""official_delta_measured_macro_gain"":0.0,""query_skipped_due_to_macro"":13}",runtime_top5_decomposition
runs/delta_mpc/20260509/delta_mpc_fallback,20260509,e7a52d984e7e,c9ed6c0013d6,wait,take_order,182.97,0.0,0.0,0.0,25006.2,-0.0,-0.0,-0.0,-0.0,0.0,-0.0,0.15,-34676.07,False,rest_window_overlap,positive_orders_failed_threshold_or_soft_risk,120,12,"{""macro_aborted_count"":0,""macro_broken_by_query_count"":0,""macro_completed_count"":13,""macro_started_count"":13,""official_delta_measured_macro_gain"":0.0,""query_skipped_due_to_macro"":13}",runtime_top5_decomposition
runs/delta_mpc/20260509/delta_mpc_fallback,20260509,e7a52d984e7e,c9ed6c0013d6,wait,take_order,329.89,0.0,0.0,0.0,25006.2,-0.0,-0.0,1.68,-0.0,0.0,214.05,0.15,-34681.08,False,rest_window_overlap,positive_orders_failed_threshold_or_soft_risk,120,12,"{""macro_aborted_count"":0,""macro_broken_by_query_count"":0,""macro_completed_count"":13,""macro_started_count"":13,""official_delta_measured_macro_gain"":0.0,""query_skipped_due_to_macro"":13}",runtime_top5_decomposition
runs/delta_mpc/20260509/delta_mpc_fallback,20260509,e7a52d984e7e,1ffb8d4dbd38,wait,wait,0.0,0.0,0.0,0.0,-0.0,-0.0,-0.0,-0.0,-0.0,0.0,-0.0,-0.0,0.0,True,,daily_rest_guard,0,0,"{""macro_aborted_count"":0,""macro_broken_by_query_count"":0,""macro_completed_count"":14,""macro_started_count"":14,""official_delta_measured_macro_gain"":0.0,""query_skipped_due_to_macro"":14}",runtime_top5_decomposition
runs/delta_mpc/20260509/delta_mpc_fallback,20260509,e7a52d984e7e,9ef0af623925,take_order,take_order,588.69,0.0,0.0,0.0,6.2,-0.0,-0.0,16.32,-0.0,0.0,-0.0,0.15,774.33,True,,,120,12,"{""macro_aborted_count"":0,""macro_broken_by_query_count"":0,""macro_completed_count"":14,""macro_started_count"":14,""official_delta_measured_macro_gain"":0.0,""query_skipped_due_to_macro"":14}",runtime_top5_decomposition
runs/delta_mpc/20260509/delta_mpc_fallback,20260509,e7a52d984e7e,9ef0af623925,take_order,take_order,453.82,0.0,0.0,0.0,6.2,-0.0,-0.0,2.0,-0.0,0.0,43.53,0.15,623.37,False,lower_delta_mpc_score,,120,12,"{""macro_aborted_count"":0,""macro_broken_by_query_count"":0,""macro_completed_count"":14,""macro_started_count"":14,""official_delta_measured_macro_gain"":0.0,""query_skipped_due_to_macro"":14}",runtime_top5_decomposition
runs/delta_mpc/20260509/delta_mpc_fallback,20260509,e7a52d984e7e,9ef0af623925,take_order,take_order,475.45,0.0,0.0,0.0,6.2,-0.0,-0.0,18.24,-0.0,0.0,-0.0,0.15,617.78,False,lower_delta_mpc_score,,120,12,"{""macro_aborted_count"":0,""macro_broken_by_query_count"":0,""macro_completed_count"":14,""macro_started_count"":14,""official_delta_measured_macro_gain"":0.0,""query_skipped_due_to_macro"":14}",runtime_top5_decomposition
runs/delta_mpc/20260509/delta_mpc_fallback,20260509,e7a52d984e7e,9ef0af623925,take_order,take_order,182.97,0.0,0.0,0.0,6.2,-0.0,-0.0,-0.0,-0.0,0.0,-0.0,0.15,300.6,False,lower_delta_mpc_score,,120,12,"{""macro_aborted_count"":0,""macro_broken_by_query_count"":0,""macro_completed_count"":14,""macro_started_count"":14,""official_delta_measured_macro_gain"":0.0,""query_skipped_due_to_macro"":14}",runtime_top5_decomposition
runs/delta_mpc/20260509/delta_mpc_fallback,20260509,e7a52d984e7e,9ef0af623925,take_order,take_order,329.89,0.0,0.0,0.0,6.2,-0.0,-0.0,1.68,-0.0,0.0,214.05,0.15,295.59,False,lower_delta_mpc_score,,120,12,"{""macro_aborted_count"":0,""macro_broken_by_query_count"":0,""macro_completed_count"":14,""macro_started_count"":14,""official_delta_measured_macro_gain"":0.0,""query_skipped_due_to_macro"":14}",runtime_top5_decomposition
runs/delta_mpc/20260509/delta_mpc_fallback,20260509,e7a52d984e7e,488c75998749,wait,wait,0.0,0.0,0.0,0.0,-0.0,-0.0,-0.0,-0.0,-0.0,0.0,-0.0,-0.0,0.0,True,,positive_orders_failed_threshold_or_soft_risk,120,12,"{""macro_aborted_count"":0,""macro_broken_by_query_count"":0,""macro_completed_count"":14,""macro_started_count"":14,""official_delta_measured_macro_gain"":0.0,""query_skipped_due_to_macro"":14}",runtime_top5_decomposition
runs/delta_mpc/20260509/delta_mpc_fallback,20260509,e7a52d984e7e,488c75998749,wait,take_order,101.82,0.0,0.0,0.0,11446.2,-0.0,-0.0,-0.0,-0.0,0.0,-0.0,0.15,-21265.03,False,rest_window_overlap,positive_orders_failed_threshold_or_soft_risk,120,12,"{""macro_aborted_count"":0,""macro_broken_by_query_count"":0,""macro_completed_count"":14,""macro_started_count"":14,""official_delta_measured_macro_gain"":0.0,""query_skipped_due_to_macro"":14}",runtime_top5_decomposition
runs/delta_mpc/20260509/delta_mpc_fallback,20260509,e7a52d984e7e,488c75998749,wait,take_order,124.56,0.0,0.0,0.0,11526.2,-0.0,-0.0,-0.0,-0.0,0.0,-0.0,0.15,-21306.27,False,rest_window_overlap,positive_orders_failed_threshold_or_soft_risk,120,12,"{""macro_aborted_count"":0,""macro_broken_by_query_count"":0,""macro_completed_count"":14,""macro_started_count"":14,""official_delta_measured_macro_gain"":0.0,""query_skipped_due_to_macro"":14}",runtime_top5_decomposition
runs/delta_mpc/20260509/delta_mpc_fallback,20260509,e7a52d984e7e,488c75998749,wait,take_order,54.31,0.0,0.0,0.0,14166.2,-0.0,-0.0,-0.0,-0.0,0.0,-0.0,0.15,-24070.17,False,rest_window_overlap,positive_orders_failed_threshold_or_soft_risk,120,12,"{""macro_aborted_count"":0,""macro_broken_by_query_count"":0,""macro_completed_count"":14,""macro_started_count"":14,""official_delta_measured_macro_gain"":0.0,""query_skipped_due_to_macro"":14}",runtime_top5_decomposition
runs/delta_mpc/20260509/delta_mpc_fallback,20260509,e7a52d984e7e,488c75998749,wait,take_order,309.75,0.0,0.0,0.0,15126.2,-0.0,-0.0,-0.0,-0.0,0.0,-0.0,0.15,-24614.94,False,rest_window_overlap,positive_orders_failed_threshold_or_soft_risk,120,12,"{""macro_aborted_count"":0,""macro_broken_by_query_count"":0,""macro_completed_count"":14,""macro_started_count"":14,""official_delta_measured_macro_gain"":0.0,""query_skipped_due_to_macro"":14}",runtime_top5_decomposition
runs/delta_mpc/20260509/delta_mpc_fallback,20260509,e7a52d984e7e,0f670d725372,wait,wait,0.0,0.0,0.0,0.0,-0.0,-0.0,-0.0,-0.0,-0.0,0.0,-0.0,-0.0,-35.0,True,,positive_orders_failed_threshold_or_soft_risk,120,12,"{""macro_aborted_count"":0,""macro_broken_by_query_count"":0,""macro_completed_count"":14,""macro_started_count"":14,""official_delta_measured_macro_gain"":0.0,""query_skipped_due_to_macro"":14}",runtime_top5_decomposition
runs/delta_mpc/20260509/delta_mpc_fallback,20260509,e7a52d984e7e,0f670d725372,wait,take_order,101.82,0.0,0.0,0.0,24406.2,-0.0,-0.0,-0.0,-0.0,0.0,-0.0,0.15,-34230.43,False,rest_window_overlap,positive_orders_failed_threshold_or_soft_risk,120,12,"{""macro_aborted_count"":0,""macro_broken_by_query_count"":0,""macro_completed_count"":14,""macro_started_count"":14,""official_delta_measured_macro_gain"":0.0,""query_skipped_due_to_macro"":14}",runtime_top5_decomposition
runs/delta_mpc/20260509/delta_mpc_fallback,20260509,e7a52d984e7e,0f670d725372,wait,take_order,124.56,0.0,0.0,0.0,24486.2,-0.0,-0.0,-0.0,-0.0,0.0,-0.0,0.15,-34271.67,False,rest_window_overlap,positive_orders_failed_threshold_or_soft_risk,120,12,"{""macro_aborted_count"":0,""macro_broken_by_query_count"":0,""macro_completed_count"":14,""macro_started_count"":14,""official_delta_measured_macro_gain"":0.0,""query_skipped_due_to_macro"":14}",runtime_top5_decomposition
runs/delta_mpc/20260509/delta_mpc_fallback,20260509,e7a52d984e7e,0f670d725372,wait,take_order,398.94,0.0,0.0,0.0,25006.2,-0.0,-0.0,1.44,-0.0,0.0,-0.0,0.15,-34415.44,False,rest_window_overlap,positive_orders_failed_threshold_or_soft_risk,120,12,"{""macro_aborted_count"":0,""macro_broken_by_query_count"":0,""macro_completed_count"":14,""macro_started_count"":14,""official_delta_measured_macro_gain"":0.0,""query_skipped_due_to_macro"":14}",runtime_top5_decomposition
runs/delta_mpc/20260509/delta_mpc_fallback,20260509,e7a52d984e7e,0f670d725372,wait,take_order,309.75,0.0,0.0,0.0,25006.2,-0.0,-0.0,-0.0,-0.0,0.0,-0.0,0.15,-34500.33,False,rest_window_overlap,positive_orders_failed_threshold_or_soft_risk,120,12,"{""macro_aborted_count"":0,""macro_broken_by_query_count"":0,""macro_completed_count"":14,""macro_started_count"":14,""official_delta_measured_macro_gain"":0.0,""query_skipped_due_to_macro"":14}",runtime_top5_decomposition
runs/delta_mpc/20260509/delta_mpc_fallback,20260509,e7a52d984e7e,8fb66eeceec3,wait,wait,0.0,0.0,0.0,0.0,-0.0,-0.0,-0.0,-0.0,-0.0,0.0,-0.0,-0.0,0.0,True,,periodic_full_rest_guard,0,0,"{""macro_aborted_count"":0,""macro_broken_by_query_count"":0,""macro_completed_count"":15,""macro_started_count"":15,""official_delta_measured_macro_gain"":0.0,""query_skipped_due_to_macro"":15}",runtime_top5_decomposition
runs/delta_mpc/20260509/delta_mpc_fallback,20260509,e7a52d984e7e,a73a395abc53,wait,wait,0.0,0.0,0.0,0.0,-0.0,-0.0,-0.0,-0.0,-0.0,0.0,-0.0,-0.0,0.0,True,,daily_rest_guard,0,0,"{""macro_aborted_count"":0,""macro_broken_by_query_count"":0,""macro_completed_count"":16,""macro_started_count"":16,""official_delta_measured_macro_gain"":0.0,""query_skipped_due_to_macro"":16}",runtime_top5_decomposition
runs/delta_mpc/20260509/delta_mpc_fallback,20260509,e7a52d984e7e,ed0f2db053dc,take_order,take_order,450.0,0.0,0.0,0.0,6.2,-0.0,-0.0,-0.0,-0.0,0.0,-0.0,0.15,693.1,True,,,120,12,"{""macro_aborted_count"":0,""macro_broken_by_query_count"":0,""macro_completed_count"":16,""macro_started_count"":16,""official_delta_measured_macro_gain"":0.0,""query_skipped_due_to_macro"":16}",runtime_top5_decomposition
runs/delta_mpc/20260509/delta_mpc_fallback,20260509,e7a52d984e7e,ed0f2db053dc,take_order,take_order,451.07,0.0,0.0,0.0,6.2,-0.0,-0.0,17.84,-0.0,0.0,-0.0,0.15,584.63,False,lower_delta_mpc_score,,120,12,"{""macro_aborted_count"":0,""macro_broken_by_query_count"":0,""macro_completed_count"":16,""macro_started_count"":16,""official_delta_measured_macro_gain"":0.0,""query_skipped_due_to_macro"":16}",runtime_top5_decomposition
runs/delta_mpc/20260509/delta_mpc_fallback,20260509,e7a52d984e7e,ed0f2db053dc,take_order,take_order,297.51,0.0,0.0,0.0,6.2,-0.0,-0.0,-0.0,-0.0,0.0,-0.0,0.15,509.81,False,lower_delta_mpc_score,,120,12,"{""macro_aborted_count"":0,""macro_broken_by_query_count"":0,""macro_completed_count"":16,""macro_started_count"":16,""official_delta_measured_macro_gain"":0.0,""query_skipped_due_to_macro"":16}",runtime_top5_decomposition
runs/delta_mpc/20260509/delta_mpc_fallback,20260509,e7a52d984e7e,ed0f2db053dc,take_order,take_order,315.48,0.0,0.0,0.0,6.2,-0.0,-0.0,-0.0,-0.0,0.0,-0.0,0.15,478.92,False,lower_delta_mpc_score,,120,12,"{""macro_aborted_count"":0,""macro_broken_by_query_count"":0,""macro_completed_count"":16,""macro_started_count"":16,""official_delta_measured_macro_gain"":0.0,""query_skipped_due_to_macro"":16}",runtime_top5_decomposition
runs/delta_mpc/20260509/delta_mpc_fallback,20260509,e7a52d984e7e,ed0f2db053dc,take_order,take_order,288.56,0.0,0.0,0.0,6.2,-0.0,-0.0,7.76,-0.0,0.0,-0.0,0.15,400.23,False,lower_delta_mpc_score,,120,12,"{""macro_aborted_count"":0,""macro_broken_by_query_count"":0,""macro_completed_count"":16,""macro_started_count"":16,""official_delta_measured_macro_gain"":0.0,""query_skipped_due_to_macro"":16}",runtime_top5_decomposition
runs/delta_mpc/20260509/delta_mpc_fallback,20260509,e7a52d984e7e,b200fb711e55,take_order,take_order,306.2,0.0,0.0,0.0,6.2,-0.0,-0.0,-0.0,-0.0,0.0,-0.0,0.15,486.78,True,,,120,12,"{""macro_aborted_count"":0,""macro_broken_by_query_count"":0,""macro_completed_count"":16,""macro_started_count"":16,""official_delta_measured_macro_gain"":0.0,""query_skipped_due_to_macro"":16}",runtime_top5_decomposition
runs/delta_mpc/20260509/delta_mpc_fallback,20260509,e7a52d984e7e,b200fb711e55,take_order,take_order,292.85,0.0,0.0,0.0,6.2,-0.0,-0.0,-0.0,-0.0,0.0,-0.0,0.15,462.15,False,lower_delta_mpc_score,,120,12,"{""macro_aborted_count"":0,""macro_broken_by_query_count"":0,""macro_completed_count"":16,""macro_started_count"":16,""official_delta_measured_macro_gain"":0.0,""query_skipped_due_to_macro"":16}",runtime_top5_decomposition
runs/delta_mpc/20260509/delta_mpc_fallback,20260509,e7a52d984e7e,b200fb711e55,take_order,take_order,278.77,0.0,0.0,0.0,6.2,-0.0,-0.0,-0.0,-0.0,0.0,-0.0,0.15,433.78,False,lower_delta_mpc_score,,120,12,"{""macro_aborted_count"":0,""macro_broken_by_query_count"":0,""macro_completed_count"":16,""macro_started_count"":16,""official_delta_measured_macro_gain"":0.0,""query_skipped_due_to_macro"":16}",runtime_top5_decomposition
runs/delta_mpc/20260509/delta_mpc_fallback,20260509,e7a52d984e7e,b200fb711e55,take_order,take_order,126.51,0.0,0.0,0.0,6.2,-0.0,-0.0,-0.0,-0.0,0.0,-0.0,0.15,196.67,False,lower_delta_mpc_score,,120,12,"{""macro_aborted_count"":0,""macro_broken_by_query_count"":0,""macro_completed_count"":16,""macro_started_count"":16,""official_delta_measured_macro_gain"":0.0,""query_skipped_due_to_macro"":16}",runtime_top5_decomposition
runs/delta_mpc/20260509/delta_mpc_fallback,20260509,e7a52d984e7e,b200fb711e55,take_order,take_order,57.49,0.0,0.0,0.0,6.2,-0.0,-0.0,-0.0,-0.0,0.0,-0.0,0.15,155.64,False,lower_delta_mpc_score,,120,12,"{""macro_aborted_count"":0,""macro_broken_by_query_count"":0,""macro_completed_count"":16,""macro_started_count"":16,""official_delta_measured_macro_gain"":0.0,""query_skipped_due_to_macro"":16}",runtime_top5_decomposition
runs/delta_mpc/20260509/delta_mpc_fallback,20260509,e7a52d984e7e,5bf82bdb4d8a,wait,wait,0.0,0.0,0.0,0.0,-0.0,-0.0,-0.0,-0.0,-0.0,0.0,-0.0,-0.0,0.0,True,,positive_orders_failed_threshold_or_soft_risk,120,12,"{""macro_aborted_count"":0,""macro_broken_by_query_count"":0,""macro_completed_count"":16,""macro_started_count"":16,""official_delta_measured_macro_gain"":0.0,""query_skipped_due_to_macro"":16}",runtime_top5_decomposition
runs/delta_mpc/20260509/delta_mpc_fallback,20260509,e7a52d984e7e,5bf82bdb4d8a,wait,take_order,285.27,0.0,0.0,0.0,25006.2,-0.0,-0.0,-0.0,-0.0,0.0,-0.0,0.15,-34572.07,False,rest_window_overlap,positive_orders_failed_threshold_or_soft_risk,120,12,"{""macro_aborted_count"":0,""macro_broken_by_query_count"":0,""macro_completed_count"":16,""macro_started_count"":16,""official_delta_measured_macro_gain"":0.0,""query_skipped_due_to_macro"":16}",runtime_top5_decomposition
runs/delta_mpc/20260509/delta_mpc_fallback,20260509,e7a52d984e7e,5bf82bdb4d8a,wait,take_order,282.31,0.0,0.0,0.0,25006.2,-0.0,-0.0,17.84,-0.0,0.0,-0.0,0.15,-34628.69,False,rest_window_overlap,positive_orders_failed_threshold_or_soft_risk,120,12,"{""macro_aborted_count"":0,""macro_broken_by_query_count"":0,""macro_completed_count"":16,""macro_started_count"":16,""official_delta_measured_macro_gain"":0.0,""query_skipped_due_to_macro"":16}",runtime_top5_decomposition
runs/delta_mpc/20260509/delta_mpc_fallback,20260509,e7a52d984e7e,5bf82bdb4d8a,wait,take_order,244.15,0.0,0.0,0.0,25006.2,-0.0,-0.0,9.28,-0.0,0.0,-0.0,0.15,-34672.35,False,rest_window_overlap,positive_orders_failed_threshold_or_soft_risk,120,12,"{""macro_aborted_count"":0,""macro_broken_by_query_count"":0,""macro_completed_count"":16,""macro_started_count"":16,""official_delta_measured_macro_gain"":0.0,""query_skipped_due_to_macro"":16}",runtime_top5_decomposition
runs/delta_mpc/20260509/delta_mpc_fallback,20260509,e7a52d984e7e,5bf82bdb4d8a,wait,take_order,73.58,0.0,0.0,0.0,25006.2,-0.0,-0.0,7.68,-0.0,0.0,-0.0,0.15,-34860.97,False,rest_window_overlap,positive_orders_failed_threshold_or_soft_risk,120,12,"{""macro_aborted_count"":0,""macro_broken_by_query_count"":0,""macro_completed_count"":16,""macro_started_count"":16,""official_delta_measured_macro_gain"":0.0,""query_skipped_due_to_macro"":16}",runtime_top5_decomposition
runs/delta_mpc/20260509/delta_mpc_fallback,20260509,e7a52d984e7e,1480ce0c0b3d,wait,wait,0.0,0.0,0.0,0.0,-0.0,-0.0,-0.0,-0.0,-0.0,0.0,-0.0,-0.0,0.0,True,,daily_rest_guard,0,0,"{""macro_aborted_count"":0,""macro_broken_by_query_count"":0,""macro_completed_count"":17,""macro_started_count"":17,""official_delta_measured_macro_gain"":0.0,""query_skipped_due_to_macro"":17}",runtime_top5_decomposition
runs/delta_mpc/20260509/delta_mpc_fallback,20260509,e7a52d984e7e,6926135d98e2,take_order,take_order,281.44,0.0,0.0,0.0,6.2,-0.0,-0.0,-0.0,-0.0,0.0,-0.0,0.15,585.1,True,,,120,12,"{""macro_aborted_count"":0,""macro_broken_by_query_count"":0,""macro_completed_count"":17,""macro_started_count"":17,""official_delta_measured_macro_gain"":0.0,""query_skipped_due_to_macro"":17}",runtime_top5_decomposition
runs/delta_mpc/20260509/delta_mpc_fallback,20260509,e7a52d984e7e,6926135d98e2,take_order,take_order,266.02,0.0,0.0,0.0,6.2,-0.0,-0.0,-0.0,-0.0,0.0,-0.0,0.15,494.26,False,lower_delta_mpc_score,,120,12,"{""macro_aborted_count"":0,""macro_broken_by_query_count"":0,""macro_completed_count"":17,""macro_started_count"":17,""official_delta_measured_macro_gain"":0.0,""query_skipped_due_to_macro"":17}",runtime_top5_decomposition
runs/delta_mpc/20260509/delta_mpc_fallback,20260509,e7a52d984e7e,6926135d98e2,take_order,take_order,175.63,0.0,0.0,0.0,6.2,-0.0,-0.0,-0.0,-0.0,0.0,-0.0,0.15,300.73,False,lower_delta_mpc_score,,120,12,"{""macro_aborted_count"":0,""macro_broken_by_query_count"":0,""macro_completed_count"":17,""macro_started_count"":17,""official_delta_measured_macro_gain"":0.0,""query_skipped_due_to_macro"":17}",runtime_top5_decomposition
runs/delta_mpc/20260509/delta_mpc_fallback,20260509,e7a52d984e7e,6926135d98e2,take_order,take_order,114.21,0.0,0.0,0.0,6.2,-0.0,-0.0,0.4,-0.0,0.0,-0.0,0.15,165.72,False,lower_delta_mpc_score,,120,12,"{""macro_aborted_count"":0,""macro_broken_by_query_count"":0,""macro_completed_count"":17,""macro_started_count"":17,""official_delta_measured_macro_gain"":0.0,""query_skipped_due_to_macro"":17}",runtime_top5_decomposition
runs/delta_mpc/20260509/delta_mpc_fallback,20260509,e7a52d984e7e,6926135d98e2,take_order,take_order,109.26,0.0,0.0,0.0,6.2,-0.0,-0.0,7.52,-0.0,0.0,-0.0,0.15,148.82,False,lower_delta_mpc_score,,120,12,"{""macro_aborted_count"":0,""macro_broken_by_query_count"":0,""macro_completed_count"":17,""macro_started_count"":17,""official_delta_measured_macro_gain"":0.0,""query_skipped_due_to_macro"":17}",runtime_top5_decomposition
runs/delta_mpc/20260509/delta_mpc_fallback,20260509,e7a52d984e7e,469167f218bd,take_order,take_order,431.67,0.0,0.0,0.0,6.2,-0.0,-0.0,0.64,-0.0,0.0,-0.0,0.15,658.92,True,,,120,12,"{""macro_aborted_count"":0,""macro_broken_by_query_count"":0,""macro_completed_count"":17,""macro_started_count"":17,""official_delta_measured_macro_gain"":0.0,""query_skipped_due_to_macro"":17}",runtime_top5_decomposition
runs/delta_mpc/20260509/delta_mpc_fallback,20260509,e7a52d984e7e,469167f218bd,take_order,take_order,276.84,0.0,0.0,0.0,6.2,-0.0,-0.0,-0.0,-0.0,0.0,-0.0,0.15,465.86,False,lower_delta_mpc_score,,120,12,"{""macro_aborted_count"":0,""macro_broken_by_query_count"":0,""macro_completed_count"":17,""macro_started_count"":17,""official_delta_measured_macro_gain"":0.0,""query_skipped_due_to_macro"":17}",runtime_top5_decomposition
runs/delta_mpc/20260509/delta_mpc_fallback,20260509,e7a52d984e7e,469167f218bd,take_order,take_order,267.74,0.0,0.0,0.0,6.2,-0.0,-0.0,2.08,-0.0,0.0,-0.0,0.15,392.24,False,lower_delta_mpc_score,,120,12,"{""macro_aborted_count"":0,""macro_broken_by_query_count"":0,""macro_completed_count"":17,""macro_started_count"":17,""official_delta_measured_macro_gain"":0.0,""query_skipped_due_to_macro"":17}",runtime_top5_decomposition
runs/delta_mpc/20260509/delta_mpc_fallback,20260509,e7a52d984e7e,469167f218bd,take_order,take_order,204.91,0.0,0.0,0.0,6.2,-0.0,-0.0,-0.0,-0.0,0.0,-0.0,0.15,388.93,False,lower_delta_mpc_score,,120,12,"{""macro_aborted_count"":0,""macro_broken_by_query_count"":0,""macro_completed_count"":17,""macro_started_count"":17,""official_delta_measured_macro_gain"":0.0,""query_skipped_due_to_macro"":17}",runtime_top5_decomposition
runs/delta_mpc/20260509/delta_mpc_fallback,20260509,e7a52d984e7e,469167f218bd,take_order,take_order,216.31,0.0,0.0,0.0,6.2,-0.0,-0.0,11.52,-0.0,0.0,-0.0,0.15,291.58,False,lower_delta_mpc_score,,120,12,"{""macro_aborted_count"":0,""macro_broken_by_query_count"":0,""macro_completed_count"":17,""macro_started_count"":17,""official_delta_measured_macro_gain"":0.0,""query_skipped_due_to_macro"":17}",runtime_top5_decomposition
runs/delta_mpc/20260509/delta_mpc_fallback,20260509,e7a52d984e7e,f6ccb5d12b4f,wait,wait,0.0,0.0,0.0,0.0,-0.0,-0.0,-0.0,-0.0,-0.0,0.0,-0.0,-0.0,0.0,True,,positive_orders_failed_threshold_or_soft_risk,120,12,"{""macro_aborted_count"":0,""macro_broken_by_query_count"":0,""macro_completed_count"":17,""macro_started_count"":17,""official_delta_measured_macro_gain"":0.0,""query_skipped_due_to_macro"":17}",runtime_top5_decomposition
runs/delta_mpc/20260509/delta_mpc_fallback,20260509,e7a52d984e7e,f6ccb5d12b4f,wait,take_order,90.17,0.0,0.0,0.0,17686.2,-0.0,-0.0,-0.0,-0.0,0.0,-0.0,0.15,-27485.19,False,rest_window_overlap,positive_orders_failed_threshold_or_soft_risk,120,12,"{""macro_aborted_count"":0,""macro_broken_by_query_count"":0,""macro_completed_count"":17,""macro_started_count"":17,""official_delta_measured_macro_gain"":0.0,""query_skipped_due_to_macro"":17}",runtime_top5_decomposition
runs/delta_mpc/20260509/delta_mpc_fallback,20260509,e7a52d984e7e,f6ccb5d12b4f,wait,take_order,21.78,0.0,0.0,0.0,20966.2,-0.0,-0.0,-0.0,-0.0,0.0,-0.0,0.15,-30926.72,False,rest_window_overlap,positive_orders_failed_threshold_or_soft_risk,120,12,"{""macro_aborted_count"":0,""macro_broken_by_query_count"":0,""macro_completed_count"":17,""macro_started_count"":17,""official_delta_measured_macro_gain"":0.0,""query_skipped_due_to_macro"":17}",runtime_top5_decomposition
runs/delta_mpc/20260509/delta_mpc_fallback,20260509,e7a52d984e7e,f6ccb5d12b4f,wait,take_order,233.13,0.0,0.0,0.0,21846.2,-0.0,-0.0,-0.0,-0.0,0.0,-0.0,0.15,-31480.91,False,rest_window_overlap,positive_orders_failed_threshold_or_soft_risk,120,12,"{""macro_aborted_count"":0,""macro_broken_by_query_count"":0,""macro_completed_count"":17,""macro_started_count"":17,""official_delta_measured_macro_gain"":0.0,""query_skipped_due_to_macro"":17}",runtime_top5_decomposition
runs/delta_mpc/20260509/delta_mpc_fallback,20260509,e7a52d984e7e,f6ccb5d12b4f,wait,take_order,60.71,0.0,0.0,0.0,22326.2,-0.0,-0.0,-0.0,-0.0,0.0,-0.0,0.15,-32226.71,False,rest_window_overlap,positive_orders_failed_threshold_or_soft_risk,120,12,"{""macro_aborted_count"":0,""macro_broken_by_query_count"":0,""macro_completed_count"":17,""macro_started_count"":17,""official_delta_measured_macro_gain"":0.0,""query_skipped_due_to_macro"":17}",runtime_top5_decomposition
runs/delta_mpc/20260509/delta_mpc_fallback,20260509,e7a52d984e7e,4c7049092540,wait,wait,0.0,0.0,0.0,0.0,-0.0,-0.0,-0.0,-0.0,-0.0,0.0,-0.0,-0.0,0.0,True,,daily_rest_guard,120,12,"{""macro_aborted_count"":0,""macro_broken_by_query_count"":0,""macro_completed_count"":18,""macro_started_count"":18,""official_delta_measured_macro_gain"":0.0,""query_skipped_due_to_macro"":18}",runtime_top5_decomposition
runs/delta_mpc/20260509/delta_mpc_fallback,20260509,e7a52d984e7e,4c7049092540,wait,wait,0.0,0.0,0.0,0.0,-0.0,-0.0,-0.0,-0.0,-0.0,0.0,-0.0,-0.0,-35.0,False,lower_delta_mpc_score_or_no_macro_commitment,daily_rest_guard,120,12,"{""macro_aborted_count"":0,""macro_broken_by_query_count"":0,""macro_completed_count"":18,""macro_started_count"":18,""official_delta_measured_macro_gain"":0.0,""query_skipped_due_to_macro"":18}",runtime_top5_decomposition
runs/delta_mpc/20260509/delta_mpc_fallback,20260509,e7a52d984e7e,4c7049092540,wait,take_order,728.14,0.0,0.0,0.0,25006.2,-0.0,-0.0,9.6,-0.0,0.0,-0.0,0.15,-33984.68,False,rest_window_overlap,daily_rest_guard,120,12,"{""macro_aborted_count"":0,""macro_broken_by_query_count"":0,""macro_completed_count"":18,""macro_started_count"":18,""official_delta_measured_macro_gain"":0.0,""query_skipped_due_to_macro"":18}",runtime_top5_decomposition
runs/delta_mpc/20260509/delta_mpc_fallback,20260509,e7a52d984e7e,4c7049092540,wait,take_order,343.89,0.0,0.0,0.0,25006.2,-0.0,-0.0,205.04,-0.0,0.0,-0.0,0.15,-34736.54,False,rest_window_overlap,daily_rest_guard,120,12,"{""macro_aborted_count"":0,""macro_broken_by_query_count"":0,""macro_completed_count"":18,""macro_started_count"":18,""official_delta_measured_macro_gain"":0.0,""query_skipped_due_to_macro"":18}",runtime_top5_decomposition
runs/delta_mpc/20260509/delta_mpc_fallback,20260509,e7a52d984e7e,4c7049092540,wait,take_order,172.69,0.0,0.0,0.0,25006.2,-0.0,-0.0,8.48,-0.0,0.0,-0.0,0.15,-34751.53,False,rest_window_overlap,daily_rest_guard,120,12,"{""macro_aborted_count"":0,""macro_broken_by_query_count"":0,""macro_completed_count"":18,""macro_started_count"":18,""official_delta_measured_macro_gain"":0.0,""query_skipped_due_to_macro"":18}",runtime_top5_decomposition
runs/delta_mpc/20260509/delta_mpc_fallback,20260509,e7a52d984e7e,b2938550c50d,take_order,take_order,488.14,0.0,0.0,0.0,6.2,-0.0,-0.0,1.68,-0.0,0.0,-0.0,0.15,727.69,True,,,120,12,"{""macro_aborted_count"":0,""macro_broken_by_query_count"":0,""macro_completed_count"":18,""macro_started_count"":18,""official_delta_measured_macro_gain"":0.0,""query_skipped_due_to_macro"":18}",runtime_top5_decomposition
runs/delta_mpc/20260509/delta_mpc_fallback,20260509,e7a52d984e7e,b2938550c50d,take_order,take_order,343.89,0.0,0.0,0.0,6.2,-0.0,-0.0,-0.0,-0.0,0.0,-0.0,0.15,625.86,False,lower_delta_mpc_score,,120,12,"{""macro_aborted_count"":0,""macro_broken_by_query_count"":0,""macro_completed_count"":18,""macro_started_count"":18,""official_delta_measured_macro_gain"":0.0,""query_skipped_due_to_macro"":18}",runtime_top5_decomposition
runs/delta_mpc/20260509/delta_mpc_fallback,20260509,e7a52d984e7e,b2938550c50d,take_order,take_order,433.18,0.0,0.0,0.0,6.2,-0.0,-0.0,4.24,-0.0,0.0,-0.0,0.15,625.39,False,lower_delta_mpc_score,,120,12,"{""macro_aborted_count"":0,""macro_broken_by_query_count"":0,""macro_completed_count"":18,""macro_started_count"":18,""official_delta_measured_macro_gain"":0.0,""query_skipped_due_to_macro"":18}",runtime_top5_decomposition
runs/delta_mpc/20260509/delta_mpc_fallback,20260509,e7a52d984e7e,b2938550c50d,take_order,take_order,340.66,0.0,0.0,0.0,6.2,-0.0,-0.0,-0.0,-0.0,0.0,-0.0,0.15,527.32,False,lower_delta_mpc_score,,120,12,"{""macro_aborted_count"":0,""macro_broken_by_query_count"":0,""macro_completed_count"":18,""macro_started_count"":18,""official_delta_measured_macro_gain"":0.0,""query_skipped_due_to_macro"":18}",runtime_top5_decomposition
runs/delta_mpc/20260509/delta_mpc_fallback,20260509,e7a52d984e7e,b2938550c50d,take_order,take_order,322.21,0.0,0.0,0.0,6.2,-0.0,-0.0,-0.0,-0.0,0.0,-0.0,0.15,485.79,False,lower_delta_mpc_score,,120,12,"{""macro_aborted_count"":0,""macro_broken_by_query_count"":0,""macro_completed_count"":18,""macro_started_count"":18,""official_delta_measured_macro_gain"":0.0,""query_skipped_due_to_macro"":18}",runtime_top5_decomposition
runs/delta_mpc/20260509/delta_mpc_fallback,20260509,e7a52d984e7e,b012dfe5fff3,take_order,take_order,173.9,0.0,0.0,0.0,6.2,-0.0,-0.0,-0.0,-0.0,0.0,-0.0,0.15,310.63,True,,,120,12,"{""macro_aborted_count"":0,""macro_broken_by_query_count"":0,""macro_completed_count"":18,""macro_started_count"":18,""official_delta_measured_macro_gain"":0.0,""query_skipped_due_to_macro"":18}",runtime_top5_decomposition
runs/delta_mpc/20260509/delta_mpc_fallback,20260509,e7a52d984e7e,b012dfe5fff3,take_order,take_order,163.39,0.0,0.0,0.0,6.2,-0.0,-0.0,-0.0,-0.0,0.0,-0.0,0.15,293.85,False,lower_delta_mpc_score,,120,12,"{""macro_aborted_count"":0,""macro_broken_by_query_count"":0,""macro_completed_count"":18,""macro_started_count"":18,""official_delta_measured_macro_gain"":0.0,""query_skipped_due_to_macro"":18}",runtime_top5_decomposition
runs/delta_mpc/20260509/delta_mpc_fallback,20260509,e7a52d984e7e,b012dfe5fff3,take_order,take_order,99.07,0.0,0.0,0.0,6.2,-0.0,-0.0,-0.0,-0.0,0.0,-0.0,0.15,223.07,False,lower_delta_mpc_score,,120,12,"{""macro_aborted_count"":0,""macro_broken_by_query_count"":0,""macro_completed_count"":18,""macro_started_count"":18,""official_delta_measured_macro_gain"":0.0,""query_skipped_due_to_macro"":18}",runtime_top5_decomposition
runs/delta_mpc/20260509/delta_mpc_fallback,20260509,e7a52d984e7e,b012dfe5fff3,take_order,take_order,54.88,0.0,0.0,0.0,6.2,-0.0,-0.0,-0.0,-0.0,0.0,-0.0,0.15,90.85,False,lower_delta_mpc_score,,120,12,"{""macro_aborted_count"":0,""macro_broken_by_query_count"":0,""macro_completed_count"":18,""macro_started_count"":18,""official_delta_measured_macro_gain"":0.0,""query_skipped_due_to_macro"":18}",runtime_top5_decomposition
runs/delta_mpc/20260509/delta_mpc_fallback,20260509,e7a52d984e7e,b012dfe5fff3,take_order,take_order,45.82,0.0,0.0,0.0,6.2,-0.0,-0.0,-0.0,-0.0,0.0,-0.0,0.15,89.14,False,lower_delta_mpc_score,,120,12,"{""macro_aborted_count"":0,""macro_broken_by_query_count"":0,""macro_completed_count"":18,""macro_started_count"":18,""official_delta_measured_macro_gain"":0.0,""query_skipped_due_to_macro"":18}",runtime_top5_decomposition
runs/delta_mpc/20260509/delta_mpc_fallback,20260509,e7a52d984e7e,09e04d3f6e3c,wait,wait,0.0,0.0,0.0,0.0,-0.0,-0.0,-0.0,-0.0,-0.0,0.0,-0.0,-0.0,0.0,True,,positive_orders_failed_threshold_or_soft_risk,120,12,"{""macro_aborted_count"":0,""macro_broken_by_query_count"":0,""macro_completed_count"":18,""macro_started_count"":18,""official_delta_measured_macro_gain"":0.0,""query_skipped_due_to_macro"":18}",runtime_top5_decomposition
runs/delta_mpc/20260509/delta_mpc_fallback,20260509,e7a52d984e7e,09e04d3f6e3c,wait,take_order,217.82,0.0,0.0,0.0,14486.2,-0.0,-0.0,-0.0,-0.0,0.0,-0.0,0.15,-24033.57,False,rest_window_overlap,positive_orders_failed_threshold_or_soft_risk,120,12,"{""macro_aborted_count"":0,""macro_broken_by_query_count"":0,""macro_completed_count"":18,""macro_started_count"":18,""official_delta_measured_macro_gain"":0.0,""query_skipped_due_to_macro"":18}",runtime_top5_decomposition
runs/delta_mpc/20260509/delta_mpc_fallback,20260509,e7a52d984e7e,09e04d3f6e3c,wait,take_order,307.3,0.0,0.0,0.0,23686.2,-0.0,-0.0,-0.0,-0.0,0.0,-0.0,0.15,-33111.91,False,rest_window_overlap,positive_orders_failed_threshold_or_soft_risk,120,12,"{""macro_aborted_count"":0,""macro_broken_by_query_count"":0,""macro_completed_count"":18,""macro_started_count"":18,""official_delta_measured_macro_gain"":0.0,""query_skipped_due_to_macro"":18}",runtime_top5_decomposition
runs/delta_mpc/20260509/delta_mpc_fallback,20260509,e7a52d984e7e,09e04d3f6e3c,wait,take_order,1074.13,0.0,0.0,0.0,25006.2,-0.0,-0.0,17.84,-0.0,0.0,-0.0,0.15,-33581.78,False,rest_window_overlap,positive_orders_failed_threshold_or_soft_risk,120,12,"{""macro_aborted_count"":0,""macro_broken_by_query_count"":0,""macro_completed_count"":18,""macro_started_count"":18,""official_delta_measured_macro_gain"":0.0,""query_skipped_due_to_macro"":18}",runtime_top5_decomposition
runs/delta_mpc/20260509/delta_mpc_fallback,20260509,e7a52d984e7e,09e04d3f6e3c,wait,take_order,237.96,0.0,0.0,0.0,24566.2,-0.0,-0.0,-0.0,-0.0,0.0,-0.0,0.15,-34163.63,False,rest_window_overlap,positive_orders_failed_threshold_or_soft_risk,120,12,"{""macro_aborted_count"":0,""macro_broken_by_query_count"":0,""macro_completed_count"":18,""macro_started_count"":18,""official_delta_measured_macro_gain"":0.0,""query_skipped_due_to_macro"":18}",runtime_top5_decomposition
runs/delta_mpc/20260509/delta_mpc_fallback,20260509,e7a52d984e7e,4f590700f1d2,wait,wait,0.0,0.0,0.0,0.0,-0.0,-0.0,-0.0,-0.0,-0.0,0.0,-0.0,-0.0,0.0,True,,daily_rest_guard,0,0,"{""macro_aborted_count"":0,""macro_broken_by_query_count"":0,""macro_completed_count"":19,""macro_started_count"":19,""official_delta_measured_macro_gain"":0.0,""query_skipped_due_to_macro"":19}",runtime_top5_decomposition
runs/delta_mpc/20260509/delta_mpc_fallback,20260509,e7a52d984e7e,bce534a96fb5,take_order,take_order,679.9,0.0,0.0,0.0,6.2,-0.0,-0.0,-0.0,-0.0,0.0,-0.0,0.15,1087.24,True,,,120,12,"{""macro_aborted_count"":0,""macro_broken_by_query_count"":0,""macro_completed_count"":19,""macro_started_count"":19,""official_delta_measured_macro_gain"":0.0,""query_skipped_due_to_macro"":19}",runtime_top5_decomposition
runs/delta_mpc/20260509/delta_mpc_fallback,20260509,e7a52d984e7e,bce534a96fb5,take_order,take_order,687.83,0.0,0.0,0.0,6.2,-0.0,-0.0,5.12,-0.0,0.0,-0.0,0.15,1001.56,False,lower_delta_mpc_score,,120,12,"{""macro_aborted_count"":0,""macro_broken_by_query_count"":0,""macro_completed_count"":19,""macro_started_count"":19,""official_delta_measured_macro_gain"":0.0,""query_skipped_due_to_macro"":19}",runtime_top5_decomposition
runs/delta_mpc/20260509/delta_mpc_fallback,20260509,e7a52d984e7e,bce534a96fb5,take_order,take_order,423.46,0.0,0.0,0.0,6.2,-0.0,-0.0,2.24,-0.0,0.0,-0.0,0.15,616.68,False,lower_delta_mpc_score,,120,12,"{""macro_aborted_count"":0,""macro_broken_by_query_count"":0,""macro_completed_count"":19,""macro_started_count"":19,""official_delta_measured_macro_gain"":0.0,""query_skipped_due_to_macro"":19}",runtime_top5_decomposition
runs/delta_mpc/20260509/delta_mpc_fallback,20260509,e7a52d984e7e,bce534a96fb5,take_order,take_order,307.3,0.0,0.0,0.0,6.2,-0.0,-0.0,-0.0,-0.0,0.0,-0.0,0.15,565.58,False,lower_delta_mpc_score,,120,12,"{""macro_aborted_count"":0,""macro_broken_by_query_count"":0,""macro_completed_count"":19,""macro_started_count"":19,""official_delta_measured_macro_gain"":0.0,""query_skipped_due_to_macro"":19}",runtime_top5_decomposition
runs/delta_mpc/20260509/delta_mpc_fallback,20260509,e7a52d984e7e,bce534a96fb5,take_order,take_order,340.45,0.0,0.0,0.0,6.2,-0.0,-0.0,-0.0,-0.0,0.0,-0.0,0.15,526.39,False,lower_delta_mpc_score,,120,12,"{""macro_aborted_count"":0,""macro_broken_by_query_count"":0,""macro_completed_count"":19,""macro_started_count"":19,""official_delta_measured_macro_gain"":0.0,""query_skipped_due_to_macro"":19}",runtime_top5_decomposition
runs/delta_mpc/20260509/delta_mpc_fallback,20260509,e7a52d984e7e,7d5d0c41d9d0,take_order,take_order,302.83,0.0,0.0,0.0,6.2,-0.0,-0.0,-0.0,-0.0,0.0,384.38,0.15,166.37,True,,,120,12,"{""macro_aborted_count"":0,""macro_broken_by_query_count"":0,""macro_completed_count"":19,""macro_started_count"":19,""official_delta_measured_macro_gain"":0.0,""query_skipped_due_to_macro"":19}",runtime_top5_decomposition
runs/delta_mpc/20260509/delta_mpc_fallback,20260509,e7a52d984e7e,7d5d0c41d9d0,take_order,take_order,42.81,0.0,0.0,0.0,6.2,-0.0,-0.0,-0.0,-0.0,0.0,-0.0,0.15,60.33,False,lower_delta_mpc_score,,120,12,"{""macro_aborted_count"":0,""macro_broken_by_query_count"":0,""macro_completed_count"":19,""macro_started_count"":19,""official_delta_measured_macro_gain"":0.0,""query_skipped_due_to_macro"":19}",runtime_top5_decomposition
runs/delta_mpc/20260509/delta_mpc_fallback,20260509,e7a52d984e7e,7d5d0c41d9d0,take_order,wait,0.0,0.0,0.0,0.0,-0.0,-0.0,-0.0,-0.0,-0.0,0.0,-0.0,-0.0,0.0,False,lower_delta_mpc_score_or_no_macro_commitment,,120,12,"{""macro_aborted_count"":0,""macro_broken_by_query_count"":0,""macro_completed_count"":19,""macro_started_count"":19,""official_delta_measured_macro_gain"":0.0,""query_skipped_due_to_macro"":19}",runtime_top5_decomposition
runs/delta_mpc/20260509/delta_mpc_fallback,20260509,e7a52d984e7e,7d5d0c41d9d0,take_order,take_order,145.67,0.0,0.0,0.0,6.2,-0.0,-0.0,-0.0,-0.0,0.0,297.27,0.15,-15.37,False,lower_delta_mpc_score,,120,12,"{""macro_aborted_count"":0,""macro_broken_by_query_count"":0,""macro_completed_count"":19,""macro_started_count"":19,""official_delta_measured_macro_gain"":0.0,""query_skipped_due_to_macro"":19}",runtime_top5_decomposition
runs/delta_mpc/20260509/delta_mpc_fallback,20260509,e7a52d984e7e,7d5d0c41d9d0,take_order,take_order,114.93,0.0,0.0,0.0,6.2,-0.0,-0.0,-0.0,-0.0,0.0,349.21,0.15,-178.31,False,lower_delta_mpc_score,,120,12,"{""macro_aborted_count"":0,""macro_broken_by_query_count"":0,""macro_completed_count"":19,""macro_started_count"":19,""official_delta_measured_macro_gain"":0.0,""query_skipped_due_to_macro"":19}",runtime_top5_decomposition
runs/delta_mpc/20260509/delta_mpc_fallback,20260509,e7a52d984e7e,998d0df15dc1,wait,wait,0.0,0.0,0.0,0.0,-0.0,-0.0,-0.0,-0.0,-0.0,0.0,-0.0,-0.0,0.0,True,,positive_orders_failed_threshold_or_soft_risk,120,12,"{""macro_aborted_count"":0,""macro_broken_by_query_count"":0,""macro_completed_count"":19,""macro_started_count"":19,""official_delta_measured_macro_gain"":0.0,""query_skipped_due_to_macro"":19}",runtime_top5_decomposition
runs/delta_mpc/20260509/delta_mpc_fallback,20260509,e7a52d984e7e,998d0df15dc1,wait,take_order,35.03,0.0,0.0,0.0,13126.2,-0.0,-0.0,-0.0,-0.0,0.0,-0.0,0.15,-23054.25,False,rest_window_overlap,positive_orders_failed_threshold_or_soft_risk,120,12,"{""macro_aborted_count"":0,""macro_broken_by_query_count"":0,""macro_completed_count"":19,""macro_started_count"":19,""official_delta_measured_macro_gain"":0.0,""query_skipped_due_to_macro"":19}",runtime_top5_decomposition
runs/delta_mpc/20260509/delta_mpc_fallback,20260509,e7a52d984e7e,998d0df15dc1,wait,take_order,198.34,0.0,0.0,0.0,21366.2,-0.0,-0.0,-0.0,-0.0,0.0,-0.0,0.15,-31028.74,False,rest_window_overlap,positive_orders_failed_threshold_or_soft_risk,120,12,"{""macro_aborted_count"":0,""macro_broken_by_query_count"":0,""macro_completed_count"":19,""macro_started_count"":19,""official_delta_measured_macro_gain"":0.0,""query_skipped_due_to_macro"":19}",runtime_top5_decomposition
runs/delta_mpc/20260509/delta_mpc_fallback,20260509,e7a52d984e7e,998d0df15dc1,wait,take_order,245.31,0.0,0.0,0.0,22086.2,-0.0,-0.0,-0.0,-0.0,0.0,-0.0,0.15,-31673.7,False,rest_window_overlap,positive_orders_failed_threshold_or_soft_risk,120,12,"{""macro_aborted_count"":0,""macro_broken_by_query_count"":0,""macro_completed_count"":19,""macro_started_count"":19,""official_delta_measured_macro_gain"":0.0,""query_skipped_due_to_macro"":19}",runtime_top5_decomposition
runs/delta_mpc/20260509/delta_mpc_fallback,20260509,e7a52d984e7e,998d0df15dc1,wait,take_order,934.33,0.0,0.0,0.0,25006.2,-0.0,-0.0,0.48,-0.0,0.0,-0.0,0.15,-33608.23,False,rest_window_overlap,positive_orders_failed_threshold_or_soft_risk,120,12,"{""macro_aborted_count"":0,""macro_broken_by_query_count"":0,""macro_completed_count"":19,""macro_started_count"":19,""official_delta_measured_macro_gain"":0.0,""query_skipped_due_to_macro"":19}",runtime_top5_decomposition
runs/delta_mpc/20260509/delta_mpc_fallback,20260509,e7a52d984e7e,75fef1a72f7e,wait,wait,0.0,0.0,0.0,0.0,-0.0,-0.0,-0.0,-0.0,-0.0,0.0,-0.0,-0.0,0.0,True,,daily_rest_guard,0,0,"{""macro_aborted_count"":0,""macro_broken_by_query_count"":0,""macro_completed_count"":20,""macro_started_count"":20,""official_delta_measured_macro_gain"":0.0,""query_skipped_due_to_macro"":20}",runtime_top5_decomposition
runs/delta_mpc/20260509/delta_mpc_fallback,20260509,e7a52d984e7e,223427bb8f45,take_order,take_order,839.89,0.0,0.0,0.0,6.2,-0.0,-0.0,-0.0,-0.0,0.0,-0.0,0.15,1296.77,True,,,120,12,"{""macro_aborted_count"":0,""macro_broken_by_query_count"":0,""macro_completed_count"":20,""macro_started_count"":20,""official_delta_measured_macro_gain"":0.0,""query_skipped_due_to_macro"":20}",runtime_top5_decomposition
runs/delta_mpc/20260509/delta_mpc_fallback,20260509,e7a52d984e7e,223427bb8f45,take_order,take_order,462.63,0.0,0.0,0.0,6.2,-0.0,-0.0,11.36,-0.0,0.0,-0.0,0.15,633.18,False,lower_delta_mpc_score,,120,12,"{""macro_aborted_count"":0,""macro_broken_by_query_count"":0,""macro_completed_count"":20,""macro_started_count"":20,""official_delta_measured_macro_gain"":0.0,""query_skipped_due_to_macro"":20}",runtime_top5_decomposition
runs/delta_mpc/20260509/delta_mpc_fallback,20260509,e7a52d984e7e,223427bb8f45,take_order,take_order,452.01,0.0,0.0,0.0,6.2,-0.0,-0.0,13.68,-0.0,0.0,-0.0,0.15,608.37,False,lower_delta_mpc_score,,120,12,"{""macro_aborted_count"":0,""macro_broken_by_query_count"":0,""macro_completed_count"":20,""macro_started_count"":20,""official_delta_measured_macro_gain"":0.0,""query_skipped_due_to_macro"":20}",runtime_top5_decomposition
runs/delta_mpc/20260509/delta_mpc_fallback,20260509,e7a52d984e7e,223427bb8f45,take_order,take_order,324.58,0.0,0.0,0.0,6.2,-0.0,-0.0,-0.0,-0.0,0.0,-0.0,0.15,573.11,False,lower_delta_mpc_score,,120,12,"{""macro_aborted_count"":0,""macro_broken_by_query_count"":0,""macro_completed_count"":20,""macro_started_count"":20,""official_delta_measured_macro_gain"":0.0,""query_skipped_due_to_macro"":20}",runtime_top5_decomposition
runs/delta_mpc/20260509/delta_mpc_fallback,20260509,e7a52d984e7e,223427bb8f45,take_order,take_order,339.84,0.0,0.0,0.0,6.2,-0.0,-0.0,13.04,-0.0,0.0,-0.0,0.15,453.05,False,lower_delta_mpc_score,,120,12,"{""macro_aborted_count"":0,""macro_broken_by_query_count"":0,""macro_completed_count"":20,""macro_started_count"":20,""official_delta_measured_macro_gain"":0.0,""query_skipped_due_to_macro"":20}",runtime_top5_decomposition
runs/delta_mpc/20260509/delta_mpc_fallback,20260509,e7a52d984e7e,0034ed94472f,take_order,take_order,331.32,0.0,0.0,0.0,6.2,-0.0,-0.0,-0.0,-0.0,0.0,-0.0,0.15,601.65,True,,,120,12,"{""macro_aborted_count"":0,""macro_broken_by_query_count"":0,""macro_completed_count"":20,""macro_started_count"":20,""official_delta_measured_macro_gain"":0.0,""query_skipped_due_to_macro"":20}",runtime_top5_decomposition
runs/delta_mpc/20260509/delta_mpc_fallback,20260509,e7a52d984e7e,0034ed94472f,take_order,take_order,151.61,0.0,0.0,0.0,6.2,-0.0,-0.0,-0.0,-0.0,0.0,-0.0,0.15,250.48,False,lower_delta_mpc_score,,120,12,"{""macro_aborted_count"":0,""macro_broken_by_query_count"":0,""macro_completed_count"":20,""macro_started_count"":20,""official_delta_measured_macro_gain"":0.0,""query_skipped_due_to_macro"":20}",runtime_top5_decomposition
runs/delta_mpc/20260509/delta_mpc_fallback,20260509,e7a52d984e7e,0034ed94472f,take_order,take_order,139.14,0.0,0.0,0.0,6.2,-0.0,-0.0,-0.0,-0.0,0.0,-0.0,0.15,240.45,False,lower_delta_mpc_score,,120,12,"{""macro_aborted_count"":0,""macro_broken_by_query_count"":0,""macro_completed_count"":20,""macro_started_count"":20,""official_delta_measured_macro_gain"":0.0,""query_skipped_due_to_macro"":20}",runtime_top5_decomposition
runs/delta_mpc/20260509/delta_mpc_fallback,20260509,e7a52d984e7e,0034ed94472f,take_order,take_order,111.43,0.0,0.0,0.0,6.2,-0.0,-0.0,-0.0,-0.0,0.0,-0.0,0.15,191.21,False,lower_delta_mpc_score,,120,12,"{""macro_aborted_count"":0,""macro_broken_by_query_count"":0,""macro_completed_count"":20,""macro_started_count"":20,""official_delta_measured_macro_gain"":0.0,""query_skipped_due_to_macro"":20}",runtime_top5_decomposition
runs/delta_mpc/20260509/delta_mpc_fallback,20260509,e7a52d984e7e,0034ed94472f,take_order,take_order,61.21,0.0,0.0,0.0,6.2,-0.0,-0.0,-0.0,-0.0,0.0,-0.0,0.15,126.0,False,lower_delta_mpc_score,,120,12,"{""macro_aborted_count"":0,""macro_broken_by_query_count"":0,""macro_completed_count"":20,""macro_started_count"":20,""official_delta_measured_macro_gain"":0.0,""query_skipped_due_to_macro"":20}",runtime_top5_decomposition
runs/delta_mpc/20260509/delta_mpc_fallback,20260509,e7a52d984e7e,9ef274ba3217,wait,wait,0.0,0.0,0.0,0.0,-0.0,-0.0,-0.0,-0.0,-0.0,0.0,-0.0,-0.0,0.0,True,,positive_orders_failed_threshold_or_soft_risk,120,12,"{""macro_aborted_count"":0,""macro_broken_by_query_count"":0,""macro_completed_count"":20,""macro_started_count"":20,""official_delta_measured_macro_gain"":0.0,""query_skipped_due_to_macro"":20}",runtime_top5_decomposition
runs/delta_mpc/20260509/delta_mpc_fallback,20260509,e7a52d984e7e,9ef274ba3217,wait,take_order,23.25,0.0,0.0,0.0,18326.2,-0.0,-0.0,-0.0,-0.0,0.0,-0.0,0.15,-28282.68,False,rest_window_overlap,positive_orders_failed_threshold_or_soft_risk,120,12,"{""macro_aborted_count"":0,""macro_broken_by_query_count"":0,""macro_completed_count"":20,""macro_started_count"":20,""official_delta_measured_macro_gain"":0.0,""query_skipped_due_to_macro"":20}",runtime_top5_decomposition
runs/delta_mpc/20260509/delta_mpc_fallback,20260509,e7a52d984e7e,9ef274ba3217,wait,take_order,164.19,0.0,0.0,0.0,19046.2,-0.0,-0.0,-0.0,-0.0,0.0,-0.0,0.15,-28762.4,False,rest_window_overlap,positive_orders_failed_threshold_or_soft_risk,120,12,"{""macro_aborted_count"":0,""macro_broken_by_query_count"":0,""macro_completed_count"":20,""macro_started_count"":20,""official_delta_measured_macro_gain"":0.0,""query_skipped_due_to_macro"":20}",runtime_top5_decomposition
runs/delta_mpc/20260509/delta_mpc_fallback,20260509,e7a52d984e7e,9ef274ba3217,wait,take_order,97.56,0.0,0.0,0.0,21606.2,-0.0,-0.0,-0.0,-0.0,0.0,-0.0,0.15,-31394.16,False,rest_window_overlap,positive_orders_failed_threshold_or_soft_risk,120,12,"{""macro_aborted_count"":0,""macro_broken_by_query_count"":0,""macro_completed_count"":20,""macro_started_count"":20,""official_delta_measured_macro_gain"":0.0,""query_skipped_due_to_macro"":20}",runtime_top5_decomposition
runs/delta_mpc/20260509/delta_mpc_fallback,20260509,e7a52d984e7e,9ef274ba3217,wait,take_order,46.72,0.0,0.0,0.0,23046.2,-0.0,-0.0,-0.0,-0.0,0.0,-0.0,0.15,-32967.29,False,rest_window_overlap,positive_orders_failed_threshold_or_soft_risk,120,12,"{""macro_aborted_count"":0,""macro_broken_by_query_count"":0,""macro_completed_count"":20,""macro_started_count"":20,""official_delta_measured_macro_gain"":0.0,""query_skipped_due_to_macro"":20}",runtime_top5_decomposition
runs/delta_mpc/20260509/delta_mpc_fallback,20260509,e7a52d984e7e,3191b7d533b9,wait,wait,0.0,0.0,0.0,0.0,-0.0,-0.0,-0.0,-0.0,-0.0,0.0,-0.0,-0.0,0.0,True,,daily_rest_guard,0,0,"{""macro_aborted_count"":0,""macro_broken_by_query_count"":0,""macro_completed_count"":21,""macro_started_count"":21,""official_delta_measured_macro_gain"":0.0,""query_skipped_due_to_macro"":21}",runtime_top5_decomposition
runs/delta_mpc/20260509/delta_mpc_fallback,20260509,e7a52d984e7e,e5e7a1bee3f4,take_order,take_order,437.89,0.0,0.0,0.0,6.2,-0.0,-0.0,-0.0,-0.0,0.0,-0.0,0.15,667.25,True,,,120,12,"{""macro_aborted_count"":0,""macro_broken_by_query_count"":0,""macro_completed_count"":21,""macro_started_count"":21,""official_delta_measured_macro_gain"":0.0,""query_skipped_due_to_macro"":21}",runtime_top5_decomposition
runs/delta_mpc/20260509/delta_mpc_fallback,20260509,e7a52d984e7e,e5e7a1bee3f4,take_order,take_order,406.55,0.0,0.0,0.0,6.2,-0.0,-0.0,3.36,-0.0,0.0,-0.0,0.15,587.51,False,lower_delta_mpc_score,,120,12,"{""macro_aborted_count"":0,""macro_broken_by_query_count"":0,""macro_completed_count"":21,""macro_started_count"":21,""official_delta_measured_macro_gain"":0.0,""query_skipped_due_to_macro"":21}",runtime_top5_decomposition
runs/delta_mpc/20260509/delta_mpc_fallback,20260509,e7a52d984e7e,e5e7a1bee3f4,take_order,take_order,271.48,0.0,0.0,0.0,6.2,-0.0,-0.0,0.08,-0.0,0.0,-0.0,0.15,402.25,False,lower_delta_mpc_score,,120,12,"{""macro_aborted_count"":0,""macro_broken_by_query_count"":0,""macro_completed_count"":21,""macro_started_count"":21,""official_delta_measured_macro_gain"":0.0,""query_skipped_due_to_macro"":21}",runtime_top5_decomposition
runs/delta_mpc/20260509/delta_mpc_fallback,20260509,e7a52d984e7e,e5e7a1bee3f4,take_order,take_order,235.01,0.0,0.0,0.0,6.2,-0.0,-0.0,-0.0,-0.0,0.0,-0.0,0.15,377.2,False,lower_delta_mpc_score,,120,12,"{""macro_aborted_count"":0,""macro_broken_by_query_count"":0,""macro_completed_count"":21,""macro_started_count"":21,""official_delta_measured_macro_gain"":0.0,""query_skipped_due_to_macro"":21}",runtime_top5_decomposition
runs/delta_mpc/20260509/delta_mpc_fallback,20260509,e7a52d984e7e,e5e7a1bee3f4,take_order,take_order,222.83,0.0,0.0,0.0,6.2,-0.0,-0.0,-0.0,-0.0,0.0,-0.0,0.15,358.23,False,lower_delta_mpc_score,,120,12,"{""macro_aborted_count"":0,""macro_broken_by_query_count"":0,""macro_completed_count"":21,""macro_started_count"":21,""official_delta_measured_macro_gain"":0.0,""query_skipped_due_to_macro"":21}",runtime_top5_decomposition
runs/delta_mpc/20260509/delta_mpc_fallback,20260509,e7a52d984e7e,8e2c0391ec6f,take_order,take_order,591.48,0.0,0.0,0.0,6.2,-0.0,-0.0,-0.0,-0.0,0.0,-0.0,0.15,971.95,True,,,120,12,"{""macro_aborted_count"":0,""macro_broken_by_query_count"":0,""macro_completed_count"":21,""macro_started_count"":21,""official_delta_measured_macro_gain"":0.0,""query_skipped_due_to_macro"":21}",runtime_top5_decomposition
runs/delta_mpc/20260509/delta_mpc_fallback,20260509,e7a52d984e7e,8e2c0391ec6f,take_order,take_order,244.77,0.0,0.0,0.0,6.2,-0.0,-0.0,-0.0,-0.0,0.0,-0.0,0.15,421.83,False,lower_delta_mpc_score,,120,12,"{""macro_aborted_count"":0,""macro_broken_by_query_count"":0,""macro_completed_count"":21,""macro_started_count"":21,""official_delta_measured_macro_gain"":0.0,""query_skipped_due_to_macro"":21}",runtime_top5_decomposition
runs/delta_mpc/20260509/delta_mpc_fallback,20260509,e7a52d984e7e,8e2c0391ec6f,take_order,take_order,252.76,0.0,0.0,0.0,6.2,-0.0,-0.0,-0.0,-0.0,0.0,-0.0,0.15,409.43,False,lower_delta_mpc_score,,120,12,"{""macro_aborted_count"":0,""macro_broken_by_query_count"":0,""macro_completed_count"":21,""macro_started_count"":21,""official_delta_measured_macro_gain"":0.0,""query_skipped_due_to_macro"":21}",runtime_top5_decomposition
runs/delta_mpc/20260509/delta_mpc_fallback,20260509,e7a52d984e7e,8e2c0391ec6f,take_order,take_order,18.71,0.0,0.0,0.0,6.2,-0.0,-0.0,-0.0,-0.0,0.0,-0.0,0.15,37.48,False,lower_delta_mpc_score,,120,12,"{""macro_aborted_count"":0,""macro_broken_by_query_count"":0,""macro_completed_count"":21,""macro_started_count"":21,""official_delta_measured_macro_gain"":0.0,""query_skipped_due_to_macro"":21}",runtime_top5_decomposition
runs/delta_mpc/20260509/delta_mpc_fallback,20260509,e7a52d984e7e,8e2c0391ec6f,take_order,wait,0.0,0.0,0.0,0.0,-0.0,-0.0,-0.0,-0.0,-0.0,0.0,-0.0,-0.0,0.0,False,lower_delta_mpc_score_or_no_macro_commitment,,120,12,"{""macro_aborted_count"":0,""macro_broken_by_query_count"":0,""macro_completed_count"":21,""macro_started_count"":21,""official_delta_measured_macro_gain"":0.0,""query_skipped_due_to_macro"":21}",runtime_top5_decomposition
runs/delta_mpc/20260509/delta_mpc_fallback,20260509,e7a52d984e7e,57029b01b89f,wait,wait,0.0,0.0,0.0,0.0,-0.0,-0.0,-0.0,-0.0,-0.0,0.0,-0.0,-0.0,0.0,True,,positive_orders_failed_threshold_or_soft_risk,120,12,"{""macro_aborted_count"":0,""macro_broken_by_query_count"":0,""macro_completed_count"":21,""macro_started_count"":21,""official_delta_measured_macro_gain"":0.0,""query_skipped_due_to_macro"":21}",runtime_top5_decomposition
runs/delta_mpc/20260509/delta_mpc_fallback,20260509,e7a52d984e7e,57029b01b89f,wait,take_order,65.5,0.0,0.0,0.0,23926.2,-0.0,-0.0,-0.0,-0.0,0.0,-0.0,0.15,-33812.8,False,rest_window_overlap,positive_orders_failed_threshold_or_soft_risk,120,12,"{""macro_aborted_count"":0,""macro_broken_by_query_count"":0,""macro_completed_count"":21,""macro_started_count"":21,""official_delta_measured_macro_gain"":0.0,""query_skipped_due_to_macro"":21}",runtime_top5_decomposition
runs/delta_mpc/20260509/delta_mpc_fallback,20260509,e7a52d984e7e,57029b01b89f,wait,take_order,589.29,0.0,0.0,0.0,25006.2,-0.0,-0.0,12.16,-0.0,0.0,-0.0,0.15,-34156.02,False,rest_window_overlap,positive_orders_failed_threshold_or_soft_risk,120,12,"{""macro_aborted_count"":0,""macro_broken_by_query_count"":0,""macro_completed_count"":21,""macro_started_count"":21,""official_delta_measured_macro_gain"":0.0,""query_skipped_due_to_macro"":21}",runtime_top5_decomposition
runs/delta_mpc/20260509/delta_mpc_fallback,20260509,e7a52d984e7e,57029b01b89f,wait,take_order,271.44,0.0,0.0,0.0,25006.2,-0.0,-0.0,-0.0,-0.0,0.0,-0.0,0.15,-34513.6,False,rest_window_overlap,positive_orders_failed_threshold_or_soft_risk,120,12,"{""macro_aborted_count"":0,""macro_broken_by_query_count"":0,""macro_completed_count"":21,""macro_started_count"":21,""official_delta_measured_macro_gain"":0.0,""query_skipped_due_to_macro"":21}",runtime_top5_decomposition
runs/delta_mpc/20260509/delta_mpc_fallback,20260509,e7a52d984e7e,57029b01b89f,wait,take_order,66.87,0.0,0.0,0.0,24646.2,-0.0,-0.0,-0.0,-0.0,0.0,-0.0,0.15,-34531.68,False,rest_window_overlap,positive_orders_failed_threshold_or_soft_risk,120,12,"{""macro_aborted_count"":0,""macro_broken_by_query_count"":0,""macro_completed_count"":21,""macro_started_count"":21,""official_delta_measured_macro_gain"":0.0,""query_skipped_due_to_macro"":21}",runtime_top5_decomposition
runs/delta_mpc/20260509/delta_mpc_fallback,20260509,e7a52d984e7e,2cc884a0ed66,wait,wait,0.0,0.0,0.0,0.0,-0.0,-0.0,-0.0,-0.0,-0.0,0.0,-0.0,-0.0,0.0,True,,daily_rest_guard,0,0,"{""macro_aborted_count"":0,""macro_broken_by_query_count"":0,""macro_completed_count"":22,""macro_started_count"":22,""official_delta_measured_macro_gain"":0.0,""query_skipped_due_to_macro"":22}",runtime_top5_decomposition
runs/delta_mpc/20260509/delta_mpc_fallback,20260509,e7a52d984e7e,ddae4848cf6d,take_order,take_order,807.61,0.0,0.0,0.0,6.2,-0.0,-0.0,15.68,-0.0,0.0,-0.0,0.15,1078.05,True,,,120,12,"{""macro_aborted_count"":0,""macro_broken_by_query_count"":0,""macro_completed_count"":22,""macro_started_count"":22,""official_delta_measured_macro_gain"":0.0,""query_skipped_due_to_macro"":22}",runtime_top5_decomposition
runs/delta_mpc/20260509/delta_mpc_fallback,20260509,e7a52d984e7e,ddae4848cf6d,take_order,take_order,1007.24,0.0,0.0,0.0,6.2,-0.0,-0.0,439.36,-0.0,0.0,-0.0,0.15,886.41,False,lower_delta_mpc_score,,120,12,"{""macro_aborted_count"":0,""macro_broken_by_query_count"":0,""macro_completed_count"":22,""macro_started_count"":22,""official_delta_measured_macro_gain"":0.0,""query_skipped_due_to_macro"":22}",runtime_top5_decomposition
runs/delta_mpc/20260509/delta_mpc_fallback,20260509,e7a52d984e7e,ddae4848cf6d,take_order,take_order,630.67,0.0,0.0,0.0,6.2,-0.0,-0.0,17.28,-0.0,0.0,-0.0,0.15,838.26,False,lower_delta_mpc_score,,120,12,"{""macro_aborted_count"":0,""macro_broken_by_query_count"":0,""macro_completed_count"":22,""macro_started_count"":22,""official_delta_measured_macro_gain"":0.0,""query_skipped_due_to_macro"":22}",runtime_top5_decomposition
runs/delta_mpc/20260509/delta_mpc_fallback,20260509,e7a52d984e7e,ddae4848cf6d,take_order,take_order,559.12,0.0,0.0,0.0,6.2,-0.0,-0.0,9.12,-0.0,0.0,-0.0,0.15,777.31,False,lower_delta_mpc_score,,120,12,"{""macro_aborted_count"":0,""macro_broken_by_query_count"":0,""macro_completed_count"":22,""macro_started_count"":22,""official_delta_measured_macro_gain"":0.0,""query_skipped_due_to_macro"":22}",runtime_top5_decomposition
runs/delta_mpc/20260509/delta_mpc_fallback,20260509,e7a52d984e7e,ddae4848cf6d,take_order,take_order,502.72,0.0,0.0,0.0,6.2,-0.0,-0.0,6.64,-0.0,0.0,-0.0,0.15,705.78,False,lower_delta_mpc_score,,120,12,"{""macro_aborted_count"":0,""macro_broken_by_query_count"":0,""macro_completed_count"":22,""macro_started_count"":22,""official_delta_measured_macro_gain"":0.0,""query_skipped_due_to_macro"":22}",runtime_top5_decomposition
runs/delta_mpc/20260509/delta_mpc_fallback,20260509,e7a52d984e7e,7db1c0a15125,wait,wait,0.0,0.0,0.0,0.0,-0.0,-0.0,-0.0,-0.0,-0.0,0.0,-0.0,-0.0,0.0,True,,positive_orders_failed_threshold_or_soft_risk,120,12,"{""macro_aborted_count"":0,""macro_broken_by_query_count"":0,""macro_completed_count"":22,""macro_started_count"":22,""official_delta_measured_macro_gain"":0.0,""query_skipped_due_to_macro"":22}",runtime_top5_decomposition
runs/delta_mpc/20260509/delta_mpc_fallback,20260509,e7a52d984e7e,7db1c0a15125,wait,take_order,-41.26,0.0,0.0,0.0,24006.2,-0.0,-0.0,1.6,-0.0,0.0,303.82,0.15,-34318.02,False,rest_window_overlap,positive_orders_failed_threshold_or_soft_risk,120,12,"{""macro_aborted_count"":0,""macro_broken_by_query_count"":0,""macro_completed_count"":22,""macro_started_count"":22,""official_delta_measured_macro_gain"":0.0,""query_skipped_due_to_macro"":22}",runtime_top5_decomposition
runs/delta_mpc/20260509/delta_mpc_fallback,20260509,e7a52d984e7e,7db1c0a15125,wait,take_order,457.31,0.0,0.0,0.0,25006.2,-0.0,-0.0,18.08,-0.0,0.0,297.41,0.15,-34654.26,False,rest_window_overlap,positive_orders_failed_threshold_or_soft_risk,120,12,"{""macro_aborted_count"":0,""macro_broken_by_query_count"":0,""macro_completed_count"":22,""macro_started_count"":22,""official_delta_measured_macro_gain"":0.0,""query_skipped_due_to_macro"":22}",runtime_top5_decomposition
runs/delta_mpc/20260509/delta_mpc_fallback,20260509,e7a52d984e7e,7db1c0a15125,wait,take_order,286.75,0.0,0.0,0.0,25006.2,-0.0,-0.0,18.24,-0.0,0.0,286.24,0.15,-34920.06,False,rest_window_overlap,positive_orders_failed_threshold_or_soft_risk,120,12,"{""macro_aborted_count"":0,""macro_broken_by_query_count"":0,""macro_completed_count"":22,""macro_started_count"":22,""official_delta_measured_macro_gain"":0.0,""query_skipped_due_to_macro"":22}",runtime_top5_decomposition
runs/delta_mpc/20260509/delta_mpc_fallback,20260509,e7a52d984e7e,7db1c0a15125,wait,take_order,80.96,0.0,0.0,0.0,25006.2,-0.0,-0.0,12.0,-0.0,0.0,73.19,0.15,-34972.93,False,rest_window_overlap,positive_orders_failed_threshold_or_soft_risk,120,12,"{""macro_aborted_count"":0,""macro_broken_by_query_count"":0,""macro_completed_count"":22,""macro_started_count"":22,""official_delta_measured_macro_gain"":0.0,""query_skipped_due_to_macro"":22}",runtime_top5_decomposition
runs/delta_mpc/20260509/delta_mpc_fallback,20260509,e7a52d984e7e,4b4cc807b2ab,wait,wait,0.0,0.0,0.0,0.0,-0.0,-0.0,-0.0,-0.0,-0.0,0.0,-0.0,-0.0,-35.0,True,,positive_orders_failed_threshold_or_soft_risk,120,12,"{""macro_aborted_count"":0,""macro_broken_by_query_count"":0,""macro_completed_count"":22,""macro_started_count"":22,""official_delta_measured_macro_gain"":0.0,""query_skipped_due_to_macro"":22}",runtime_top5_decomposition
runs/delta_mpc/20260509/delta_mpc_fallback,20260509,e7a52d984e7e,4b4cc807b2ab,wait,take_order,457.31,0.0,0.0,0.0,25006.2,-0.0,-0.0,18.08,-0.0,0.0,297.41,0.15,-34659.66,False,rest_window_overlap,positive_orders_failed_threshold_or_soft_risk,120,12,"{""macro_aborted_count"":0,""macro_broken_by_query_count"":0,""macro_completed_count"":22,""macro_started_count"":22,""official_delta_measured_macro_gain"":0.0,""query_skipped_due_to_macro"":22}",runtime_top5_decomposition
runs/delta_mpc/20260509/delta_mpc_fallback,20260509,e7a52d984e7e,4b4cc807b2ab,wait,take_order,110.88,0.0,0.0,0.0,25006.2,-0.0,-0.0,-0.0,-0.0,0.0,-0.0,0.15,-34785.02,False,rest_window_overlap,positive_orders_failed_threshold_or_soft_risk,120,12,"{""macro_aborted_count"":0,""macro_broken_by_query_count"":0,""macro_completed_count"":22,""macro_started_count"":22,""official_delta_measured_macro_gain"":0.0,""query_skipped_due_to_macro"":22}",runtime_top5_decomposition
runs/delta_mpc/20260509/delta_mpc_fallback,20260509,e7a52d984e7e,4b4cc807b2ab,wait,take_order,727.34,0.0,0.0,0.0,25006.2,-0.0,-0.0,714.08,-0.0,0.0,127.39,0.15,-34854.48,False,rest_window_overlap,positive_orders_failed_threshold_or_soft_risk,120,12,"{""macro_aborted_count"":0,""macro_broken_by_query_count"":0,""macro_completed_count"":22,""macro_started_count"":22,""official_delta_measured_macro_gain"":0.0,""query_skipped_due_to_macro"":22}",runtime_top5_decomposition
runs/delta_mpc/20260509/delta_mpc_fallback,20260509,e7a52d984e7e,4b4cc807b2ab,wait,take_order,191.69,0.0,0.0,0.0,25006.2,-0.0,-0.0,14.8,-0.0,0.0,195.2,0.15,-34932.07,False,rest_window_overlap,positive_orders_failed_threshold_or_soft_risk,120,12,"{""macro_aborted_count"":0,""macro_broken_by_query_count"":0,""macro_completed_count"":22,""macro_started_count"":22,""official_delta_measured_macro_gain"":0.0,""query_skipped_due_to_macro"":22}",runtime_top5_decomposition
runs/delta_mpc/20260509/delta_mpc_fallback,20260509,e7a52d984e7e,0b3be9ce2957,wait,wait,0.0,0.0,0.0,0.0,-0.0,-0.0,-0.0,-0.0,-0.0,0.0,-0.0,-0.0,0.0,True,,daily_rest_guard,0,0,"{""macro_aborted_count"":0,""macro_broken_by_query_count"":0,""macro_completed_count"":23,""macro_started_count"":23,""official_delta_measured_macro_gain"":0.0,""query_skipped_due_to_macro"":23}",runtime_top5_decomposition
runs/delta_mpc/20260509/delta_mpc_fallback,20260509,e7a52d984e7e,b56b65f82d14,take_order,take_order,527.0,0.0,0.0,0.0,6.2,-0.0,-0.0,16.4,-0.0,0.0,-0.0,0.15,700.64,True,,,120,12,"{""macro_aborted_count"":0,""macro_broken_by_query_count"":0,""macro_completed_count"":23,""macro_started_count"":23,""official_delta_measured_macro_gain"":0.0,""query_skipped_due_to_macro"":23}",runtime_top5_decomposition
runs/delta_mpc/20260509/delta_mpc_fallback,20260509,e7a52d984e7e,b56b65f82d14,take_order,take_order,433.22,0.0,0.0,0.0,6.2,-0.0,-0.0,6.4,-0.0,0.0,-0.0,0.15,635.85,False,lower_delta_mpc_score,,120,12,"{""macro_aborted_count"":0,""macro_broken_by_query_count"":0,""macro_completed_count"":23,""macro_started_count"":23,""official_delta_measured_macro_gain"":0.0,""query_skipped_due_to_macro"":23}",runtime_top5_decomposition
runs/delta_mpc/20260509/delta_mpc_fallback,20260509,e7a52d984e7e,b56b65f82d14,take_order,take_order,608.24,0.0,0.0,0.0,6.2,-0.0,-0.0,196.96,-0.0,0.0,-0.0,0.15,619.41,False,lower_delta_mpc_score,,120,12,"{""macro_aborted_count"":0,""macro_broken_by_query_count"":0,""macro_completed_count"":23,""macro_started_count"":23,""official_delta_measured_macro_gain"":0.0,""query_skipped_due_to_macro"":23}",runtime_top5_decomposition
runs/delta_mpc/20260509/delta_mpc_fallback,20260509,e7a52d984e7e,b56b65f82d14,take_order,take_order,388.76,0.0,0.0,0.0,6.2,-0.0,-0.0,-0.0,-0.0,0.0,-0.0,0.15,592.55,False,lower_delta_mpc_score,,120,12,"{""macro_aborted_count"":0,""macro_broken_by_query_count"":0,""macro_completed_count"":23,""macro_started_count"":23,""official_delta_measured_macro_gain"":0.0,""query_skipped_due_to_macro"":23}",runtime_top5_decomposition
runs/delta_mpc/20260509/delta_mpc_fallback,20260509,e7a52d984e7e,b56b65f82d14,take_order,take_order,441.21,0.0,0.0,0.0,6.2,-0.0,-0.0,13.04,-0.0,0.0,24.19,0.15,568.06,False,lower_delta_mpc_score,,120,12,"{""macro_aborted_count"":0,""macro_broken_by_query_count"":0,""macro_completed_count"":23,""macro_started_count"":23,""official_delta_measured_macro_gain"":0.0,""query_skipped_due_to_macro"":23}",runtime_top5_decomposition
runs/delta_mpc/20260509/delta_mpc_fallback,20260509,e7a52d984e7e,61736e76b9d8,wait,wait,0.0,0.0,0.0,0.0,-0.0,-0.0,-0.0,-0.0,-0.0,0.0,-0.0,-0.0,0.0,True,,positive_orders_failed_threshold_or_soft_risk,120,12,"{""macro_aborted_count"":0,""macro_broken_by_query_count"":0,""macro_completed_count"":23,""macro_started_count"":23,""official_delta_measured_macro_gain"":0.0,""query_skipped_due_to_macro"":23}",runtime_top5_decomposition
runs/delta_mpc/20260509/delta_mpc_fallback,20260509,e7a52d984e7e,61736e76b9d8,wait,take_order,133.43,0.0,0.0,0.0,7846.2,-0.0,-0.0,-0.0,-0.0,0.0,-0.0,0.15,-17595.59,False,rest_window_overlap,positive_orders_failed_threshold_or_soft_risk,120,12,"{""macro_aborted_count"":0,""macro_broken_by_query_count"":0,""macro_completed_count"":23,""macro_started_count"":23,""official_delta_measured_macro_gain"":0.0,""query_skipped_due_to_macro"":23}",runtime_top5_decomposition
runs/delta_mpc/20260509/delta_mpc_fallback,20260509,e7a52d984e7e,61736e76b9d8,wait,take_order,29.7,0.0,0.0,0.0,10326.2,-0.0,-0.0,-0.0,-0.0,0.0,-0.0,0.15,-20273.87,False,rest_window_overlap,positive_orders_failed_threshold_or_soft_risk,120,12,"{""macro_aborted_count"":0,""macro_broken_by_query_count"":0,""macro_completed_count"":23,""macro_started_count"":23,""official_delta_measured_macro_gain"":0.0,""query_skipped_due_to_macro"":23}",runtime_top5_decomposition
runs/delta_mpc/20260509/delta_mpc_fallback,20260509,e7a52d984e7e,61736e76b9d8,wait,take_order,185.14,0.0,0.0,0.0,15046.2,-0.0,-0.0,-0.0,-0.0,0.0,-0.0,0.15,-24737.45,False,rest_window_overlap,positive_orders_failed_threshold_or_soft_risk,120,12,"{""macro_aborted_count"":0,""macro_broken_by_query_count"":0,""macro_completed_count"":23,""macro_started_count"":23,""official_delta_measured_macro_gain"":0.0,""query_skipped_due_to_macro"":23}",runtime_top5_decomposition
runs/delta_mpc/20260509/delta_mpc_fallback,20260509,e7a52d984e7e,61736e76b9d8,wait,take_order,614.43,0.0,0.0,0.0,25006.2,-0.0,-0.0,8.32,-0.0,0.0,-0.0,0.15,-34145.21,False,rest_window_overlap,positive_orders_failed_threshold_or_soft_risk,120,12,"{""macro_aborted_count"":0,""macro_broken_by_query_count"":0,""macro_completed_count"":23,""macro_started_count"":23,""official_delta_measured_macro_gain"":0.0,""query_skipped_due_to_macro"":23}",runtime_top5_decomposition
runs/delta_mpc/20260509/delta_mpc_fallback,20260509,e7a52d984e7e,1344bde736ab,wait,wait,0.0,0.0,0.0,0.0,-0.0,-0.0,-0.0,-0.0,-0.0,0.0,-0.0,-0.0,-35.0,True,,positive_orders_failed_threshold_or_soft_risk,120,12,"{""macro_aborted_count"":0,""macro_broken_by_query_count"":0,""macro_completed_count"":23,""macro_started_count"":23,""official_delta_measured_macro_gain"":0.0,""query_skipped_due_to_macro"":23}",runtime_top5_decomposition
runs/delta_mpc/20260509/delta_mpc_fallback,20260509,e7a52d984e7e,1344bde736ab,wait,take_order,362.6,0.0,0.0,0.0,25006.2,-0.0,-0.0,9.28,-0.0,0.0,-0.0,0.15,-34457.9,False,rest_window_overlap,positive_orders_failed_threshold_or_soft_risk,120,12,"{""macro_aborted_count"":0,""macro_broken_by_query_count"":0,""macro_completed_count"":23,""macro_started_count"":23,""official_delta_measured_macro_gain"":0.0,""query_skipped_due_to_macro"":23}",runtime_top5_decomposition
runs/delta_mpc/20260509/delta_mpc_fallback,20260509,e7a52d984e7e,1344bde736ab,wait,take_order,185.14,0.0,0.0,0.0,25006.2,-0.0,-0.0,-0.0,-0.0,0.0,-0.0,0.15,-34702.85,False,rest_window_overlap,positive_orders_failed_threshold_or_soft_risk,120,12,"{""macro_aborted_count"":0,""macro_broken_by_query_count"":0,""macro_completed_count"":23,""macro_started_count"":23,""official_delta_measured_macro_gain"":0.0,""query_skipped_due_to_macro"":23}",runtime_top5_decomposition
runs/delta_mpc/20260509/delta_mpc_fallback,20260509,e7a52d984e7e,1344bde736ab,wait,take_order,137.71,0.0,0.0,0.0,25006.2,-0.0,-0.0,0.8,-0.0,0.0,-0.0,0.15,-34752.87,False,rest_window_overlap,positive_orders_failed_threshold_or_soft_risk,120,12,"{""macro_aborted_count"":0,""macro_broken_by_query_count"":0,""macro_completed_count"":23,""macro_started_count"":23,""official_delta_measured_macro_gain"":0.0,""query_skipped_due_to_macro"":23}",runtime_top5_decomposition
runs/delta_mpc/20260509/delta_mpc_fallback,20260509,e7a52d984e7e,1344bde736ab,wait,take_order,113.75,0.0,0.0,0.0,25006.2,-0.0,-0.0,-0.0,-0.0,0.0,-0.0,0.15,-34771.27,False,rest_window_overlap,positive_orders_failed_threshold_or_soft_risk,120,12,"{""macro_aborted_count"":0,""macro_broken_by_query_count"":0,""macro_completed_count"":23,""macro_started_count"":23,""official_delta_measured_macro_gain"":0.0,""query_skipped_due_to_macro"":23}",runtime_top5_decomposition
runs/delta_mpc/20260509/delta_mpc_fallback,20260509,e7a52d984e7e,4122e1977dc8,wait,wait,0.0,0.0,0.0,0.0,-0.0,-0.0,-0.0,-0.0,-0.0,0.0,-0.0,-0.0,0.0,True,,daily_rest_guard,0,0,"{""macro_aborted_count"":0,""macro_broken_by_query_count"":0,""macro_completed_count"":24,""macro_started_count"":24,""official_delta_measured_macro_gain"":0.0,""query_skipped_due_to_macro"":24}",runtime_top5_decomposition
runs/delta_mpc/20260509/delta_mpc_fallback,20260509,e7a52d984e7e,3e8f977d0869,take_order,take_order,1153.45,0.0,0.0,0.0,6.2,-0.0,-0.0,681.76,-0.0,0.0,-0.0,0.15,840.26,True,,,120,12,"{""macro_aborted_count"":0,""macro_broken_by_query_count"":0,""macro_completed_count"":24,""macro_started_count"":24,""official_delta_measured_macro_gain"":0.0,""query_skipped_due_to_macro"":24}",runtime_top5_decomposition
runs/delta_mpc/20260509/delta_mpc_fallback,20260509,e7a52d984e7e,3e8f977d0869,take_order,take_order,830.29,0.0,0.0,0.0,6.2,-0.0,-0.0,310.08,-0.0,0.0,-0.0,0.15,807.2,False,lower_delta_mpc_score,,120,12,"{""macro_aborted_count"":0,""macro_broken_by_query_count"":0,""macro_completed_count"":24,""macro_started_count"":24,""official_delta_measured_macro_gain"":0.0,""query_skipped_due_to_macro"":24}",runtime_top5_decomposition
runs/delta_mpc/20260509/delta_mpc_fallback,20260509,e7a52d984e7e,3e8f977d0869,take_order,take_order,377.3,0.0,0.0,0.0,6.2,-0.0,-0.0,-0.0,-0.0,0.0,-0.0,0.15,582.32,False,lower_delta_mpc_score,,120,12,"{""macro_aborted_count"":0,""macro_broken_by_query_count"":0,""macro_completed_count"":24,""macro_started_count"":24,""official_delta_measured_macro_gain"":0.0,""query_skipped_due_to_macro"":24}",runtime_top5_decomposition
runs/delta_mpc/20260509/delta_mpc_fallback,20260509,e7a52d984e7e,3e8f977d0869,take_order,take_order,271.18,0.0,0.0,0.0,6.2,-0.0,-0.0,-0.0,-0.0,0.0,-0.0,0.15,509.63,False,lower_delta_mpc_score,,120,12,"{""macro_aborted_count"":0,""macro_broken_by_query_count"":0,""macro_completed_count"":24,""macro_started_count"":24,""official_delta_measured_macro_gain"":0.0,""query_skipped_due_to_macro"":24}",runtime_top5_decomposition
runs/delta_mpc/20260509/delta_mpc_fallback,20260509,e7a52d984e7e,3e8f977d0869,take_order,take_order,330.58,0.0,0.0,0.0,6.2,-0.0,-0.0,-0.0,-0.0,0.0,-0.0,0.15,493.71,False,lower_delta_mpc_score,,120,12,"{""macro_aborted_count"":0,""macro_broken_by_query_count"":0,""macro_completed_count"":24,""macro_started_count"":24,""official_delta_measured_macro_gain"":0.0,""query_skipped_due_to_macro"":24}",runtime_top5_decomposition
runs/delta_mpc/20260509/delta_mpc_fallback,20260509,e7a52d984e7e,609326725a29,wait,wait,0.0,0.0,0.0,0.0,-0.0,-0.0,-0.0,-0.0,-0.0,0.0,-0.0,-0.0,0.0,True,,positive_orders_failed_threshold_or_soft_risk,120,12,"{""macro_aborted_count"":0,""macro_broken_by_query_count"":0,""macro_completed_count"":24,""macro_started_count"":24,""official_delta_measured_macro_gain"":0.0,""query_skipped_due_to_macro"":24}",runtime_top5_decomposition
runs/delta_mpc/20260509/delta_mpc_fallback,20260509,e7a52d984e7e,609326725a29,wait,take_order,652.47,0.0,0.0,0.0,25006.2,-0.0,-0.0,12.0,-0.0,0.0,-0.0,0.15,-34066.7,False,rest_window_overlap,positive_orders_failed_threshold_or_soft_risk,120,12,"{""macro_aborted_count"":0,""macro_broken_by_query_count"":0,""macro_completed_count"":24,""macro_started_count"":24,""official_delta_measured_macro_gain"":0.0,""query_skipped_due_to_macro"":24}",runtime_top5_decomposition
runs/delta_mpc/20260509/delta_mpc_fallback,20260509,e7a52d984e7e,609326725a29,wait,take_order,587.7,0.0,0.0,0.0,25006.2,-0.0,-0.0,4.88,-0.0,0.0,-0.0,0.15,-34112.19,False,rest_window_overlap,positive_orders_failed_threshold_or_soft_risk,120,12,"{""macro_aborted_count"":0,""macro_broken_by_query_count"":0,""macro_completed_count"":24,""macro_started_count"":24,""official_delta_measured_macro_gain"":0.0,""query_skipped_due_to_macro"":24}",runtime_top5_decomposition
runs/delta_mpc/20260509/delta_mpc_fallback,20260509,e7a52d984e7e,609326725a29,wait,take_order,554.93,0.0,0.0,0.0,25006.2,-0.0,-0.0,-0.0,-0.0,0.0,-0.0,0.15,-34127.88,False,rest_window_overlap,positive_orders_failed_threshold_or_soft_risk,120,12,"{""macro_aborted_count"":0,""macro_broken_by_query_count"":0,""macro_completed_count"":24,""macro_started_count"":24,""official_delta_measured_macro_gain"":0.0,""query_skipped_due_to_macro"":24}",runtime_top5_decomposition
runs/delta_mpc/20260509/delta_mpc_fallback,20260509,e7a52d984e7e,609326725a29,wait,take_order,527.31,0.0,0.0,0.0,25006.2,-0.0,-0.0,10.4,-0.0,0.0,-0.0,0.15,-34279.35,False,rest_window_overlap,positive_orders_failed_threshold_or_soft_risk,120,12,"{""macro_aborted_count"":0,""macro_broken_by_query_count"":0,""macro_completed_count"":24,""macro_started_count"":24,""official_delta_measured_macro_gain"":0.0,""query_skipped_due_to_macro"":24}",runtime_top5_decomposition
runs/delta_mpc/20260509/delta_mpc_fallback,20260509,e7a52d984e7e,09f659e330d5,wait,wait,0.0,0.0,0.0,0.0,-0.0,-0.0,-0.0,-0.0,-0.0,0.0,-0.0,-0.0,0.0,True,,daily_rest_guard,0,0,"{""macro_aborted_count"":0,""macro_broken_by_query_count"":0,""macro_completed_count"":25,""macro_started_count"":25,""official_delta_measured_macro_gain"":0.0,""query_skipped_due_to_macro"":25}",runtime_top5_decomposition
runs/delta_mpc/20260509/delta_mpc_fallback,20260509,e7a52d984e7e,5c8854631903,take_order,take_order,652.47,0.0,0.0,0.0,6.2,-0.0,-0.0,12.0,-0.0,0.0,-0.0,0.15,912.43,True,,,120,12,"{""macro_aborted_count"":0,""macro_broken_by_query_count"":0,""macro_completed_count"":25,""macro_started_count"":25,""official_delta_measured_macro_gain"":0.0,""query_skipped_due_to_macro"":25}",runtime_top5_decomposition
runs/delta_mpc/20260509/delta_mpc_fallback,20260509,e7a52d984e7e,5c8854631903,take_order,take_order,606.62,0.0,0.0,0.0,6.2,-0.0,-0.0,14.8,-0.0,0.0,12.4,0.15,797.74,False,lower_delta_mpc_score,,120,12,"{""macro_aborted_count"":0,""macro_broken_by_query_count"":0,""macro_completed_count"":25,""macro_started_count"":25,""official_delta_measured_macro_gain"":0.0,""query_skipped_due_to_macro"":25}",runtime_top5_decomposition
runs/delta_mpc/20260509/delta_mpc_fallback,20260509,e7a52d984e7e,5c8854631903,take_order,take_order,271.51,0.0,0.0,0.0,6.2,-0.0,-0.0,15.12,-0.0,0.0,9.52,0.15,347.68,False,lower_delta_mpc_score,,120,12,"{""macro_aborted_count"":0,""macro_broken_by_query_count"":0,""macro_completed_count"":25,""macro_started_count"":25,""official_delta_measured_macro_gain"":0.0,""query_skipped_due_to_macro"":25}",runtime_top5_decomposition
runs/delta_mpc/20260509/delta_mpc_fallback,20260509,e7a52d984e7e,5c8854631903,take_order,wait,0.0,0.0,0.0,0.0,-0.0,-0.0,-0.0,-0.0,-0.0,0.0,-0.0,-0.0,-70.0,False,lower_delta_mpc_score_or_no_macro_commitment,,120,12,"{""macro_aborted_count"":0,""macro_broken_by_query_count"":0,""macro_completed_count"":25,""macro_started_count"":25,""official_delta_measured_macro_gain"":0.0,""query_skipped_due_to_macro"":25}",runtime_top5_decomposition
runs/delta_mpc/20260509/delta_mpc_fallback,20260509,e7a52d984e7e,5c8854631903,take_order,take_order,306.64,0.0,0.0,0.0,6.2,-0.0,-0.0,14.48,-0.0,0.0,885.4,0.15,-410.51,False,lower_delta_mpc_score,,120,12,"{""macro_aborted_count"":0,""macro_broken_by_query_count"":0,""macro_completed_count"":25,""macro_started_count"":25,""official_delta_measured_macro_gain"":0.0,""query_skipped_due_to_macro"":25}",runtime_top5_decomposition
runs/delta_mpc/20260509/delta_mpc_fallback,20260509,e7a52d984e7e,ea35e7cfde1d,wait,wait,0.0,0.0,0.0,0.0,-0.0,-0.0,-0.0,-0.0,-0.0,0.0,-0.0,-0.0,0.0,True,,positive_orders_failed_threshold_or_soft_risk,120,12,"{""macro_aborted_count"":0,""macro_broken_by_query_count"":0,""macro_completed_count"":25,""macro_started_count"":25,""official_delta_measured_macro_gain"":0.0,""query_skipped_due_to_macro"":25}",runtime_top5_decomposition
runs/delta_mpc/20260509/delta_mpc_fallback,20260509,e7a52d984e7e,ea35e7cfde1d,wait,take_order,50.66,0.0,0.0,0.0,15366.2,-0.0,-0.0,-0.0,-0.0,0.0,-0.0,0.15,-25285.59,False,rest_window_overlap,positive_orders_failed_threshold_or_soft_risk,120,12,"{""macro_aborted_count"":0,""macro_broken_by_query_count"":0,""macro_completed_count"":25,""macro_started_count"":25,""official_delta_measured_macro_gain"":0.0,""query_skipped_due_to_macro"":25}",runtime_top5_decomposition
runs/delta_mpc/20260509/delta_mpc_fallback,20260509,e7a52d984e7e,ea35e7cfde1d,wait,take_order,105.26,0.0,0.0,0.0,23206.2,-0.0,-0.0,4.48,-0.0,0.0,605.7,0.15,-33655.79,False,rest_window_overlap,positive_orders_failed_threshold_or_soft_risk,120,12,"{""macro_aborted_count"":0,""macro_broken_by_query_count"":0,""macro_completed_count"":25,""macro_started_count"":25,""official_delta_measured_macro_gain"":0.0,""query_skipped_due_to_macro"":25}",runtime_top5_decomposition
runs/delta_mpc/20260509/delta_mpc_fallback,20260509,e7a52d984e7e,ea35e7cfde1d,wait,take_order,160.44,0.0,0.0,0.0,23446.2,-0.0,-0.0,4.72,-0.0,0.0,575.08,0.15,-33785.92,False,rest_window_overlap,positive_orders_failed_threshold_or_soft_risk,120,12,"{""macro_aborted_count"":0,""macro_broken_by_query_count"":0,""macro_completed_count"":25,""macro_started_count"":25,""official_delta_measured_macro_gain"":0.0,""query_skipped_due_to_macro"":25}",runtime_top5_decomposition
runs/delta_mpc/20260509/delta_mpc_fallback,20260509,e7a52d984e7e,ea35e7cfde1d,wait,take_order,61.54,0.0,0.0,0.0,25006.2,-0.0,-0.0,17.92,-0.0,0.0,-0.0,0.15,-34933.4,False,rest_window_overlap,positive_orders_failed_threshold_or_soft_risk,120,12,"{""macro_aborted_count"":0,""macro_broken_by_query_count"":0,""macro_completed_count"":25,""macro_started_count"":25,""official_delta_measured_macro_gain"":0.0,""query_skipped_due_to_macro"":25}",runtime_top5_decomposition
runs/delta_mpc/20260509/delta_mpc_fallback,20260509,e7a52d984e7e,5906f6ffeb23,wait,wait,0.0,0.0,0.0,0.0,-0.0,-0.0,-0.0,-0.0,-0.0,0.0,-0.0,-0.0,-35.0,True,,positive_orders_failed_threshold_or_soft_risk,120,12,"{""macro_aborted_count"":0,""macro_broken_by_query_count"":0,""macro_completed_count"":25,""macro_started_count"":25,""official_delta_measured_macro_gain"":0.0,""query_skipped_due_to_macro"":25}",runtime_top5_decomposition
runs/delta_mpc/20260509/delta_mpc_fallback,20260509,e7a52d984e7e,5906f6ffeb23,wait,take_order,61.54,0.0,0.0,0.0,25006.2,-0.0,-0.0,17.92,-0.0,0.0,-0.0,0.15,-34938.8,False,rest_window_overlap,positive_orders_failed_threshold_or_soft_risk,120,12,"{""macro_aborted_count"":0,""macro_broken_by_query_count"":0,""macro_completed_count"":25,""macro_started_count"":25,""official_delta_measured_macro_gain"":0.0,""query_skipped_due_to_macro"":25}",runtime_top5_decomposition
runs/delta_mpc/20260509/delta_mpc_fallback,20260509,e7a52d984e7e,5906f6ffeb23,wait,take_order,-98.09,0.0,0.0,0.0,25006.2,-0.0,-0.0,6.96,-0.0,0.0,-0.0,0.15,-35149.97,False,rest_window_overlap,positive_orders_failed_threshold_or_soft_risk,120,12,"{""macro_aborted_count"":0,""macro_broken_by_query_count"":0,""macro_completed_count"":25,""macro_started_count"":25,""official_delta_measured_macro_gain"":0.0,""query_skipped_due_to_macro"":25}",runtime_top5_decomposition
runs/delta_mpc/20260509/delta_mpc_fallback,20260509,e7a52d984e7e,5906f6ffeb23,wait,take_order,-117.17,0.0,0.0,0.0,25006.2,-0.0,-0.0,10.4,-0.0,0.0,174.33,0.15,-35351.41,False,rest_window_overlap,positive_orders_failed_threshold_or_soft_risk,120,12,"{""macro_aborted_count"":0,""macro_broken_by_query_count"":0,""macro_completed_count"":25,""macro_started_count"":25,""official_delta_measured_macro_gain"":0.0,""query_skipped_due_to_macro"":25}",runtime_top5_decomposition
runs/delta_mpc/20260509/delta_mpc_fallback,20260509,e7a52d984e7e,5906f6ffeb23,wait,take_order,160.51,0.0,0.0,0.0,25006.2,-0.0,-0.0,334.32,-0.0,0.0,396.88,0.15,-35499.34,False,rest_window_overlap,positive_orders_failed_threshold_or_soft_risk,120,12,"{""macro_aborted_count"":0,""macro_broken_by_query_count"":0,""macro_completed_count"":25,""macro_started_count"":25,""official_delta_measured_macro_gain"":0.0,""query_skipped_due_to_macro"":25}",runtime_top5_decomposition
runs/delta_mpc/20260509/delta_mpc_fallback,20260509,e7a52d984e7e,03ff289be227,wait,wait,0.0,0.0,0.0,0.0,-0.0,-0.0,-0.0,-0.0,-0.0,0.0,-0.0,-0.0,0.0,True,,daily_rest_guard,0,0,"{""macro_aborted_count"":0,""macro_broken_by_query_count"":0,""macro_completed_count"":26,""macro_started_count"":26,""official_delta_measured_macro_gain"":0.0,""query_skipped_due_to_macro"":26}",runtime_top5_decomposition
runs/delta_mpc/20260509/delta_mpc_fallback,20260509,e7a52d984e7e,b11eb0c2855b,take_order,take_order,473.88,0.0,0.0,0.0,6.2,-0.0,-0.0,14.8,-0.0,0.0,-0.0,0.15,629.5,True,,,120,12,"{""macro_aborted_count"":0,""macro_broken_by_query_count"":0,""macro_completed_count"":26,""macro_started_count"":26,""official_delta_measured_macro_gain"":0.0,""query_skipped_due_to_macro"":26}",runtime_top5_decomposition
runs/delta_mpc/20260509/delta_mpc_fallback,20260509,e7a52d984e7e,b11eb0c2855b,take_order,take_order,463.25,0.0,0.0,0.0,6.2,-0.0,-0.0,59.6,-0.0,0.0,-0.0,0.15,552.4,False,lower_delta_mpc_score,,120,12,"{""macro_aborted_count"":0,""macro_broken_by_query_count"":0,""macro_completed_count"":26,""macro_started_count"":26,""official_delta_measured_macro_gain"":0.0,""query_skipped_due_to_macro"":26}",runtime_top5_decomposition
runs/delta_mpc/20260509/delta_mpc_fallback,20260509,e7a52d984e7e,b11eb0c2855b,take_order,take_order,696.23,0.0,0.0,0.0,6.2,-0.0,-0.0,124.24,-0.0,0.0,322.87,0.15,476.47,False,lower_delta_mpc_score,,120,12,"{""macro_aborted_count"":0,""macro_broken_by_query_count"":0,""macro_completed_count"":26,""macro_started_count"":26,""official_delta_measured_macro_gain"":0.0,""query_skipped_due_to_macro"":26}",runtime_top5_decomposition
runs/delta_mpc/20260509/delta_mpc_fallback,20260509,e7a52d984e7e,b11eb0c2855b,take_order,take_order,441.28,0.0,0.0,0.0,6.2,-0.0,-0.0,16.72,-0.0,0.0,162.2,0.15,415.47,False,lower_delta_mpc_score,,120,12,"{""macro_aborted_count"":0,""macro_broken_by_query_count"":0,""macro_completed_count"":26,""macro_started_count"":26,""official_delta_measured_macro_gain"":0.0,""query_skipped_due_to_macro"":26}",runtime_top5_decomposition
runs/delta_mpc/20260509/delta_mpc_fallback,20260509,e7a52d984e7e,b11eb0c2855b,take_order,take_order,355.9,0.0,0.0,0.0,6.2,-0.0,-0.0,7.76,-0.0,0.0,98.03,0.15,397.54,False,lower_delta_mpc_score,,120,12,"{""macro_aborted_count"":0,""macro_broken_by_query_count"":0,""macro_completed_count"":26,""macro_started_count"":26,""official_delta_measured_macro_gain"":0.0,""query_skipped_due_to_macro"":26}",runtime_top5_decomposition
runs/delta_mpc/20260509/delta_mpc_fallback,20260509,e7a52d984e7e,7c8ea6a52706,wait,wait,0.0,0.0,0.0,0.0,-0.0,-0.0,-0.0,-0.0,-0.0,0.0,-0.0,-0.0,0.0,True,,positive_orders_failed_threshold_or_soft_risk,120,12,"{""macro_aborted_count"":0,""macro_broken_by_query_count"":0,""macro_completed_count"":26,""macro_started_count"":26,""official_delta_measured_macro_gain"":0.0,""query_skipped_due_to_macro"":26}",runtime_top5_decomposition
runs/delta_mpc/20260509/delta_mpc_fallback,20260509,e7a52d984e7e,7c8ea6a52706,wait,take_order,305.88,0.0,0.0,0.0,10566.2,-0.0,-0.0,-0.0,-0.0,0.0,-0.0,0.15,-20039.25,False,rest_window_overlap,positive_orders_failed_threshold_or_soft_risk,120,12,"{""macro_aborted_count"":0,""macro_broken_by_query_count"":0,""macro_completed_count"":26,""macro_started_count"":26,""official_delta_measured_macro_gain"":0.0,""query_skipped_due_to_macro"":26}",runtime_top5_decomposition
runs/delta_mpc/20260509/delta_mpc_fallback,20260509,e7a52d984e7e,7c8ea6a52706,wait,take_order,256.67,0.0,0.0,0.0,11606.2,-0.0,-0.0,-0.0,-0.0,0.0,-0.0,0.15,-21121.47,False,rest_window_overlap,positive_orders_failed_threshold_or_soft_risk,120,12,"{""macro_aborted_count"":0,""macro_broken_by_query_count"":0,""macro_completed_count"":26,""macro_started_count"":26,""official_delta_measured_macro_gain"":0.0,""query_skipped_due_to_macro"":26}",runtime_top5_decomposition
runs/delta_mpc/20260509/delta_mpc_fallback,20260509,e7a52d984e7e,7c8ea6a52706,wait,take_order,92.54,0.0,0.0,0.0,15126.2,-0.0,-0.0,-0.0,-0.0,0.0,-0.0,0.15,-24977.1,False,rest_window_overlap,positive_orders_failed_threshold_or_soft_risk,120,12,"{""macro_aborted_count"":0,""macro_broken_by_query_count"":0,""macro_completed_count"":26,""macro_started_count"":26,""official_delta_measured_macro_gain"":0.0,""query_skipped_due_to_macro"":26}",runtime_top5_decomposition
runs/delta_mpc/20260509/delta_mpc_fallback,20260509,e7a52d984e7e,7c8ea6a52706,wait,take_order,231.34,0.0,0.0,0.0,16726.2,-0.0,-0.0,-0.0,-0.0,0.0,-0.0,0.15,-26355.63,False,rest_window_overlap,positive_orders_failed_threshold_or_soft_risk,120,12,"{""macro_aborted_count"":0,""macro_broken_by_query_count"":0,""macro_completed_count"":26,""macro_started_count"":26,""official_delta_measured_macro_gain"":0.0,""query_skipped_due_to_macro"":26}",runtime_top5_decomposition
runs/delta_mpc/20260509/delta_mpc_fallback,20260509,e7a52d984e7e,2b6d63f8a528,wait,wait,0.0,0.0,0.0,0.0,-0.0,-0.0,-0.0,-0.0,-0.0,0.0,-0.0,-0.0,-35.0,True,,positive_orders_failed_threshold_or_soft_risk,120,12,"{""macro_aborted_count"":0,""macro_broken_by_query_count"":0,""macro_completed_count"":26,""macro_started_count"":26,""official_delta_measured_macro_gain"":0.0,""query_skipped_due_to_macro"":26}",runtime_top5_decomposition
runs/delta_mpc/20260509/delta_mpc_fallback,20260509,e7a52d984e7e,2b6d63f8a528,wait,take_order,305.88,0.0,0.0,0.0,23526.2,-0.0,-0.0,-0.0,-0.0,0.0,-0.0,0.15,-33004.65,False,rest_window_overlap,positive_orders_failed_threshold_or_soft_risk,120,12,"{""macro_aborted_count"":0,""macro_broken_by_query_count"":0,""macro_completed_count"":26,""macro_started_count"":26,""official_delta_measured_macro_gain"":0.0,""query_skipped_due_to_macro"":26}",runtime_top5_decomposition
runs/delta_mpc/20260509/delta_mpc_fallback,20260509,e7a52d984e7e,2b6d63f8a528,wait,take_order,256.67,0.0,0.0,0.0,24566.2,-0.0,-0.0,-0.0,-0.0,0.0,-0.0,0.15,-34086.87,False,rest_window_overlap,positive_orders_failed_threshold_or_soft_risk,120,12,"{""macro_aborted_count"":0,""macro_broken_by_query_count"":0,""macro_completed_count"":26,""macro_started_count"":26,""official_delta_measured_macro_gain"":0.0,""query_skipped_due_to_macro"":26}",runtime_top5_decomposition
runs/delta_mpc/20260509/delta_mpc_fallback,20260509,e7a52d984e7e,2b6d63f8a528,wait,take_order,457.09,0.0,0.0,0.0,25006.2,-0.0,-0.0,8.64,-0.0,0.0,-0.0,0.15,-34369.55,False,rest_window_overlap,positive_orders_failed_threshold_or_soft_risk,120,12,"{""macro_aborted_count"":0,""macro_broken_by_query_count"":0,""macro_completed_count"":26,""macro_started_count"":26,""official_delta_measured_macro_gain"":0.0,""query_skipped_due_to_macro"":26}",runtime_top5_decomposition
runs/delta_mpc/20260509/delta_mpc_fallback,20260509,e7a52d984e7e,2b6d63f8a528,wait,take_order,311.2,0.0,0.0,0.0,25006.2,-0.0,-0.0,7.36,-0.0,0.0,-0.0,0.15,-34570.15,False,rest_window_overlap,positive_orders_failed_threshold_or_soft_risk,120,12,"{""macro_aborted_count"":0,""macro_broken_by_query_count"":0,""macro_completed_count"":26,""macro_started_count"":26,""official_delta_measured_macro_gain"":0.0,""query_skipped_due_to_macro"":26}",runtime_top5_decomposition
runs/delta_mpc/20260509/delta_mpc_fallback,20260509,e7a52d984e7e,7817dfb708d3,wait,wait,0.0,0.0,0.0,0.0,-0.0,-0.0,-0.0,-0.0,-0.0,0.0,-0.0,-0.0,0.0,True,,daily_rest_guard,0,0,"{""macro_aborted_count"":0,""macro_broken_by_query_count"":0,""macro_completed_count"":27,""macro_started_count"":27,""official_delta_measured_macro_gain"":0.0,""query_skipped_due_to_macro"":27}",runtime_top5_decomposition
runs/delta_mpc/20260509/delta_mpc_fallback,20260509,e7a52d984e7e,97d648a2cbcf,take_order,take_order,395.27,0.0,0.0,0.0,6.2,-0.0,-0.0,11.68,-0.0,0.0,-0.0,0.15,558.53,True,,,120,12,"{""macro_aborted_count"":0,""macro_broken_by_query_count"":0,""macro_completed_count"":27,""macro_started_count"":27,""official_delta_measured_macro_gain"":0.0,""query_skipped_due_to_macro"":27}",runtime_top5_decomposition
runs/delta_mpc/20260509/delta_mpc_fallback,20260509,e7a52d984e7e,97d648a2cbcf,take_order,take_order,356.06,0.0,0.0,0.0,6.2,-0.0,-0.0,2.56,-0.0,0.0,-0.0,0.15,519.8,False,lower_delta_mpc_score,,120,12,"{""macro_aborted_count"":0,""macro_broken_by_query_count"":0,""macro_completed_count"":27,""macro_started_count"":27,""official_delta_measured_macro_gain"":0.0,""query_skipped_due_to_macro"":27}",runtime_top5_decomposition
runs/delta_mpc/20260509/delta_mpc_fallback,20260509,e7a52d984e7e,97d648a2cbcf,take_order,take_order,332.0,0.0,0.0,0.0,6.2,-0.0,-0.0,-0.0,-0.0,0.0,-0.0,0.15,497.41,False,lower_delta_mpc_score,,120,12,"{""macro_aborted_count"":0,""macro_broken_by_query_count"":0,""macro_completed_count"":27,""macro_started_count"":27,""official_delta_measured_macro_gain"":0.0,""query_skipped_due_to_macro"":27}",runtime_top5_decomposition
runs/delta_mpc/20260509/delta_mpc_fallback,20260509,e7a52d984e7e,97d648a2cbcf,take_order,take_order,270.42,0.0,0.0,0.0,6.2,-0.0,-0.0,-0.0,-0.0,0.0,-0.0,0.15,490.39,False,lower_delta_mpc_score,,120,12,"{""macro_aborted_count"":0,""macro_broken_by_query_count"":0,""macro_completed_count"":27,""macro_started_count"":27,""official_delta_measured_macro_gain"":0.0,""query_skipped_due_to_macro"":27}",runtime_top5_decomposition
runs/delta_mpc/20260509/delta_mpc_fallback,20260509,e7a52d984e7e,97d648a2cbcf,take_order,take_order,204.06,0.0,0.0,0.0,6.2,-0.0,-0.0,-0.0,-0.0,0.0,-0.0,0.15,481.73,False,lower_delta_mpc_score,,120,12,"{""macro_aborted_count"":0,""macro_broken_by_query_count"":0,""macro_completed_count"":27,""macro_started_count"":27,""official_delta_measured_macro_gain"":0.0,""query_skipped_due_to_macro"":27}",runtime_top5_decomposition
runs/delta_mpc/20260509/delta_mpc_fallback,20260509,e7a52d984e7e,ef34b0f6c594,wait,wait,0.0,0.0,0.0,0.0,-0.0,-0.0,-0.0,-0.0,-0.0,0.0,-0.0,-0.0,0.0,True,,positive_orders_failed_threshold_or_soft_risk,120,12,"{""macro_aborted_count"":0,""macro_broken_by_query_count"":0,""macro_completed_count"":27,""macro_started_count"":27,""official_delta_measured_macro_gain"":0.0,""query_skipped_due_to_macro"":27}",runtime_top5_decomposition
runs/delta_mpc/20260509/delta_mpc_fallback,20260509,e7a52d984e7e,ef34b0f6c594,wait,take_order,57.14,0.0,0.0,0.0,6726.2,-0.0,-0.0,-0.0,-0.0,0.0,-0.0,0.15,-16625.67,False,rest_window_overlap,positive_orders_failed_threshold_or_soft_risk,120,12,"{""macro_aborted_count"":0,""macro_broken_by_query_count"":0,""macro_completed_count"":27,""macro_started_count"":27,""official_delta_measured_macro_gain"":0.0,""query_skipped_due_to_macro"":27}",runtime_top5_decomposition
runs/delta_mpc/20260509/delta_mpc_fallback,20260509,e7a52d984e7e,ef34b0f6c594,wait,take_order,126.09,0.0,0.0,0.0,8006.2,-0.0,-0.0,-0.0,-0.0,0.0,-0.0,0.15,-17793.32,False,rest_window_overlap,positive_orders_failed_threshold_or_soft_risk,120,12,"{""macro_aborted_count"":0,""macro_broken_by_query_count"":0,""macro_completed_count"":27,""macro_started_count"":27,""official_delta_measured_macro_gain"":0.0,""query_skipped_due_to_macro"":27}",runtime_top5_decomposition
runs/delta_mpc/20260509/delta_mpc_fallback,20260509,e7a52d984e7e,ef34b0f6c594,wait,take_order,9.34,0.0,0.0,0.0,9286.2,-0.0,-0.0,-0.0,-0.0,0.0,-0.0,0.15,-19264.4,False,rest_window_overlap,positive_orders_failed_threshold_or_soft_risk,120,12,"{""macro_aborted_count"":0,""macro_broken_by_query_count"":0,""macro_completed_count"":27,""macro_started_count"":27,""official_delta_measured_macro_gain"":0.0,""query_skipped_due_to_macro"":27}",runtime_top5_decomposition
runs/delta_mpc/20260509/delta_mpc_fallback,20260509,e7a52d984e7e,ef34b0f6c594,wait,take_order,-1.86,0.0,0.0,0.0,11846.2,-0.0,-0.0,-0.0,-0.0,0.0,-0.0,0.15,-21840.84,False,rest_window_overlap,positive_orders_failed_threshold_or_soft_risk,120,12,"{""macro_aborted_count"":0,""macro_broken_by_query_count"":0,""macro_completed_count"":27,""macro_started_count"":27,""official_delta_measured_macro_gain"":0.0,""query_skipped_due_to_macro"":27}",runtime_top5_decomposition
runs/delta_mpc/20260509/delta_mpc_fallback,20260509,e7a52d984e7e,280d7516eaaa,wait,wait,0.0,0.0,0.0,0.0,-0.0,-0.0,-0.0,-0.0,-0.0,0.0,-0.0,-0.0,-35.0,True,,positive_orders_failed_threshold_or_soft_risk,120,12,"{""macro_aborted_count"":0,""macro_broken_by_query_count"":0,""macro_completed_count"":27,""macro_started_count"":27,""official_delta_measured_macro_gain"":0.0,""query_skipped_due_to_macro"":27}",runtime_top5_decomposition
runs/delta_mpc/20260509/delta_mpc_fallback,20260509,e7a52d984e7e,280d7516eaaa,wait,take_order,534.87,0.0,0.0,0.0,25006.2,-0.0,-0.0,15.76,-0.0,0.0,-0.0,0.15,-34294.55,False,rest_window_overlap,positive_orders_failed_threshold_or_soft_risk,120,12,"{""macro_aborted_count"":0,""macro_broken_by_query_count"":0,""macro_completed_count"":27,""macro_started_count"":27,""official_delta_measured_macro_gain"":0.0,""query_skipped_due_to_macro"":27}",runtime_top5_decomposition
runs/delta_mpc/20260509/delta_mpc_fallback,20260509,e7a52d984e7e,280d7516eaaa,wait,take_order,76.75,0.0,0.0,0.0,24566.2,-0.0,-0.0,-0.0,-0.0,0.0,-0.0,0.15,-34391.88,False,rest_window_overlap,positive_orders_failed_threshold_or_soft_risk,120,12,"{""macro_aborted_count"":0,""macro_broken_by_query_count"":0,""macro_completed_count"":27,""macro_started_count"":27,""official_delta_measured_macro_gain"":0.0,""query_skipped_due_to_macro"":27}",runtime_top5_decomposition
runs/delta_mpc/20260509/delta_mpc_fallback,20260509,e7a52d984e7e,280d7516eaaa,wait,take_order,296.98,0.0,0.0,0.0,25006.2,-0.0,-0.0,7.76,-0.0,0.0,-0.0,0.15,-34588.53,False,rest_window_overlap,positive_orders_failed_threshold_or_soft_risk,120,12,"{""macro_aborted_count"":0,""macro_broken_by_query_count"":0,""macro_completed_count"":27,""macro_started_count"":27,""official_delta_measured_macro_gain"":0.0,""query_skipped_due_to_macro"":27}",runtime_top5_decomposition
runs/delta_mpc/20260509/delta_mpc_fallback,20260509,e7a52d984e7e,280d7516eaaa,wait,take_order,193.86,0.0,0.0,0.0,25006.2,-0.0,-0.0,0.48,-0.0,0.0,-0.0,0.15,-34714.16,False,rest_window_overlap,positive_orders_failed_threshold_or_soft_risk,120,12,"{""macro_aborted_count"":0,""macro_broken_by_query_count"":0,""macro_completed_count"":27,""macro_started_count"":27,""official_delta_measured_macro_gain"":0.0,""query_skipped_due_to_macro"":27}",runtime_top5_decomposition
runs/delta_mpc/20260509/delta_mpc_fallback,20260509,e7a52d984e7e,ddbb0208d72d,wait,wait,0.0,0.0,0.0,0.0,-0.0,-0.0,-0.0,-0.0,-0.0,0.0,-0.0,-0.0,0.0,True,,daily_rest_guard,0,0,"{""macro_aborted_count"":0,""macro_broken_by_query_count"":0,""macro_completed_count"":28,""macro_started_count"":28,""official_delta_measured_macro_gain"":0.0,""query_skipped_due_to_macro"":28}",runtime_top5_decomposition
runs/delta_mpc/20260509/delta_mpc_fallback,20260509,e7a52d984e7e,e4a1ea6770bc,take_order,take_order,176.38,0.0,0.0,0.0,6.2,-0.0,-0.0,-0.0,-0.0,0.0,-0.0,0.15,319.79,True,,,120,12,"{""macro_aborted_count"":0,""macro_broken_by_query_count"":0,""macro_completed_count"":28,""macro_started_count"":28,""official_delta_measured_macro_gain"":0.0,""query_skipped_due_to_macro"":28}",runtime_top5_decomposition
runs/delta_mpc/20260509/delta_mpc_fallback,20260509,e7a52d984e7e,e4a1ea6770bc,take_order,take_order,200.81,0.0,0.0,0.0,6.2,-0.0,-0.0,6.8,-0.0,0.0,-0.0,0.15,278.7,False,lower_delta_mpc_score,,120,12,"{""macro_aborted_count"":0,""macro_broken_by_query_count"":0,""macro_completed_count"":28,""macro_started_count"":28,""official_delta_measured_macro_gain"":0.0,""query_skipped_due_to_macro"":28}",runtime_top5_decomposition
runs/delta_mpc/20260509/delta_mpc_fallback,20260509,e7a52d984e7e,e4a1ea6770bc,take_order,take_order,149.78,0.0,0.0,0.0,6.2,-0.0,-0.0,-0.0,-0.0,0.0,-0.0,0.15,228.97,False,lower_delta_mpc_score,,120,12,"{""macro_aborted_count"":0,""macro_broken_by_query_count"":0,""macro_completed_count"":28,""macro_started_count"":28,""official_delta_measured_macro_gain"":0.0,""query_skipped_due_to_macro"":28}",runtime_top5_decomposition
runs/delta_mpc/20260509/delta_mpc_fallback,20260509,e7a52d984e7e,e4a1ea6770bc,take_order,take_order,154.81,0.0,0.0,0.0,6.2,-0.0,-0.0,2.8,-0.0,0.0,-0.0,0.15,223.55,False,lower_delta_mpc_score,,120,12,"{""macro_aborted_count"":0,""macro_broken_by_query_count"":0,""macro_completed_count"":28,""macro_started_count"":28,""official_delta_measured_macro_gain"":0.0,""query_skipped_due_to_macro"":28}",runtime_top5_decomposition
runs/delta_mpc/20260509/delta_mpc_fallback,20260509,e7a52d984e7e,e4a1ea6770bc,take_order,take_order,141.66,0.0,0.0,0.0,6.2,-0.0,-0.0,-0.0,-0.0,0.0,-0.0,0.15,219.94,False,lower_delta_mpc_score,,120,12,"{""macro_aborted_count"":0,""macro_broken_by_query_count"":0,""macro_completed_count"":28,""macro_started_count"":28,""official_delta_measured_macro_gain"":0.0,""query_skipped_due_to_macro"":28}",runtime_top5_decomposition
runs/delta_mpc/20260509/delta_mpc_fallback,20260509,e7a52d984e7e,52e710091b40,take_order,take_order,522.53,0.0,0.0,0.0,6.2,-0.0,-0.0,5.92,-0.0,0.0,-0.0,0.15,740.37,True,,,120,12,"{""macro_aborted_count"":0,""macro_broken_by_query_count"":0,""macro_completed_count"":28,""macro_started_count"":28,""official_delta_measured_macro_gain"":0.0,""query_skipped_due_to_macro"":28}",runtime_top5_decomposition
runs/delta_mpc/20260509/delta_mpc_fallback,20260509,e7a52d984e7e,52e710091b40,take_order,take_order,405.82,0.0,0.0,0.0,6.2,-0.0,-0.0,0.48,-0.0,0.0,-0.0,0.15,601.2,False,lower_delta_mpc_score,,120,12,"{""macro_aborted_count"":0,""macro_broken_by_query_count"":0,""macro_completed_count"":28,""macro_started_count"":28,""official_delta_measured_macro_gain"":0.0,""query_skipped_due_to_macro"":28}",runtime_top5_decomposition
runs/delta_mpc/20260509/delta_mpc_fallback,20260509,e7a52d984e7e,52e710091b40,take_order,take_order,243.31,0.0,0.0,0.0,6.2,-0.0,-0.0,-0.0,-0.0,0.0,-0.0,0.15,524.84,False,lower_delta_mpc_score,,120,12,"{""macro_aborted_count"":0,""macro_broken_by_query_count"":0,""macro_completed_count"":28,""macro_started_count"":28,""official_delta_measured_macro_gain"":0.0,""query_skipped_due_to_macro"":28}",runtime_top5_decomposition
runs/delta_mpc/20260509/delta_mpc_fallback,20260509,e7a52d984e7e,52e710091b40,take_order,take_order,276.27,0.0,0.0,0.0,6.2,-0.0,-0.0,-0.0,-0.0,0.0,-0.0,0.15,431.93,False,lower_delta_mpc_score,,120,12,"{""macro_aborted_count"":0,""macro_broken_by_query_count"":0,""macro_completed_count"":28,""macro_started_count"":28,""official_delta_measured_macro_gain"":0.0,""query_skipped_due_to_macro"":28}",runtime_top5_decomposition
runs/delta_mpc/20260509/delta_mpc_fallback,20260509,e7a52d984e7e,52e710091b40,take_order,take_order,204.5,0.0,0.0,0.0,6.2,-0.0,-0.0,-0.0,-0.0,0.0,-0.0,0.15,338.06,False,lower_delta_mpc_score,,120,12,"{""macro_aborted_count"":0,""macro_broken_by_query_count"":0,""macro_completed_count"":28,""macro_started_count"":28,""official_delta_measured_macro_gain"":0.0,""query_skipped_due_to_macro"":28}",runtime_top5_decomposition
runs/delta_mpc/20260509/delta_mpc_fallback,20260509,e7a52d984e7e,ae4b3d7c1b6a,wait,wait,0.0,0.0,0.0,0.0,-0.0,-0.0,-0.0,-0.0,-0.0,0.0,-0.0,-0.0,0.0,True,,positive_orders_failed_threshold_or_soft_risk,120,12,"{""macro_aborted_count"":0,""macro_broken_by_query_count"":0,""macro_completed_count"":28,""macro_started_count"":28,""official_delta_measured_macro_gain"":0.0,""query_skipped_due_to_macro"":28}",runtime_top5_decomposition
runs/delta_mpc/20260509/delta_mpc_fallback,20260509,e7a52d984e7e,ae4b3d7c1b6a,wait,take_order,124.83,0.0,0.0,0.0,20966.2,-0.0,-0.0,-0.0,-0.0,0.0,-0.0,0.15,-30735.82,False,rest_window_overlap,positive_orders_failed_threshold_or_soft_risk,120,12,"{""macro_aborted_count"":0,""macro_broken_by_query_count"":0,""macro_completed_count"":28,""macro_started_count"":28,""official_delta_measured_macro_gain"":0.0,""query_skipped_due_to_macro"":28}",runtime_top5_decomposition
runs/delta_mpc/20260509/delta_mpc_fallback,20260509,e7a52d984e7e,ae4b3d7c1b6a,wait,take_order,319.36,0.0,0.0,0.0,25006.2,-0.0,-0.0,15.2,-0.0,0.0,-0.0,0.15,-34562.85,False,rest_window_overlap,positive_orders_failed_threshold_or_soft_risk,120,12,"{""macro_aborted_count"":0,""macro_broken_by_query_count"":0,""macro_completed_count"":28,""macro_started_count"":28,""official_delta_measured_macro_gain"":0.0,""query_skipped_due_to_macro"":28}",runtime_top5_decomposition
runs/delta_mpc/20260509/delta_mpc_fallback,20260509,e7a52d984e7e,ae4b3d7c1b6a,wait,take_order,218.9,0.0,0.0,0.0,25006.2,-0.0,-0.0,-0.0,-0.0,0.0,-0.0,0.15,-34592.98,False,rest_window_overlap,positive_orders_failed_threshold_or_soft_risk,120,12,"{""macro_aborted_count"":0,""macro_broken_by_query_count"":0,""macro_completed_count"":28,""macro_started_count"":28,""official_delta_measured_macro_gain"":0.0,""query_skipped_due_to_macro"":28}",runtime_top5_decomposition
runs/delta_mpc/20260509/delta_mpc_fallback,20260509,e7a52d984e7e,ae4b3d7c1b6a,wait,take_order,215.9,0.0,0.0,0.0,25006.2,-0.0,-0.0,-0.0,-0.0,0.0,-0.0,0.15,-34638.0,False,rest_window_overlap,positive_orders_failed_threshold_or_soft_risk,120,12,"{""macro_aborted_count"":0,""macro_broken_by_query_count"":0,""macro_completed_count"":28,""macro_started_count"":28,""official_delta_measured_macro_gain"":0.0,""query_skipped_due_to_macro"":28}",runtime_top5_decomposition
runs/delta_mpc/20260509/delta_mpc_fallback,20260509,e7a52d984e7e,2261aef1492a,wait,wait,0.0,0.0,0.0,0.0,-0.0,-0.0,-0.0,-0.0,-0.0,0.0,-0.0,-0.0,0.0,True,,daily_rest_guard,0,0,"{""macro_aborted_count"":0,""macro_broken_by_query_count"":0,""macro_completed_count"":29,""macro_started_count"":29,""official_delta_measured_macro_gain"":0.0,""query_skipped_due_to_macro"":29}",runtime_top5_decomposition
runs/delta_mpc/20260509/delta_mpc_fallback,20260509,e7a52d984e7e,ea3b03b38fed,take_order,take_order,528.24,0.0,0.0,0.0,6.2,-0.0,-0.0,5.44,-0.0,0.0,-0.0,0.15,753.54,True,,,120,12,"{""macro_aborted_count"":0,""macro_broken_by_query_count"":0,""macro_completed_count"":29,""macro_started_count"":29,""official_delta_measured_macro_gain"":0.0,""query_skipped_due_to_macro"":29}",runtime_top5_decomposition
runs/delta_mpc/20260509/delta_mpc_fallback,20260509,e7a52d984e7e,ea3b03b38fed,take_order,take_order,326.34,0.0,0.0,0.0,6.2,-0.0,-0.0,6.8,-0.0,0.0,-0.0,0.15,457.56,False,lower_delta_mpc_score,,120,12,"{""macro_aborted_count"":0,""macro_broken_by_query_count"":0,""macro_completed_count"":29,""macro_started_count"":29,""official_delta_measured_macro_gain"":0.0,""query_skipped_due_to_macro"":29}",runtime_top5_decomposition
runs/delta_mpc/20260509/delta_mpc_fallback,20260509,e7a52d984e7e,ea3b03b38fed,take_order,take_order,319.36,0.0,0.0,0.0,6.2,-0.0,-0.0,14.08,-0.0,0.0,-0.0,0.15,421.51,False,lower_delta_mpc_score,,120,12,"{""macro_aborted_count"":0,""macro_broken_by_query_count"":0,""macro_completed_count"":29,""macro_started_count"":29,""official_delta_measured_macro_gain"":0.0,""query_skipped_due_to_macro"":29}",runtime_top5_decomposition
runs/delta_mpc/20260509/delta_mpc_fallback,20260509,e7a52d984e7e,ea3b03b38fed,take_order,take_order,299.86,0.0,0.0,0.0,6.2,-0.0,-0.0,7.12,-0.0,0.0,-0.0,0.15,414.35,False,lower_delta_mpc_score,,120,12,"{""macro_aborted_count"":0,""macro_broken_by_query_count"":0,""macro_completed_count"":29,""macro_started_count"":29,""official_delta_measured_macro_gain"":0.0,""query_skipped_due_to_macro"":29}",runtime_top5_decomposition
runs/delta_mpc/20260509/delta_mpc_fallback,20260509,e7a52d984e7e,ea3b03b38fed,take_order,take_order,298.28,0.0,0.0,0.0,6.2,-0.0,-0.0,11.2,-0.0,0.0,-0.0,0.15,401.94,False,lower_delta_mpc_score,,120,12,"{""macro_aborted_count"":0,""macro_broken_by_query_count"":0,""macro_completed_count"":29,""macro_started_count"":29,""official_delta_measured_macro_gain"":0.0,""query_skipped_due_to_macro"":29}",runtime_top5_decomposition
runs/delta_mpc/20260509/delta_mpc_fallback,20260509,e7a52d984e7e,fa5a1530f5c3,take_order,take_order,215.11,0.0,0.0,0.0,6.2,-0.0,-0.0,-0.0,-0.0,0.0,-0.0,0.15,370.21,True,,,120,12,"{""macro_aborted_count"":0,""macro_broken_by_query_count"":0,""macro_completed_count"":29,""macro_started_count"":29,""official_delta_measured_macro_gain"":0.0,""query_skipped_due_to_macro"":29}",runtime_top5_decomposition
runs/delta_mpc/20260509/delta_mpc_fallback,20260509,e7a52d984e7e,fa5a1530f5c3,take_order,take_order,204.14,0.0,0.0,0.0,6.2,-0.0,-0.0,-0.0,-0.0,0.0,-0.0,0.15,369.51,False,lower_delta_mpc_score,,120,12,"{""macro_aborted_count"":0,""macro_broken_by_query_count"":0,""macro_completed_count"":29,""macro_started_count"":29,""official_delta_measured_macro_gain"":0.0,""query_skipped_due_to_macro"":29}",runtime_top5_decomposition
runs/delta_mpc/20260509/delta_mpc_fallback,20260509,e7a52d984e7e,fa5a1530f5c3,take_order,take_order,174.98,0.0,0.0,0.0,6.2,-0.0,-0.0,-0.0,-0.0,0.0,-0.0,0.15,324.43,False,lower_delta_mpc_score,,120,12,"{""macro_aborted_count"":0,""macro_broken_by_query_count"":0,""macro_completed_count"":29,""macro_started_count"":29,""official_delta_measured_macro_gain"":0.0,""query_skipped_due_to_macro"":29}",runtime_top5_decomposition
runs/delta_mpc/20260509/delta_mpc_fallback,20260509,e7a52d984e7e,fa5a1530f5c3,take_order,take_order,138.54,0.0,0.0,0.0,6.2,-0.0,-0.0,-0.0,-0.0,0.0,-0.0,0.15,271.62,False,lower_delta_mpc_score,,120,12,"{""macro_aborted_count"":0,""macro_broken_by_query_count"":0,""macro_completed_count"":29,""macro_started_count"":29,""official_delta_measured_macro_gain"":0.0,""query_skipped_due_to_macro"":29}",runtime_top5_decomposition
runs/delta_mpc/20260509/delta_mpc_fallback,20260509,e7a52d984e7e,fa5a1530f5c3,take_order,take_order,114.39,0.0,0.0,0.0,6.2,-0.0,-0.0,-0.0,-0.0,0.0,-0.0,0.15,198.55,False,lower_delta_mpc_score,,120,12,"{""macro_aborted_count"":0,""macro_broken_by_query_count"":0,""macro_completed_count"":29,""macro_started_count"":29,""official_delta_measured_macro_gain"":0.0,""query_skipped_due_to_macro"":29}",runtime_top5_decomposition
runs/delta_mpc/20260509/delta_mpc_fallback,20260509,e7a52d984e7e,d4f6761add9a,wait,wait,0.0,0.0,0.0,0.0,-0.0,-0.0,-0.0,-0.0,-0.0,0.0,-0.0,-0.0,0.0,True,,periodic_full_rest_guard,120,12,"{""macro_aborted_count"":0,""macro_broken_by_query_count"":0,""macro_completed_count"":30,""macro_started_count"":30,""official_delta_measured_macro_gain"":0.0,""query_skipped_due_to_macro"":30}",runtime_top5_decomposition
runs/delta_mpc/20260509/delta_mpc_fallback,20260509,e7a52d984e7e,d4f6761add9a,wait,wait,0.0,0.0,0.0,0.0,-0.0,-0.0,-0.0,-0.0,-0.0,0.0,-0.0,-0.0,0.0,False,lower_delta_mpc_score_or_no_macro_commitment,periodic_full_rest_guard,120,12,"{""macro_aborted_count"":0,""macro_broken_by_query_count"":0,""macro_completed_count"":30,""macro_started_count"":30,""official_delta_measured_macro_gain"":0.0,""query_skipped_due_to_macro"":30}",runtime_top5_decomposition
runs/delta_mpc/20260509/delta_mpc_fallback,20260509,e7a52d984e7e,d4f6761add9a,wait,take_order,146.4,0.0,0.0,0.0,21206.2,-0.0,-0.0,-0.0,-0.0,0.0,-0.0,0.15,-30879.55,False,rest_window_overlap,periodic_full_rest_guard,120,12,"{""macro_aborted_count"":0,""macro_broken_by_query_count"":0,""macro_completed_count"":30,""macro_started_count"":30,""official_delta_measured_macro_gain"":0.0,""query_skipped_due_to_macro"":30}",runtime_top5_decomposition
runs/delta_mpc/20260509/delta_mpc_fallback,20260509,e7a52d984e7e,d4f6761add9a,wait,take_order,336.72,0.0,0.0,0.0,22726.2,-0.0,-0.0,-0.0,-0.0,0.0,-0.0,0.15,-32057.27,False,rest_window_overlap,periodic_full_rest_guard,120,12,"{""macro_aborted_count"":0,""macro_broken_by_query_count"":0,""macro_completed_count"":30,""macro_started_count"":30,""official_delta_measured_macro_gain"":0.0,""query_skipped_due_to_macro"":30}",runtime_top5_decomposition
runs/delta_mpc/20260509/delta_mpc_fallback,20260509,e7a52d984e7e,d4f6761add9a,wait,take_order,378.29,0.0,0.0,0.0,25006.2,-0.0,-0.0,7.12,-0.0,0.0,-0.0,0.15,-34427.8,False,rest_window_overlap,periodic_full_rest_guard,120,12,"{""macro_aborted_count"":0,""macro_broken_by_query_count"":0,""macro_completed_count"":30,""macro_started_count"":30,""official_delta_measured_macro_gain"":0.0,""query_skipped_due_to_macro"":30}",runtime_top5_decomposition
runs/delta_mpc/20260509/delta_mpc_fallback,20260509,e7a52d984e7e,d66e40c99b2a,wait,wait,0.0,0.0,0.0,0.0,-0.0,-0.0,-0.0,-0.0,-0.0,0.0,-0.0,-0.0,0.0,True,,daily_rest_guard,0,0,"{""macro_aborted_count"":0,""macro_broken_by_query_count"":0,""macro_completed_count"":31,""macro_started_count"":31,""official_delta_measured_macro_gain"":0.0,""query_skipped_due_to_macro"":31}",runtime_top5_decomposition
runs/delta_mpc/20260509/delta_mpc_fallback,20260509,e7a52d984e7e,3a3342c484a4,take_order,take_order,597.15,0.0,0.0,0.0,6.2,-0.0,-0.0,5.28,-0.0,0.0,-0.0,0.15,859.76,True,,,120,12,"{""macro_aborted_count"":0,""macro_broken_by_query_count"":0,""macro_completed_count"":31,""macro_started_count"":31,""official_delta_measured_macro_gain"":0.0,""query_skipped_due_to_macro"":31}",runtime_top5_decomposition
runs/delta_mpc/20260509/delta_mpc_fallback,20260509,e7a52d984e7e,3a3342c484a4,take_order,take_order,387.72,0.0,0.0,0.0,6.2,-0.0,-0.0,-0.0,-0.0,0.0,-0.0,0.15,679.0,False,lower_delta_mpc_score,,120,12,"{""macro_aborted_count"":0,""macro_broken_by_query_count"":0,""macro_completed_count"":31,""macro_started_count"":31,""official_delta_measured_macro_gain"":0.0,""query_skipped_due_to_macro"":31}",runtime_top5_decomposition
runs/delta_mpc/20260509/delta_mpc_fallback,20260509,e7a52d984e7e,3a3342c484a4,take_order,take_order,383.02,0.0,0.0,0.0,6.2,-0.0,-0.0,-0.0,-0.0,0.0,-0.0,0.15,573.93,False,lower_delta_mpc_score,,120,12,"{""macro_aborted_count"":0,""macro_broken_by_query_count"":0,""macro_completed_count"":31,""macro_started_count"":31,""official_delta_measured_macro_gain"":0.0,""query_skipped_due_to_macro"":31}",runtime_top5_decomposition
runs/delta_mpc/20260509/delta_mpc_fallback,20260509,e7a52d984e7e,3a3342c484a4,take_order,take_order,404.91,0.0,0.0,0.0,6.2,-0.0,-0.0,11.76,-0.0,0.0,-0.0,0.15,553.54,False,lower_delta_mpc_score,,120,12,"{""macro_aborted_count"":0,""macro_broken_by_query_count"":0,""macro_completed_count"":31,""macro_started_count"":31,""official_delta_measured_macro_gain"":0.0,""query_skipped_due_to_macro"":31}",runtime_top5_decomposition
runs/delta_mpc/20260509/delta_mpc_fallback,20260509,e7a52d984e7e,3a3342c484a4,take_order,take_order,656.12,0.0,0.0,0.0,6.2,-0.0,-0.0,358.56,-0.0,0.0,-0.0,0.15,515.61,False,lower_delta_mpc_score,,120,12,"{""macro_aborted_count"":0,""macro_broken_by_query_count"":0,""macro_completed_count"":31,""macro_started_count"":31,""official_delta_measured_macro_gain"":0.0,""query_skipped_due_to_macro"":31}",runtime_top5_decomposition
runs/delta_mpc/20260509/delta_mpc_fallback,20260509,e7a52d984e7e,d94d6e9e099a,take_order,take_order,68.61,0.0,0.0,0.0,6.2,-0.0,-0.0,-0.0,-0.0,0.0,-0.0,0.15,147.43,True,,,120,12,"{""macro_aborted_count"":0,""macro_broken_by_query_count"":0,""macro_completed_count"":31,""macro_started_count"":31,""official_delta_measured_macro_gain"":0.0,""query_skipped_due_to_macro"":31}",runtime_top5_decomposition
runs/delta_mpc/20260509/delta_mpc_fallback,20260509,e7a52d984e7e,d94d6e9e099a,take_order,wait,0.0,0.0,0.0,0.0,-0.0,-0.0,-0.0,-0.0,-0.0,0.0,-0.0,-0.0,0.0,False,lower_delta_mpc_score_or_no_macro_commitment,,120,12,"{""macro_aborted_count"":0,""macro_broken_by_query_count"":0,""macro_completed_count"":31,""macro_started_count"":31,""official_delta_measured_macro_gain"":0.0,""query_skipped_due_to_macro"":31}",runtime_top5_decomposition
runs/delta_mpc/20260509/delta_mpc_fallback,20260509,e7a52d984e7e,b4fbfbc0c001,wait,wait,0.0,0.0,0.0,0.0,-0.0,-0.0,-0.0,-0.0,-0.0,0.0,-0.0,-0.0,0.0,True,,no_safe_positive_net_cargo,120,12,"{""macro_aborted_count"":0,""macro_broken_by_query_count"":0,""macro_completed_count"":31,""macro_started_count"":31,""official_delta_measured_macro_gain"":0.0,""query_skipped_due_to_macro"":31}",runtime_top5_decomposition
runs/delta_mpc/20260509/delta_mpc_fallback,20260509,e7a52d984e7e,164679a8cd34,wait,wait,0.0,0.0,0.0,0.0,-0.0,-0.0,-0.0,-0.0,-0.0,0.0,-0.0,-0.0,-35.0,True,,no_safe_positive_net_cargo,120,12,"{""macro_aborted_count"":0,""macro_broken_by_query_count"":0,""macro_completed_count"":31,""macro_started_count"":31,""official_delta_measured_macro_gain"":0.0,""query_skipped_due_to_macro"":31}",runtime_top5_decomposition
runs/delta_mpc/20260509/delta_mpc_fallback,20260509,e7a52d984e7e,f79ef1b51eed,wait,wait,0.0,0.0,0.0,0.0,-0.0,-0.0,-0.0,-0.0,-0.0,0.0,-0.0,-0.0,-70.0,True,,no_safe_positive_net_cargo,120,8,"{""macro_aborted_count"":0,""macro_broken_by_query_count"":0,""macro_completed_count"":31,""macro_started_count"":31,""official_delta_measured_macro_gain"":0.0,""query_skipped_due_to_macro"":31}",runtime_top5_decomposition
runs/delta_mpc/20260509/delta_mpc_fallback,20260509,e7a52d984e7e,1172cdf3eaa1,wait,wait,0.0,0.0,0.0,0.0,-0.0,-0.0,-0.0,-0.0,-0.0,0.0,-0.0,-0.0,-105.0,True,,no_safe_positive_net_cargo,200,2,"{""macro_aborted_count"":0,""macro_broken_by_query_count"":0,""macro_completed_count"":31,""macro_started_count"":31,""official_delta_measured_macro_gain"":0.0,""query_skipped_due_to_macro"":31}",runtime_top5_decomposition
runs/delta_mpc/20260509/delta_mpc_fallback,20260509,3e0e35341231,3f89298f9264,wait,wait,0.0,0.0,0.0,0.0,-0.0,-0.0,-0.0,-0.0,-0.0,0.0,-0.0,-0.0,0.0,True,,daily_rest_guard,0,0,"{""macro_aborted_count"":0,""macro_broken_by_query_count"":0,""macro_completed_count"":1,""macro_started_count"":1,""official_delta_measured_macro_gain"":0.0,""query_skipped_due_to_macro"":1}",runtime_top5_decomposition
runs/delta_mpc/20260509/delta_mpc_fallback,20260509,3e0e35341231,55fb0377f67c,take_order,take_order,506.8,0.0,0.0,0.0,13.7,-0.0,-0.0,10.08,-0.0,0.0,-0.0,0.15,689.33,True,,,120,12,"{""macro_aborted_count"":0,""macro_broken_by_query_count"":0,""macro_completed_count"":1,""macro_started_count"":1,""official_delta_measured_macro_gain"":0.0,""query_skipped_due_to_macro"":1}",runtime_top5_decomposition
runs/delta_mpc/20260509/delta_mpc_fallback,20260509,3e0e35341231,55fb0377f67c,take_order,take_order,467.17,0.0,0.0,0.0,13.7,-0.0,-0.0,3.92,-0.0,0.0,-0.0,0.15,673.1,False,lower_delta_mpc_score,,120,12,"{""macro_aborted_count"":0,""macro_broken_by_query_count"":0,""macro_completed_count"":1,""macro_started_count"":1,""official_delta_measured_macro_gain"":0.0,""query_skipped_due_to_macro"":1}",runtime_top5_decomposition
runs/delta_mpc/20260509/delta_mpc_fallback,20260509,3e0e35341231,55fb0377f67c,take_order,take_order,395.63,0.0,0.0,0.0,13.7,-0.0,-0.0,-0.0,-0.0,0.0,-0.0,0.15,631.61,False,lower_delta_mpc_score,,120,12,"{""macro_aborted_count"":0,""macro_broken_by_query_count"":0,""macro_completed_count"":1,""macro_started_count"":1,""official_delta_measured_macro_gain"":0.0,""query_skipped_due_to_macro"":1}",runtime_top5_decomposition
runs/delta_mpc/20260509/delta_mpc_fallback,20260509,3e0e35341231,55fb0377f67c,take_order,take_order,280.78,0.0,0.0,0.0,13.7,-0.0,-0.0,-0.0,-0.0,0.0,-0.0,0.15,489.36,False,lower_delta_mpc_score,,120,12,"{""macro_aborted_count"":0,""macro_broken_by_query_count"":0,""macro_completed_count"":1,""macro_started_count"":1,""official_delta_measured_macro_gain"":0.0,""query_skipped_due_to_macro"":1}",runtime_top5_decomposition
runs/delta_mpc/20260509/delta_mpc_fallback,20260509,3e0e35341231,55fb0377f67c,take_order,take_order,335.27,0.0,0.0,0.0,13.7,-0.0,-0.0,14.08,-0.0,0.0,-0.0,0.15,447.75,False,lower_delta_mpc_score,,120,12,"{""macro_aborted_count"":0,""macro_broken_by_query_count"":0,""macro_completed_count"":1,""macro_started_count"":1,""official_delta_measured_macro_gain"":0.0,""query_skipped_due_to_macro"":1}",runtime_top5_decomposition
runs/delta_mpc/20260509/delta_mpc_fallback,20260509,3e0e35341231,e53e7c4481b0,wait,wait,0.0,0.0,0.0,0.0,-0.0,-0.0,-0.0,-0.0,-0.0,0.0,-0.0,-0.0,0.0,True,,positive_orders_failed_threshold_or_soft_risk,120,12,"{""macro_aborted_count"":0,""macro_broken_by_query_count"":0,""macro_completed_count"":1,""macro_started_count"":1,""official_delta_measured_macro_gain"":0.0,""query_skipped_due_to_macro"":1}",runtime_top5_decomposition
runs/delta_mpc/20260509/delta_mpc_fallback,20260509,3e0e35341231,e53e7c4481b0,wait,take_order,71.39,0.0,0.0,0.0,13053.7,-0.0,-0.0,-0.0,-0.0,0.0,531.96,0.15,-23465.7,False,rest_window_overlap,positive_orders_failed_threshold_or_soft_risk,120,12,"{""macro_aborted_count"":0,""macro_broken_by_query_count"":0,""macro_completed_count"":1,""macro_started_count"":1,""official_delta_measured_macro_gain"":0.0,""query_skipped_due_to_macro"":1}",runtime_top5_decomposition
runs/delta_mpc/20260509/delta_mpc_fallback,20260509,3e0e35341231,e53e7c4481b0,wait,take_order,581.82,0.0,0.0,0.0,14893.7,-0.0,-0.0,-0.0,-0.0,0.0,832.73,0.15,-24833.03,False,rest_window_overlap,positive_orders_failed_threshold_or_soft_risk,120,12,"{""macro_aborted_count"":0,""macro_broken_by_query_count"":0,""macro_completed_count"":1,""macro_started_count"":1,""official_delta_measured_macro_gain"":0.0,""query_skipped_due_to_macro"":1}",runtime_top5_decomposition
runs/delta_mpc/20260509/delta_mpc_fallback,20260509,3e0e35341231,e53e7c4481b0,wait,take_order,13.71,0.0,0.0,0.0,19773.7,-0.0,-0.0,2.96,-0.0,0.0,422.13,0.15,-30171.72,False,rest_window_overlap,positive_orders_failed_threshold_or_soft_risk,120,12,"{""macro_aborted_count"":0,""macro_broken_by_query_count"":0,""macro_completed_count"":1,""macro_started_count"":1,""official_delta_measured_macro_gain"":0.0,""query_skipped_due_to_macro"":1}",runtime_top5_decomposition
runs/delta_mpc/20260509/delta_mpc_fallback,20260509,3e0e35341231,e53e7c4481b0,wait,take_order,342.62,0.0,0.0,0.0,21293.7,-0.0,-0.0,4.48,-0.0,0.0,879.89,0.15,-31673.05,False,rest_window_overlap,positive_orders_failed_threshold_or_soft_risk,120,12,"{""macro_aborted_count"":0,""macro_broken_by_query_count"":0,""macro_completed_count"":1,""macro_started_count"":1,""official_delta_measured_macro_gain"":0.0,""query_skipped_due_to_macro"":1}",runtime_top5_decomposition
runs/delta_mpc/20260509/delta_mpc_fallback,20260509,3e0e35341231,b69b4b7915f9,wait,wait,0.0,0.0,0.0,0.0,-0.0,-0.0,-0.0,-0.0,-0.0,0.0,-0.0,-0.0,-35.0,True,,positive_orders_failed_threshold_or_soft_risk,120,12,"{""macro_aborted_count"":0,""macro_broken_by_query_count"":0,""macro_completed_count"":1,""macro_started_count"":1,""official_delta_measured_macro_gain"":0.0,""query_skipped_due_to_macro"":1}",runtime_top5_decomposition
runs/delta_mpc/20260509/delta_mpc_fallback,20260509,3e0e35341231,b69b4b7915f9,wait,take_order,348.98,0.0,0.0,0.0,25013.7,-0.0,-0.0,4.16,-0.0,0.0,-0.0,0.15,-34507.85,False,rest_window_overlap,positive_orders_failed_threshold_or_soft_risk,120,12,"{""macro_aborted_count"":0,""macro_broken_by_query_count"":0,""macro_completed_count"":1,""macro_started_count"":1,""official_delta_measured_macro_gain"":0.0,""query_skipped_due_to_macro"":1}",runtime_top5_decomposition
runs/delta_mpc/20260509/delta_mpc_fallback,20260509,3e0e35341231,b69b4b7915f9,wait,take_order,382.49,0.0,0.0,0.0,25013.7,-0.0,-0.0,5.76,-0.0,0.0,768.73,0.15,-35235.8,False,rest_window_overlap,positive_orders_failed_threshold_or_soft_risk,120,12,"{""macro_aborted_count"":0,""macro_broken_by_query_count"":0,""macro_completed_count"":1,""macro_started_count"":1,""official_delta_measured_macro_gain"":0.0,""query_skipped_due_to_macro"":1}",runtime_top5_decomposition
runs/delta_mpc/20260509/delta_mpc_fallback,20260509,3e0e35341231,b69b4b7915f9,wait,take_order,388.46,0.0,0.0,0.0,25013.7,-0.0,-0.0,10.0,-0.0,0.0,854.94,0.15,-35284.49,False,rest_window_overlap,positive_orders_failed_threshold_or_soft_risk,120,12,"{""macro_aborted_count"":0,""macro_broken_by_query_count"":0,""macro_completed_count"":1,""macro_started_count"":1,""official_delta_measured_macro_gain"":0.0,""query_skipped_due_to_macro"":1}",runtime_top5_decomposition
runs/delta_mpc/20260509/delta_mpc_fallback,20260509,3e0e35341231,b69b4b7915f9,wait,take_order,-8.26,0.0,0.0,0.0,25013.7,-0.0,-0.0,13.92,-0.0,0.0,332.02,0.15,-35319.36,False,rest_window_overlap,positive_orders_failed_threshold_or_soft_risk,120,12,"{""macro_aborted_count"":0,""macro_broken_by_query_count"":0,""macro_completed_count"":1,""macro_started_count"":1,""official_delta_measured_macro_gain"":0.0,""query_skipped_due_to_macro"":1}",runtime_top5_decomposition
runs/delta_mpc/20260509/delta_mpc_fallback,20260509,3e0e35341231,66d81376ab76,wait,wait,0.0,0.0,0.0,0.0,-0.0,-0.0,-0.0,-0.0,-0.0,0.0,-0.0,-0.0,0.0,True,,daily_rest_guard,0,0,"{""macro_aborted_count"":0,""macro_broken_by_query_count"":0,""macro_completed_count"":2,""macro_started_count"":2,""official_delta_measured_macro_gain"":0.0,""query_skipped_due_to_macro"":2}",runtime_top5_decomposition
runs/delta_mpc/20260509/delta_mpc_fallback,20260509,3e0e35341231,1b52fce22d5b,take_order,take_order,500.35,0.0,0.0,0.0,13.7,-0.0,-0.0,15.04,-0.0,0.0,-0.0,0.15,666.97,True,,,120,12,"{""macro_aborted_count"":0,""macro_broken_by_query_count"":0,""macro_completed_count"":2,""macro_started_count"":2,""official_delta_measured_macro_gain"":0.0,""query_skipped_due_to_macro"":2}",runtime_top5_decomposition
runs/delta_mpc/20260509/delta_mpc_fallback,20260509,3e0e35341231,1b52fce22d5b,take_order,take_order,381.72,0.0,0.0,0.0,13.7,-0.0,-0.0,4.56,-0.0,0.0,-0.0,0.15,551.65,False,lower_delta_mpc_score,,120,12,"{""macro_aborted_count"":0,""macro_broken_by_query_count"":0,""macro_completed_count"":2,""macro_started_count"":2,""official_delta_measured_macro_gain"":0.0,""query_skipped_due_to_macro"":2}",runtime_top5_decomposition
runs/delta_mpc/20260509/delta_mpc_fallback,20260509,3e0e35341231,1b52fce22d5b,take_order,take_order,392.33,0.0,0.0,0.0,13.7,-0.0,-0.0,16.24,-0.0,0.0,-0.0,0.15,505.84,False,lower_delta_mpc_score,,120,12,"{""macro_aborted_count"":0,""macro_broken_by_query_count"":0,""macro_completed_count"":2,""macro_started_count"":2,""official_delta_measured_macro_gain"":0.0,""query_skipped_due_to_macro"":2}",runtime_top5_decomposition
runs/delta_mpc/20260509/delta_mpc_fallback,20260509,3e0e35341231,1b52fce22d5b,take_order,reposition,-20.21,0.0,0.0,255.94,-0.0,-0.0,-0.0,-0.0,-0.0,80.42,-0.0,0.15,195.73,False,lower_delta_mpc_score_or_reposition_gate,,120,12,"{""macro_aborted_count"":0,""macro_broken_by_query_count"":0,""macro_completed_count"":2,""macro_started_count"":2,""official_delta_measured_macro_gain"":0.0,""query_skipped_due_to_macro"":2}",runtime_top5_decomposition
runs/delta_mpc/20260509/delta_mpc_fallback,20260509,3e0e35341231,1b52fce22d5b,take_order,take_order,68.85,0.0,0.0,0.0,13.7,-0.0,-0.0,0.64,-0.0,0.0,77.84,0.15,16.13,False,lower_delta_mpc_score,,120,12,"{""macro_aborted_count"":0,""macro_broken_by_query_count"":0,""macro_completed_count"":2,""macro_started_count"":2,""official_delta_measured_macro_gain"":0.0,""query_skipped_due_to_macro"":2}",runtime_top5_decomposition
runs/delta_mpc/20260509/delta_mpc_fallback,20260509,3e0e35341231,043d1a23614e,wait,wait,0.0,0.0,0.0,0.0,-0.0,-0.0,-0.0,-0.0,-0.0,0.0,-0.0,-0.0,0.0,True,,positive_orders_failed_threshold_or_soft_risk,120,12,"{""macro_aborted_count"":0,""macro_broken_by_query_count"":0,""macro_completed_count"":2,""macro_started_count"":2,""official_delta_measured_macro_gain"":0.0,""query_skipped_due_to_macro"":2}",runtime_top5_decomposition
runs/delta_mpc/20260509/delta_mpc_fallback,20260509,3e0e35341231,043d1a23614e,wait,take_order,239.23,0.0,0.0,0.0,13053.7,-0.0,-0.0,-0.0,-0.0,0.0,9.2,0.15,-22661.99,False,rest_window_overlap,positive_orders_failed_threshold_or_soft_risk,120,12,"{""macro_aborted_count"":0,""macro_broken_by_query_count"":0,""macro_completed_count"":2,""macro_started_count"":2,""official_delta_measured_macro_gain"":0.0,""query_skipped_due_to_macro"":2}",runtime_top5_decomposition
runs/delta_mpc/20260509/delta_mpc_fallback,20260509,3e0e35341231,043d1a23614e,wait,take_order,431.02,0.0,0.0,0.0,25013.7,-0.0,-0.0,14.16,-0.0,0.0,-0.0,0.15,-34432.49,False,rest_window_overlap,positive_orders_failed_threshold_or_soft_risk,120,12,"{""macro_aborted_count"":0,""macro_broken_by_query_count"":0,""macro_completed_count"":2,""macro_started_count"":2,""official_delta_measured_macro_gain"":0.0,""query_skipped_due_to_macro"":2}",runtime_top5_decomposition
runs/delta_mpc/20260509/delta_mpc_fallback,20260509,3e0e35341231,043d1a23614e,wait,take_order,379.01,0.0,0.0,0.0,25013.7,-0.0,-0.0,13.36,-0.0,0.0,201.95,0.15,-34629.41,False,rest_window_overlap,positive_orders_failed_threshold_or_soft_risk,120,12,"{""macro_aborted_count"":0,""macro_broken_by_query_count"":0,""macro_completed_count"":2,""macro_started_count"":2,""official_delta_measured_macro_gain"":0.0,""query_skipped_due_to_macro"":2}",runtime_top5_decomposition
runs/delta_mpc/20260509/delta_mpc_fallback,20260509,3e0e35341231,043d1a23614e,wait,take_order,479.4,0.0,0.0,0.0,25013.7,-0.0,-0.0,471.68,-0.0,0.0,-0.0,0.15,-34850.81,False,rest_window_overlap,positive_orders_failed_threshold_or_soft_risk,120,12,"{""macro_aborted_count"":0,""macro_broken_by_query_count"":0,""macro_completed_count"":2,""macro_started_count"":2,""official_delta_measured_macro_gain"":0.0,""query_skipped_due_to_macro"":2}",runtime_top5_decomposition
runs/delta_mpc/20260509/delta_mpc_fallback,20260509,3e0e35341231,76c26d88f4a4,wait,wait,0.0,0.0,0.0,0.0,-0.0,-0.0,-0.0,-0.0,-0.0,0.0,-0.0,-0.0,-35.0,True,,positive_orders_failed_threshold_or_soft_risk,120,12,"{""macro_aborted_count"":0,""macro_broken_by_query_count"":0,""macro_completed_count"":2,""macro_started_count"":2,""official_delta_measured_macro_gain"":0.0,""query_skipped_due_to_macro"":2}",runtime_top5_decomposition
runs/delta_mpc/20260509/delta_mpc_fallback,20260509,3e0e35341231,76c26d88f4a4,wait,take_order,379.01,0.0,0.0,0.0,25013.7,-0.0,-0.0,2.24,-0.0,0.0,201.95,0.15,-34579.82,False,rest_window_overlap,positive_orders_failed_threshold_or_soft_risk,120,12,"{""macro_aborted_count"":0,""macro_broken_by_query_count"":0,""macro_completed_count"":2,""macro_started_count"":2,""official_delta_measured_macro_gain"":0.0,""query_skipped_due_to_macro"":2}",runtime_top5_decomposition
runs/delta_mpc/20260509/delta_mpc_fallback,20260509,3e0e35341231,76c26d88f4a4,wait,take_order,422.3,0.0,0.0,0.0,25013.7,-0.0,-0.0,13.12,-0.0,0.0,364.09,0.15,-34761.7,False,rest_window_overlap,positive_orders_failed_threshold_or_soft_risk,120,12,"{""macro_aborted_count"":0,""macro_broken_by_query_count"":0,""macro_completed_count"":2,""macro_started_count"":2,""official_delta_measured_macro_gain"":0.0,""query_skipped_due_to_macro"":2}",runtime_top5_decomposition
runs/delta_mpc/20260509/delta_mpc_fallback,20260509,3e0e35341231,76c26d88f4a4,wait,take_order,236.19,0.0,0.0,0.0,25013.7,-0.0,-0.0,172.72,-0.0,0.0,293.61,0.15,-35117.6,False,rest_window_overlap,positive_orders_failed_threshold_or_soft_risk,120,12,"{""macro_aborted_count"":0,""macro_broken_by_query_count"":0,""macro_completed_count"":2,""macro_started_count"":2,""official_delta_measured_macro_gain"":0.0,""query_skipped_due_to_macro"":2}",runtime_top5_decomposition
runs/delta_mpc/20260509/delta_mpc_fallback,20260509,3e0e35341231,76c26d88f4a4,wait,take_order,469.73,0.0,0.0,0.0,25013.7,-0.0,-0.0,1069.6,-0.0,0.0,-0.0,0.15,-35447.41,False,rest_window_overlap,positive_orders_failed_threshold_or_soft_risk,120,12,"{""macro_aborted_count"":0,""macro_broken_by_query_count"":0,""macro_completed_count"":2,""macro_started_count"":2,""official_delta_measured_macro_gain"":0.0,""query_skipped_due_to_macro"":2}",runtime_top5_decomposition
runs/delta_mpc/20260509/delta_mpc_fallback,20260509,3e0e35341231,df7f4f0b5111,wait,wait,0.0,0.0,0.0,0.0,-0.0,-0.0,-0.0,-0.0,-0.0,0.0,-0.0,-0.0,0.0,True,,daily_rest_guard,0,0,"{""macro_aborted_count"":0,""macro_broken_by_query_count"":0,""macro_completed_count"":3,""macro_started_count"":3,""official_delta_measured_macro_gain"":0.0,""query_skipped_due_to_macro"":3}",runtime_top5_decomposition
runs/delta_mpc/20260509/delta_mpc_fallback,20260509,3e0e35341231,094f27f540f3,take_order,take_order,486.25,0.0,0.0,0.0,13.7,-0.0,-0.0,11.04,-0.0,0.0,-0.0,0.15,665.94,True,,,120,12,"{""macro_aborted_count"":0,""macro_broken_by_query_count"":0,""macro_completed_count"":3,""macro_started_count"":3,""official_delta_measured_macro_gain"":0.0,""query_skipped_due_to_macro"":3}",runtime_top5_decomposition
runs/delta_mpc/20260509/delta_mpc_fallback,20260509,3e0e35341231,094f27f540f3,take_order,take_order,379.01,0.0,0.0,0.0,13.7,-0.0,-0.0,2.24,-0.0,0.0,201.95,0.15,417.78,False,lower_delta_mpc_score,,120,12,"{""macro_aborted_count"":0,""macro_broken_by_query_count"":0,""macro_completed_count"":3,""macro_started_count"":3,""official_delta_measured_macro_gain"":0.0,""query_skipped_due_to_macro"":3}",runtime_top5_decomposition
runs/delta_mpc/20260509/delta_mpc_fallback,20260509,3e0e35341231,094f27f540f3,take_order,take_order,238.39,0.0,0.0,0.0,13.7,-0.0,-0.0,18.96,-0.0,0.0,-0.0,0.15,287.12,False,lower_delta_mpc_score,,120,12,"{""macro_aborted_count"":0,""macro_broken_by_query_count"":0,""macro_completed_count"":3,""macro_started_count"":3,""official_delta_measured_macro_gain"":0.0,""query_skipped_due_to_macro"":3}",runtime_top5_decomposition
runs/delta_mpc/20260509/delta_mpc_fallback,20260509,3e0e35341231,094f27f540f3,take_order,take_order,422.3,0.0,0.0,0.0,13.7,-0.0,-0.0,13.12,-0.0,0.0,364.09,0.15,218.36,False,lower_delta_mpc_score,,120,12,"{""macro_aborted_count"":0,""macro_broken_by_query_count"":0,""macro_completed_count"":3,""macro_started_count"":3,""official_delta_measured_macro_gain"":0.0,""query_skipped_due_to_macro"":3}",runtime_top5_decomposition
runs/delta_mpc/20260509/delta_mpc_fallback,20260509,3e0e35341231,094f27f540f3,take_order,reposition,-28.74,0.0,0.0,191.13,-0.0,-0.0,-0.0,-0.0,-0.0,97.48,-0.0,0.15,122.39,False,lower_delta_mpc_score_or_reposition_gate,,120,12,"{""macro_aborted_count"":0,""macro_broken_by_query_count"":0,""macro_completed_count"":3,""macro_started_count"":3,""official_delta_measured_macro_gain"":0.0,""query_skipped_due_to_macro"":3}",runtime_top5_decomposition
runs/delta_mpc/20260509/delta_mpc_fallback,20260509,3e0e35341231,273db5ea74a4,take_order,wait,0.0,0.0,0.0,0.0,-0.0,-0.0,-0.0,-0.0,-0.0,0.0,-0.0,-0.0,0.0,False,lower_delta_mpc_score_or_no_macro_commitment,,120,12,"{""macro_aborted_count"":0,""macro_broken_by_query_count"":0,""macro_completed_count"":3,""macro_started_count"":3,""official_delta_measured_macro_gain"":0.0,""query_skipped_due_to_macro"":3}",runtime_top5_decomposition
runs/delta_mpc/20260509/delta_mpc_fallback,20260509,3e0e35341231,273db5ea74a4,take_order,take_order,105.41,0.0,0.0,0.0,13.7,-0.0,-0.0,-0.0,-0.0,0.0,413.54,0.15,-208.27,True,,,120,12,"{""macro_aborted_count"":0,""macro_broken_by_query_count"":0,""macro_completed_count"":3,""macro_started_count"":3,""official_delta_measured_macro_gain"":0.0,""query_skipped_due_to_macro"":3}",runtime_top5_decomposition
runs/delta_mpc/20260509/delta_mpc_fallback,20260509,3e0e35341231,273db5ea74a4,take_order,take_order,169.45,0.0,0.0,0.0,14973.7,-0.0,-0.0,-0.0,-0.0,0.0,434.99,0.15,-25139.25,False,rest_window_overlap,,120,12,"{""macro_aborted_count"":0,""macro_broken_by_query_count"":0,""macro_completed_count"":3,""macro_started_count"":3,""official_delta_measured_macro_gain"":0.0,""query_skipped_due_to_macro"":3}",runtime_top5_decomposition
runs/delta_mpc/20260509/delta_mpc_fallback,20260509,3e0e35341231,273db5ea74a4,take_order,take_order,93.97,0.0,0.0,0.0,16093.7,-0.0,-0.0,-0.0,-0.0,0.0,460.1,0.15,-26402.1,False,rest_window_overlap,,120,12,"{""macro_aborted_count"":0,""macro_broken_by_query_count"":0,""macro_completed_count"":3,""macro_started_count"":3,""official_delta_measured_macro_gain"":0.0,""query_skipped_due_to_macro"":3}",runtime_top5_decomposition
runs/delta_mpc/20260509/delta_mpc_fallback,20260509,3e0e35341231,273db5ea74a4,take_order,take_order,394.21,0.0,0.0,0.0,16813.7,-0.0,-0.0,-0.0,-0.0,0.0,202.4,0.15,-26411.14,False,rest_window_overlap,,120,12,"{""macro_aborted_count"":0,""macro_broken_by_query_count"":0,""macro_completed_count"":3,""macro_started_count"":3,""official_delta_measured_macro_gain"":0.0,""query_skipped_due_to_macro"":3}",runtime_top5_decomposition
runs/delta_mpc/20260509/delta_mpc_fallback,20260509,3e0e35341231,6edb6b94fe98,wait,wait,0.0,0.0,0.0,0.0,-0.0,-0.0,-0.0,-0.0,-0.0,0.0,-0.0,-0.0,0.0,True,,positive_orders_failed_threshold_or_soft_risk,120,12,"{""macro_aborted_count"":0,""macro_broken_by_query_count"":0,""macro_completed_count"":3,""macro_started_count"":3,""official_delta_measured_macro_gain"":0.0,""query_skipped_due_to_macro"":3}",runtime_top5_decomposition
runs/delta_mpc/20260509/delta_mpc_fallback,20260509,3e0e35341231,6edb6b94fe98,wait,take_order,285.87,0.0,0.0,0.0,22493.7,-0.0,-0.0,-0.0,-0.0,0.0,-0.0,0.15,-31919.78,False,rest_window_overlap,positive_orders_failed_threshold_or_soft_risk,120,12,"{""macro_aborted_count"":0,""macro_broken_by_query_count"":0,""macro_completed_count"":3,""macro_started_count"":3,""official_delta_measured_macro_gain"":0.0,""query_skipped_due_to_macro"":3}",runtime_top5_decomposition
runs/delta_mpc/20260509/delta_mpc_fallback,20260509,3e0e35341231,6edb6b94fe98,wait,take_order,485.59,0.0,0.0,0.0,25013.7,-0.0,-0.0,3.04,-0.0,0.0,-0.0,0.15,-34306.0,False,rest_window_overlap,positive_orders_failed_threshold_or_soft_risk,120,12,"{""macro_aborted_count"":0,""macro_broken_by_query_count"":0,""macro_completed_count"":3,""macro_started_count"":3,""official_delta_measured_macro_gain"":0.0,""query_skipped_due_to_macro"":3}",runtime_top5_decomposition
runs/delta_mpc/20260509/delta_mpc_fallback,20260509,3e0e35341231,6edb6b94fe98,wait,take_order,474.28,0.0,0.0,0.0,25013.7,-0.0,-0.0,17.36,-0.0,0.0,-0.0,0.15,-34377.31,False,rest_window_overlap,positive_orders_failed_threshold_or_soft_risk,120,12,"{""macro_aborted_count"":0,""macro_broken_by_query_count"":0,""macro_completed_count"":3,""macro_started_count"":3,""official_delta_measured_macro_gain"":0.0,""query_skipped_due_to_macro"":3}",runtime_top5_decomposition
runs/delta_mpc/20260509/delta_mpc_fallback,20260509,3e0e35341231,6edb6b94fe98,wait,take_order,250.44,0.0,0.0,0.0,25013.7,-0.0,-0.0,18.16,-0.0,0.0,-0.0,0.15,-34672.25,False,rest_window_overlap,positive_orders_failed_threshold_or_soft_risk,120,12,"{""macro_aborted_count"":0,""macro_broken_by_query_count"":0,""macro_completed_count"":3,""macro_started_count"":3,""official_delta_measured_macro_gain"":0.0,""query_skipped_due_to_macro"":3}",runtime_top5_decomposition
runs/delta_mpc/20260509/delta_mpc_fallback,20260509,3e0e35341231,f8308163f86f,wait,wait,0.0,0.0,0.0,0.0,-0.0,-0.0,-0.0,-0.0,-0.0,0.0,-0.0,-0.0,0.0,True,,daily_rest_guard,0,0,"{""macro_aborted_count"":0,""macro_broken_by_query_count"":0,""macro_completed_count"":4,""macro_started_count"":4,""official_delta_measured_macro_gain"":0.0,""query_skipped_due_to_macro"":4}",runtime_top5_decomposition
runs/delta_mpc/20260509/delta_mpc_fallback,20260509,3e0e35341231,237c1dc088bb,take_order,take_order,821.86,0.0,0.0,0.0,13.7,-0.0,-0.0,2.16,-0.0,0.0,-0.0,0.15,1198.65,True,,,120,12,"{""macro_aborted_count"":0,""macro_broken_by_query_count"":0,""macro_completed_count"":4,""macro_started_count"":4,""official_delta_measured_macro_gain"":0.0,""query_skipped_due_to_macro"":4}",runtime_top5_decomposition
